MGQEQGIPWIL,0
MKKAWWKEGVVYQIY,0
KLLKLLLKLYKKLLKLL,1
VAKKLAKLAKKLAKLALAL,1
FLGMIPKLIKKLIKAFK,1
GIIKKIIKKIIKKIIKKI,1
KAAKKAWKAWKKAAKAAWKKAA,1
VNWRRILGRIIRVVR,1
FAKLFAKLAKKFAL,1
KAQIRAMECNIL,1
VNWKKIILGKIIKVVK,1
ACDCRGDCFCGGGGIVRRADRAAVP,1
VAGRSVVKIAEGYL,0
NWRKILGKIAKVAAGLLGSMLAGYQV,0
KYKKALKKLAKLL,1
MGQGAVEGQLFYNVQ,0
PAWRKARRWAWRMKKLAA,1
GVGSPYVSRLLGICL,1
YSSQLAQVQGLIGNVESQLAEIR,0
ANFEIVNNCPYTVWAAASPGGGRRLDRGQT,0
MSDTATRVQKIVVEHLGVESDKVTQE,0
IKWKAILDAVKKVL,0
KVKVKVKVPPTKVKVKVK,1
GMWSKLLGHLLR,1
TLNKVYKFDRDRRFL,0
VNSTYIGYAPIDDPK,0
MSGRGKGGKGLGKGGAKRHRKVLRD,0
ATKGSSDNRVLTGV,0
GLMSTLKGAATNAAVTLLNKLQCKLTGTC,0
PAWAKAFRAAARMKLKAA,1
KWKLFKKKTKLFKKFAKKLAKKL,1
INWKKIASIGKEVLKAL,0
VAKLLAKALKKLL,1
GFGSKPIDSFGLSWL,1
FLAKKVAKKLVSHVAQKQME,0
QAANVAATLKG,1
RKAFRWAWRMLKKAAPSITCVR,1
ILRWPWWPWRRK,1
MDSVTIAWAALMAISTFSLSLVVRGRSGL,0
KWKSFLKTFKSLKKTVLHTLLKLISS,1
VALGGCLPTVQLGR,0
FAKLLKLAAKKLL,1
EAGEECDCGTPENPCCDAAT,0
KLALKLALKALKAAKLA,1
VDTVVRKNVDSL,0
FAKLLAKLAKAKG,1
FALAKLAKKAKAKLKKALKAL,1
DPPDPDRFYGMM,0
GILDSLKNFAKDAAGILLKKASCKLSGQC,0
GFGMALRLLRRVL,1
DISVVGGTGDFLMAR,0
TIFLQQQQQQQQQQQ,0
GVVDSAIDAETR,0
ISDDIQSIIQGIF,0
VKSTGRADDDLAVKTKYLPP,0
GRPNPVNNKPTPHPRL,0
ALPNQQTVDYPSFKSNYNFEKPFLYLAR,0
YRRRRRRGRRGRRRRGRRRRSRGRRRAHGG,0
MNKKSIRNVNLKGKRVFDRV,0
LRVRLASHLRKLRKRLLRDADDLQKRLAVY,1
AGFVLKGYTKTSQ,0
LAGLDTAIILIAFIITASVLAYV,0
GRNGKSQSIIVGPWGDRVTN,0
MSDELIHVVIALGLVISFGLGAITAGVLR,0
MDIITLGWVGVLSVFTLSIAFVVWGRHGM,0
KTKLFKKFAKKLAKKLKKLAKKL,1
ESFSDWWKLLAE,1
PQTETKASVGFKAGVK,0
KKKFPWWWPFKKKCKKKFPWWWPFKKKC,1
QQDYGTGWMDF,0
FAKLLAKALKKFAL,1
FLSLIPKLVKKIIKAFK,1
LGGIVSAVKKIVDFLG,1
MIYDSQVYTVLLIALLASVLAIRLGSTLYQ,0
SSEAAPEEKVAILGA,0
GQVWEATATVNAIRGSVTPAVSQFNARTAD,1
VNFKKLLGKLLKVVK,1
VAKALAKALLKALKAL,1
ASIIKTTIKVSKAVCKTLTCICTGSCSNCK,0
TKALGEVDILLTWMQKFYKL,1
QKKDKKDKFYGLF,0
KWKLAKKALALL,1
GVVDILKGAAKDLAGHLASKVMNKI,0
RPRPQQFFGLM,0
EAAGLISFPRV,0
PDEDAINNALNKVCSTGRRQRSICKQLLKK,1
YGEPIGVETLTK,0
DKNAYGIDLIL,0
KSTDFDYNNKKANYD,0
SLINTEVKPFQATAYHNGQFVEVNE,0
MYVLQEINPGITS,0
KWWKKAAKAAKKAAKAAKKWA,1
NYIYSGHNYHQ,0
FAKKLAKKLKKLAKKLAKLAKKL,1
VDPGESTFIDEGATGR,0
HSHRDFQPVLHLVALNSPLSGGMRG,1
ARRRRRHASTKLKRRRRRRRHGKKSHK,0
AINSESGVRSVVPQPCNALPNQGPEK,0
FKLAFKLAKKAFL,1
GSEGPLKPGARIFSFDGKDVLRHPT,1
ALSVPVFAVAPLNKK,0
GKWKKILGKLIR,1
PLLQATLGGGS,1
FAKLAKKALAKLL,1
MGDISPLTGTNGQIR,0
APLTNEYLNHLCHKC,0
NLLQFNKMIKIMTKKNAIPFYSS,0
TRSSRAGLQWPVGRVHRLLRKGGC,1
ANPICPKIPNPTIRISGRNDLCVDVK,0
GRKKRRQRRRGGWMWVTNLRTD,1
ANEAKVVLVADNVQGDN,0
FAKAIAKIAFGKGIGKVGKKLL,1
FLGWLFKWAWK,1
VAKKFAKKFKKFAKKFAKFAFAF,1
MGQLNVLTGSKGEIR,0
FALAAKALKKLAKKLKKLAKKAL,1
LGQSAASAHHAYIVLAIENSFMTASKKK,1
FAKGVGKVGKKAL,1
KIAKVALAKLGIGAVLKVLTTGL,1
FAVGLRAIKRALKKLRRGVRKVAKDL,1
TAGIKLTVPIEKFPVTTQTFWG,1
TEVTFKVGEGSSGKS,0
VEWTDAERKAIASL,0
KWKSFAKTFKSAKKTVAHTALKAISS,1
SHGKVETDEEFDARWVTYFS,0
VVGGAECKIDGHRCLALLY,0
KWKKLLKKPPPLLKKLLKKL,1
KAAKKWAKAAKKWAKAWKKAA,1
FLKLLAGLLKNFA,1
VNWKKVLGKVVKVVK,1
GIGKFLHAAKKFAKAFVAEIMNS,1
RGSNLTIHPLRNIKDLVYLGNMGIG,0
RAGLQFPVGRLLRRLLRRLLR,1
FAKLLALALKLKL,1
GLFKVIKKVAKVIKKL,1
DPNATIIMLGTGTGIAPFR,0
FAKKLAKKLKKLAKKLIGAVLKV,1
GIGKFLHSAKKWGKAFVGQIMNC,1
SPAFQAQKQAKVNDVLDKLY,0
LVVELAPMEIR,0
IKITTMLAKLGKVLAHV,0
AGDTSSEAKGMWFGPRL,0
SYAMEHFRWGKPV,0
PAWRKAFRAAWRMLKKAA,1
GAGGALFVHRD,0
MSQASSSPGEGPSSEAAAISEAEAASGS,0
GFFALIPKIISSPLFKTLLSAVGSALS,1
MPKEKVFLKIEKMGRNIRN,1
MTDTQVFVALLLALVPAVLAYRLGTELYR,0
DLYGNIVLSGGSTMF,0
YGRKKRRQRRRREADFFWSLCTADMS,1
FCTCNVKGFNAKNKRGIIYP,1
KRLRRVWRRWR,1
LFGFLIPLLPHLIGAIPQVIGAIR,0
FAKIIAKIAKIAKKIL,1
MRGIRGADFQAFQQARAVGLAGTFR,1
GTSCGETCVLLPCLSSVLGCTCQNKRCYKD,1
AEPLASQLKEPIAGGGWWAA,0
GPLTILHINDVHAAFEQFNT,0
TKPRKTKPRKTKPRKTKPR,1
AAVPIVNLKDELLFPSWEALFSGSE,1
KPKCGLCRYRCCSGGCSSGKCVNGACDCS,0
FAKFLAKFLKKAL,1
FLGALFKALSKLL,1
FKRLAKIKVLRLAKIKR,1
KNWAVLVAGSNGWPNYRHHA,0
ETWRTEAPSATGQASSLLGGRLLGQ,1
PAARKAARWAWRMLKKGA,1
AWKKWAKAWKWAKAKWWAKAA,1
GSTSECFWKYCV,0
VIGGVECDINEHRFL,0
VNQSETPVKHIGKVF,0
SIYERCELARELINR,0
HPTWPQKSVWHGSDPNGRRLTESY,1
RGDLLRHVVKILSKYL,1
KILRGVAKKIMRTFLRRISKKILTGKK,1
QSPKDAYPYDISELVKDAYPYDISELVK,0
SKGKKANKDVELARG,0
FLNPFRWMINKYREWKNKKN,0
GVPSVSTVNVAQKQHDVNFLLFKVYI,0
PRRRTRRASRPVRRRRPRRVSRRRRARRRR,0
MVQRGSKVKILRPESYVYNEVGTVAS,0
TFRAFLSSRLQDLYSIVRRADRAAV,1
MTTRGFSCLLLLIREIDLSAKRRI,0
AELPQGLWVRPRLG,0
GLLDVVKGAAKNLLASALDKLKCKVTGC,0
NHFTLKCPKTALTEPPTLAY,1
FAKLLAKLAKKSL,1
