GFLGILFHGVHHGRKKALHMNSERRS,1
GLLSSLSSVAKHVLPHVVPVIAEHL,0
IDWKKLLDAAKQIL,0
DVPKSDQFVGLM,0
ILPLVGNLLNDLL,0
QGYGFNEPEQTRNQGGSSWEAP,0
RDWERREFERRQNELRREQEQRREELL,1
RVSNLTIHPLRNIIDLRYVG,0
ADLIQRRQRSEFQSDIKGILYTVIKKNPDL,0
GLFGKILGVGKKVLCGLSGMC,1
GLWEKIKEKANELVSGIVEGVK,1
IIIQYEGHKH,1
FLPAIAGILSQLF,1
VGALAVVVWLWLWLW,1
KFFRKLKKSVKKRAKEFFKKPRVIGVSIPF,1
GLFDIVKKVVGALGSL,1
KFGKVLKFLAKTLAKHLAKKQAQS,0
RVCYAIPLPICY,1
ADDRNPLEECFRETDYEEFLEIARNGLKKT,0
KWCFRVCYRGICYRRCR,0
GFMKYIGPLIPHAVKAISDLI,0
GGGGGSGETSGMWFGPRL,0
GIPCGESCVFIPCITSVAGCSCKSKVCYRN,1
AGWGSIFKHIFKAGKFIHGAIQAHND,1
FFPLVLGALGSILPKIF,1
VEQDPYEIVIKQLERAAQYMEISE,0
FLPILASLAAKLGPKLFCLVTKKC,1
LPLIASLAANFVPKIFCKITKKC,1
GIGKFLHSAGKFGKAFVGEIMKS,1
GLFDIVKKVVGALGSL,0
SQISLRGSNLTI,0
GGPAGKQNAVNQLLVLIYDPKSYKD,0
APAHRSSTFPKWVTKTERGRQPLRS,1
QHYSLEWKPG,0
GLWDDLKAAAKKVVSSLASAAIEKL,0
GIMDTIKDTAKTVAVGLLNKLKCKITGC,1
QKKDKKDKF,0
GIGKFLHSAKKFGKAFVGEIMNS,1
GIGRKFLGGVKTTFRCGVKDFASKHLY,1
FITGLISGLMKAL,1
QKKDKKDKFYGLM,0
VDKPDYRPRPWPRPN,0
MTRVQFKHHHHHHHPD,0
RWCFRVCYRGICYRKCR,1
FLPLLAGLAANFFPKIFCKITRKC,0
EGGGPQWAVGHFM,1
GIMDSVKGLAKNLAGKLLDSLKCKITGC,0
GGLRSLGRKILRAWKKYGPQATPATRQ,1
EPFKISIHL,1
DDNGKPYVLPSVRTCGFDFTGAVEDISK,0
QSFGNQWARGHFM,0
CANSCSYGPLTWSCDGNTK,1
SIGFDGLNDPDIVAR,0
PYDRISGSAFSDF,0
FIHHIIGGLFSAGKAIHRLIRRRRR,1
GINTLKKVIQGLHEVIKLVSNHA,0
GIPCGESCVWIPCISSAIGCSCKSKVCYRN,1
IKIPAVVKDTLKKVAKGVLSAVAGALTQ,1
QHLADYDEVEDDRAKLHLDAR,0
GGLIKIVPAMICAVTKKC,1
FFPIVGKLLFGLSGLL,1
GFWGSLWEGVKSVV,1
PRRRTPSPRRRRSQSPRRRRS,1
APVENQGSFPKMFPRGSHWAVGHLM,0
RCICTTRTCRFPYRRLGTCLFQNRVYTFCC,1
LNLKGIFKKVASLLT,1
TPGGIDFISGGPHVAQDVLNAIKNFFK,1
KLKLFKKIGIGKFLHSAKKF,1
PTHIKWGD,0
INWLKLGKKMMSAL,1
GYIAYVHQNELVKR,0
GAARKSIRLHRLYTWKATIYTR,1
GLLRASSVWGRKYYVDLAGCAKA,1
GIFGKILGAGKKVLCGLSGLC,0
GLMDMVKGAAKNLFASALDTLKCKITGC,0
RKKWFW,1
VTVVQYRSTNASSGYLNLRVYLLDTGLR,0
GFCRCLCRRGVCRCICTR,1
NRTFKTNTKCHVKNQCNFLCQ,0
FFGSVLKVAAKVLPAALCQIFKKC,1
GLVSSIGRALGGLLADVVKSKGQPA,1
SGSIIHSMEANVGYSPDKSQNMVLMGGLK,0
DEVKIVLD,0
ESGINLQGDATLANN,1
NYQYSPPPPPKKKYY,0
APSQSTVTALLTSCVSYIDDQ,0
CLGIGSCNDFAGCGYAIVCFW,1
GIHAILKYGKPS,1
FLPGVLRLVTKVGPAVVCAITRNC,1
MMRLVIILIVLLLISFSAY,0
FIHHIIGGLFSVGKHIHGLIHGH,1
GLFDIIKKIAESI,0
GLPCGETCFTGKCYTPGCSCSYPICKKIN,0
GLVSSIGKVLGGLLADVVKSKGQPA,1
FLPVILPVIGKLLSGIL,1
FIFDLLKKLV,1
FLPAVIRVAANVLPTAFCAISKKC,1
LVSGCADLTALAAR,0
FLSLIPHAINAVSAIAKHN,0
FLSLIPHAISAISAIADHL,0
FLPAIAGMAAKFLPKIFCAISKKC,1
FFGTALKIAANVLPTAICKILKKC,1
KPENENEEALHE,0
RCVCTRGFCRCVCTRGFC,1
GWKDWLKKGKEWLKAKGPGIVKAALQAATQ,1
MSILPLVHAMANVRGDIEYLTEA,0
SVLEIGLMLQEETEKNPKTSYSI,0
MEDEGAGG,0
GFIFHIIKGLFHAGKMIHGLV,1
YSLQMGATAIKQVKKLFKKKGG,1
ATGWSAFFIDGKWTEAKK,0
MAPCSCKSCGTSCAGSCTSCSCGSCSH,0
APKNIVLFGATGMTGQVTLGQALE,0
GILDTIKNAAKTVAVGLLEKIKCKMTGC,1
LLPIVGNLLNSLL,1
GIFDKLKNFAKGVAQSLLNKASCKLSGQC,1
EVVRSNNFDPSKLSGKWYSILLASDRKE,0
MSIADLKSRLIKASTSKMTAEL,0
GLIQTIKEKLKELAGGLVTGIQS,0
FDKNQPWGVIRDLNVVNFKR,0
KWKLFKKIPKFLHSAKKF,1
HAEGTYTSDVSSYLQDQAAKEFVSWLKTGR,0
FLGLIFHGLVHAGKLIHGLIHRNRG,1
GLVTGLLKTAGKLLGDLFGSLTG,1
DCPSDWSNHEGHCYRVFNEWMNWAD,0
RVCYAIPLPIC,1
FLGGLIKIVPAMICAVTKKC,1
FLHHIVGLIHHGLSLFGDRAD,1
GIADILKYGKPS,1
LNPFRWMINKYREWKNKKN,0
GLFDIVKKVVGTIAGL,0
AIMDTIKDTAKTVAVGLLNKLKCKITGC,1
MPGKVQDFFLCSLLLCIVSAGWCG,0
MKYNPRVSSNRRKS,0
GGLRSLGRKILRAWKKYGPIIVPIIRIG,1
GSVIGCGETCLRGRCYTPGCTCDHGICKKN,0
RFRLPFRRPPIRIHPPPFYPPFRRFL,0
LFGLIPSLIGGLVSAFK,1
GICRCICGRGICRCICGR,1
MRNLQPNMSRWAFFAKSVGTWNKSSCRS,0
ENFAGGCATGYLRTADGRCKPTF,0
FLSAITSILGKFF,1
AAQEGETLTVEETV,0
RPKHPIKHQGLPQEVLNENLLRF,1
GVGSFIHKVVSAIKNVA,1
FLSLIPHIVSGVAALAKHL,1
MPGKVQDFFLCSLLLRIVSAGWCD,0
GFMDTAKNVAKNVAVTLIDNLKCKITKAC,1
GLMSVLGHAVGNVLGGLFKS,1
GIFLDKLKNFAKGVAQSLLNKASCKLSGQC,1
ANIVFDVESATTGTYSTFLTSF,0
ENFAGGCATGFLRTADGRCKPTF,0
MSKRAMKKIIPLITLFVVTLVG,0
KAEEEVEKNKEEAEEKAEKKIAE,0
SFSVNPAVDILQHRYMEKVAQNNRNFLNRV,0
GKNGVFKTISHECHLNTWAFLATCCS,1
FLSLIPHAINAVSTLVHHSG,1
GIGKFLKKAKKFGKAFVKILKK,1
LKLLKKLLKLLKKLGK,1
FLPLFASLIGKLL,0
EDGSDAVSGEFLAEGGGVR,0
PVLAAASWALFNIGRLALQQFNKIASR,0
FLPLAVSLAANFLPKLFCKITKKC,1
LLSTLTDTSIKEAVATDKAP,0
TSRCIFYRRKKCS,1
RSELIVHQR,1
TTPACFTIGLGVGALFSAKFC,1
IPWKLPATFRPVERPFSKPFCRKD,1
GVIDAAKKVVNVLKNLF,1
RQRHPDCDKPPDTGN,0
GIHDILKYAKPS,1
YDDGSYKPHIYGF,0
VPPIGWF,0
RVKRVWPLVIRTVIAGYNLYRAIKKK,1
EVHNFACLGKPDPGGCAHYIYRRYYYV,0
TPEHQRYVELFIVVDHGM,0
MAAACRCLSLLLLSTCVALLL,0
NGPNGKSQSIIVGPWGDRVTN,0
FMGGLIKAATKIVPAAYCAITKKC,0
ALIFATLSAAYIGEALE,0
MWTKPSYTDLRIGFEVTLYFANR,0
GGGGSGETSGMWFGPRL,0
GWASSIGSILGKFAKGGAQAFLQPK,1
FLPAVIRVAANVLPTVFCAISKKC,1
DAHGSGNAHKQQDINHLLD,0
VIGGTNASPGEIPWQLSQQRQSGSW,0
MDFIIDIIKKIVGLFTGK,0
ALWKNMLKGIGKLAGKAALGAVK,0
NLVQFELLIMKVAKRSGLLSYSA,0
FGLIPSMMGGLVSAFK,1
MADAEDIQPLVCD,0
ADDSDPVGGEFLAEGGGVR,0
MVKAVTVLNSSEGPHGIVYFAQEGDGPTTV,0
INWLKLGKAVIDAL,0
MFFKIDLKNHPYLIRLKKQEE,0
MAPRGFSCLLLSTSEIDLPVKRRT,0
LAHQKPFIRKSYKCLHKRCR,1
LLGMIPLAISAISALSKL,1
FLPFLATLLSKVL,1
AYVSQSGAPWGLGRISHK,0
LAFVAGVAAEMMQHVYCAASKKC,1
GICRCLCRRGVCRCICVL,1
KHTLPDLPYDFGALQPHISAEIM,0
MEFGNLTNLDVA,0
AAPGALEVLETSPDSFEDGSET,0
GLISGILGVGKKLVCGLSGLC,1
TSRCYIGYRRKVVCS,1
GLWSTIKNVGKEAAIAAGKAALGAL,1
LKKLLKKLKKLLKK,1
FLSLIPHAINAVSAIAKHS,1
FFPNVASVPGQVLLKKIFCAISKKC,1
NLINFMEMIRYTIP,0
AIGSILGALAKGLPTLISWIKNR,1
EPHPDEFVGLM,1
MAPRGFSCLLLSTSEIDLPMAPVKRRA,0
GLLGGLLGPLLGGGGGGGGGLL,0
MADAEDIQPLVCDNGTG,0
NALSSPRNKCDRASSCFG,1
FVQWFSKFLGRIL,1
FLPIVAGLAANFLPKIVCKITKKC,1
QKNDKKDRFYGLM,0
IFGAIWKGISSLL,1
ARKFFVGRNWPEL,0
NLLGSLLKTGLKVGSNLL,1
GLLDIVKKVVGAFGSL,0
FCTMIPIPRCY,0
AVPAVRKTNETLD,1
MKRISTTITTTITTTITITITTGNGAG,0
GLFGVLGSIAKHVLPHVVPVIAEKL,1
LNLKALLAVAKKIL,0
VDKGSYLPRPTPPRPIYNRN,1
ARRRRRSSRPQRRRRRRRHGRRRRGRR,0
TLQPPSALRRRHYHHALPPSRHYPGREAQA,1
SPGGA,1
FIPGLRRLFATVVPTVVCAINKLPPG,1
GKPFYPPPIYPEDM,0
SLIQFETLIMKVAGQSGMFSYSA,0
RGDKDIFTVHDILKARGEI,0
GILDSLKNLAKNAGQILLNKASCKLSGQC,1
TAGFGVFTNIINGGLECGK,0
FLGGLIKWKWPWWPWRR,1
GGSSGLISVPRV,0
GLFGVLAKVASHVVPAIAEHFQA,1
GVGDLIRKAVSVIKNIV,1
FLGGLIGPLMSLIPGLLK,1
IIGGDECNINEHPFLVALYDA,0
PAPESGFIRDP,0
AYAQWVIIII,0
MVPVPVHHMADELLRNGPDTVI,0
ALFEESTVSAEPR,0
FLSLIPHAINAVSAIAKHFG,1
GLPGESGAVGPAGPIGSR,0
KGGSGVIHTISHECNMNSWQFVFTCCS,1
QDSGDGWPQQPFVPRL,0
NAAVAGAVIEGATLTFEVLQ,0
GNAPAADMVLKAPGDAKMTKTAVP,0
PVLQVVRDIHGDILTPDSRYIL,0
GLPTCGETCTLGTCYVPDCSCSWPICMKN,1
ALSILKGLEKLAKMGIALTNCKATKKC,0
GLKEIFKAGLGSLVKGIAAHVAN,1
YQEPVLGPVRGPFPI,1
GLLGTLGNLLNGLGL,1
GLFDIIKKVASVIGGL,1
FRPALIVRTKGK,0
MRAKWRKKRMRGLKRKRRKMRQRSK,0
GNRPVYIPPPRPPHPRL,0
GLPCGESCVFIPCITTVVGCSCKNKVCYNN,0
SILPTIVSFLSKFL,1
RELLMGIFEKNGTGKTAAFVIPLLQK,0
LLKELWTKMKGAGKAVLGKIKGLL,1
FLPKLFAKITKKNMAHIR,1
WNHTLCAAHCIARRYRGGYCNSKAVCVCR,1
FLGGLIKPWWPWRR,1
RPWAGNGSVHRYTVLSPRLKTQ,1
AGECVQGRCPSGMCCSQFGYCGRGPKYCGR,1
TDPDADKGEFLAEGGGVR,0
AWLDKLKSLGKVVGKVALGVAQNYLNPQQ,1
GVVPHDFRI,1
DVNGGWSCATTVDAKFRPNGCTD,0
IFKAIWSGIKSLF,1
AIGFDGLNDPDIVAR,0
GFGMLFKFLAKKVAKKLVSHVAQKQLE,0
FLSLIPHAINAVGVHAKHF,1
GLLDTIKGVAKTVAASMLDKLKCKISGC,0
FFPIIAGMAAKVICAITKKC,1
SYSMEHFRWGKPV,1
SLGGKPDLRPCHPPCHYIPRPKPR,0
TVKVTVTGAAGQIGYALLFR,0
GIGTKILGGVKTALKGALKELASTYVN,1
IIGLVSKGTCVLVKTVCKKVLKQG,1
QKIQEIDLQTYLQPQ,0
NSATTAVYSFQDWVSA,0
GFKDWIKGAAKKLIKTVAANIANQ,0
PSYKLHYFDLRAAGE,0
GTGITEEFEEVPVQSRGFGILDVGYR,0
GDVVANPESVELK,0
SPLEQFSILMLIPM,0
FLSSIGKILGNLL,1
HVDKKVADKVLLLKQLRIMRLLTRL,1
NRILPTLIGPL,1
SDPEVPGMWFGPRL,0
AFELPALPYAKDALEPHISA,0
FLPMLAGLAASMVPKLVCLITKKC,0
GADFQECMKEHSQKQHQHQG,0
KFHEKHHSHRGY,1
QDYCAQEGQQEVQRKDLSDLERYLRQSRQR,1
GLLGLLGSVVSHVVPAIVGHF,1
GFGSLLGKALKIGTNLL,1
ALFSILRGLKKLGNMGQAFVNCKIYKKC,0
FVDLKKIANIINSIFGK,1
GWTLNSAGYLLGPHAIDNHRSFNEKHGIA,0
YDGTNCKPGVCWEPKPGY,0
FISAIASFLGKFL,1
SGLQFAVLDGQGFIPFPRV,0
SFHVFPPWMCKSLKKC,1
AVGRHGRRFGLRKHRKH,1
KLAKLAKKLAKLAK,1
ISALFDEYEPLNDAD,0
IIGPVLGLVGKPLESLLE,1
RRWCFRVCYKGFCYRKCR,0
EPNPDEFFGLM,1
FFRLLFHGVHHVGKIKPRA,1
LPFVAGVAAEMMQHVYCAASKKC,1
GFMKYIGPLIPHAVKAISDLI,1
ILGKIWEGIKSIF,1
SITKIKAREIL,0
KIPCGESCVWIPCLTSVFNCKCENKVCYHD,1
GLFDVIKKVASVIGLASP,1
MKKAERGASPKQIKPHRYYLLAVH,0
DTHISEKIIDCNDIG,1
KFLSGGFKEIVCHRYCAKGIAKEFCNCPD,0
GLTQKDLVALSGAHTIGKAR,0
FITGLIGGLMKAL,1
IEMAEGGNDNIGNESIK,0
NRQPSKYGLEETI,0
FKAVRGERLVYSVKWEGGGKITTRIL,0
FRWWHR,1
ILGKLLSTAAGLLSNL,1
MRFCWQKSIHGS,0
LLKELWTKIKGAGKAVLGKIKGLL,0
SVFDEYLEKSKANK,0
FLSLIPHAINAVSALVHHF,0
DCLPDWFHYEGHCYRVFDEPKKWADAEKFC,0
NILNTIINLAKKIL,1
MCICKNGKPLPGFIGKICRKICMMQQTH,0
GLWSKIKTAGKSVAKAAAKAAVKAVTNAV,0
CRQSCSFGPFTFVCDGNTK,1
SITKIKAREILD,0
SALVGCWTKSYPPKPCFGR,1
ALTEQASKVALTADL,0
IVGGMEATPHSWPHQVA,0
MGIFSIFVISTVHYQPNKK,0
GTRCGETCFVLPCWSAKFGCYCQKGFCYRN,1
PYDRISNSAFSDF,0
QTCVSCVNFGNGFCGDNCGNSWACSGC,0
GIWGTALKWGVKLLPKLVGMAQTKKQ,1
ADDKNPLEEAFREADYEVFLEIAKNGL,0
IIGAIAAALPHVINAIKNTF,1
TYKKPPFNGSIF,0
SGTSEKERESGRLLGVVKRLIVGFRSPFR,1
GLLDTLKGAAKNVVGSLASKVMEKL,1
GILDALTGIL,1
INWKKIAEIGKQVLSAL,0
GFMDTAKNVAKNVAVTLIDKLRCKVTGGC,1
GFLSILKKVLPKVMAHMK,1
LGYLGTCPTNIGTGLR,0
FTSKKSMLLFFFLGTISLSLCQ,1
APLQPGGSPALTKIYPRGSHWAVGHLM,0
GLLGGLLGPLLGGGGGGGGGLL,1
MQLFHLCLIISCSCPTVQASKLCLGWL,0
NSELINAILGSPTLFGEV,0
EEVQETVNLKYEYSVYR,0
GLLGFVGSLLGGLGI,0
FLGGLIKIVPAMICAVTKK,1
ILPFVAGVAAEMMQHVYCAASKKC,1
VGECVRGRCPSGMCCSQFGYCGKGPKYCGR,1
RWCVYAYVRIRGVLVRYRRCW,1
GLLGVLGSVAKHVLPHVVPVIAEHL,0
TLQPPSALRRRHYHHALPPSRHYPG,1
FLPAVLLVATHVLPTVFCAITRKC,1
MTRVQFKHHHHPD,0
EQSAGFREYIDFFDGYSLTY,0
PAGHGARARTRDLFAR,0
GIGGKILSGLKTALKGAAKELASTYLH,1
IKIPPIVKDTLKKVAKGVLSTIAGALST,1
MKLLCWQKSIHGS,0
AGGTSGLYAFPRV,0
MKFYTIKLPKFLGGIVRAMLGSFRKD,0
GAVGEIQILLNNIASQLNGDQKKADKV,0
FALGAVTKRLPSLFCLITRKC,1
GLVTSLIKGAGKLLGGLFGSVTG,1
GLLQTIKEKLESLESLAKGIVSGIQA,1
MNNTEFYDRLGVSKDASQDEIKKA,0
GIGGALLSVGKLALKGLANVLADKFAN,1
WLGSALKIGAKLLPSVVGLFQKKKK,1
MKPALRDFIAIVQERLASVTA,0
SMLSVLKNLGKVGLGFVACKINKQC,1
ADPTFGFTPLGLSEKANLQIMKAYD,1
CLGVGSCNNFAGCGYAIVCFW,0
MRVNKESLQMNTYISLHGWWRTSLLRAV,0
FNRGGYNFGKSVRHVVDAIGSVAGILKSIR,1
FLSHIAGFLSNLF,1
MLTYTGTVINVQTFAAKPDP,0
SILPTIVSFLSKVF,1
GLWNKIKEAASKAAGKAALGFVNEMV,0
GIPCGESCVWIPCISAALGCSCKNKVCYRN,1
KGRGKQGGKVRAKAKTRSS,1
LIGPVLGLVGSALGGLLKKIG,0
VSDVPNNDDRFTY,0
LPTGPNNPTTLDNSSII,0
GWRLLLKKAEVKTVGKLALKHYL,1
ILGTILGLLKSL,0
SRDIVSVYDD,0
DSAAGAVRAGDDETLLKPVLNSLDNLVSGL,0
GGESSNEAKGMWFGPRL,0
FLPILAGLAAKLVPKVFCSITKKC,1
AVNVNTNVSAMTAQRYLNQA,0
ILPIIGKILSTIF,1
GMASKAGSVLGKVAKVALKAAL,1
INWKKIKSIIKAAMN,1
DLLTAIKRVKESMKRRT,0
FFPVIGRILNGIL,1
KLQELRMWSMLKKWILMFILDFPTR,0
GVWTTILGGLKKFAKGGLEALTNPK,1
LKLLKKL,1
FLPLVGKILSGLI,1
GLFDIIKKIAESF,1
GLFDIVKKVVGAIGSL,0
AGQDGFMRF,0
VVKQGLLAGRIPGL,0
TQACRINSGNVPSELDLRSLRTVTPIRMQG,0
GFRDGSADRISHGF,0
KYALMKKIAELIPNLKSRQVK,1
MDIVSIGWAALMVVFTFSLSLVVWGRSGL,0
FLPIVGKLLSGLSGLL,1
GIGGKPVQTAFVDNDGIYD,1
GLIGSIGKALGGLLVDVLKPKLQAAS,0
TRRTAFLFDELSLWHSASQYALILPVGG,0
APGDLLWSDEFDGAAGSAPNP,0
RKRHPDCDKAADTRI,0
FLSLIPHAINAVSAIAKHN,1
MIINNNISALNANRQLNLTGNSMTK,0
FFHHIFRGIVHVGKTIHRLVTG,1
AALRGCWTKSIPPKPCSGKR,1
LVRGCWTKSYPPKPCFVR,1
FLPILAGLAANILPKVFCSITKKC,1
RWCVYAYVRVRGVLVRYRRCW,1
HSDGLFTSEYSKMRGNAQVQKFIQNLM,0
NIQIICCKHTPACCT,0
FMGGLIKAATKIVPAAYCAITKKC,1
GLLGSIGKVLGGYLAEKLKPK,1
VIDDLKKVAKKVRRELLCKKHHKKLN,1
GFGSFLGKALKAALKIGADVLGGAPQQ,1
NPKVAHCASQIGRSTAWGAVSGA,1
FIGTALGIASAIPAIVKLFK,1
DASNAQKQHDVNFLL,0
MWPFPSDK,0
FLPIIAKLVSGLL,0
GLFDIIKNIVSTL,0
SATAAREEYQRKRSQFIEIG,0
MKWETPTATDLRFGFEITMYVSAR,0
ITPATPFTPAIITEITAAVIA,1
GLWSTIKNVGKEAAIAAGKAVLGSLGEQ,1
FIHHIFRGIVHAGRSIGRFLTG,1
IIGAIAAALPHVINAIKNTFG,1
LLCISCCVSITECCQLMSGCAVEIKS,0
VGALAVVVWLFLWLW,1
GLPVCGETCFTGTCYTNGCTCDPWPVCTRN,1
FLSLIPHAINAVSTLVHHF,1
SGTPEKERESGRLLGVVKRYIVCVRNPCP,1
VRDICKKEAERQDLSSCENYITQRRGY,0
GLWSKIKDVAAAAGKAALGAVNEALGEQ,1
HSDAVFTDNYTRLRKQMAVKKYLNSILN,0
TPFKLSLHL,1
FFPIVAGVAGQVLKKIYCTISKKC,1
TESYFVFSVGM,1
LLGMIPVAISAISALSKL,1
GLLQTIKEKLKELATGLVIGVQS,0
FIGGIISFIKKLF,0
GIMDTVKNAAKDLAGQLLDKLKCRITGC,1
FVPIFTHSELQKIREKERNKGQ,0
FLPFLAKILTGVL,1
FYAGLILTLVNTFPYNISPASS,0
DVPSANANANNQRTAAAKPQANAEASS,0
FLPFIAGMAANFLPKIFCAISKKC,1
VTIGKEGTLT,0
EFSPTRKFGGHGDDKKKKK,0
GILSTVFKAGKGIVCGLSGLC,1
FLPILASLAAKFGPKLFCLVTKKC,0
GVVDILKGAAKDLAGHLATKVMNKL,1
ILGLLKGISALLS,0
MVKTPITEAIAAADTQGRFLS,0
GVSGHGQHGVHG,1
FLGGLIKIVPAMICAVRKKC,1
GLLSNVAGLLKQFAKGGVNAVLNPK,1
IIGPVLGMVGSALGGLLKKIG,1
MSIADLKSRLIKASTS,0
FALESFWDGKGNASAHAMEMTK,0
AFKLLGRIIHHVGNFVYGFSHVF,1
GLWSTIKQKGKEAAIAAAKAAGQAALGAL,1
LFKLLGKIIHHVGNFVHGFSHVF,1
IILELAAVDSASGKLLINGNFK,0
FLPAIVGAAAKFLPKIFCVISKKC,1
GLSRSCFGVKLDRIGSMSGLGC,0
RQRVEELSKFSKKGAAARRRK,1
GVLFASGQNLARTLIEFLLR,0
IPLPLGYFAKKT,1
FLGGLIKRVPAMICAVRKKC,1
SGGGNVIMNQMNKRNHAKD,0
FLGGLIKPVPAMICAVRKKC,1
QFRPSYQIPP,0
ITKDFDALMKYIKRI,0
KKKKPLFGLFFGLF,1
FKGGGPYGQGVTRGQDLSGKDF,0
VIGGDECNINEHRFLVALYDPDGFLSGGIL,0
FEDGKKVRFFKSNKETIK,0
KLSGCFGFKLDRIGTMSGLGC,0
NLLQFENMIRNVAGRSGIWWYSD,0
KGAAKGLLEVASCKLSKSC,0
GWLPTFGKILRKAMQLGPKLIQPI,1
PEDPQRRYQEEQRRE,1
AYELPELPYAYDA,0
SIGAKILGGVKTFFKGALKELASTYLQ,1
FLPVLAGLTPSIVPKLVCLLTKKC,1
CGESCVFIPCITSVAGCSCKSKVCYRNGIP,1
KAYSMPRCKYLFRAVLCWL,1
DVTFSMLGANGATYYQFF,0
AWKLFDDGV,1
ALWKNMLKGIGKLAGQAALGAVKTLVGAES,1
FLGPIIKIATGILPTAICKFLKKC,1
KKLLKWLKKLL,1
FFSLIPSLIGGLVFAIK,1
LFGFLIPLLPHIIGAIPQVIGAIR,1
GGGGTSGLFAFPRV,0
FFPIVGKRLYGLL,1
GSGGSGEANGMWFGPRL,0
HSEGTFSNDYSKYLETRRAQDFVQWLKNS,0
INWKKIAEVGGKILSSL,1
ALVPLRLLLDHAAENG,0
FFPLLFGALSSMMPKLF,1
MTDCRYLIKRVIKIIIAVLQLILLFL,0
GMFTNMLKGIGKLAGQAALGAVKTLA,1
NEVDIVGALNADLTQFL,0
QARPPHPPIPPAP,0
ITCPQVTQSLAPCVPYLISG,0
MYKLLIINP,0
GIGTKILGGVKTALKGALKELASTYAN,1
ISAVKEMTVRDALNSA,0
MHIVVCIKQVPDSAQIRV,0
RLHQNGMPFSPRL,0
SLRKMHALGET,0
QASTDYDDEDESTVPEAR,0
FLPLIGRVLSGIL,1
FLSLIPAAISAVSALADHF,0
AAVPSGASTGVYEALELRFRAPVEPY,0
MNRLLQRQLFLENLLVGVNSTFHQM,0
KYYGNGVHCGKHSCTVDW,1
AWLLAIRKR,1
VIGGDICNINEHNFLVALYE,0
YLGPTADSTMDQTFANN,0
KLALKALKALKAALKLA,1
RRWVRRVRRWVRRVVRVVRRWVRR,1
KRMLSNRESARRSRMRKQK,0
SKTPIRVAVTGAAGNIGYHLLFRIA,0
FLPIVTNLLSGLL,1
RICPRILMECKADSDCLAQCICEESGFCG,0
GFLSILKKVLPKVMAHMK,0
FFSLLPSLIGGLVSAIK,1
RPPGFSPFRVAPAS,0
CPRILMKCKLDTDCFPTCTCRPSGFCG,0
MHPVLRQMRPQQQAPSQQQPQKALLAP,0
KDLHTVVSAILQAL,1
GFGALFKFLAKKVAKTVAKQVAKKQME,0
FFPIVGKLLSGLL,1
FLGFLHHLF,1
GLLGSIFGAGKKIACALSGLC,0
GLLGSIFGAGKKIACALSGLC,1
CKQSCSFGPFTFVCDGNTK,0
GTACGESCYVLPCFTVGCTCTSSQCFKN,1
VVGGDECNINEHRSL,0
ATIEVYNILPYYYYVSKAWSWNGN,0
GRPNPVNNKPTPHPRL,1
GSAIACGESCFKFKCYTPGCSCSYPICKKD,0
NLMQFELLIMKVAGRSGIVWYSD,0
SVVDGWTTFR,0
ALWKDILKNAGKAALNEINQLVNQ,1
MWYLLWFVGILLMCSLSTLVLVWLDPRLKS,0
FLPLILRKIVTAL,1
DAQEKRQPWLPFG,0
GVLDIFKDAAKQILAHAAEKQI,1
KIANGSGSEQDIAEAKI,0
GLSQGVEPDIGQTYFEESRINQD,1
TLRGDERILSILRHQNLLKELQDLALQGAK,1
WNDTGKDADGSEY,1
GLPTCGETCTLGKCNTPKCTCNWPICYKN,0
GLKDWWNKHKDKIVEVVKDSGKAGLNAA,1
FKSWSFCTPGCAKTGSFNSYCC,1
HSDAVFTDSYTRLLKQMAMRKYLDSILN,0
FVLPLVMCKILRKC,1
AHDRNPLEEYFRETDYEEFL,1
FLPFIAGVAAKFLPKIFCAISKKC,1
DCTRWIIGINGRICRD,1
DSIRDVSPTFNKIRRWFDGLFK,1
MAILTLGWVSLLVVFTWSIAMVVWGRNGL,0
FLIGMTQGLICLITRKC,0
GKLNLFLSRLEILKLFVGAL,1
NLFQFGEMILEKTGKEA,0
FILPLIASFLSKFL,1
CLGIGSCNDFAGCGYAVVCFW,1
MKRIGVLTSGGDSPGMNAAIRAVVR,0
LLPIVGNLLKSLL,1
FLSAIASMLGKFL,1
ILGKFCDEIKRIV,0
FLPIIASVAAKVFPKIFCAISKKC,0
VDTSRLFLTVVNNPPTVV,0
SCNCVCGVCCSCSP,1
FLPAIVGAAGKFLPKIFCAISKKC,0
LLGDFFRKSKEKIGKEFKRIVQR,1
TLRGDERILSILRHQNLLKE,1
EVEMLGDELRTLNQNLGLMR,0
GWKDWAKKAGGWLKKKGPGMAKAALKAAMQ,0
CTTCECCCSCS,1
GKTKGVTSGLIAFPRL,0
ILGPVLSLVGNALGGLLKNE,1
GIGSAILSAGKSALKGLAKGLAEHFAN,1
GSTGLIPFGRT,0
MGGVGKTKRMRRLKRKRRKMRQRSK,0
FLPFIAGMAANFLPKIFCAISKKC,0
FINTIKLLIEKYREWKNKQSS,0
FWGALAKGALKLIGSLFSSFSKKD,1
KTCENLADTFRGPCFATSNC,1
EQQCTPGQTKKEDCNNCTSGD,0
ECCHRQLLCCLRFV,0
IIEKLVNTALGLLSGL,1
INWLKLGKMVIDAL,0
ILQKAVLDCLKAAGSSLSKAAITAIYNKIT,0
VVGGDECNINEHRFL,0
GIPCGESCVWIPCLTSAIGCSCKSKVCYRN,0
INLKAIAALAKKLL,1
GRSPRRRTPSPRRRRSQSPRRRRS,1
RLCRIVVIRVCR,1
SIITMTKEAKLPQSWKQIACRLYNTC,1
SVLGSVAKHVLPHVVPVIAEHL,1
QQGEGGPYGGLSPLRFS,0
ALCNCNRIIIPHMCWKKCGKK,0
GDDVKSACCDTCLCTKSNPPICRCVDIRET,0
RKCNFLCKLKEKLRTVITSHIDKVLRPQG,1
GLADFLNKAVGKVVDFVKS,1
GDCGCSGASSCTCASGQCTCSGCGK,0
DKNKKPIRVGGRRPPGFTPFR,0
IPCGESCVWIPCISGMFGCSCKDKVCYS,1
ILGPVLGLVGNALGGLIKNE,0
GLMDVFKGAAKNLLASALDKIRCKVTKC,1
GLFGVLGSIAKHVLPHVVPVIAEK,1
SGLQLLDLSNNREVEML,0
AAGMGFFGAR,1
GWKKWLRKGAKHLGQAAIK,1
ATPFGGSSYEGH,0
FCKSLPLPLSVK,1
GLPVCGETCFGGTCNTPGCICDPWPVCTRN,0
CRQSCSFGPLTFVCDGNTK,1
ILGEIWKGIKDIL,1
CYIQNCPRG,0
CLIQDCPEG,0
NIPQLTPTP,1
VFQFLGRIIHHVGNFVHGFSHVF,0
GLLDFAKHVIGIASKLG,1
EQPGGDKVNLGYFTN,1
DCLPGWSVYEGRCYKVFNQKTWKAAEKFC,0
GIKDWIKGAAKKLIKTVASHIANQ,0
GFGPAFHSVSNFAKKHKTA,1
IFHHIFKGIVHVGKTIHRLVTG,1
AYGEAANVFGAPK,0
MIFVATSLSCRWWWPVM,0
MFSLSNSQYTCQDYISDHIWKTSSH,0
FVGAIAAALPHVISAIKNAL,1
ALLDKLKSLGKVVGKVAIGVAQHYLNPQ,1
GLFDVIKKVASVIGLASP,0
MDTKLGLVEEEAAN,0
SALVGCWTKSYPPNPCFGRG,1
KCKWWNISCDLGNNGHVCTLSHECQVSCN,1
LEEQSFSFTKFSTDQQNLILQAHY,0
ESYFVFSVGM,1
RKFHEKHHSHRGYR,1
MLVGKKVQTF,0
MNGRPSVFTSQDYLSDHLWRALNA,0
MMKLLIIVVLLVISFPAY,0
MMWTKPEVTEMRFGFEVTMYVCNR,0
RCVCRRGVCRCVCRRGVC,1
GRRCPRIYMECKRDADCLADCVCLQHGICG,0
VSYNSKFLAATVQAEPVVLDA,0
AYERQFYPGATSVAENNIGH,0
GIFSNMYARTPAGYFRGPAGYAAN,1
MDIVNIAWAALMVVSTSSLSPVAWGRSGL,0
GVLDAFRKIATVVKNVV,1
GIWDTIKSMGKVFAGKILQNL,1
ILGPVLSMVGSALGGLIKKI,1
DTHFPICIFCCGCCHRSKCGMCCKT,1
FWGALAKGALKLIPSLFSSFSKKD,0
GVVDILKGAGKDLLAHALSKLSEKV,1
EQGVGGDDGL,0
NPQQDFMRF,0
TPEHQRYIELFLVVDSGMFMKYNGNSDKI,0
RNCESLSHRFKGPCTRDSNC,1
SVIELGKMILQETGKNPVTHYGA,0
QCVGTITLDQSDDLFDLNCNELQSVR,1
FAEPLPSEEEGESYSKEPPEMEKRYGGFM,1
LRNVEQQCRADALVERAQELIHGQQ,0
AWLDKLKSIGKVVGKVAIGVAKNLLNPQ,1
ADNKNPLEECFRETNYEEFLEIAR,0
FLSIIAKVLGSLF,1
IFKAIWSGIKRLC,1
RRPWRWPWWPWRR,1
SCNCVCGVCCSCSP,0
DCLPGWSSHEGHCYKVFNQEMYWADAEKFC,0
AKAWGIPPHVIPQIVPVRIRPLCGNV,1
FLSGILKLAFKIPSVLCAVLKNC,1
GLFKVLGSVAKHLLPHVVPVIAEK,1
ALSILRGLEKLAKMGIALTNCKATKKC,1
KSWSLCTPGCARTGSFNSYCC,1
ENFVGGCTPGYQRTADGRCKPTF,0
INIKDILAKLVKVLGHV,1
IFGAILPLALGALKNLIK,1
FLPFIAGMAAKFLPKIFCAISKKC,0
LSAMLEDTENWLYEELSLTQDPVV,0
KFKVVTTFTVIQDIAQNVAGDAAT,0
ALLDKLKSLGKVVGKVAIGVAQHYLNPQQ,1
MSKVIETKQQVVTEIADKLRA,0
GVLSNVIGYLKKLGTGALNAVLKQ,1
QDKPFWSPPIYPV,0
IFSAIAGLLSNLL,1
QGGAGWPPIPP,0
EQCREEEDDR,1
FLSLALAALPKFLCLVFKKC,0
NPTNLH,0
GFPCGESCVFIPCISAAIGCSCKNKVCYRN,1
FLPMIAKLLGGLL,0
QKIAEKFSGTRRG,1
MDILTLGWVGLLGLFTYSIAMVVWGRHGM,0
MNRISTTTITTITITTGNGAG,0
VDWKKIGQHILSVL,0
VAIIIYSMYGHIAKYGNFPGQWK,0
FLPMLAGLAANFLPKIVCKITKKC,1
VLPIIGNLLNSLL,1
FWGALAKGALKLIGPGSLFSSFSKKD,1
CPAIQRCCQQLRNIQPPCRCCQ,0
GAFGDLLKGVAKEAGMKLLNMAQCKLSGKC,1
GLFDIIKKVASVIGGL,0
RDPTGCEVDQVIMVKRHGERYPSPSAGK,0
ILGKIWEGVKS,1
MAADIISTIGDLVKLIINTVKKFQK,1
GGETSGETKGMWFGPRL,0
FLPVVAGLAAKVLPSIICAVTKKC,0
RICRIIFLRVCR,1
FLPVLAGVLSRA,1
GLFDIVKKIAGHIVSSI,0
SWFSRTVHNVGNAVRKGIHAGQGVCSGLGL,1
GLWQKIKNAAGDLASGIVEGIKS,0
SALVGCWTKSWPPKPCFGR,1
QKKDKKDRFYGLM,0
DIDITGCSACKYAAG,1
LEDNGRTHWAVLVA,0
GFKDWIKGAAKKLIKTVASAIANQ,0
FLPFIARLAAKVFPSIICSVTKKC,1
GFRDVLKGAAKQFVKTVAGHIANI,0
GVCDMADLA,1
YPGPQAKEDSEGPSQGPASREK,1
GAGEALNAKRQQDVNHLLDLIYDHLHY,0
FLSFPTTKTYFPHFDLSHGSAQVKGHGAK,1
ALWMTLLKKVLKAAAKALNAVLVGANA,0
IASKFICTPGCAKTGSFNSYCC,1
RQRVEELSKFSKKGAAARRRK,0
MDIISLGWSSLLVVFTFSLSLVVWGRNGF,0
VQIFVRDNNVDQALKALK,0
SVALQVTVDAVSGSAKEKITAAGTVTELV,0
GLKEVAHSAKKFAKGFISGLTGS,1
GLWQKIKSAAGDLASGIVEAIKS,1
MRAKWRKKRVRRLKRKRRKTRARSK,0
DYHHGVRVL,1
LLPILGNLLNGLL,0
IGGYCSWLRL,1
VAIALKAAHYHTHKE,1
LLGMIPLAISAISSLSKL,1
SFREQCVPGREITYECLNACAEYAVRQ,0
GMWSKILGHLIR,1
VDKGSYLPRPTPPRPIYNRN,0
GLWSKIKETGKEAAKAAGKAALNKIAEAV,0
GFKNVQLSTARGF,0
GLLSSLGLNL,0
GIGTKILGGVKAALKGALKELASTYVN,1
ATNIPFKVHFRCKAAFC,1
MDIISLGWAGVMTMFTFSLALVVWGRNGF,0
GIKCRFCCGCCTPGICGVCCRF,1
MTKKAVVVLWGISQVEGVVNLLQE,0
GLWSKIKEAAKTAGLMAMGFVNDMV,0
NFLDTLINLAKKFI,1
GSRYLCTPGSCWKLVCFTTTVK,1
ILGPVLSLVGSALGGLIKKI,1
DFKCPSEWYAYDQHCYRIIN,0
QLPICGETCVLGGCYTPNCRCQYPICVR,1
MDKLAAGGLYLLFLLLAGIIVTH,0
FLGALLSKIF,1
RALATQLPVIPRSQVTFLAPVTRPEK,0
FPPWVL,0
FIGPVLKIAAGILPTAICKIFKKC,1
KKSGVIPTVSHDCHMNTFQFMFTCCS,1
FFGSVLKLIPKIL,1
ARCEQCPSYCCQSDSPPECDGCE,0
GIPCAESCVYIPCTITALLGCKCQDKVCYD,0
VIGGDECNINEHRSLALVY,0
GIVDFAKKVVGGIRNALGI,1
RCTCTTIISSSSTF,1
TVYTNA,1
QNQPPDFANPFIIPQNAA,0
AGFVLKGYTKTSQ,1
LLKELWTKMKGAGKAVLGKIKGLL,0
CSTNTFSLSDYWGNKGNWCTATHECMSWCK,1
VIDDLKKVAKKVRRELLCKKHHKKLN,0
ILGKILKGIKKLF,1
KTCENLADTY,1
AKDVRFGADVRALMLQGVDVLADA,0
FLPAIVGAAGQFLPKIFCAISKKC,0
MTPRGFSCLLLPTSETDLPVKRRT,0
PKRKSATKGDEPA,1
GIHDILKAGKPS,1
GVLDILKNAAKNILAHAAEQI,1
SPPNQPSIMTFDYAKTNK,1
GADFQECMKEHSQKQHQHQG,1
FKIPPIVKDTLKKFFKGGIAGVMGQ,1
GILSGVLGMGKKIVCGLRGLC,1
GVWSTILGGLKKFAKGGLDAIVNPK,1
EDHPVHNRGEYSVCDSVNVWV,0
GYNRSFLRF,0
QGPSPRHPIPP,0
LDYDHEEEDGRTKVTFDAR,0
AADDVTVVIGSAAPMSGPQ,0
IEPERQEEEEEETRQRVRRGQVRQQQQ,0
MISDIQIMVALFAALFTGILALRLGTELYK,0
YDPSPLQDFCVAD,0
KIKWFKTMKSIAKFIAKEQMKKHLGGE,1
ILPFVAGVAAEMMEHVYCAASKKC,1
PSCVCSGFETSGIHFC,1
GIGSLLAKAAKLGANLL,1
FIGGIISLIKKLF,1
KIIFLIAI,1
ICIFCCGCCHRSKCGMCCKT,1
HSDGTFTSELSRLRDSARLQRLLQGLV,0
QGPWMEEEEAAYGWMDF,0
GFKNVALSTARGF,0
GIAEFLNYIKSKA,0
AGETHTVMINHAGRGAPKLVVGGKKLS,0
MDYLITFYHSPQTNS,0
FLNALKNFAKTAGKRLKSLLN,0
VAGRAQGM,1
LKLLKKLLKLLKKLGGGK,1
MTWSKPAYTDLRIGFEVTMYFASR,0
FLSTLLNVASNVVPTLICKITKKC,1
AVWQFREMIKCTIPPSDDLLDF,0
GWFKKTFHKVSHAVKSGIHAGQRGCSALGF,1
QEKPYWPPPIYPM,0
TNSKEGEFIAEGGGVR,0
GLFDIVKKVVGAFGSL,0
NLYQFKNMIQCTTKRSVLEFMEYGCYC,0
GLLSFLPKVIGVIGHLIHPPS,1
ILGKIAEGIKSLF,1
FLLSLPHLASGLASLVLSK,0
ASDVTLNSFAEDVTVGECCDCVDLTTVY,0
GLFGVLAKVAAHVVPAIAEHF,0
GLFDIIKKVASVVGLASQ,0
CTFTLPGGGGVCTLTSECIC,1
AELPQGLWVRPRL,0
FGLPMLSILPKALCILLKRKC,0
ANNPGARKAIRKIEARTEVN,0
TKSQTHVPIRPNKLVLKVQKDRATN,0
NKLAYNMGHYAGKATIFGLAAWALLA,1
GSSGGLITFGRT,0
GWKKWFTKGERLSQRHFA,1
GLMDTVKNAAKNLAGQLLDTIKCKMTGC,1
GIFGKILGVGKKVLCGLSGMC,1
SVQFKPRL,0
ALYNSEDLYEETSDSDD,1
FGTYGHPRPRFYYNP,0
FKGGGPYGQGVTRG,0
VISIIPV,1
GLMSSIGKALGGLIVDVLKPKTPAS,0
DNLKKRRRCADDD,0
FLPILGKLLSGIL,1
MQTLPKERRY,0
IRNSLTCRFNFGICLPKRCPGRMRQIGTCF,1
KSLRPRCWIKIKFRCKSLKF,1
GGETGGEGKGMWFGPRL,0
GLLGAMFKVASKVLPHVVPAITEHF,1
GLLDALSGILGL,0
LKPDEELQGPGGVLSRGYFVFRPRN,0
VNPIILGVLPKFVCLITKKC,1
KKKSGVIPTVSHDCHMNSFQFVFTCCS,1
FLPLIAGLIGKLF,1
YDPSPLQDFCIAD,0
GSKKPVPIIYCNRRTGKCQRM,1
GIHRILKYGKPS,1
PRGSPRTEYEAARR,1
LFGFLIPLLPHIIGAIPQVIGAIR,0
FQWQRNPRKVR,1
AYGEGANVFGKRKETDQFFEISGDGWSGKL,0
GECCTDCAQTAAANYC,0
GLPTCGETCFKGKCYTPGCSCSYPICKKN,0
TPVVNPPFLQQT,0
INMKASAAVAKKLL,1
MLNERFSILVLLLILLTFSLG,0
ALPKKLKYLNLFNDGFNYMGVV,0
FFTTFDKDNDDQQNDN,0
MDIVNIAWAALMVVSTFSLTLVVWGRSGL,0
GLFDIIKKVASVVGLASP,0
FLPIVGKLLSGLL,0
IKLSPETKDNLKKVLKGAIKGAIAVAKMV,1
YSKSLPLSVLNP,1
GMWGSLLKGVATVVKHVLPHALSSQQS,1
MEWYPEAAANAERYTQIVWYK,0
RIGVLLARLPKLFSLFKLMGKKV,1
QGRAPHPPIPPAP,0
RHHRKRIGHTVKQLAKLVKHIHEY,0
GLFKVLGSVAKHLLPHVAPVIAEKL,1
MDIVGITWAALMVVFTFSLSLVVWGRSGL,0
MRAKWRKKRMRRLKRKRRKMRARSK,0
TEFGPSQPFKGAK,0
GFSPNLPGKGLRIS,1
GLLSGILGAGKNIVCGLSGLC,1
RCRFCCRCCPRMRGCGICCRF,1
RHHRKRIGHTIKQLAKLVKHIHEY,0
GVLDILKNAAKNILAHAAEQI,0
GLWSKIKEAAKTAGLMAMGFVNDMV,1
KRIVQRIKDFLR,1
GVLDIFKDAAKQILAHAAEQI,0
LKLKSIVSWAKKVL,0
FLGGILNTITGLL,1
GFFGKMKEYFKKFGASFKRRFANLKKRL,1
GIGGVLLSAGKAALKGLAKVLAEKYAN,1
GLFDIVKKIAGHIASSI,1
TPALAVVTTVLPAAAVTTAKSV,1
NSELINAILGSPTLMGEV,0
SEDETRLVKNLFSGYNKVVRPVNH,0
GLLSVLGSVAQHVLPHVVPVIAEHL,0
VDKPPYLPRPPPPRRIYNNR,1
NLMQFELLIMKVAGRSGIVWYSDY,0
GVGDLIRKAVSVIKNIV,0
LGGLIKIVPAMICAVTKKC,1
FLWGLIPGAISAVTSLIKK,1
ELISNSSDALDKTNNSLTIIDSGIGMTK,0
FPPWE,0
FLPILINLIHKGLL,1
EPVKKKDLKKATVPL,0
IWSAIWSGIKGLL,1
GLFSVLGSVAKHVVPRVVPVIAEHLG,1
GLMDTVKNAAKNLAGQLLDRLKCKITGC,1
WGIHRILKYGKPS,1
GLIGSIGKALGGLLVDVLKPKL,1
INWKKIKSLIKAAMS,0
FLPAVIRVAANVLPTVFCAISKKC,0
MIDDSQIFVALLFALVSAVLAIRLGKELYQ,0
DQAAGVAAIIEIDNIFSESEVISK,0
GAFGNFLKGVAKKAGLKILSIAQCKLFGTC,1
LDVELTVEERNLLSVGYKDSTLIMQLLR,0
GINTLKKVIQGLHEVIKLVSNHE,0
FLGSLLGLVGKVVPTLFCKISKKC,1
GLLSKVLGVGKKVLCGVSGLC,1
GLLGSLFGAGKKVACALSGLC,1
FFPIIAGMAAKLIPSLFCKITKKC,1
GIGAVLKVLTTGLPALISWIKRKRQQ,1
VRLEFKLQQTSCRKRDWKKP,1
FLGMIPGLIGGLISAFK,1
MLMPKRVKYRREHRGRMKGRAKAVRI,0
GLMDTIKGVAKTVAASWLDKLKCKITGC,1
HSDAIFTDNYSRFRKQMAVKKYLNSVLT,0
SGTSEKERESGRLLGVVKRLIVCFRSPFP,1
VWPLGLVICKALKIC,1
GFVDLAKKVVGGIRNALGI,1
GLPTCGETCFKGKCYTPGCSCSYPICKKD,0
GGPSQKQKQHKVNLVNIKVYI,0
GSLGEKYAQKAAEVLTSIIP,0
FMGTALKIAANVLPAAFCKIFKKC,1
GLLGSIGNAIGAFIANKLKP,1
VIPFVASVAAEMMQHVYCAASRRC,0
HSDGTLTSELSRLRDRARLQRLLQGLL,0
SVTADNASETKVREIGQEKSS,0
GSEIQPR,1
GLLSVLGSVAQHVLPHVVPVIAEHL,1
GLWEKVKEKANELVSGIVEGVK,0
RLKVIPEKLKDVKLVCTDVFGDN,0
FLPAVLRVAAQVVPTVFCAISKKC,0
FIGGIISLIKKLF,0
ACYCRIPACLAGERRYGTCFYMGRVWAFCC,1
DSHAKRHHGYKRKFHEKHHSHRGYR,1
GFLGSLLKTGLKVGSNLL,1
GLVTSLIKGAGKLLGGLFGSVTGGQS,1
FLPAALAGIGGILGKLF,1
NLFQFAEMIVKMTGKEAVH,0
APVPGGQGTVLDKMYPRGNHWAVGHLM,0
MRAKWKKKRMRRLKRKRRKMRQRSK,0
MNAAIFRFFFYFST,0
SMLSVLKNLGKVGLGFVACKINKQC,0
ARQLNPSDQELQSPQQLYPQQPYPQQPY,0
SLLSLIRKLIT,1
ARCENFADSYRQPPISSSQT,1
GPDSSFLRL,0
DTVNAA,0
DSHEERRQGRHGHHEYGRKFHEKHHSHRGY,1
GVTGFGFDLVRYLFAGVVDGR,0
MNRIGMITTIITTTITTGNGAG,0
MRTGNAD,1
FNAGGHINHSLFWQNLAPASSNEAK,0
IASKFLCTPGCAKTGSFNSYCC,1
RKGWFKAMKSIAKFIAKEKLKEHL,1
KRKCPKTPFDNTPGAWFAHLILGC,1
FLPFIAGVAAKFLPKIFCAISKKC,0
QLHVNKARRPYIL,0
KWKLFKKIGIGAVLKVLTTGLPALIS,1
VRPYLVAF,1
KTKKKFLKKT,1
ILPILGNLLNSLL,1
GSNKGFNFMVDMINALSN,1
CYINNCPVG,0
ECRRLCYKQRCVTYCRGR,1
FLPAVLRVAAKIVPTVFCAISKKC,0
NEESDLIADKFTNYNKLIRPAKH,0
AIHDILKYGKPS,1
NSMERVEELRKKLQD,1
FMGSALRIAAKVLPAALCQIFKKC,1
GLKDKFKSMGEKLKQYIQTWKAKF,1
GSAFCGETCVLGTCYTPDCSCTALVCLKN,0
GLLDIVTGLLGNLIVDVLKPKTPAS,0
MERQVL,0
FIGALLRPALKLLAGK,1
GRPNPVNTKPTPYPRL,0
FLPLLAGLAANFLPKIFCKITKKC,1
FLPAIFRMAAKVVPTIICSITKKC,0
GSKILHSAGKFGKAFLGEINKS,1
WLGSALKIGAKLLPSVVGLFQKKKK,0
IIGPVLGMVGSALGGLLKKI,1
FLPLLASLFSRLF,1
SALVGCWTKSWPPKPCFGRG,1
WFDPLRITETTTGSVTLK,0
GFVDFLKKVAGTIANVVT,0
GIPCGESCVYIPCLTSAVGCSCKSKVCYRN,0
ILSYLWNGIKSIF,1
MATPGFSCLLLSTSEIDLPMKRRV,0
KSKEKIGKEFKRIVQRIKDFLRNLVPR,1
EDDHDHHHHHHHHHHHHGVGGGGGGGGGGA,0
GATAIKQVKKLFKKWGW,1
IRCPKSWKCKAFKQRVLKRLLAMLRQHAF,1
GWFDVVKHIASAV,1
GLKDWWNKHKDKIIDVVKEMGKAGLQAA,1
EIQNAGLYAILR,0
KAEEEVEKNKEEAEEEAEKKIAE,0
AYSYVSEYKRLPVYNFGL,0
FFPIVGKLLFGLFGLL,1
GLLSGILGAGKHIVCGLSGLC,1
WWRELLKKLAFTAAGHLGSVLAAKQSGW,1
TTPATPAISILSAYISTNTCPTTKCTRAC,1
GAFGDLLKGVAKEAGLKLLNMAQCKLSGNC,1
PDPAKTAPKKGSKKAVTKA,1
FLPIIAGVAAKVFPKIFCAISKKC,1
GLIKIVPAMICAVTKKC,1
KLKNFAKGVAQSLLNKASCKLSGQC,0
EASGETFVAENDACKCGSDCKCNPCTCK,0
GGSGSGETSGMWFGPRL,0
PFKLSLHL,1
GLLSGTSVRGSI,1
RFRLPFRRPPIRIHPPPFYPPFRRFL,1
RNCESLSHRFKGPCTRDSN,1
GLKDIFKAGLGSLVKGIAAHVAN,1
GMASKAGAIAGKIAKVALKAL,1
VTSWSLCTPGCTSPGGGSNCSFCC,1
VRRFPWWWPFLRR,1
EITKFPKDQQNLIGQG,0
ADDKNPLEEAFREADYEVFLEIAKNGL,1
INVLGILGLLGKALSHL,1
NPLFGIAGEDGPTGPSGIVGQ,0
MREKWKKKRSRRLRRKRRKMRARSK,0
GIGAAILSAGKSIIKGLANGLAEHF,1
AEIDFSGIPEDIIKEIKETNAKPPA,0
SDTVDIYDAGKILERVII,0
FLSLIPHAINAISAIANHF,0
AGIGKIGDFIKKAIAKYKN,1
MDILSLGWAALMAMFTFSIAMVVWGRNGF,0
KRRHWFPLSFQEFLEQLRRFRDQLPFP,1
NFLGTLINLAKKIM,1
FLPLLGNLLRGLL,1
AMVSS,1
GLFKTLIKGAGKMLGHVAKQFLGSQGQPES,0
CSKGGVGRGYGIG,0
CVHWQTNTARTSCIGP,1
APPPGLSAGV,1
GIPCGESCVFIPCISSVIGCSCSSKVCYRN,1
HVDKKVADKVLLLKQLRIMRLLTRL,0
SSGWVCTLTIECGTVICAC,1
DAQEKRQPWIPFV,0
ISGLIYEETRIFLENVIR,0
NLIQLSNMIKCAIPGSRPLFQYTDYGCY,0
VVSCADILTLAAR,0
ATRVVYCNRRSGSVVGGDDTVYYEG,0
AKKVFKRLEKLFSKIQNDK,1
GNNRPVYIPQPRPPHPRL,1
LDVKKIICVACKIKPNPACKKICPK,1
LLPIVGNLLNSLL,0
FFLPSLIGGLISAIK,1
GIFSSRKCKTVSKTFRGICTRNANC,1
FFGHLFKLATKIIPSLFQ,1
FLPIIASVAAKVFSKIFCAISKKC,1
VDSEDLIEAFKIYVEDDNEHLQGSVD,0
RPRCWIKIKFRCKSLKF,1
LLPNLLKSLL,1
GVFTFEDESTSTVAPAKLYK,0
WLNALLHHGLNCAKGVLA,1
GIPCGESCVWIPCISAAIGCSCKNKVCYRN,0
FRSGILKLASKIPSVLCAVLKNC,1
TQLEAACPNVVSCADILALAAR,0
IDWLKLGKMVIDAL,1
KWKLFKKLKVLTTGL,1
KLCGETCFKFKCYTPGCSCSYPFCK,1
SWKSMAKKLKEYMEKLKQRA,1
RGLRRLGRKIAHGVKKYGPTVLRIIRIAG,1
MSMGIAARPPRAALLPPPSVPRSR,0
GFGSFLGKALKAALKIGANVLGGAPEQ,1
DPMPAEDIVDLAYES,0
FLSLIPHAINAVSAIAKHF,1
GLFKVLGSVAKHLLPHVAPIIAEKL,0
FLPIIASVAANVFSKIFCAISKKC,1
MESIEQRVKKIVAEQLGVAEAEIKA,0
SNVCFNACMKISSSQKTCQILC,0
IIGPVLGMVGSALGGLLKKIG,0
TVAACNSPKVGLDSDAELVR,0
SDNNQQGKSAQQGGY,0
QSHISKARRPYIL,0
LFCKRGTCHFGRCPSHLIKV,1
GNGVLKTISHECNMNTWQFLF,1
PRGSPRTEYEAARR,0
FLPLLAASFACTVTKKC,0
GLLDALSGILGL,1
IIGHLIKTALGMLGL,1
DYPKLTFTTS,0
INWKALLDAAKKVL,1
NLVQLGKMIFQETGKNPATSYGL,0
GEFLKCGESCVQGECYTPGCSCDWPICKKN,1
ALLLAIRKR,1
LPASVDWRKEGAVLPIRHQGQCG,0
FLPLVTGLLSGLL,1
QWAQWPRPTPQIPP,0
QFPTDYDEGEDDRPKSGLGAR,0
NQEGLFHGR,0
VPPGFTPFRVD,0
KWKLFKKIGIGAVLKVLT,1
GICRCICGRRICRCICGR,1
FLPAVLRVAAQVVPTVFCAISKKC,1
EWEPVQNGGSSYYMVPRIWA,1
SANTKNDFMRF,0
KTHYPTNAWKSLWKGFWESLRYTDGF,1
ASGENQAELKLATHNVYML,0
IPAMEPAARVKRSPGYGGCSPRWACGGYG,1
TDPDADEGEFLAEGGGVR,0
FLGGLMKAFPAIICAVTKKC,1
FLPLLASLFSRLL,1
IFGAIAGLLKNIF,1
VEVATVKNCGKKLLATPR,0
GLLSGILGAGKHIVCGLSGLK,1
IVGGYECEAYSKPYQVSINLGY,0
KSCCRNTTARNCYNVCRIPG,1
FLLFPLMCKIQGKC,1
GIPCGESCVFIPCLTSAIDCSCKSKVCYRN,1
ILGPVLGLVGNALGGLIKKI,1
LKLKSIVSWAKKVL,1
QPSYDYDEEEDDRAKLRLDAR,0
GLFKVLGSVAKHLLPHVAPVIAEK,1
GFADLFGKAVDFIKSRV,0
FLSLIPHAINAVSTLVHHS,1
GFKDWIKGAAKKLIKTVASSIANQ,1
GILSGILGMGKKLVCGLSGLC,1
SADIVKKLWDNPAL,0
MLVFQMRNVDKTSTVLKQTKNSDYADK,0
AWLDKLKSLGKVVGKVGLGVVQNYLNPRQ,1
GLWKNMLSGIGKLAGEAALGAVKTLV,0
GILGNIVGMGKKVVCGLSGLC,1
SIGSALKKALPVAKKIGKIALPIAKAALP,1
FFPIVGKLLS,1
GIPCGESCVFIPCITSVAGCSCKSKVCYRN,0
GFVDLAKKVVGGIRNALGI,0
FKSWSFCTPGCAKTGSFNSYCC,0
ENFAGGCTPGYQRTADGRCKPTF,0
DLWSWGQMIQETGLLPSYTTY,0
WLNALLHHGLNCAKGVLA,0
FWGKLWEGVKNAI,1
GLLGSIGNAIGAFIANKLKP,0
SVLGKSVAKHLPHVVPVIAEKT,1
KKMKDTDSEEEIREAFRVFDKDGNGFI,0
RGGRLCYCRRRFCICV,1
RPPGFSPFR,1
AQENETNESGSID,0
FAEPLPSEEEGESYSKEVPEMEKRYGGFM,1
MMCPRILMKCKHDSDCLPGCVCLEHIEYCG,0
FLSLIPHAINAVSTLVHHSG,0
VIGGDECNINEHPFLVLVYY,0
AEFGPSQPFKGAK,0
AVVNGVNYVGETTAA,1
LDLTPGSHVDSYVEA,0
VIGGDECNINEHRSLVAIFDS,0
CPAIQRCCQQLRNIQPPCRCCQ,1
NFDEIDRSGFGFN,0
GLWSKIKETGKEAAKAAGKAALNKIAEAV,1
FLRFIGSVIHGIGHLVHHIGVAL,1
WLGSALKIGAKLLPSVVGLFKKKKQ,1
FENKVPEKQKLFQEDNGIPVVLKGGVADA,0
SGYLPGKEYVYKYKGKVF,0
MLLHRLSKFCKIERDIVYIS,0
KQQLATEAESAGPIL,1
ADVRNPLEEFRETDYEVL,0
SEKITVFQKNFQVTENSSHFV,0
INLKALAALAKKIL,1
ISDFDEYEPLNDADNNEVLDF,0
DDLFNINAGIVKLFGVTTLDVVR,0
MQNQRIRIR,0
MFFSSKKCKTVSKTFRGPCVRNAN,1
GFWGKLFKLGLHGIGLLHLHL,1
GRRKRKWLRRIGKGVKIIGGAALDHL,1
FRLDEEFQGPIASQVRRQFLFRPRN,0
QKLCERPSGTWSGVCGNNNACKNQCIN,1
QYRHRCCAWGPGRKYCKRWC,1
GIGGALLSVGKSALKGLTKGLAEHF,1
MKCNKMNRVQLKEGSVSMTL,0
VVGGDECNINEHRSLVAIF,0
SQPSMRLRF,0
GNYYGYCRVHLNTAY,0
KDALEHTGFAPKKDGEEHVEWNYN,0
DSPGGASDAQKQ,0
MDPTVGWIALLAFFVVSIALVVWGRNGF,0
KHSLPDLPYDYGA,0
LSPNLLKSLL,1
SKDNYKNYIPLIVPFAT,0
AVLDFIKAAGKGLVTNIMEKVG,1
GLKDWWNKHKDKIIAVAKEMGKAGLQAA,1
GILGNIVGMGKQVVCGLSGLC,1
IDAFQDTLYTHTLRTYLGRPWK,0
GILDFAKTVVGGIRNALGI,0
GIGTKFLGGVKTALKGALKELASTYVN,1
GIADILKGLLG,1
AVPPRYGYTRG,0
SASPGLPKGEKEQQEAIEHIDE,0
MIPAAFDYVAPSTVDEAVQAL,0
GNRPVYIPPPRPPHPRL,1
DVLELTDENFESRVSSDTG,0
GLPICGETCVGGTCNTPGCSCSWPVCTRN,1
GLFSVLGAVAKHVLPHVVPVIAEKL,0
INWKAIIEAAKQAL,0
LTNKTARFLVNGTSIPEVDFDVGE,0
IIPLPLGYFAKKT,1
SGSAKVAFSAIRSTNH,0
NPQSCRWNMGVCIPISCPGNMRQIGTCS,1
DGDMSGEGKGMWFGPRL,0
KNLRRITRKIIHIIKKYG,1
QHSTDYDEVEDDRAKLHLDAR,0
RKFHEKHHSHRGYRSNYLYDN,1
ILPWKWPWWPWRR,1
EDFDSQCVPTADPGPCKAYIPMWWYNVLS,0
KPAPEPAPEPAPEAAPEA,0
SMLSVLKNLGKVGLGLVACKINKQC,0
FLPIVGKLLSGLSGLS,1
ACYCRIPACLAGERRYGTCFYLGRVWAFCC,1
FDVMGIIKKIAGAL,0
MSWTKPAYTDLRIGFEVTMYFASR,0
GIFGKILGVGKKVLCGLSGWC,1
KWKLFKKAVLKVLTT,1
GIPCGESCVWIPCISAALGCSCKNKVCYRN,0
NALSMPRNKCNRALMCFG,1
CRFCCRCCPRMRGCGLCCRF,1
FFPIVAGVAGQVLKKIYCTISKKC,0
SMLSVLKNLGKVGLGLVACKINKQC,1
RFGRFLRKIRRFRPKVTITIQGSARFG,1
QGRPPHPPIPPAP,0
ASLVTSFEEA,0
KWKLFKKIPKFLHLAKKF,1
QYGRRCCNWGPGRRYCKRWC,1
GFFDLAKKVVGGIRNALGI,1
GVITDALKGAAKTVAAELLRKAHCKLTNSC,1
IVPFLGPLLGLLT,0
LFGFLIKLIPSLFGALSNIGRNRNQ,0
ANNAGARKAIRKIEARTEVN,0
AGYLLGKINLKALAALAKKIL,1
GWFDVVKHIASAV,0
RCVCTRGFCRCVCRRGVC,1
GLLSVLGSVAKHVLPHVVPVIAEHL,1
GRGGSSNYVRL,0
GFKDLLKGAAKALVKTVLF,1
MVEYLVILSGMFGLALACFFGLRSIKLI,0
CKHQCMSTRGDQARKICESVCM,1
GLASTLGSFLGKFAKGGAQAFLQPK,1
MNPNCARCGKIVYPTEKVNCLDKFWHKACF,0
GLWSKIKEAGKAAVKAAGKAALGAVADSV,0
GKAFDDGAFTGIREINLSINKETAIGD,0
FLGGLMKAFPALICAVTKKC,1
MDLIPDLAVETWLLLAVTLV,0
IGGIISFFKRLF,1
FLPIIAGIAAKVFPKIFCAISKKC,1
FLPILAGLAAKIVPKLFCLATKKC,1
ILGTILGLLKGL,0
MRKEFHNVLSSGQLLADKRPARDYNRK,1
MLRYLSLFAVGLATGYAWGWIDGLAASLTV,0
GLFDIIKKVASVVGGL,1
SAPRGCWTKSYPPKPCK,1
LSAIWSGIKS,1
AGESSNEAKGMWFGPRL,0
DEGCLPDDSSRT,0
GLGSVLGKALKIGANLL,1
GIGGVLLGAGKATLKGLAKVLAEKYAN,1
GGSSGLIAFPRL,0
GFRDVLKGAAKAFVKTVAGHIANI,1
GLISGILGVGKMLVCGLSGLC,1
MQLFHLCLVISCSCPTVQASKLCLGWL,0
AVTSSVADTTTVVRDDF,0
VTIGPVCELPKEVGGPCRGHIIPRY,0
SKITDILAKLGKVLAHV,0
GKLQAFLAKMKEIAAQTL,1
KIFTKCELARKLRAEGMDGF,1
GLRSKIWLWVLLMIWQESNKFKKM,1
GVLDILKGAGKDLLAHALSKISEKV,1
ALGGLLADVVKSKEQPA,1
SKITDILAKLGKVLAHV,1
ETLFDPCSTQDIKKVGV,0
KIPCGESCVWIPCVTSIFNCKCENKVCYHD,1
SRSELIVHQRMK,1
FSLLPSLIGGLVSAIK,1
FLPKMSTKLRVPYRRGTKDYH,1
DVHSNTGIFGIHTS,0
NCIQQCVSKGAQGGYCTNEKCTCY,1
GAWKNFWSSLRKGFYDGEAGRAIRR,1
TSHGGGKAGKSKLLDVNY,0
YPELQQDLIARLL,1
ITIPPIVKDTLKKFIKGAISGVM,1
LLGMIPVAISAINLMKL,0
NVDFNSESTRRKKKQNEIVDLHNSLRRTVN,0
FISGLIGGLMKAL,1
GIGTKFLGGVKTALKGALKELAFTYVN,1
AAKIKKGDNVVVLTG,0
GAYGQGQNIGQLFVNILIFLFY,0
ITIPPIVKDTLKKFIKGAISSVM,1
DFKDWMKTAGEWLKKKGPGILKAAMAAAT,0
ATAVDFGPHGLLPIRPIRIRPLCGKDKS,1
NEQSGKSQTVIVGSWGAKVS,0
MIAPIFAELAKTVGADKDGLPTLVAK,0
FLSLLPSIVSGAVSLAKKLG,1
NLYQFKNMIKCTNTRMWWSFTNAGCYDG,0
GSEIQPR,0
FFPIGVFCKIFKTC,1
SNKKNYQKEIVDKHNALRRSVK,0
AIPCGESCVWIPCISAAIGCSCKNKVCYR,1
MAQDIISTISDLVKWIIDTVNKFTKK,0
VLPLISMALGKLL,0
AMVGT,1
AGDDETLLKPVLNSLDNLVSGL,0
QRFIHPTYRPPPQPRRPVIMRA,0
KCGVSIPYKISPSTDCSSVK,0
FIFPKKNIINSLFGR,1
MTWTTPAYTELRLGFEITMYIANR,0
SIFAFQDESPSAIAQAKLFK,0
FLPGLIAGIAKML,1
GIGALSAKGALKGLAKGLAEHFAN,1
TDMLAVSVSSTDAIGHKYGT,0
TDTKESDFLAEGGGVR,0
PEEVHHGEEEVETFAFQAEIAQLM,0
QNRHPPIPPAP,0
MTKDEPLEGNVGVLT,0
AIGPVADLHI,0
YLKGCWTKSYPPKPCFSR,0
AKLDFDRSKEHVNVGTIGVH,0
FGVLNFF,0
GLWQKIKSAAGDLASGIVEGIKS,0
QLPFVAGVACEMCQCVYCAASKKC,1
INLKAIAAFAKKLL,1
AVLDILKDVGKGLLSHFMEKV,1
GFMNTAKNVAKNVAVTLLDNLKCKITGGC,1
ALWKDLLKNVGIAAGKAVLNKVTDMVNQ,0
KIKIPWGKVKDFLVGGMKAV,1
SAIWFWMTPQSPK,0
GIVDFAKGVLGKIKNVLGI,1
SWASMAKKLKEYMEKLKQRA,1
MAIVGTIIKIIKAIIDIFAK,0
MWTKPAYTDLRIGFEVTMYFASR,0
EEQEQEQEQDTKMA,0
SEAENDLMNKLFTAYNPKVRPAEK,0
FVGLAKVAAHVVPAIAEHF,1
GVCRCLCRRGVCRCLCRR,1
DRVYVHPFYL,0
TNDSAGDGTTTASVLAR,0
VAGPFRIPPLRREFQ,1
MGNISPLTGTNGEIR,0
IKIMDILAKLGKVLAHV,0
GLFKVLGSVAKHLLPHVVPVIAEK,0
HPLKQYWWRPSI,1
MNEQSMKPYVIGLDLGGTNSVFGIV,0
DLARNLGLVDIDDEYDEDSDKEKPIFNV,0
KAWFVLSMRAVGGLFVDLWTSVAKTVKGWL,0
YDIPEPFRWDESFKVFYE,0
SLSINTNTSEMIALQTLDA,0
GLFDIVKKVVGAFGSL,1
GFFDRIKALTKNVTLELLNTITCKLPVTPP,1
GIPCAESCVWIPCTVTALIGCGCSNKVCYN,1
ILGIITSLLKSLGKK,1
QRFIHPTYRPPPQPRRPVIMRA,1
DVVASSTAHKQQDINHLLDK,0
ALWLAIRKR,1
AQTPVKVTVTGAAGQIGYALLFRI,0
GLWQFIKDKFKDAATGLVTGIQS,1
FLPLKKLRFGLL,1
GLLASLGKVLGGYLAEKLKPK,1
FLPLLFGAISHLL,0
SLFGTFAKMALKGASKLIPHLLPSRQQ,1
GLWETIKNFGKKFTLNILHNLKCKIGGGC,1
TVVTQA,1
YSLQMGATAIKQVKKLFKKWGW,1
HKTDSFVGLM,0
GFMSKVANFAKKFAKGGVNAIMNQK,1
FLPAIAGVAAKFLPKIFCAISKKC,1
GLVSGLLNTAGGLLGDLLGSLGSLSG,1
GLVSSIGRALGGLLADVVKSKEQPA,0
VSTAPYGAWQSPID,0
HSDLPSGVYDPAQA,0
TVVRRRGRSPRRRTPSPRRRR,1
GLWEKVKEKANELVSGIVEGVK,1
MDIVSLAWASLMVVFTFSLSLVVWGRSGL,0
ARSDNFVRL,0
SMISVLKNLGKVGLGFVACKVNKQC,1
FFGHLYRGITSVVKHVHGLLSG,1
MQFITDLIKKAVDFFKGLFGNK,1
FQWQRNMRKVR,1
GFMATAKNVAKNMDVTLLDNLKCKITKAC,1
GNTKKAVPGFYGTR,0
GFKRIVQRIKDFLRNLV,1
IPPFIKKVLTTVF,1
FFGAIAAALPHVISAIKNAL,1
FLPIALKALGSIFPKIL,1
NWRKILGQIASVGAGLLGSLLAGYE,1
NEEEKVKWQPDVP,0
GLFSVLGSVAKHLLPHVVPVIAEKL,1
GVQKSEVVITSA,0
TTKPVPSGSPWYGPDRVKNRELEVIHSR,0
FLGAIAAALPHVINAVTNAL,1
GLNALKKVFQGIHEAIKLINNHVQ,1
FLPLLAGLAANFLPKIFCKITRKC,1
TPNSYILQQFENPANPKLIVAIFPSFGER,0
FLSLIPSLVGGSISAFK,1
GKWMSLLKHILK,1
MWKKPAFIDLRLGLEVTLYISNR,0
MAPRGFSCLLLLTSEIDLPVKRRA,0
LAEQAERYEEMVEFMEK,0
AIDYDEDEDGRPKVHVDAR,0
SLFELGKMILQETGKNPAQSYGAYGCNC,0
KAYSTPRCKGLFRALMCWL,1
FLSTLWNAAKSIF,1
FLPLLAGLAANFLPTIICKISYKC,1
SVINTQIKPFKTQAFKNGKFIEVTE,0
QGGGPQWAVGHFM,0
MFTFAILLLCVQGCLIQ,0
VSCADILTMATRQFDNVYYKNLQQGK,0
GDSEVPGMWFGPRL,0
MAWTKPAYTDLRIGFEVTMYFASR,0
GILDVAKTLVGKLRNVLGI,0
RSNKGFNFMVDMIQALSK,1
MVKTVAVMVGSLRKDSLAHKLMKVLQK,0
ILGPVLGLVGNALGGLIKKL,1
GLMDTIKGVAKNVAASLLEKLKCKVTGC,1
FFGDFGNISSAAAITGNPK,0
GHKLGEFAPTRTFRGHKKEDKKVKR,0
SDLTWTYQSPGDPTNSKN,0
RRRRRRRRHRRRRGRRGRRSRGRR,0
NSGGGEGSGMWFGPRL,0
ATVVAPKYTAIKPLGDRVLVK,0
FVQWFSKFLGRIL,0
LLKELWTKIKGAGKAVLGKIKGLL,1
IPQDLSGKMLTFPKEEDDDDVKLMTPK,0
TGVNYGQLGNNLP,0
ILGPVLGLVGNALGGLIKNE,1
GGETSGEGKGMWFGPRL,0
GLFDIVKKLVSDF,1
LNLTKWLGKLGVILSHLNK,0
GWASKIGQTLGKIAKVGLKELIQPK,1
AVDLAKIANKVLSSLF,1
INWKKIKSLIKAAMS,1
GFKDWIKGAAKKLIKTVASSIANE,0
EDGSDPASGDFLAEGGGVR,0
MGDCGCSGASSCNCGSGCSCSNCGSK,0
LMRKDVDTLTD,0
GIGAAILSAGKSALKGLAKGLAEHF,1
VVDILKGAAKDLAGHLASKVMNKI,1
AHCLAIGRK,1
SPPAPFVPVPIN,0
KQFTKCELSQVLKDMDGYGGIALP,0
SKGKKANKDVELARG,1
NGERAPGSKKAPSGFLGTR,0
GEPEVAKWAEGLREKAASN,0
KSKEKIGKEFKRIVQRIKDFLRNLVPRTES,1
GFMDTAKNVAKNMAGNLLDNLKCKITKAC,1
HAKDVVFGGEARARMVEGVNILANA,0
HHDHHAAVGGGGGGGGGA,0
GIPCGESCVWIPCISSAIGCSCKSKVCYRN,0
SDIGISEPNFLRF,0
GWANTLKNVAGGLCKITGAA,1
GEYCGESCYLIPCFTPGCYCVSRQCVNKN,1
LGEFAPTRTYRGHDKKDNKKDNKKGQKK,0
GIFGKILGAGKKVLCGLSGLC,1
MMIPGHFDYHRPKSV,0
FLPIVGKLLSGLF,1
WLGSALKIGAKLLPSVVGLFKKKKQ,0
FFGTALKIAANILPTAICKILKKC,1
GLVSSIGRALGGLLADVVKSKQPA,0
GSQLVYREWVGHSNVIKGPP,1
FVNTIRLLINKAREWNNKQSS,0
LKLSPKTKDTLKKVLKGAIKGAIAIASMA,1
FLPPSPWKETFRTS,1
FLPAIVGAAAKFLPKIFCVISKKC,0
KWKLFKKGIGAVLKV,1
FLPAIVGAAGKFLPKIFCAISKKC,1
AGEGLSSPFWSLAAPQRF,0
GLFDIVKKIAGHIAGSI,1
GLKDWWNKHKDKIVEVVKEMGKAGLNAA,1
GMATKAGTAFGKAAKAIIGAAL,1
LNPFRWVINKYREWKNKKDS,0
GINTLKKVIQGLHEVIKLVSNHA,1
AIEVQTVTLIPGD,0
TATTRRRGRPPGFSPFR,0
GPSTDLVIGNKGFDGGIDSAILR,0
INPFVAGVAAEMMQHVYCAASKKC,1
CRQSCSFGPLTFVCDGNTK,0
VLLDGNGEVVQNGGTYYLLP,0
FLNPFRWVINKYREWKNKKDS,0
GLPVCGETCVGGTCNTPGCTCSWPVCTRN,1
ILGKIWKIKKLF,1
NACSSDLNSK,0
GLLSGVLGVGKKVDCGLSGLC,1
KRIVQRIKDFLRNLVPRTES,1
GLFLDTLKGLAGKLLQGLKCIKAGCKP,1
GGGVIQTISHECRMNSWQFLFTCCS,1
THLFQPSLVLDMAKVLLDN,0
QDKPFWSPPIYPH,0
MNERVKQVASALVDAIQKTLTEQRV,0
KIKFLKVLT,1
FLGGLIKWWPWRR,1
GLPVCGETCVGGTCNTPGCGCSWPVCTRN,1
MAWTAPKITEVPLGAEINSYVCGQKK,0
GSSGMIPFPRV,0
NSGMINSILGIPRVMTEA,0
SLGSFMKGVGKGLATVGKIVADQFGKLLEA,1
MDLSRIPPQPKAGILNVLIEIPAGS,0
DYMGWMDF,0
MKIKFVFDLLTPDDILHPSNHVNLIIRPI,0
FYSAPTRDNVFEL,0
KHFGKDSNFPFGT,0
GLLDGLLGTLGL,0
FLPFLIPALTSLISSL,1
FALGAVTKLLPSLLCMITRKC,1
ISCQDVKQSLAPCLPYVTGRAPKPA,0
VGIGTPIFSYGGGAGHVPEYF,1
SLKDKVKSMGEKLKQYIQTWKAKF,1
KAKLFKKIGIGKFLHSAKKF,1
HSDAVFTDNYTRLRKQMAVKKYLNSILN,1
FIPLVSGLFSRLL,1
FLPILASLAATLGPKLLCLITKKC,0
RFIYMKGFGKPRFGKR,1
FLPMLAGLAASMVPKLVCLITKKC,1
CPFVC,1
IWLTALKFLGKHAAKHLAKQQLSKL,1
MRTGNAN,1
FVYGNGVTSILVQAQFLVNGQRRFFYTPDK,0
KWCFRVCYRGICYRRCR,1
MRWKWIKKRIRRLKRQRKKERGLI,0
MARRGFSCLLLSTTATDLPVKRRT,0
GIPCGESCVFIPCLTTVAGCSCKNKVCYRN,1
LTCLTKMVECIQLPLDVEDSSDTLCC,0
DGVTDPLEVNVVK,0
NRWCFAGDD,1
GVLDILKGAAKDLAGHVATKVINKI,1
GLVSSIGRALGGLLADVVKSKGQPA,0
IAIFNAYTPLPFAD,0
YIRDFITRRPPFGNI,1
GLMDMVKGAAKNLFASALDTLKCKITGC,1
QYVKDPDKQVVARIFLDLQLVQR,0
KVFFEERFEDGWENRWVKKD,0
RVCPRILMECKKDSDCLAECVCLEHGYCG,0
GLLGLLGSVVSHVLPAITQHL,1
AISCGQVSSAIGPCLSYARGQGSAPSAGCC,1
GQNFTSDKDLYTDSR,0
RRWCFRVCYKGFCYRKCR,1
GLVSSIGKALGGLLADVVKSKGQPA,0
RILSILRHQNLLKE,1
RRWCFRVCYRGFCYRKCR,0
ACYCRIPACIAGERRYGTCIYQGRLWAFCC,1
FKCRRWQWRMKKLGAPSITCVRRAF,1
RGGRLCYCRRRFCVCVGR,1
SNDIYFNFQR,1
GWINEEKIQKKIDEP,0
INLKALAALAKKIIL,1
FPVDEEFQSPFGSRSRGYFLFRPRN,0
KIMAKPSKFYEQLRGR,0
GSVIKCGESCLLGKCYTPGCTCSRPICKKD,1
KRRGSVTTRYQFLMIHLLRPKKLFA,1
TKDEGTFIAEGGGVR,0
TPDHREVPSFSSRWEPNFGLTFSK,0
ALPKKLKYLNLFNDGFNYMGVV,1
ITIPPIIKDTLKKFFKGGIAGVMGKSQ,1
ALWKTIIKGAGKMIGSLAKNLLGSQAQPES,1
KTCENLADTYKGPCFTTGSCD,1
IKITTMLAKLGKVLAHV,1
AAFRGCWTKNYSPKPCL,1
TVYTQA,1
GLWEKIREKANELVSGIVEGVK,1
ILPLLLGKVVCAITKKC,1
GGEEQFDDYGHMRF,0
INWLKLGKKILGAL,1
SAVGRHGRRFGLRKHRKH,1
FLGALAKIISGIF,1
GSNIEVMLGLPNSDVK,0
PPEAAYGPGNTNSDSGDK,1
CLRIGMRGRELMGGIGKTM,1
GLLSGILGAGKHIVCGLTGCAKA,1
NFLGTLINLAKKIM,0
IFGAIWNGIKSLF,1
CVTGAPGCVGGGRL,0
GDGTGPGPGP,1
FLPFIAGMAAKFLPKIFCAISKKC,1
VLPLISMALGKLL,1
GADVAHKQQSVNHLLYLVTSHYPSLDYSLL,0
MIKPDGVQRGLVGEIISRGDFAIDIGR,0
GLFGLAKGSVAKPHVVPVISQLV,1
EPNPNEFFGLM,1
GILSNVLGMGKKIVCGLSGLC,1
HSDAVFTDNYSRFRKQMAAKKYLNS,0
FIGSALKVLAGVLPSIVSWVKQ,0
GILSGVLGMGKKIVCGLSGLC,1
GLWSTIKNVGKEAAIAAGKAVLGSL,1
GLFTLIKCAYQLIAPTVACN,1
SNTSHQDFHLFYGDNGMPVH,0
GLLNGLALRLGKRALKKIIKRLCR,0
GLLQTIKEKLKEFAGGVVTGVQS,0
SGDTSSQAKGMWFGPRL,0
WGIRRILKYGKRS,1
KLGFENFLVKALKTVMHVPTSPLL,1
GLWQLIKDKIKDAATGFVTGIQS,1
GLLSGILGAGKHIICGLSGLC,1
FLPAIVGAAGQFLPKIFCAISKKC,1
DGDALLKPCKLGDMQKLSSA,0
VGSRYLCTPGSCWKLVCFTTTVK,1
GKGRWLERIGKAGGIIIGGALDHL,1
MEFSPRAAELTTLLESRISNFYTNI,0
ILGAIIPLVSGLLSHL,1
FFPAIFRLVAKVVPSIICSVTKKC,0
IDPFVAGVAAEMMQHVYCAASKKC,1
NFSCPPDWYAYD,0
GLPVCGETCAGGTCNTPGCSCSWPICTRN,1
GLFDIAKKVIGVIGSL,1
RILSILRHQNLLKELQDLAL,1
VIPIVSGLLSSLL,1
SGETSGEGNGMWFGPRL,0
WNETSDKDLYTDSR,0
GLPVCGETCVGGTCNTPGCSCSWPVCTRN,1
FKSWSLCTPGCARTGSFNSYCC,1
MSKGYVWVVDDDSSIRWVMEKTSPLPT,0
TWLKKRRWKKAK,1
REVCELNPDCDELADHIGFQEAYR,0
DEKGPKWKR,1
HLLQFNKMIKFETRKNAIPFYAF,0
GAHDILKYGKPS,1
FPIDDDDKIVGGYTNR,0
AQITLTNKASYTVTPPAQANAADA,0
IKWKAILDAVKKVL,1
FPPWM,0
GIPCAESCVYIPCTVTALLGCSCSNRVCYN,0
WATLAKGALKLIPTIANAFSSKS,1
GFISTVKNLATNVAGTVIDTIKCKVTGGC,1
GLFDIIKNIFSGL,1
DEPKPDQFVGLM,0
IIGHLIKTALGFLGL,1
GIHDILAYGKPS,1
YIELAVVADHGIFTKYNSNLNTIR,0
ADEGFSATVRNGAV,0
FLPLIGKILGTILGK,1
GLLGSIGNAIGAFIANKLKPK,0
FLGKKVLKAVGKQAAKKQME,0
APLEDEDDLELLEKVKRDRKKRLERQGAIN,0
EPNPDEFVGLM,1
GIGAAILSAGKSIIKGLANGLAEHF,0
ANLFTSDQDLYTDSR,0
VNHSACAAHCILRGKTGGRCNSNAVCVCR,1
LKIPGFVKDTLKKVAKGIFSAVAGAMTPS,1
MTPPENKNLVQENKELIQEVLKA,0
MKLIAKTRILNTLVFSAAGK,0
GWKDWLNKGKEWLKKKGPGIMKAALKAATQ,1
FFHHIFRGIVHVGKTIHKLVTG,1
ASEALVEIKPGEIGMVSGIPDEHLRRFVVI,0
VIPFVASVAAEMMPHVYCAASRKC,1
GFGSFLGKALKAALKIGANVLGGAPQQ,1
QRFSQPTFKLPQGRLTLSRKF,1
GLFDIVKKVVGAIGSL,1
NQDCRPGWSFYEQNCYKVF,0
RAGLKFPVGRVHRLLR,1
GLFKVLGSVAKHLLPHVAPIIAEKL,1
DSLSFSYNNFEEDD,1
GLPVCGETCFGGRCNTPGCTCSYPICTRN,0
GPNGKSQSIIVGPWGDRVTN,0
MWTKPAYTDLRIGFEVTMYFANR,0
QAIVSKARRPYIL,0
MAKFELPNLPTADDAL,0
VKLFPVKLFP,1
MDIVSLTWAALMVVFTFSLSLVVWGRSGL,0
GIGGALLSAAKVGLKGLAKGLAEHFAN,1
ITCQQVTSELGPCVPYLTGQGIP,1
MGIIAGIIKVIKSLIEQFTGK,0
GIPCGESCVFIPCISTVIGCSCKNKVCYRN,0
FLPLFASLIGKLL,1
FCTMIPIPRCY,1
SADQPNSIPPRERKAGCKNFYWKGLTSC,0
GLLGMVGSLLGGLGL,0
ILGPVIKTIGGVIGGLLKNL,1
NYTIGNDNVLTEPLSEIKTAGLMYKMGVQ,0
GIVDFAKKVVGGIRNALGI,0
THPSVLPFIKQLIGTMDSVRGLPR,0
ADDKNPLEECFCEDDDYCEG,0
GIGALSAKGALKGLAKGLAEHFAN,0
IASASCTTCICTCSCSS,1
FLPAVLRVAAKVVPTVFCLISKKC,0
AEVPMPLRQLTMTLPDGREESVMERTTLVA,0
MKTISRQAYADMFGPTTGDRLRLADTELFL,0
GLLGSIGKVLGGYLAEKLKPK,0
FLGALIKGAIHGGRFIHGMIQNHH,1
GLLDLAKHVIGIASKL,1
DGDDYKFGHFRWSVPL,0
MNIVDIAWAALMVVFTFSLSLVVWGRSGL,0
MAKEQQVQANDLQEKLIAVNRVAK,0
SPPSEQLGKSFNF,1
ILQKAVLDCLKAAGSSLSKAAITAIYNKIT,1
QHLADYDEVDDDRAKLHLDAR,0
GSGVIPTISHECHMNSFQFVFTCCS,1
VSCEDCPDHCSTQKARAKCDNDKCVCEPI,0
DCPSDWSPYEGHCYRVFTEPQNWADAEKFC,0
GLGSLVGNALRIGAKLL,1
VATFTLPDLPYDYGALEPAV,0
GLFDIVKKIAGHIAGSI,0
STNCFCYPCCSCSS,1
GPNPGFSPFR,0
GIHDIAKYGKPS,1
AAVSLLQNKLAYDGFLSK,0
RSVCRQIKICRRRGGCYYKCTNRPY,0
FLSLIPGAISAIASLFK,0
RGGRLCYCRPRFCVCVGR,1
SHYAEGPGKN,0
GLWETIKNFGKKFTLNILHKLKCKIGGGC,0
RAIGGGLSSVGGGSSTIKY,1
GLWSKIKEAAKTAGKAAMGFVNEMV,0
TNDFMRF,0
TRTPVNVTVTGAAGQIGYAL,0
GSNKGFNFMVDMIQALSK,1
GIPCAESCVYIPCTITALLGCKCKDQVCYN,0
GWFKKAWRKVKNAGRRVLKGVGIHYGVGLI,1
DNWWPKPPHQGPRPPRPRPKP,0
SIYERCELARELINR,1
SDYSRKRDPPQKYEEE,1
LLGGLLQSLL,1
FMKVIDPGTKWCGPGNKAADDTDNGKN,0
VIVFVASVAAEMMQHVYCAASKKC,1
FFPLALLCKVFKKC,1
GLLASLGKVLGGYLAEKLKP,1
IPLDPVAGYKEPA,0
VIGSILGALASGLPTLISWIKNR,1
FLPIIAKVLSGLL,0
GLVGEIISRGDFAIDIGR,0
IKELLPHLSGIIDSVANAIK,1
INWKKIAEIGKQVLSAL,1
MAQDAITAV,0
GWMSKIASGIGTFLSGMQQ,1
SCLRIGMRGRELMGGVGKT,1
FLPFVGNLLKGLL,1
APPGFTPFRS,0
VVVTLASGLEMCDTTTDGGGWTIFQ,0
AALKGCWTKSIPPKPCFGKR,1
SILPTIVSFLTKFL,1
IISPPVCGNELLEEGEECDCGTPEN,0
GILDVAKTLVGKLRNVLGI,1
EAYAFGL,0
DQPGDVKTHKQYDVNYLFFKI,0
FLPVIAGVAAKFLPKIFCAITKKC,1
MKTILRFVAGYDIASHKKKTGGYPWERGKA,1
AGPVSKLVSGIGL,0
GRKKGVQFDEGAPDDFDPNNPYKKDVAFL,0
ALYLAIRKR,1
GLPICGETCVGGTCNTPGCTCSWPVCTRN,0
KSSAYSLQMGATAIKQVKKLFKKWGW,1
FLPIIGKLLSGLL,1
FLKPLFNAALKLLP,1
ENFAVGCTPGYQRTADGRCKPTF,0
FGLIPSLIGGLVSAFK,1
SGLQFAVMDGQGFLPFPRV,0
GVPCGESCVFIPCITGVIGCSCSSNVCYLN,1
TGDMSGEGKGMWFGPRL,0
AEEQSFSSTKFSTDQPNLILQGDA,0
VVKCSYRLGSPDSQCN,1
SNMIEGVFAKGFKKASHLFKGIG,1
QSERFEQQMQGQDFSHDERFLSQAA,1
ILGPVISKIGGVLGGLLKNL,1
GLFDIVKKVVGTLAGL,1
GIRDILKYGKPS,1
FLAKKVGKQLASHLAKKQLE,0
VIGGDECNINEHRFLVALYDF,0
VGALAVVVWLYLWLW,1
SGSGVRSAKKGGKAQGGQAGVGYKGSTEPG,0
GIWGTLAKIGIKAVPRVISMLKKKKQ,1
GIGGVLLSAGKAALKGLTKVLAEKYAN,1
QHSTDYDEEEEDRAKLHLDAR,0
GFMDTAKNVAKNVAATLLDKLKCKITGGC,1
ILGPILGLVSNALGGLL,1
GKCNVLCQLKQKLRSIGSGSHIGSVVLPRG,1
GLFTLIKGAYKLDAPTVACN,1
GIRCPKSWKCKAFKQRVLKRLLAMLRQHAF,1
NLQYLKNMIKCTNTRHWLSFTNYGCYCG,0
TPVVNPPFLQQT,1
AFANTGVEIVSIDTYLFSLYDEDK,0
FFGSLLSLGSKLLPSVFKLFQRKKE,1
QLHVNKARRVYIL,0
RCVCTRGFCRCICLLGIC,1
CTCTTIISSSSTF,1
MDIVSLAWAALMIVFTFSLSLVVWGRSGL,0
FLPAVLRVAAKIVPTVFCAISKKC,1
FLPIIAKLLGGLL,0
MKLLILFLAALGAASARIRGHTIKG,0
QKVAVRLKEVVYTLSPHQQN,0
VNWKKILGKIIKVVK,1
VGTALGSLAEELNGYNRKKGGFSFRF,0
DVNGGGHTLPQPLYQTTVVL,0
FFPTIAGLTKLFCAITKKC,1
MELSLLLFLALLLGLLLLLF,0
FLNPFRWVINKYR,0
GAFGNLLKGVAKKAGLKILSIAQCKLSGTC,1
ITIPPIVKDTLKKFFKGGIAGVMGQ,1
AFCCPSGWSAYDQ,0
FLPIPRPILLGLL,0
QRLGHQWAVGHLM,0
SIGSAFKKALPVAKKIGKAALPIAKAALP,1
IDWLKLGKMVMDVL,1
MDILSISWAFLMVVFTFSLSLVVWGRSGL,0
INLLKIAKGIIKSL,1
LLEGFLVGGGVPGPGTACLTKALKD,0
FLPLILGKLVKGLL,0
VTSWSLCTPGCTSPGGGSNCSFCC,0
AEYTLPDLGWDYAASGPG,0
MATRRFSCLLLSTSEIDLSVKRRI,0
RCVCRRGVCRCVCTRGFC,1
YQEPVLGPVRGPFPIIV,1
CSYTMEA,1
HYQEVPRQIQEKLIKGQ,0
FDLGGLIKGVVDLF,1
ELIGAANRDTKSFSINRKDAKERVAKAAR,0
PAAAAQAVAGLAPVAAEQ,1
CPPCPSCPSCPWCPMCPRCPS,1
GRILSFIKGLAEHL,1
SASSGESSGMWFGPRL,0
SPPFAPRL,0
GLPTCGETCFGGTCNTPGCTCDPWPVCTHN,1
VVAAGANPVLITRDLVNVLEDAIR,0
LIGPVLGLVGSALGGLLKKIG,1
GIFLKVLGVGKKVLCGVSGLC,1
FLPLLLAGLPKLLCLFFKKC,1
CKPASIKIRLNSTADTGFYV,0
GLLGPLLKIAAKVGSNLL,1
LIGPVLGLVGSALGGLLKKI,1
GALRGCWTKSYPPKPCK,1
LLGDLLGQTSKLVNDLTDTVGSIV,1
LENGLLRKPPMG,0
KEEAKVLGTVIGIDLGTQYL,0
YEYSVYREIIGSGHIIAR,0
NLKALAALAKKIL,1
AEVQDKGEFLAEGGGVR,0
ALAGTIIAGASLTFKILDEV,0
GVVTDLLKTAGKLLGNLVGSLSG,1
MRNISLTTTIITTTDTTGNGAG,0
CLGVGSCNDFAGCGYAVVCFW,1
SILSGNFGVGKKIVCGLSGLC,1
RYLPT,0
FLSTIWNGIKSLL,1
GWKKWFNRAKKVGKTVGGLAVDHYL,1
FLPLIGKVLSGIL,0
MADAAVHGHGDHHDTRGFFTRWFMS,0
GSSGLISMTRV,0
MIYDSQIYTVLCIALLAGILAIRLGSTLYE,0
NEQSGISQTVIVGPWGAQVT,0
GLWEKIKEKASELVSGIVEGVK,0
GLLSVLGSVVKHVIPHVVPVIAEHL,1
RQLNPSSQELQSPQQSYLQQPYPQNPYL,0
APPGARPPPGPPPPGPPPPGP,1
FLPIIAGVAAKVLPKLFCAITKKC,1
ATITFTNKCTRTVWPGG,1
ADGSDPASSDFLAEGGGVR,0
FLGGLMKIIPAAFCAVTKKC,1
NLVSGLIEARKYLEQLHRKLKNCKV,1
IIPFVAGVAAEMMEHVYCAASKKC,1
FFSMIPKIATGIASLVKNL,0
MLKLHGFSVSNYYNMVKLALLEKG,0
GFLSALKKYLPIVLKHV,0
MRITVNVDGTSYTDEVEPRTLLVH,0
DGVCSNRRQCNKEVCGSSYDVAIVGA,0
EGANSNEAKGMWFGPRL,0
IEHNAEEIRKTAIRTAVQNTAQQTK,0
GLFGVLGSIAKHVLPHVVPVIAEK,0
HDRPKFCYLPADPGECMA,0
GLLLDTVKGAAKNVAGILLNKLKCKMTGDC,1
GASCGETCFTGICFTAGCSCNPWPTCTRN,1
GLFGILGSVAKHVLPHVIPVVAEHL,1
CSCRTSSCRFGERLSGACRLNGRIYRLCC,1
VGECVRGRCPSGMCCSQFGYCGKGPKYCG,1
GLWKSLLKNVGVAAGKAALNAVTDMVNQ,0
FIGPVLKMATSILPTAICKGFKKC,1
LFGFLIKLIPSLFGALSNIGRNRNQ,1
GLVSSIGKALGGLLVDVVKSKGQPA,1
CKQSCSFGPFTFVCDGNTK,1
MPSQKSPTKRSPTKRSPQKGGKGAKR,0
EGSGSGETSGMWFGPRL,0
FLPLLLAGLPLKLCFLFKKC,1
GWGSIFKHGRHAAKHIGHAAVNHYL,1
SAIDPNPDTPDSE,0
PYDRISSSAFSDF,0
INWLKLGKAIIDAL,1
IFGAILPLALGALKNLIK,0
FIGAIARLLSKIF,1
FLPIIAGAAAKVVEKIFCAISKKC,1
QKKDRFLGLF,0
AALRGCWTKSIPPKPCPGKR,1
ESLPLAAFHQVDVYTAK,0
GLFTLIKGAYKNDAPTVACN,1
GLLSVLGSVAKHVLPHVVPVIAEKL,0
GLKEIFKAGLGSLVKGIAAHVAS,1
MDILSLGWAALMTMFTFSLALTVWARNGF,0
GFGSLLGKALRLGANVL,1
EDGSGEFLAEGGGVR,0
MWTKPAFEDIRLGFEITMYAAVE,0
KNWAVLVAGSDGLPNYRHHADV,0
VATSEQFNKTFIELVIVVD,0
KWKLFKKIGIGAVLKVLTTG,1
PIDPGV,0
IVGGVSVAIE,0
ILPILAPLIGGLL,1
MDIVSIAWAALMVVFSFSLSLVVWGRSGL,0
LLPWKWPWWKWRR,1
RVRRFWPLVPVAINTVAAGINLYKAIRRK,1
GLLDFLKAAGKGLVTNL,1
MRWEKPSYNDMRFGFEVTMYIYNR,0
GIGGKILGGLKTALKGAAKELASTYLH,1
KGGSGVIHTISHEVIYNSWNFVFTCCS,1
SPTVIALRVVEALSPR,0
QDKPFWPPPIYPM,0
GLLDTIKNTAKNLAVGLLDKIKCKMTGC,1
ALWKNMLKGIGKLAGQAALGAVKTLVGAES,0
GLFSVLGAVAKHVLPHVVPVIAEKL,1
EPFKISIHL,0
FENKVPEKQKLFQEDNGIPVHLKG,0
DDDDDD,1
AYDPDPYKRYSAEHTFFLL,0
DFKDWMKTAGEWLKKKGPGILKAAMAAAT,1
FMPILSCSRFKRC,1
GFMDTAKNVAKNMAVTLLDNLKCKITKAC,1
QELASFHSVSKGFMGECGFR,0
ASILTNAS,1
LDEFRVYSDDANKYKISIPQD,0
FLPLILRKIVTAL,0
DEPPQTPWDRVKDLVTVYVE,0
FLPVIAGVAANFLPKLFCAISKKC,1
MQLFHLCLIIFCSCPTVQASKLCLGWL,0
GVPICGETCVGGTCNTPGCSCSWPVCTRN,0
NGRRYTTYGCSPPVT,0
FLPLVTMLLGKLF,1
MRAKWRKKRTRRLKRKRRKVRARSK,0
SIQVIVVTDGERGLIYPPLSNIR,0
FLPFLATLLSKVL,0
GCPRILMRCKQDSDCLAGCVCGPNGFCGSP,0
GLLGSIGNAIGAFIANKLKPK,1
GFWGKLWEGVKSAI,1
AIPCGESCVWIPCISTVIGCSCSNKVCYR,1
CLGVGSCNNFAGCGYAIVCFW,1
GLLNGLALRLGKRALKKIIKRLCR,1
LWTRDYAGVYEAIRGFDWSQDAK,0
FPPPGESAVDMSFFYALSNP,1
EYDDMYTEKRPKVYAFGL,0
TPTAFYGVR,0
GIFTFEDESTTTVAPAKLYK,0
MTLDVFTKVVSQADSRG,0
FISAIASMLGKFL,0
FLPVLTGLTPSIVPKLVCLLTKKC,1
GLFSKFAGKGIVNFLIEGVE,1
PPCRGIFCRRVGSSSAIARPGKTLSTFITV,1
LLGDFFRKSKEKIGKEFKRIVQRIKDFLR,1
GLLKRIKTLL,1
GLLDAIKDTAQNLFANVLDKIKCKFTKC,1
GFGSLFKFLGKKLAKTVAKQAAKKQME,0
YDRYEVVYR,0
APPGFTPFRSKAV,0
ACYCRIPACLAGERRYGTCFYRRRVWAFCC,1
CLGVGSCNDFAGCGYAIVCFW,1
FLPFLKSILGKIL,1
GVFGLLAKAALKGASKLIPHLLPSRQQ,1
SLLQFNKMIKFETRKNAIPFYAF,0
PSPPGFSPFR,0
SGLQFAVLDGQGFIPFSRV,0
ILGKIWEGIKSLF,1
FLGPIIKMATGILPTAICKGLKKC,1
FLGGLLASLLGKI,1
GLLDGLLGGLGL,0
PQRGEGGRAGNLLREEQEI,1
GVGYKVVVTTTAAADDDDVV,1
RLPWRWPRRPWRR,1
KWKLFKKVLKVLTTG,1
FLGALFKVASKVLPSVFCAITKKC,1
SLGPAIKATRQVCPKATRFVTVSCKKSDCQ,1
GIWGTLAKIGIKAVPRVISMLKKKKQ,0
GWKSVFRKAKKVGKTVGGLALDHYL,1
GIFPIFAKLLGKVIKVASSLISKGRTE,1
FLAGLIGGLAKML,1
ARARLGVRRFRRKR,0
GIMDSVKNVAKNIAGQLLDKLKCKITGC,1
TDTEFEAAGGGVR,0
RVCFAIPLPICH,1
WVDADLNGLR,0
AKSILLGEEGRHSMQAGVDKLANTVKVTLG,0
GILDAIKAIAKAAG,1
GSKKPVPIIYCNRRTGKCQRM,0
PNYKLTYFNLRGRAEISRYLFAYAGIKY,0
VDKPDYRPRPWPRPN,1
FLPIVGRLISGLL,1
ASSGWVCTLTIECGTVICACR,1
ALWKNMLKGIGKLAGQAALGAVKTLVGA,0
GLNALKKVFQGIHEAIKLINNHVQ,0
GFGMALKLLKKVL,1
GVLDILTGAGKDLLAHALSKLSEKV,1
IVGGTEVTPGEIPYQLSFQD,0
ADNKNPLEECFRETNYEEFLEIAR,1
FPLPCAYKGTYC,0
GIMDSVKGVAKNLAAKLLEKLKCKITGC,1
ADTGDGDFITEGGGVR,0
GLFDIIKKVASVVGGL,0
FGETSGETKGMWFGPRL,0
MTATILVADDDAAIRTVLNQALSRAG,0
VNWKKILGKIIKVAK,1
EFPTDYDEGEDDRPKVGLGAR,0
SGLLINQPKYSWLKELGL,0
HSQGTFTSDYSKHLDSRYAQEFVQWLMNT,0
ASNVPKELVEKGQNRV,0
SPTEQPYSSAAPLI,0
GLFGILGSVAKHVLPHVVPVIAEHS,1
GLWQLIKDKFKDAATGFVTGIQS,0
MAPRGFSCLLLSTSEIDLPVKRLLSSVF,0
SASGSGESSGMWFGPRL,0
IEFFT,0
CPQTPRCTNYAEKGQCPPN,1
MRAKWRKKRMRRLKRKRRKMRQRSK,0
KWKLFKKIKFLHSAKKF,1
IVSYPDDAGEHAHKMG,0
GLGSLLGKAFKIGLKTVGKMMGGAPREQ,1
VVNTPGHAVSYHVY,0
DRVYIHPFHLLVYS,0
AEKLEPVLPLIV,0
LGALGCVFPELLSGNGVKFGYA,0
AALKGCWTKSIPPKPCSGKR,1
NFLGTLVNLAKKIL,1
GLLDFAKHVIGIASKL,1
ILGKILEGIKSLF,1
FLSLIPHIATGIAALAKHL,0
LSDYDEEEDERAKATLDAR,0
FFPLLFGALSSHLPKLF,1
TLTSFGEWR,0
KRWWKWWRRC,1
FGLPMLSILPKALCILLKRKC,1
MLLVIGSKNLSSTNM,0
MKKSIRRSGGKSKGARLWYVGGTQY,0
VKKEDELKELRTKTNEELNEEILQLK,0
RSVCRQIKICRRRGGCYYKCTNRPY,1
AKEFGIPAAVAGTVLNVVEAGGWVTTIVSI,1
GCWSTVLGGLKKFAKGGLEAIVNPK,1
IVGGTAADISQFPHQLSLQTT,0
FLPFIARLAAKVFPSIICSVTKKC,0
CVQSCSFGPLTWSCDGNTK,0
FLPVILPVIGKLLNGIL,1
FLGGLMKAFPAIICAVTKKC,0
FVGAALKVLANVLPPVISWIKQ,0
MDILTLGWVSVLTLFTYSIAMVVWGRHGM,0
DFIGSSTNVIMVASTTLMLF,0
SGFVLKGYTKTSQ,0
DDPTSTFTCPGGSNYK,0
SPRRRTPSPRRRRSQSPRRRR,1
ENFSGGCVAGYMRTPDGRCKPTFYQ,0
TETTEGDFIAEGGGVR,0
PDPAKTAPKKKSKKAVT,1
GVVDILKGAGKDLLAHLVGKISEKV,0
GKQYFPKVGGRLSGKAPLAAKTHRRLKP,1
HSEGTFSSDYSKYLDSRRAKDFVQWLMST,0
ILPFVAGVAAMEMEHVYCAASKKC,1
GSGADCFWKYCV,0
DSVGSTTAHKQQNINHLLDK,0
VVSQYHELVVQARLSEQELEFR,0
AMAGTATVQGQGTR,0
GIFSTVFKAGKGIVCGLTGLC,1
EYYDDTDEEERIVSTVDAR,0
GFLGPLLKLAAKGVAKVIPHLIPSRQQ,1
VKSTGRADDDLAVKTKYLPP,1
QKKDKKDRFYGLF,0
GFLDKLKKGASDFANALVNSIKGT,0
FIGGIISFFKRLF,1
GFWTTAAEGLKKFAKAGLASILNPK,1
ATRVVYCNRRSGSVVGGDDTVYYEG,1
QGIGVGDNDGKRGKR,1
FLSAITSLLGKLL,1
GLFGVLAKVAAHVVPAIAEHF,1
FRGHAKGDKKNQKK,0
IGCGGGAVACQNYRQFCR,1
SIVPLGLPVPIGPIVVGPR,0
ATTDSPATLTGVI,0
STRTPEFLGLDNQCGVWA,0
VFHLLGKIIHHVGNFVYGFSHVF,1
KQIMTQFFNFARSPAVKD,1
DLFQVIKEKLKELTGGVIEGIQGV,0
SINNTGGSGNRRLDKNGFAGQ,0
GLLSGILGAGKQKVCGLSGLC,1
FLGGLIKWPWWPWRR,1
TAANVKIFNTEEVQNFINLL,0
FINTIRLLINKYREWKNKKDS,0
TGVAWRIT,0
GVPICGETCTLGTCYTAGCSCSWPVCTRN,0
KGAAKGLLEVASCKLSKSC,1
GGAGHVPEYFVGIGTPISFYG,1
FLPLLASLFSGLF,1
AEELVKPYNGDPFVGHLSTP,0
GLPVCGETCFGGTCNTPGCSCTWPICTRD,1
VIGGDECDINEHPFL,0
LEIADLAQYVVDLTAR,0
FLGVVFKLASKVFPAVFGKV,1
FFHHIFRGIVHVGKTIHRLVTGG,1
ALKAVPAVMGMIKKE,1
EGPVGLADPDGPASAPLGAP,1
FQFVNPSDIVFGS,0
IIDYYDEGEEDRDVGVVDAR,0
MKCNECNRVQLKEGSVSLTL,0
VVGGDECNINEHRFLVALYY,0
NEQSGKSQTVIVGPWGAQVST,0
AWLDKLKSLGKVVGKVAIGVAQHYLNPQQ,1
KGLKKLLKLLKKLLKL,1
SKSSSPCFGGKLDRIGSYSGLGCNSRK,0
FLPGLLAGLL,1
FKTWKRPPFQTSCWGIIKE,1
LGIYSDAGTQTCSK,0
QDKPFWPPPIYIM,0
MERQVFIRLRHRLEADP,0
EKYTEVPEYV,1
FITLLLRKFICSITKKC,1
MNEAKSLFTTFLILAFLLFLLYAFYEAAF,0
GVIKSVLKGVAKTVALGML,1
TEIQSFNFNGFVPEN,0
HEPCGESCVFIPCITTVVGCSCKNKVCYD,0
GAVSGLLTNLGL,0
LIKIVPAMICAVTKKC,1
ACEVTQLAVCASAILGGTKPSGECCGNL,0
ADGSDPAGGEFLEAGGGVR,0
HRHQGPIFDTRPSPFNPNQPRPGPIY,1
KPPWRL,0
FFPIVGKLLFGLL,1
GVVTDLLNTAGGLLGNLVGSLSG,1
ASIIKTTIKVSKAVCKTLTCICTGSCSNCK,1
VDPAQVSGSWRTAAIASD,0
ASEDTAEAAAPSA,0
MMKHVIILVILLVISFQAY,0
GLLQTIKEKLESLESLAKGIVSGIQA,0
GIPCGESCVWIPCISSAIGCSCKNKVCYRN,0
KWKLFKKIGIGKFLHSAKKF,1
GIPCAESCVWIPCTVTALVGCSCSDKVCYN,1
YVPPVQKPHPNGPKFPTFP,1
QEDIEAGKQKSATCTACHGQEGNST,0
GLPVCGETCFGGTCNTPGCTCDPWPVCTRN,1
MDILSLGWSALMVVFTFSLALVVWGRNGF,0
GTPGFQTPDARVISRFGFN,1
RICPRIWMECKRDSDCMAQCICVDGHCG,0
FLPLVRGAAKLIPSVVCAISKRC,1
GIIDIAKKLVGGIRNVLGI,0
WLRRIGKGVKIIGGAALDHL,1
MAPRGFSCLLLSTSEIDLPVKRRA,0
LNWGAILKHIIK,1
GLKDWVKIAGGWLKKKGPGILKAAMAAATQ,0
AVWKDFLKNIGKAAGKAVLNSVTDMVNE,0
LAKTVPLNDGTNFPIFGG,0
GLLDFVTGVGKDIFAQLIKQI,1
SAPRGCWTKSYPPKPCK,0
SIGAKILGGVKTFFKGALKELAFTYLQ,1
TSSGCPNFESLVR,0
AVPAVRKTNETLD,0
GIPCGESCVFIPCITAAIGCSCKSKVCYRN,1
RSCPRIWMECTRDSDCMAKCICVAGHCG,0
GVVDTLKNLLMGLL,1
MPIIGVPRCLENPFCAPAKFPLSVKKKIRI,0
AQVESVCPGVVSC,0
QKIQEIDLQTYLQPQ,1
CLGIGSCNNFAGCGYAVVCFW,0
FWGALAKGALKLIPSLFSSFSKKD,1
FLGALWNVAKSVF,1
IFGAIWNGIKS,1
GLLGSLFGAGKKVACALSGLC,0
NWRKILGKIAKVAAGLLGSMLAGYQV,1
ALSILKGLEKLAKMGIALTNCKATKKC,1
FDIVKKVVGALGSL,1
SLLSLIRKLIT,0
MQWTKPAFTDLRIGFEVTMYFEAR,0
AKKRAGNGCFGLKLDRIGSMSGLGC,0
LLSLALAALPKLFCLIFKKC,1
MVKIGINEFGRIGRLAFRRIYEL,0
LLSVLGSVAKHVLPHVVPVIAEHL,1
FLPFLASLLSKVL,1
GPVGLLSSPGSLPPVGGAP,1
AWLDKLKNLGKVVGKVALGVVQNYLNPRQ,1
PVVDTTGNNPLQQQEEYYV,1
GMATKAGTALGKVAKAVIGAAL,1
FLPLLAGLAANFLPKIFCKITRKC,0
TWLKKRRWKKAKPP,1
ALLDKLKSLGKVVGKVALGVAQHYLNPQQ,1
FLPLLAGLAANFFPKIFCKITRKC,1
SRSELIVHQRLF,1
IKIMDILAKLGKVLAHV,1
LKLLKKLLKLLKKLGGK,1
GIHDILKYGAPS,1
DRYERGDVNLDLKGF,0
SHGKQETDEEFDARWVTYFNKSDI,0
INWKKIFEKVKNLV,1
GIGSALAKAAKLVAGIV,1
GLLDFVTGVGKDIFAQLIKQI,0
GLFKVLGSVAKHLLPHVAPVIAEK,0
GLWQKIKSAAGDLASGIVEGIKS,1
MDLSFTLSVVTA,0
GILDAITGLL,1
GRSPRRRTPSPRRRRSQSPRRRR,1
QSHLSLCRWCCNCCRSNKGC,1
ALPCPYGCPLRCCHMTDGVCLRNKQGC,0
MFFSSKKCKTVSKTFRGPCVRNA,1
NRWWQGVVPTVSYECRMNSWQHVFTCC,1
GLVSSIGKALGGLLADVVKTKEQPA,1
FASLLGKALKALAKQ,1
GEEEYQKMLENLREAEVKKNA,0
GNNRPIYIPQPRPPHPRL,1
TCESPSHKFKGPCATNRNCES,1
AGLPTEEKPPLL,0
GLPVCGETCVGGTCNTPGCACSWPVCTRN,1
GLIGSIGKALGGLLVDVLKPKLQAAS,1
GHHPHGHHPHGHHPHGHHHPH,1
MSEARNLFTTFGILAILLFFLYLIYAVL,0
MLISGTAFLRLRTNRKAFPTP,0
FLPAIAGILSQLF,0
MINGWTGNILRINLTTGAIS,0
AYPGNGVHCGKYSCTVDKQTAIGNIGNNAA,1
MNVQFTVNGRAASIDVPPNTLLVQ,0
GAPMFV,0
KRKKHRCRVYNNGMPTGMYRWC,1
ILPILSLIGGLLGK,1
FLPLIAGLAANFLPKIFCAITKKC,1
HVINLEESFQEPEYENHLA,1
NSVVLGKKQRFHSWG,0
ISCQDVKQSLAPCLPYVTGRAPKPA,1
NLYQFKNMIHCTVPSRPWWHFADYGCYCGR,0
SGLQFAVLDGQGFLPFPRV,0
GIFGKILGVGKKTLCELSGMC,1
FIGAIARLLSKIFGKR,1
ASGPCFPNPCQNDGECHVIDDSHR,0
FLAKKVAKTVAKQAAKQGAKYVANKHME,0
SLWSKIKEMAATAGKAALNAVTGMVNQ,1
FLSLIPHAINAVSALAKHF,0
QQRFPQRYVQLVITVDHVMN,0
MIIGAVEAGGTKFVDGVGNEKGEIFER,0
GIFGKILGVGKKVLCGLSGMC,0
SGTSEKERESERLLGVVNPLIKCFRSPCP,1
TNTPEQQCYLQAKCYIEFYVVV,0
FLPILASLAAKFGPKLFCLVTKKC,1
LRQSQFVGSR,1
FLSLALAALPKLFCLIFKKC,1
GWGSFFKKAAHVGKHVGKAALTHYL,1
VIPFVASVAAEMQHVYCAASRKC,1
GIHDILKYGKPA,1
MDLIFPLVGSLLLVICVMVGVAFLTLL,0
GLVDVLGKVGGLIKKLLPG,1
FKVDEEFQGPIVSQNRRYFLFRPRN,0
ILGLNTLGVSLAR,0
MIYSTEVSNMAGV,0
ATDYDEEEDDRVKVRLDAR,0
AVPDVAFNAYG,1
GFCRCICTRGFCRCICTR,1
ANIVGGIEYSINNASICSVGFSVTR,0
GIGGKILGGLRTALKGAAKELAATYLH,1
GLWEKIKEKASELVSGIVEGVK,1
GLWSKIKTAGKSVAKAAAKAAVKAVTNAV,1
ISLEICAIFHDN,1
GVLDAFKKIATVVKNLV,0
FIGLLISAGKAIHDLIRRRH,1
FLPILASLAAKLGPKLFCLVTKKC,0
SGPGFMGVR,0
CPCGRRRCCVRGLNVYCCF,0
FPLALLCKVFKKC,1
RRWWRF,1
NCPYCVVYCCPPAYCEASGCRPP,0
VDKPDYRPRPRPPNM,1
MRDKWRKKRVRRLKRKRRKMRARSK,0
GLVDVLGKVGGLIKKLLP,1
SALVGCGTKSYPPKPCFGR,1
GLVDVLGKVGGLIKKLLP,0
GYEDEDEDRPFYALGLGKRPRTYSFGL,0
GILGTVFKAGKGIVCGLTGLC,1
MLHHMTSRANLLLLRRGGSQRS,0
HEPCGESCVFIPCITTVVGCSCKNKVCYN,0
KQEGRDHDKSKGHFHMIVIHHKGGQAHHG,1
ENFAGGCIPGYMRTADGRCKPTY,0
RPDKPRPYLPRPRPPRPVR,1
GFGSLFKFLGKKLLKTVAKQAAKKQME,0
FLSLIPHIVSGVASIAKHF,1
TKATEGEFLAEGGGVR,0
SSMKLSFRARAYGFRGPGPQL,1
FFSLIPSLIGGLVSAIK,1
MNRLKEIFQKEITPALVSKF,0
PAQPFRIKKRQGPFERP,1
TCSYTMEA,1
QDYCAQEGQQEVQRKDLSDLERYLRQSRQR,0
FLPAVLKVAAHILPTAICAISRRC,1
MDIVSLAWAALMVVFTFSLSLVVWGRSGL,0
VPPVYADLGKGARDLFSKGYNYGFSKL,0
LKLLKKLLKLLKKL,1
RRRRRRRGHRGRRGRGGRRSRGRRRRAA,0
ILGKIWKGIKSLF,1
QGGPPRPQIPP,0
ELPVNFYALNLTADNINIGY,0
AAAPDIPIANVNA,0
LDTDLQGTMPEVYASERAAFL,0
LDVKKIICVACKIRPNPACKKICPK,1
NSELINSILGLPKVMNEA,0
VNDGYLDNGLQEGDFE,0
GFRDVLKGAAKAFVKTVAGHIAN,0
PNIQTKIIEQIWKEHIFQGTVVK,0
SNGSNIDVAGAVNTLVETAGKLFQ,0
GVLDILKGAAKDLAGHVATKVINKI,0
FLISIPYSASIGGTATLTGTA,0
GIGASILSAGKSALKGLAKGLAEHFAN,1
GWKDWLNKGKEWLKKKGPGIMKAALKAATQ,0
RNEEERLINHLFKERGYNKELRPAQT,0
GVIDAAKKVVNVLKNLP,1
GLLGLGYGGY,0
SPCTCSTCNCAGACNSCSCTSCSH,0
MNPCSSNCSCGASCTCSGCSSHKK,0
GFWGKLWEGVKNAI,1
FLPIAGKLLSGLSGLL,1
DSPAGVSDAQKQ,0
RRPWRWPRWPWRR,1
ITIPPIVKNTLKKFIKGAVSALMS,1
GFLGPLLKLGLKGAAKLLPQLLPSRQQ,1
MKFGLFFQNFLSENQSSE,0
ITACLDPDGWKEPGPLPGISTK,0
LFGFLIPLLPHLIGAIPQVIGAIR,1
ITSFIGCTPGCGKTGSFNSFCC,1
FLPMLAGLAASMVPKFVCLITKKC,1
LGAWLAGKVAGTVATYAWNRYV,1
FLPLLAGLAANFLPTIICKISYKC,0
SIFVLPDLPYAKDALPKISAKTFDFGK,0
VVGGDECNINEHRSLALMYA,0
ILPFVAGVAAEMMKHVYCAASKKC,1
ALWKNMLKGIGKLAGQAALGAVKTLVGA,1
RIIDLLWRVRRPQKPKFVTVWVR,1
LLPILGNLLNGLL,1
HDRPKFCYLPADPGECLAHMRSF,0
GLPICGETCFTGTCYTPGCTCSYPVCKKN,0
FIHHIFRGIVHAGRSIGRFLTG,0
CVHWMTNTARTACIAP,1
RGGRLCYCRGWICFCVGR,1
ATPATPTVAQFVIQGSTICLVC,1
MGTTTMGVKLDDATRERIKSAASRID,0
FFPIVGKLLSGLSGLL,1
MISDSQIFVALLFALVSAVLAIRLGTDLYQ,0
FLSTLLKVAFKVVPTLFCPITKKC,1
MALNLQDKQAIVAEVSEVAKGALS,0
FLPLIGKILGTIL,1
ACAAHCLLRGNRGGYCNGKG,1
GLRKRLRKFRNKIKEKLKKI,1
ILCINVAGRRIC,0
ANFPTVSLNTVGITRQIPQDFMNAV,0
VGGLIAYDNIEISQIPVGDGVTLC,0
MTDAQVFTILAIALVPAVMAALLGSALARS,0
ENFAGGCTPGYQRTADGRCKATF,0
AQAATPAADGKKKISIDTR,0
GFGSLFKFLGKKVLKTVAKQAAKKQME,0
KAYSMPRCKGGFRAVMCWL,1
FFGSVLKLIPKIL,0
MDFNISGIGNVS,0
DAHNEDEEHAEGS,0
GLVASIGRALGGLLADVVKSKEQPA,1
IAKVALKAL,1
GGETGSDAKAMWFGPRL,0
APAKCTPYCYPTHDGVFCGVRCDFQ,1
SNMIEGVFAKGFKKASH,1
GVFLDALKKFAKGGMNAVLNPK,1
GLFDKLKSLVSDF,1
SVYYGSIEAGGTKFVLAIADEHFNI,0
VLSKSLCTPGCITGPLQTCYLCFPTFAKC,1
EGGGNRGDPSGVC,0
IKIPAFVKDTLKKVAKGVISAVAGALTQ,1
GILDFAKTVVGGIRNALGI,1
VYGMLFKFLAKKVAKKLISHVAKKQLQ,0
ALWKNMLKGIGKLAGQAALGAVKTLVGAE,1
VNHALCAAHCIARRYRGGYCNSKAVCVCR,1
ESIVRPPPVEAKVEETPE,0
KDFCHLPPKPGPCRAAI,0
WWRELLKKLAFTAAGHLGSVLAAKQSGW,0
MDMVSLAWAALMVVFTFSLSLVVWGRSGL,0
GFIGWGNNIFGHYSGDF,0
RKFHEKHHSHRGY,1
GELDELVYLLDGPGYDPIHS,1
YTATRDNCCILDERFGSYCPTTCG,0
ACSAG,1
GLWSTIKNVAAAAGKAALGAL,1
GAAILTNDNAMDALQDL,0
TPSQDFMRF,0
FRLSPAARNILEKHSLDASQGTATGPR,0
FFGWLIRGAIHAGKAIHGLIHRRRH,1
SLEDIEHEVEELLR,0
GLWSTIKQKGKEAAIAAAKAAGQAALGAL,0
FLPMLAGLAASMVPKFVCLITKKC,0
MSHIVRFTGLLLLNAFIVRGRPVGGIQH,0
GWKKWLRKGAKHLGQAAIKGLAS,1
SLIPHAINAVSAIAKHF,1
GFVDFLKKVAGTIANVVT,1
VDKPDYRPRPWPRNMI,1
FIITGLVRGLTKLF,1
ALWKNMLKGIGKLAGKAALGAVKKLVGAES,1
DSHAKRHHGYKRKFHEKHHSHRGY,1
AILTTLANWARKFL,1
QGWAWPRPQIPP,0
FIGPIISALASLFG,1
GIPCAESCVYIPCTITALLGCSCKNKVCYN,0
CSTNTFSLSDYWGNNGAWCTLTHECMAWCK,1
LENRVAEKQKLFQEDNGLPVHLKGGATDN,0
DDASDRAKKFYGLM,0
RAGLKFPVGRVHRLLR,0
FAVGTESIAKTFSEALDTTKISDVLSK,0
VDKPDYRPRPWPRPNM,1
FLSLIPHAINAVSALANHG,0
KKDGYPVEYDRAY,0
APVPGLSPFRVV,0
HFLGTLVNLAKKIL,1
ILPIRSLIKKLL,1
GLAGAISSVLDKLKQSQLIKNYAKKLGYPR,0
SCSSGCSDCNSDSCQCTLNQFTNSDSCCC,0
FMGGLIKAATKALPAAFCAITKKC,0
VIPFVASVAAEMMQHVYCAASKKC,1
GLMDTVKNVAKNLAGHMLDKLKCKITGC,1
STIVCVSLRICNWSLRFCPSFKVRCPM,1
TQAGSQNPNDLSPGP,0
TRICCGCYWNGSKDVCSQSCC,0
SFPFFPPGICKRLKRC,1
AQGDNPDKDTDGN,0
FLPVVAGLAAKVLPSIICAVTKKC,1
FWGALIKGAAKLIPSVVGLFKKKQ,0
LKCEWDGLVGTRGEIAKETIER,0
VNPIILGVLPKFVCLITKKC,0
MNILHICVTSKWFNIDNKIVDHRP,0
GSNKGFNFMVDMIQALSN,1
DAAEPWQLGFQDAATPIMQGIIDLHH,0
GLLSVLGSVVKHVIPHVVPVIAEHL,0
PDYLQLARA,0
DGPAQKQNTVNQLLVLIYLYK,0
ANPTFGFTPLGLSSDAN,0
KPLWRL,0
FLPAIAGVAAKFLPKIFCAISKKC,0
SLWETIKNAGKGFIQNLDKIR,1
LTTKLWSSWGYYLGKKARWNLKHPYVQF,1
FFPIVGKLLSGLF,1
MGIIAGIIKFIKGLIEKFTGK,0
GLMSSIGKALGGLIVDVLKPKTPAS,1
FLPIIAGMAAKVICAITKKC,1
FFFLSRIF,1
GIGGALLSAGKSALKGLAKGLAEHL,1
SRSELIVHQRRC,1
QPFSLERW,1
GFMDTAKNVAKNVAVTLLDKLKCKITGGC,1
AILELPQSPNVFHPEKPSAVG,0
SENTGAIGKVFPRGNHWAVGHLM,0
FIGKLISAASGLLSHL,1
MDIISLGWAGLMTMFTFSLALVVWARNGF,0
IDWKKLLDAAKQIL,1
GPLQLSWNYNYGAAGK,0
FLPIASLLGKYL,1
GLLASLGKVFGGYLAEKLKPK,1
SMWSGMWRRKLKKLRNALKKKLKGEK,1
KIAKVALKAL,1
LVLPEVYDQDGHPLRIGQRYIINNP,0
GLWETIKNFGKKFTLNILHKLKCKIGGGC,1
FLSTLLNVASKVVPTLFCKITKKC,1
TALPQLRLPATSRILCAGVLEGGIDTCNR,0
GILKKFMLHRGTKVYKMRTLSKRSH,1
GRLQAFLAKMKEIAAQTL,1
GFLGPLLKLGLKGVAKVIPHLIPSRQQ,1
ALYKKFKKKLLKSLKRL,1
GVVTDLLKTAGKLLGNLFGSLSG,1
GLWQLIKDKLKDAATGFVTGIQS,0
MKNPRVHEIATAMIDAVRKVLVDHQ,0
GFLSTVKNLATNVAGTVIDTIKCKVTGGC,1
GGCDGDRQDM,0
FVGPVLKIAAGILPTAICKIYKKC,1
FLPIIAKVLSGLL,1
KVCYRAIPCGESCVWIPCISAAIGCSCKN,1
GLLGVLGSVAKHVLPHVVPVIAEHL,1
QGGWPRPGPEIPP,0
MKRISTTITTTITITTGNGAG,0
FFPFLLGALGSLLPKIF,1
DSMGAVKLAKLLIDKMKCEVTKAC,1
INLKAIAAMAKKLL,0
GAGSQEERMQGQMEGQDFSHEERFLSMVRE,1
RWAEIVCRSPSCNECCEWHTCFAPED,0
FLPAIAGMAAKFLPKIFCAISKKC,0
MSYIVRFTGLLLLNAFIVRGRPVGGIQH,0
VQPPHSHGDNFYIWT,0
LLRHVVKILEKYL,1
KWKLFKKGAVLKVLT,1
IRPRPTARPPYINRPPNPFKPRW,1
FIGAILPAIAGLVHGLINR,0
RPKPQQFFGLM,1
DINGGGATLPQKLYQTSGVLT,0
GLFSVLGAVAKHVLPHVVPVIAEK,0
VVSCADILAVAAR,0
GEDEYAEGIREYQLIHGKI,0
MENGKVHVASMSGLSMPHMNEMLEK,0
DHLSHDVYSPRL,0
IIGPVLGLVGSALGGLLKKI,1
SLSRFLSFLKIVYPPAF,1
MAVKAISGCDKDQELI,0
AEIDFSGIPEDIIKQIKETNAKPPA,0
MATRGFSCLLLVISEIDLSVKRWV,0
NGGTSGLFAFPRV,0
SCNCVCGFCCSCSP,1
IDWKKVDWKKVSKKTCKVMLKACKFLG,1
AVITGACERDVQCGGGTCCAVSLI,0
FLSLIPHAINAVSALANHG,1
QDKPFWDPPIYPV,0
SIITMTKEAKLPQLWKQIACRLYNTC,1
KIPCGESCVWIPCVTSIFNCKCENKVCYHD,0
KWCFRVCYRGICYRKCR,1
FLPLIGKVLSGIL,1
GLLSSLSSVAKHVLPHVVPVIAEHL,1
ATFFDPQPRLLAD,0
QQWPRDPAPIPP,0
GCSRWIIGIHGQICRD,1
FFRLLFHGVHHGGGYLNAA,1
GCRFCCNCCPNMSGCGVCCRF,1
GLLSLLSLLGKLL,1
GLWQKIKNAAGDLASGIVEGIKS,1
ILGAILPLVSGLLSSKL,1
MRAKWRKKRVRRLKRKRRKVRARSK,0
SVAGRAQGM,1
HGVSGHGQHGVHG,0
HVVAAITALKERGGSSHQALKKYKAAN,0
QGGLPRPGPEIPP,0
GLWKSLLKNVGKAAGKAALNAVTDMVNQA,0
AATAATPATAATPARA,0
NMYLPPVPPPPVVPTF,0
CYSAAKYPGFQEFINRKYKSSRF,1
RWGKWFKKATHVGKHVGKAALTAYL,1
YGQSTHAVIYAQGYTYSSDWR,1
GIPCGESCVWIPCISAAIGCSCKSKVCYRN,1
MKVFVLNGPNLGRLGKREPA,0
RGSNLTHPLRNIGDLFYVGN,0
FLHFLHHLF,1
GFRDVLKGAAKAFVKTVAGHIAN,1
GLWQFIKDKLKDAATGLVTGIQS,1
GHAKKDKKIQKK,0
FLSLIPKIAGGIASLVKNL,0
EKKPPRPPQWAVGHFM,1
PNPKVFFDMTIGGQSAGRIVMEEYA,1
ACHAHCQSVGRRGGYCGNFRMTCYCY,1
NWRKILGQIASVGAGLLGSLLAGYE,0
GDACGETCFTGICFTAGCSCNPWPTCTRN,1
FLPIVGKLLSGLL,1
FMGGLIKAATKALPAAFCAITKKC,1
GLLDFLKAAGKGLVTNL,0
GTQTNAPWGLARLIS,0
GLLASLGKVFGGYLAEKLKPK,0
GVSKILHSAGKFGKAFLGEIMKS,1
FLSGIVGMLGKLF,1
ILGKFCDEIKRIV,1
MNSVQFKNHHHHHHPD,0
MKVKVDADACIGCGVCVELCP,0
GVPVCGETCFGGTCNTPGCSCDPWPVCSRN,0
WGIRDILKYGKPS,1
FFHLHFHY,1
FLGSIVGALASALPSLISKIRN,1
AGEPANNEDRFNY,0
GLVSSIGRALGGLLADVVKSKEQPA,1
DVPASIDWREYGYVTEVKD,0
TPPQPADNFIRF,0
YNFNVYTSCTARRK,0
STAGDTHLGGEDF,0
GFMDTAKQVAKNVAVTLIDKLRCKVTGGC,1
FLPIIGKLLSGLL,0
MEILTLGWVSLLVVFTWSIAMVVWGRNGL,0
FLPIIASVAAKVFSKIFCAISKKC,0
PAQPFRFPKHPQGPQTRPPI,1
GSLTGLISMPRT,0
HKTDSFVGLM,1
FQPSLVLDMAQVLLDNYTFPENLM,0
AVNIPFKVHFRCKAAFC,1
IKIPSFFRNILKKVGKEAVSLIAGALKQS,1
GLWQKIKDKASELVSGIVEGVK,1
SGGGKEAAETFNRVESHPRPDA,0
ALFSILRGLKKLGKMGQAFVNCEIYKKC,1
FQPSLVLDTAKILLDNYTFPESLMG,0
LRPAVIVRTKAL,1
SLVELGKMILQETGKNPVTYGAY,0
DCYCRIPACIAGERRYGTCIYQGRLWAFCC,1
ATCDLLSMWN,1
GFRDVLKGAAKAFVKTVAGHIANI,0
DLAGEIHGLSNVK,0
ACYCRIPACFAGERRYGTCFYLGRVWAFCC,1
IGGIISFFKRLF,0
GLRDFNVAVRASNGKYWTRRPESGTLV,0
DLWNSIKDMAAAAGRAALNAVTGMVNQ,0
GIGKHVGKALKGLKGLLKGLGES,1
GCVLLPWC,0
FLPILGKILGGLL,0
GLNTLKKVFQGLHEAIKLINNHVQ,1
MDLLSLGWSSLMVMFSFSLALVVWGRNGF,0
FLPIIGQLLSGLL,1
ILGAILPLVSGLLSNKL,1
FLPIVGRLISGIL,1
TRSSRAGLQFPVGRVHRLLRK,1
GVTSNPAIFQKAISTSNAYNDQFR,0
FLAKKVAKTVAKQAAKQGAKYVVNKQME,0
MDAVLSVQGASAPVKKKSFFS,0
QLASDDYGHMRF,0
MALKAVCVLKGAGETSGTVHFEQEDN,0
VIYIFAR,0
GILGNIVGMGKKIVCGLSGLC,1
DSHEKRHHEHRRKFHEKHHSHRGY,1
VVGGEVARAHSWPWQISLQY,0
GLWNKIKEAASKAAGKAALGFVNEMV,1
MSPLKAVAVLTGADVKGVVQFT,0
EDRTY,0
FLPLVRGAAKLIPSVVCAISKRC,0
FVYGNGVTSILVQAQFLVNGQRRFFYTPDK,1
ILGPVLGLVSDTLDDVLGIL,1
GLPVCGESCFGGTCNTPGCACDPWPVCTRD,0
KRGSGWIATITDDCPNSVFVCC,1
MMYLMPLLIVIVGCLALHCSDDDMPDGHA,0
EQATLIDFGKLNADIVPDKNGGMTQ,0
RGGGLCYCRRRFCVCVGR,1
KWKLFKKIGAVLKVL,1
FLPFLASLLTKVL,1
TKQTLKVLITGAAGQIGYSL,0
GLMSVLGHAVGNVLGGLFKS,0
FLPFLASLLSKVL,0
RILTMTKRVKMPQLYKQIVCRLFKTC,1
IPCGESCVWIPCITAIAGCSCKNKVCYT,1
INWDILIDTIKDKL,1
ASIVKTTIKASKKLCRGFTLTCGCHFTGKK,1
CYCRIPACIAGERRYGTCIYQGRLWAFCC,1
FLGLLFHGVHHVGKWIHGLIHGHH,1
CAWYNISCRLGNKGAYCTLTVECMPSCN,1
GFGKAFHSVSNFAKKHKTA,1
DGAETPGAAASLWFGPRV,0
ALWKDILKNAGKAALNEINQIVQ,1
VGCEEDPMHCKGKQAKPTCCNGVCNCNV,0
KLGEFSPTRTYRGHNKKDKKMQKK,0
FLFSLIPSAISGLISAFKGRR,1
GPPYQPLVPR,0
INWKALLDAAKKVL,0
FVPLLVSKLVCVVTKKC,0
DLLTTIKRVKESMKRRT,0
GLFSVLGAVAKHVLPHVVPVIAEK,1
ESGGSGEANGMWFGPRL,0
NSELINSILGLPKVMNDA,0
GLGPRPLRF,0
ILGPVISTIGGVLGGLLKNL,1
PVPDSSFLRDP,0
RPPGFSPFRIY,0
LVPLFLSKLICFITKKC,1
DVAGLVPAKDSPAFQKRAAAAVNTTAD,0
ALLHHGLNCAKGVLA,1
FLPLFLPKIICVITKKC,1
FMPIIGRLMSGSL,1
PAQPFRIKKRQGPFERP,0
SLVSLNEPKDEIYMESQP,0
QWGRRCCGWGPGRRYCRRWC,1
FLPFLAKILTGVL,0
AYSNLNYLRF,0
GLVPPADKY,0
FALALKALKKALKKLKKALKKAL,1
NLYQFKNMIEEAATGT,0
TVVTNA,1
HSQGTFTSDYSKYLDTRRAQDFVQWLMST,0
GLPVCGETCVGGTCNTPGCTCSWPVCTRD,0
MDVAEYAAHDATGLAELIREGQVSACEV,0
GVWSTVLGGLKKFAKGGLEAIVNPK,1
EDDHHHHHHHHHGVGGGGGGGGGG,0
GVVDILKGAAKDIAGHLASKVMNKL,1
KNGTVKWFNAEKGFGFITSED,0
AMASSLLSGWGGPTTLLVAPM,0
MEIDVLGWVALLVVFTWSIAMVVWGRNGL,0
FLFSLIPSAISGLISAFK,1
MVTMVKKWLLLMTFMAGCRGMIY,0
VAPFPHGKLVTYKYIADVKAGVDPSLV,0
FLPIIAGVAAKVFPKIFCAISKKC,0
GLPRKILCAIAKKKGKCKGPLKLVCKC,1
GWKDWAKKAGGWLKKKGPGMAKAALKAAMQ,1
FLPIIAGAAAKVVQKIFCAISKKC,1
FLPAIFRMAAKVVPTIICSITKKC,1
GIMDSVKGLAKNLAGKLLDSLKCKITGC,1
GIMDTVKGVAKTVAASLLDKLKCKITGC,1
RPRPNYRPRPIYRP,1
FLPVLAGIAAKVVPALFCKITKKC,1
SAKDVKFGDSARSMMIAGVNVIAD,0
HNKQEGRDHDKSKGHFHRVVIHHKGGKAH,1
LSLIPHIVSGVASIAKHF,1
GSAIRCGESCLLGKCYTPGCTCDRPICKKN,0
MIREPRIREPRSLA,0
FWGHIWNAVKRVGANALHGAVTGALS,0
VFQFLGRIIHHVGNFVHGFSHVF,1
QVRFRQCYFNPISCF,0
GLFSVLGSVAKHLLPHVAPIIAEKL,1
QGLIPFPRV,0
GLLDVVKGAAKNLLASALDKLKCKVTGC,1
NNYCKIKCRSGIHTLCKYGTSSKP,0
SPAPPACDPRLLNKLLRDDHVLHGRL,0
ELVSNASDALDKLR,0
ARCENFADSYRQPPISSSQT,0
AAGLFQFPRV,0
RRWCFRVCYRGFCYRKCR,1
QDLDHVFMRF,0
KVPVDDQFRRVNNGGATDTR,0
GAFGNFLKGVAKKAGLKILSIAQCKLSGTC,1
EELRPEVLPDVSE,0
ILGTILGLLKSL,1
GIIDIAKKLVGGIRNVLGI,1
FLPLIASVAANLVPKIFCKITKKC,1
GLFGKSSVVGRKYYVDLAGCAKA,1
KTGVNKPELLPKEETTVIDV,0
FLGGLIKRPPAMICAVRKKC,1
GLFDIIKNIVSTL,1
AAPRGGKGFFCKLFKDC,1
GLVASIGRALGGLLADVVKSKEQPA,0
MRYISLNTTIITTTETTGYGAG,0
MATQGFSCLLLSVSEIDLSMKRQYKQIR,0
EDSLSDWERVYLPIDPGVVL,0
CVISAGWNHKIRCKLTGNC,1
VSDSQNSQDGLDPE,0
ANFEIVNNCPYTVWAAASPGGGRRLDRGQT,1
GIPCGESCVYIPCTVTALAGCKCKSKVCYN,0
FWGHIWNAVKRVGANALHGAVTGALS,1
GVPICGETCTLGTCYTAGCSCSWPVCTRN,1
FLNALKNFAKTAGKRLKSLLN,1
GLFDIVKKIAGHIVSSI,1
GVIDAAKKVVNVLKNLP,0
FLGSLIGAAIPAIKQLLGLKK,1
GYGGHGGHGGHGGHGGHGGHGHGGGGHG,1
FIHHIIGGLFSVGKHIHSLIHGH,1
GLLSVLGSLKLIVPHVVPLIAEHL,1
HVGGDECNINEHRSLVAIFVFTEFF,0
GIGGALLSAGKSALKGLAKGLAEHF,1
SCLEYGHSCWGAH,0
FLPIITNLLGKLL,1
FFLPSLIGGLISAFK,1
KAVVLGKAGGTAELPCQASQ,0
SIKEKICKIIEAKIGKKPPFCP,0
MVSEAIAALKEREGSSEFAIGKKKE,0
ALLDKLKSLGKVVGKVALGVVQNYLNPRQ,1
FIGGIISFIKKLF,1
GKITFYEDRNFQGRCYECSTDCPDLSPYFS,0
FLPAIVGAAAKFLPKIFCAISKKC,1
RDWERREFERRQNELRREQEQRREELL,0
MALNLQDKQAIVAEVSEVAKG,0
NNLDEIK,0
GSGASGSMPATTS,0
GRFKRFRKKFKKLFKKLSPVIPLLHLG,1
AKLDETLTMLKALTDAKGVPGNEREARDVM,0
LKLSPETKDTLKKVLKGAIKGAIAIASLA,1
VIPFVASVAAEMQHVYCAASRKC,0
MGKGDRRTRRGKIWRGTYGKYRPRKKK,0
GIPCGESCVFIPCITGAIGCSCKSKVCYRN,1
MITDSQVFIGLVIALVPAILAFKLGLSLYE,0
GIGASILSAGKSALKGFAKGLAEHFAN,1
GLPCGESCVFIPCITTVVGCSCKNKVCYND,0
GNGVLKTISHECNMNTWQFLFTCC,1
FLSLALAALPKFLCLVFKKC,1
LVSSIGRALGGLLADVVKSKGQPA,1
GGNTECFWKYCV,0
MPGLDSPAAVRRAAMDLLAR,0
PAKQVAFAEHAREKMLRGVNVLA,0
VATSEPNRYFNPYSYVELIITVDHS,0
GFPCGESCVFIPCISAAIGCSCKNKVCYRN,0
SRLPPATRDKLADEITFFPA,0
RKFHEKHHSHREFPFYGDYGSNYLYDN,1
GVGSFIHKVVSAIKNVA,0
ITSVSWCTPGCTSEGGGSGCSHCC,1
MVPYRNPRHQHVASVLRSGG,0
VRYADENVRTKEAKKK,0
LHSNLEYQYRYSGRVASGIP,0
FLPLIASLAANFVPKIFCKITKKC,1
FWGALIKGAAKLIPSVVGLFKKKQ,1
FIGAVAGLLSKIF,1
TDPLWQLPGAHLEQYLS,0
GICRCICTRGFCRCICVL,1
GFKDGAADRISHGF,0
GRADYNFGYGLGRGTRKFFNGIGRWVRKTF,0
GIGGALLSAGKSALKGLAKGLAEHFAN,1
ITAGFISSSANTVYVKKGDVMVFPR,0
FLPIIASVAANVFSKIFCAISKKC,0
QNWPRPQIPP,0
FLSLIPHAINAISAIAHHL,0
RVKRFWPLVPVAINTVAAGINLYKAIRRK,1
SLIPHAINAVSAIAKHF,0
GIPCAESCVWIPCTVTAIVGCSCSDKVCYN,1
ALRLAIRKR,1
VAGKSFVPIAAGRQ,0
INWKKIASIGKEVLKAL,1
FFGWLIKGAIHAGKAIHGLIHRRRH,0
GLLSGVLGVGKKIVCGLSGLC,1
FLSLLPSIVSGAVSLAKKL,1
GIGAILKVLATGLPTLISWIKNKRKQ,0
FLPVLAGIAAKVVPALFCKITKKC,0
SGFVLKGYTKTSQ,1
FENEDEGYFQDPEDCS,0
FLSTALKVAANVVPTLFCKITKKC,1
MAKINELLRESTTTNSNSIGR,0
FLFPLITSFLSKVL,1
GSLCGDTCFVLGCNDSSCSCNYPICVKD,0
FLPIIAGVAAKVLPKIFCAISKKC,1
FLPFLASLLTKVL,0
AKPAKRVAVTGAAGQIAYSLL,0
GVVDILKGAGKDLLAHLVGKISEKV,1
FKVQNQHGQVVKIFHH,1
GNNRPVYIPQPRPPHPRI,1
VSGSGIMAKRVVVDA,0
MREAICIHIGQAGYQIGNACSQLFC,0
GLASFLGKALKAGLKIGSHLLGGAPQQ,1
RCVCTRGFCRCFCRRGVC,1
MYDESTGYSSALK,0
ENFKIKHTEPGLLSMANAGKN,0
ITIPPIVKDTLKKFFKGGIAGVMGKSQ,1
GGETGNDAKAMWFGPRL,0
MTTKFVFDLLAPDDILHPSNHVNLIIRPI,0
GVIPCGESCVFIPCINKKKCSCKNKVCYRD,0
GLISGLLGVGKMLVCGLSGLC,1
FSGLGSQNPGLLVLAK,0
FLPILGNLLSGLL,1
ESILIVHQQQSRSSGS,1
ILPLVGNLLNDLL,1
KVHGSLARAGK,1
AGEDVSHELEEKEKALANHSE,0
NEEEKVKWEPDVP,0
PFDRISNSAFSDF,0
TVLKTDAQCNCEAFKALSLP,0
GNGVVLTLTHECNLATWTKKLKCC,1
FFPMLAGVAARVVPKVICLITKKC,1
VFQFLGKIIHHVGNFVHGFSHVF,1
FISAIASMLGKFL,1
FLIGMTHGLICLISRKC,0
ALWKNMLSGIGKLAGQAALGAVKTLV,0
GLLASLGKVLGGYLAEKLKPK,0
GCRQCGGGCNKHGKCINGKCKCY,0
FLPILASLAATLGPKLLCLITKKC,1
GLMSTLKGAATNVAVTLLNKLQCKLTGTC,0
HGVSGHGQHGVHG,1
MEFVAKLFKFFKDLLGKFLGNY,0
GLLSKVLGVGKKVLCGVSGLC,0
LMDTVKNVAKNLAGHMLDKLKCKITGC,1
GLFDIIKKIAESI,1
PFNVGGLDKFGTLN,0
GLLSVLGSVAKHVLPHVVPVIAEKL,1
QKLCERPSGTWSGVCGNNNACKN,1
APPPGYAMESDSFS,1
FLPLIAGLLGKLF,0
DCPSDWSPYEGHCYKHFIKWMNNEDAERFC,0
FLPAVLRVAAKVVPTVFCLISKKC,1
SAALAGTIIDGASLGFDILNKV,0
GFMDTAKNVAKNEAGNLLDNLKCKITKAC,1
GIHDILKYGKAS,1
RICRCICGRRICRCICGR,1
QFPTDYDEGQDDRPKLGLGAR,0
FLPVIAGLAAKVLPKLFCAITKKC,1
FLPLLFGAISHLL,1
LKKLLKKLKKLL,1
MADENTPVMPEEVPAVEGVGM,0
GILDSLKNLAKNAGQILLNKASCKLSGQC,0
GAIKDALKGAAKTVAVELLKKAQCKLEKTC,1
GINTLKKVIQGLHEVIKLVSNHE,1
QPHPNEFVGLM,0
FLPIIASVAAKVFPKIFCAISKKC,1
GTPCGESCVWIPCISSAVGCSCKNKVCYKN,0
GLLDIVKKVVGAFGSL,1
ALKAALLAILKIVRVIKK,1
FLPIIAGIAAKFLPKIFCTISKKC,1
GILGKLWEGFKSIV,1
GLFDIIKNIFSGL,0
SPAGCRFCCGCCPNMRGCGVCCRF,1
AGCKNFFWKTFTSC,0
SLGGKPDLRPCYPPCHYIPRPKPR,0
VARSLLIFEVQQPFLFLL,0
ILPILGNLLNGLL,1
VIEVVYLRTPFSAGNATT,0
NLMQFETLIMKVAGRSGVWYYGS,0
ALWKTLLKNVGKAAGKAALNAVTDMVNQ,1
GSQLVYREWVGHSNVIKP,1
ESQKVQGDVIGVDLGTTYSCVA,0
GASGLIPFPRL,0
MLYANPNTESSPVGFRKKYDNFI,0
LPSDATLVLDQTGKELDARL,1
ETDLLLDDSLVSLFGNRR,0
GNAACVIGCIGSCVISEGIGSLVGTAFTLG,1
FIHHIIGWISHGVRAIHRAIHG,1
LKKLLKKLKK,1
QLYENKSRRPYIL,0
GIMDTVKNAAKDLAGQLDKLKCRITGC,1
LRPAVIVRTKGK,0
GIKDWIKGAAKKLIKTVASNIANQ,1
FLGFLKNLF,1
INIKDILAKLVKVLGHV,0
MDPAGPDNDERFTYDYYRLRVVGLIVAAVL,0
KDALEHTGFAPK,0
CMSTRGDQARKICE,1
GFGEDIAMKQHQVNSLLDILFVF,0
DWTAWSALVAAACSVELL,1
VEWSDSERKTLVSVWGKI,0
GELGRLVYLLDGPGYDPIHCD,1
EPFKLSLHL,1
AVPDKIDRRESGYV,0
ANQRLPPLSNDPDRCERAFVGNT,0
SLQAATEWLKANNQRGFLGEMGAGSNAD,0
ENFSGGCIPGYMRTADGRCKPTY,0
IIGGVESRPHSRPYMATLEIT,0
GIPCAESCVWIPCTVTALLGCSCSNKVCYN,0
TPSDGFMGMR,0
PFDRISSSAFSDF,0
ILSAIWSGIKSLF,1
GLLDMVTGLLGNL,0
FLIGMTQGLICLITRKC,1
FLPLLAGVVANFLPQIICKIARKC,1
GLFGKLIKKFGRKAISYAVKKARGKH,1
FANTIRLLINKVREWKNKQSS,0
LSLALAALPKLFCLIFKKC,1
GLFLDTLKKFAKAGMEAVINPK,1
TKTEEGEFISEGGGVR,0
ADSRNPLEEEFRETNYEEF,0
QWGRRCCGWGPGRRYCVRWC,1
GLFDVIKKVASVIGGL,1
AVDFSKVPTATAGPCKG,0
QRPYTQPLIYYPPPPTPPRIYRA,1
VRPYLVAFYESH,0
VIPFVASVAAEMMHHVYCAASKRC,1
GLFGVLAKVASHVVPAIAEHFQA,0
KKIEEEAAAAGATAE,0
NVRFDLSGATSSSYKTFIKN,0
GLKDIFKAGLGSLVKNIAAHVAN,1
FGNQQQLKSVADIVINHR,0
ELYENKPRRPYIL,1
DDDDDDHTIEHFETF,0
FLGGLIKKWPWWPWRR,1
MIRIISRANSVTSSNEVNRLVTGQIPHD,0
FNALGLSTRDLVALSGAHTIGQAR,0
LSCKRGTCHFGRCPSHLIKGSCSGG,1
MKVTFQGNEVTLQGKEVKVG,0
FLIGMTHGLICLISRKC,1
CLRFGMRGRELMGGVGKTM,1
FLPLVLGALSGILPKIL,1
GLFDIIKKIAESF,0
FIQYLAPLIPHAVKAISDLI,0
VGKTWIKVIRGIGKSKIKWQ,1
FLPVIAGLLSKLF,1
GLFVGLAKVAAHNNPAIAEHFQA,1
GILSGILGAGKSLVCGLSGLC,1
WRSLGRTLLRLSHALKPLARRSGW,1
SCTTCVCTCSCCTT,1
HSDGTFTSELSRLRESARLQRLLQGLV,0
GLKKLLGKLLKKLGKLLLK,1
DINGGGATLPQALYQTSGVL,0
GKPRPYSPRPTSHPRPIRV,1
AESGFQPVVDRKGD,0
GIMDTVKNVAKNLAGQLLDKLKCKITAC,1
ALFSILRGLKKLGNMGQAFVNCKIYKKC,1
NPVLPCPVGSLYK,0
ALWKDILKNAGKAALNEINQIVQ,0
GLFVGVLAKVAAHVVPAIAEHF,1
GYLDYDEVDDNRAKLPLDAR,0
LMCTHPLDCSN,1
APVSVGGGTVLAKMYPRGNHWAVGHLM,0
GLKDWVKIAGGWLKKKGPGILKAAMAAATQ,1
VRDICKKEAERQDLSSCENYITQRRGY,1
RRRTPSPRRRRSQSPRRRR,1
FLSLIPHAINAISAIADHF,0
EPHPNEFVGLM,1
ADETCTDLTILTTQYIAGDFD,0
FIGGIISFFKRLF,0
MALNLQDKQAIVAEVSEVAK,0
RILSILRHQNLLKELQDLALQGAK,1
SGGKKIKVDKPLGLGGGLTVDIDA,0
MCTHPLDCSN,1
VNWKKVLGKIIKVAK,1
ALWKDILKNVGKAAGKAVLNTVTDMVNQ,1
MTRSLKKNPFVANHLLNKIDKLNT,0
EQCGRQAGGATCPNNLCCSQYGY,0
KRFGRLAKSFLRMRILLPRRKILLAS,1
GRPNPVNTKPTPYPRL,1
SRSELIVHQR,1
GLLDTIKGVAKTVAASMLDKLKCKISGC,1
GLNTLKKVFQGLHEAIKLINNHVQ,0
MNNSCLSQSTQWWWRAN,0
GIACGESCVFLGCFIPGCSCKSKVCYFN,1
VLDIYEQKLGQTRVLDIYEQK,0
KVFLGLK,1
FHPSLWVLIPQYIQLIRKILKSG,1
QRRCPRIYMECKHDSDCLADCVCLEHGICG,0
AVLDTALSGIDKVLHGSIDAHKAD,0
MATGGFGCLLLLIREIDLSVKRQI,0
GIHDILKYGKPS,1
YMVIQGEPGAVIRLGDYLIDQGL,0
GTGLPMSERRKIMLMMR,1
AERVGAGAPVYL,1
GICPRILMECKRDSDCLAQCVCKRQGYCG,0
ILGTILGLLKGL,1
MIASHLAFEKLSKLGSKHTML,1
GLPICGETCFKTKCYTKGCSCSYPVCKRN,0
CYIQNCPRGGKRSYPDTAVPQCIPCGP,0
MKKARRSPSRRKGARLWYVGGSQF,0
EQLIELVGPWKTVYIVHFNGET,0
FFGWLIKGAIHAGKAIHGLIHRRRH,1
VGTRVVRIEDQQLITQGGTYVEDL,0
GIGGALLSAGKAALKGLAKVLV,1
GLPVCGETCVTGSCYTPGCTCSWPVCTRN,0
FLGGLWKAMSNLL,1
SIPASQKANLGNQMIMAVACYQN,0
GVGYKVVVTTTAAADDDDVV,0
SSSGWLCTLTIECGTIICACR,1
FRPALIVRTKGTRL,0
ADPRNPLEECFRETD,0
AEVAPAPAAAAPAKAPKKKAAAKPKKAGPS,1
GIMDSVKNAAKNLAGQLLDTIKCKITAC,1
GWRTLLKKAEVKTVGKLALKHYL,1
DEGPYKMEHFRWGSPRKD,0
SVAALAAQGLLYNAPK,0
ALWMTLLKKVLKAAAKALNAVLVGANA,1
SPVAASYRATAGLAGKALDF,0
GIHDALKYGKPS,1
ISAEAPLYAEVGMPALSPTMT,0
VVNGKPTRTNVGRMVSLKYRNKHI,0
KIPCGESCVWIPCLTSVFNCKCENKVCYHD,0
RIKRFWPVVIRTVVAGYNLYRAIKKK,1
MDTQGFSCLLLLISEIDLSVKRRI,0
VTFVEGGPMKYSLIEGDALANK,0
MEFVAKLFKFFKDLLGKFLGNN,0
AFVKGSAQRVAHGY,0
MKAIMLVNFCDERGSGR,0
SASGGAGESSGMWFGPRL,0
AGETHTVMINHAGRGAPKLVVGGKKLS,1
SPSNSKCPDGPDCFVGLM,0
NLIQFANMIGCANHGSR,0
FLPLIGRVLSGIL,0
