SPCSVKHSPTRETL,0
VAGTESAQGPPGPAASLELWLNKATDPS,0
EIKKPLSIEQIEVAPPKAHEVRIK,0
DQKDEYELL,1
CATCEQIADSQHRSHRQMV,1
PTELQKERELTKF,0
CGYRGLCRRFCHAQEYIVGHHGCPRRYRCC,1
MSMNSKQAFSMHPILHEPKYPHLHTSSE,0
FSLETWVLLAI,0
IGNIPQYLKGLLGGILGIGL,1
VSRRYLASLHKKALPTSVTFELLFDGTNPS,1
CRITKPALLVLNQETAKVVQT,0
LKYLSLGILVFQTTSLVLTMRYSRTLKEEGPR,0
CDVIALLCHLNTPSF,1
VFHRVRWAPELGASLG,0
SWLRDIWDWECEVLSDFK,1
LNNSVALDPIDISIELNKAKSDLEESKEWIRRSNQ,1
GSEEEDMDALLNNS,0
EGPTLGNWAREIWAGLFKKA,1
SFFLVVTILALTLPFLGAEVQN,0
SNGSAECTGEGGSKEVVGTFKAKDLIVTPATIL,0
KPVSLSYRCPCRF,1
WVTVRSQQRGLFPAI,0
TFISATELLLASAVFCLVFWVAGASKPRVPK,0
PQITLRKKRRQRRRPPQVSFNFCTLNF,1
YCKKCCYHCQ,1
VAVSKVLHLEGEVNKIALLSTNKAVVSLSNGVS,1
GQEQAQLYEITNKGYGKDAVKVMHINRKGPVHSIQELEV,0
IWNHGNLTLGEWYNQTKDLQQKFYEIITMDIEQNNV,1
DASISQVNEKINQSLAFIRKSDELLHNVNAGKSTT,1
YQCGQGG,1
DPIDISIELNKAKSDLEESKEWIRRSNQKLDSIGN,1
LGNWAREIWATLFK,1
NSSDGFLEFSVGKFTYFVL,0
MEWDREINNYTSLIHSLIEESQNQQEKNEQELLELD,1
YCESPAAAMDAYYSPVSQSREGSSP,0
DCPNGPWVWVPAFCQAVGWG,1
DREINNYTSLIHSLIEESQNQQEKNEQELLELDKWA,1
GWFDIIKKIASEL,1
LPRRLHLEPAFLPYSVKAHEC,1
SWLRDIWDWICEVL,1
ATRAAAARLVGTAASRTPAAARH,0
VVMNSLRVILQAS,0
VTLLFKLYCLA,0
VIGAGVIGLSTALCIHERYHSVLQP,0
LEAIPMCIPPECLFGKPFVF,1
FFGKVLKLIRKIF,1
SWLRDLWDWICELLSDFK,1
PPISLERLDVGTNLGNAIAKLEAKELLESSDQIL,1
TPGSKISVIRSKRVIQANTISSCDIIISD,0
GICRCICGRRICRCICGR,1
LQVIIIGSRGVGKTSLMERFTDDTFCEACKS,0
PNAKQSILQKNPDDVVIVAAYRTA,0
ILPWKWPWWPWRR,1
IPQHRQWTELNSAHLPDKPSSMEQPTGESHGPLDSLRA,0
GIKEFKREFQRIKDFLRNLV,1
MFRKLLKMWILLRPTHWLILIALCAVTCAGYWLLWSE,0
VCYRNGIPCGESCVWIPCISAALGSCK,1
WRWRKRWRK,1
ALFLVALLAFLSLGSGCHHRLCHCSNGVFLCQDS,0
ATLANGMSLQPPLEEVS,0
TTWEAWDRAIAEYAARIEALIRAAQELQEKNEAALREL,1
FLSPVWQGPGLATGNGAGISSTN,0
ADIIMEKLTEKQTEVETVMSEVSGFPMPQL,0
RNRTPSDVKELVLDNCRS,0
CGSVFLVGQLFTFSPRHH,1
YTSLIHSLIEQSQNQQEKNEQELLELDKWASLWNWF,1
WDRGNVTLLCDCPNGPWVWV,1
VITIELSNIKENKCNGTDAKVKLIKQELDKYKNAV,1
LGNWAREIWATL,1
LRWRKRWRKLRWRKRWRK,1
PGHQLDDIPSTNVYRPPPRHEDDEAEHALLHQN,0
MKNCFQLLCNLKVPAAGFKNTVKS,0
GFLDIIEKIAKSW,1
RIPTGERVWDRGNVTLLCDC,1
RTRKRWRKRTRKRGRK,1
HCKFWH,1
IDISIELNKAKSDLEESKEWIRRSNQKLDSIGNW,1
VLGHLAGRPESSSALQAAPCSATFPQASAS,0
SALVKACPPILSTVGEGWGHHRVGTGEGAGISTKTPRP,0
SLFWAARPLQRCGQLVRMAIRAQH,0
KKLLKKLKKLLKKL,1
FIVVMNILALTLPFLAAEVQN,0
VSNGSPSLERMDARQAEHPKPSAC,0
MTTSLIWGIAIAACCCLWLILGIRRRQT,0
AGRGLCPHGARAKAAIP,0
ALARELEELNVPGEIVESL,0
SWLRDIWDWIREVLSDFK,1
RRKKAAVALLPAVLLALLA,1
PVSVSESLVAIITMCLVYMILK,0
PFATVDIQDDCGITDEPQINLKRS,0
CNCTNSSSSYSGTKMACPSNRG,1
MFATPLRQPTNASGARPAVSMDGQETPFQYEITD,0
VKNHERFFDL,0
GFNEIVQDIEDFLQNLV,1
LFKELHEGLADKS,0
IPAASGPFPPNREILSGSRAP,0
HLGRPSALQIVAHPVSGPASPANFCPEQFQYTLDNNVLSL,0
WMEWDREINNYTSLIHSLIEESQNQQEKNEQELLEL,1
KVDFLEENITALLEEAQIQQEKNMYELQKLNSWDV,1
KLKEAIRDTNKAVQSVQSSIGNLIVAIKSVQDYVN,1
PIDISIELNKAKSDLEESKEWIRRSNQKLDSIGNW,1
FYDPLVFPSDEFDASISQVNEKINQSLAFIRKSDE,1
GFKRIVQRIKDFLRNLV,1
WDREINNYTSLIHSLIEESQNQQEKNEQELLELDKW,1
VIVTERVLLLVAP,0
VALDPIDISIELNKAKSDLEESKEWIRRSNQKLDS,1
RRKKAAVAALPAVLLALLAP,1
PPDVHTPPHALWRLHLSLRVCLVRMWIH,1
PDYLLVPEEVMEYKPRRKRAAI,1
GRFKRXRKKXKKLFKKIS,1
LGNWAREIWATLFKKA,1
SYSMEHFRWGKPV,1
LLILTCLVASAVAMPKFPFRHTELFQTQRGGSSSSSS,0
YQLAIRMIYKNI,1
GIPCGESCVFIPCLTTVAGCSCKNKVCYRN,1
AQKDLWDAIVIGA,0
ASRLRAEAGLGALP,0
RAKVLTLDGMNPRVRRVEYAVRGPIVQRALELEQELRQ,0
SWLRDVWDWVCTILTDFK,1
VIKNIAHLCKRDRSKTWGKEGWKKVVV,0
SWLRDIWDWSCEVLSDFK,1
GSRLPCGLAP,0
NNMTWMEWDREINNYTSLIHSLIEESQNQQEKNEQE,1
AAHLIDALYAEFLGGRVLTTPVVHRALFYASAVLRQPFLAGVPSA,1
SFEHMVQGSNINLGNIVTFTQFVSVTLIQLPNAL,0
LAKHEMDQGSSSEESINVSQQKFKQVKKVAIHP,0
ESGEGLGRKKS,0
GADFQECMKEHSQKQHQHQG,1
SNFHSREKCLTGLVLVTLCFLCFGGIFLLPDNFGSDR,0
SRSLKAM,0
SCWALLGTTFGCGVPAIHPVLSGLSRIVNGE,0
RWRWRW,1
QLLDVVKRQQEMLRLTVWGTKNLQARVTAIEKYLKDQ,1
LLATVSGYFVSIDAHAEECFFERVTSGTKMG,0
IAWEAGKPLCIEEVEVAPP,0
ACGCPLYWKGPLFYGAGGERTGSVS,0
AGKVIKCKAAVLWELKKPFSIEEVEVAPPKAHE,0
IIMLDVDPRRPAPQLTSRPYFSPH,0
AVFGLGGVGLSVIMGCKAAGASRIIAVDIN,0
PAVSLAVCALLFLLWVRLKGLEFVLIHQRWVFVCLFLLP,0
WPGILVGGARVASCRYPALGPRLA,0
DLTSNNPHFHISS,0
LRKLRKRLL,1
LDSYDKFLVRNAASIGSIESTLRTVSYVLPGRFNDVE,0
PSDEFDASISQVNEKINQSLAFIRKSDELLHNVNA,1
LALVCLLLTLSSRDKGKL,0
PIDISIELNKAKSDLEESKEWIRRSNQKLDSIGN,1
YQLLIRMAYKNI,1
KPKQIKPPLPSV,1
LLLVAVFTVYVFFHGAQYARGSAPSPKYSTVLSSGSGY,0
RKVDFLEENITALLEEAQIQQEKNMYELQKLNSWD,1
GSVTAMTVFFPLDTA,0
HAKFWW,1
PAIQPVLSGLSRIVNGEEA,0
NITLGEWYNQTKDLQQKFYEIIMDIEQNNVQGK,1
KVAPGGPTGYPGNLTAEQEQKLGELKMILL,0
DGSGEQPRGGGPTSSEQIMKTGA,0
SFTTPEHDFTLFPHRNHSVTSESRIPSEQTLKSLTDI,0
AAVALARPKPPLRHQEHLQNEPDS,0
CDVIALLCHLNTPSFNTTHYRESWY,1
WMEWDREINNYTSLIGSLIEESQNQQEKNEQELLE,1
DNSKETVPPEIAKR,0
SMSATEFLLASVIFCLVFWVIRASRPQVPKGLKNPPGPWG,0
LLSALTLETWVLLAVILVLLYRLG,0
GIWSDLAEIIKKF,1
NNQEVIDAISQAISQTPGCVL,0
RAAQKADVLTTGA,0
SDIEKLKEAIRDTNKAVQSVQSSIGNLIVAIKSVQ,1
LEAIPMSIPPEVKFNKPFVF,1
IDISIELNKAKSDLEESKEWIRRSNQKLDSIGNWH,1
VALDPIDISIELNKAKSDLEESKEWIRR,1
WERKVDFLEENITALLEEAQIQQEKNMYELQKLNS,1
WEVGNYKRTVKRIDDGHRLC,0
ALSQYTSLSTELVLATAIFCIVFWVARALRTQVPKGLK,0
LLLLSLWKQSYGGGKLPPGPTPFPILGNILQIGI,0
RGGRLCYCRRRFCICV,1
LRKRKRLLRKRKRL,1
GICRCYCGRGICRCICGR,1
SIWRDWVDLICEFLSDWK,1
WNHGNITLGEWYNQTKDLQQKFYEIIMDIEQNNVQ,1
LLLGMRRRQTGEPPLENGIIPYLGCALQFGANPLEFL,0
LEAIPMCIPPECLFNKPFVF,1
KKVVEKNADPETTLLVYLRRKLGLCGTKLGCGEG,0
EPIVKSFHFVCLMIIIVGTRIQFSDGNEFA,0
ALWKTMLKKLGTMALHAGKAALGAAADTISQGTQ,1
TLGEWYNQTKDLQQKFYEIIMDIEQNNVQGKKG,1
EQGFPLDLGASFTEDAPR,0
YTSLIQSLIEESQNQQEKNEQQLLELDKWASLWNWF,1
KSHRDPYATSVGHLIEKA,0
ASGLLLAALLACLTVMILLSV,0
KKRKRRFLGFLLGVGSA,1
NLTETHNFSSTNLD,0
ELFSPIAIAVLGSCVL,0
RRKKAAVALLPAVALALLAP,1
ILGPVLGLVSRTLRRVLGIL,1
YTSLIHSLIEESQNQQEKNEQELLELDKWASLANWF,1
KWEYVLLLFLL,1
EAKQARSDIEKLKEAIRDTNKAVQSVQSSIGNLIV,1
QIWNNMTWMEWDREINNYTSLIHSLIEESQNQQEKN,1
LRKRKRLLK,1
GCSVGAEADRELEELLESA,0
LLFLCFHLRFCKVTYTSQEDLVEKKCLAKKYTHLSCD,0
RRKKAAVALLPAVLAALLAP,1
PPWCCCSPMKRASPPPAQSDLPATPKCPP,1
KPGAPFSIEEVEVAPPKAKEVRI,0
GEQSVGKTSLITRFMYDSFDNTYQATIGIDF,0
GIKCRFCCGCCTPGICGVCCRF,1
SWLRDIWDWICKVLSDFK,1
LWLGLALLGTLGVLQTPAQASLQPN,0
KWKLFKKIGIGKFLHAAKKF,1
YQLLIRMIYKNA,1
KVLTTGLPALISWIKRKRQQ,1
MEPSILLLLALLVGFLLLLVRGH,0
GEVNKIALLSTNKAVVSLSNGVSVLTSKVLDLK,1
GVCRCICGRGVCRCICRR,1
APARRVLQVKRVMQESSLSPAHL,0
GVCRCICGRGVCRCICGR,1
GLPICGETCVGGTCNTPGCSCSWPVCTRN,1
GGPTLGNWAREIWATLFKKA,1
YQDVNCTDVSTAIHADQLTP,1
SPPDRLSVFAESAHLPLSRPFYLDPMVTVHLCPETPVPA,0
VGRVAAAPASGALRRLTPSASLPPAQLLLRAAPTAVH,0
YTSLIHSLIEESQNQQEKNEQELLELDKWASLWNSF,1
QRIRSFPDFPTPGV,0
GSILGFLQIATVLTVLLLLLK,0
ILSVFKTAKTGVLNAAAHRYRGFSKAGVRLMSVKAQTAN,0
LPGGLRVLVQTGH,0
KQARSDIEKLKEAIRDTNKAVQSVQSSIGNLIVAI,1
RRKKAAVALKPAVLLALLAP,1
LSYRCPCRFF,1
RRKKAAVALLKAVLLALAAP,1
LLSLWRQSS,0
NYTSLIHSLIEESQNQQEKNEQELLELDKWASLWNW,1
SWLRDIWDWGCEVLSDFK,1
ALWMTLLKKVLKAAAKAALNAVLVGANA,1
EDLIWK,1
STGCVIAGRLANVDENLKVLLIENGENNLN,0
YTSLIHSLIEESQQQQEKNEQELLELDKWASLWNWF,1
FPSDEFDASISQVNEKINQSLAFIRKSDELLHNVN,1
KTHINIVVIGHVDSGKSTTTGHLIYKCGGIDKRTIEKF,0
TTWEAWDRAIAEYAARIEALIRALQEQQEKNEAALREL,1
RRKKAAVALLKAVLLAALAP,1
TSSSDAQQSLQSFW,0
GYFVQDDGEWKFTGSSYYY,1
TAQWSVEDEEEAVHEQC,0
WTVQAMDPNAAYVNMSNHHRG,0
LLFLSLWRPSSGRGKLPPGPTPLPI,0
VYINKLTPPCGTMYYACEAV,1
HCKFWG,1
YTSLIQSLIEESQNQQEKNEQELLELDKWASLWNWF,1
TTWEAWDRAIAEYAARIEALIRALQEQQEKNEAILREL,1
VEENMKKLEERLKKREELFKKQEEWFKKWFERSKKFT,1
LPGGGASLGAAREHVQAVTRNYITHPRITYRT,0
NKIALLSTNKAVVSLSNGVSVLTSKVLDLKNYI,1
FKCRRWQWRM,1
RSVKGLVALITGGASGL,0
APATPPRPLKRKKLQFTDVTPESSP,0
KWKVFKKIEKMGRNIRNGIVKAGPAIAVLGEAKAL,1
TTWEAWDRAIAEYAARIEALIRAAQEQQEKLEAVLREL,1
RRKKAAVALLAVLLALLA,1
ERKVDFLEENITALLEEAQIQQEKNMYELQKLNSW,1
FKRIVQRIKDFLR,1
QTQTCEAEKCEMV,0
DTARIAVVGAGVVGLSTAVCISKLVPRCSVTII,0
AYQRALAAHPWKVQVLTAGSLMGLGDIISQ,0
PISLERLDVGTNLGNAIAKLEAKELLESSDQILR,1
EWYNQTKDLQQKFYEIIMDIEQNNVQGKKGIQQLQ,1
EGPTLGGWAREIWATLFKKA,1
ACYCRIPACIAGERRYGTCIYQGRLWAFCC,1
NDEVEFVRTGYGKDMV,0
GIGKFLKKAKKGIGAVLKVLTTGL,1
EANKPLVIEEIEVDVPHANEIRIKII,0
GLRVFQSVKIKIGEAKNLPSYPGP,0
AIKWEYVLLLFLL,1
VVILASLSVMFLVSLWQQKIRERLPPGPTPLPFIGNY,0
SWLRDIWDWLCELLSDFK,1
VYRFFTRLGQIYQSWLDKSTPYTA,0
AKNIKKGPAPFYPLEDGTAGEQLHKAMKRYALVPGTIA,0
EGPGLGNWAREIWATLFKKA,1
RTASRASAWVGNP,0
DSHKSTTSETAPQPGSAVQGAHIS,0
VFAAECILSKRLRKGKLEYLVKWRGWSSKH,0
TAKYIPVHYVLSNYPHYEPSYY,0
WNNMTWMEWDREINNYTSLIHSLIEESQNQQEKNEQ,1
DEDEKKSRGSKLG,0
RLRNPPVNAISTTLLRDIKEGLQKAGRDHTIKAIVIC,0
TAAVALVEAKQARSDIEKLKEAIRDTNKAVQSVQS,1
SFLIVP,0
YKPRRKRAAIHVMLALATVLSI,1
TTPKFTVAWDWVPKR,1
GLASTLTRWAHYNALIRAF,1
KHPIKHQGLPQE,0
IALLSTNKAVVSLSNGVSVLTSKVLDLKNYIDK,1
FFHHIFRGIVHVGKTIHRLVTG,1
AALYKKKIIKKLLES,1
SWLRDLWDWICEVLSDFK,1
RRSPSPTPTPGPSRRGPSLGASSHQHSRRRQGWLKEIR,0
DPIDISIELNKAKSDLEESKEWIRRSNQKLDSIG,1
VSIAGTLLTVFFLTRLVLSF,0
MLAKGLSLRSVLAKGCQPFLSPTWQSSVLATGGGANIS,0
TELLLAITVFCLGFWVVRALRTQVP,0
YTSLIHSLIQESQNQQEKNEQELLELDKWASLWNWF,1
KLDFLGEGQFATVYKARDKNT,0
RPVPHRSKVCRCLFGPVDSEQLRRD,0
TIWRNQHTYKMATSASANLSKIVKKNYMELPQDGKVQ,0
RRGFPRLAETLQHPMCPLPLVASAGHHRHHRLLLL,0
GYCRCICGRGICRCICGR,1
NVQGKTGIQQLQKWEDWVRW,1
TKCRRWQRNMRKVRGPPVSCIKRDS,1
SWLRDIWDWICEVLSDFKTW,1
PTTFMLKYDENGTITDAVDC,1
NLRKFKSKLGDRRQEPRVTKSAIEKL,0
RRKKVLLALLAP,1
GYGNYGYANSGYN,0
YVSGKARGWFYRHHYESPHPRISSEVHIPLGDARLV,1
MFVTDFRKEFYETVHNQRVLLFVASDVD,0
TSLIHSLIEESQNQQEKNEQELLELDKWASLWNWFN,1
MTISLIWGIAMVVCCCIWVIFDRRRRKAGEPPL,0
CYCRIPACIAGERRYGTCIYQGRLWAFCC,1
MDIEAYYQRIGYKNPRNKLDLESLTDIFQHQIRTVPYEN,0
IGVFKNIEYMCSRTSSKTWGKDA,0
EGPTLGNWAREIWGTLFKKA,1
CVKLNDGHFMPVLGFGTYAPPEVPRSKALEVTKLA,0
LRTRKRGRKLRTRKRGRK,1
CLLLFSVWRQSSG,0
KPVSLSYRCPCR,1
PLTATNSGLAVNN,0
RNLRSIQMPRARTFS,0
RARRSLLIASALCTSDVAAATNADLRTALARADHQKTLFWL,1
TVLSPPQRFKRILQAMMLAVAVV,0
LEAIPMSCPPEFCFGKPFVF,1
AEPERRNIKYL,1
RHVGLLCATGPQRWRF,0
SKGTSHEAGIVCRITKPALLVLNHET,0
TFCGETCRVIPVCTYSAALGCTCDDRSDGLCKRNGDP,1
GLFGVLAKVAAHVVPAIAEHF,1
GCPVSDPFTTQRIPLDSTGY,0
IVMVGDGGVGKSAMTIQFIQSTFV,0
SLLLAGFIPPSQGQEKSKTDCHAGVGGTIYEYG,0
LEAIPMSIPPELAFAKPFVF,1
IKWEYVLLLFLL,1
WMEWDREIEEAAKKLEEAAKKLEEAAKKLWASLWNWF,1
KIALLSTNKAVVSLSNGVSVLTSKVLDLKNYID,1
EGPTLGNWAREIWATLFKKG,1
TARLQLEARLQHLVAEILEREQSLALHALGYQLAFV,1
FYLTAETWTLLVAFVTLLLIYAYWPYGTFKRLGIPG,0
YQLLIRMIYKNI,1
IQLLFYVNGQKVVEKNVDPEMMLL,0
IFSLYLMLDRGHLDYPRGP,0
MRRTGAPAQADSRGRGRARGGCPGGEATLSQPP,0
PNFSMETWLLLV,0
GIKYFSMVGNWAKVLVVL,1
RWRKRWRWRKRWRWRKRW,1
ITLGEWYNQTKDLQQKFYEIIMDIEQNNVQGKKGI,1
PHKPFTIEDIEVAPPKAHEVRIKMVATGVCRSDDHA,0
FSVGPTSPSAVVLLYSKELK,0
GIGKFLHSAGKFGKAFVGEIMKS,1
LDAASPGPLALLGLLFAATLLLSALFLL,0
GLRRLLGRLLRRLGRLLLR,1
AASVNDEQHQRIIKYGRALVLDIVEQ,0
SLERLDVGTNLGNAIAKLEDAKELLESSDQILRSM,1
ILTCLVAVAL,0
LGPPISLERLDVGTNLGNAIAKLEAKELLESSDQ,1
RNSYRKSPSRRNR,0
TKCFQWQWNMRKVRGPPVSCIKRDS,1
SLIHSLIEESQNQQEKNEQELLELDKWASLWNWFNI,1
GSWLRDIWDWICEVLSDFK,1
SRISNRLSSSATRT,0
HNNYKKNDELEFVRTGYGKDMVK,0
AVLVLVFILSSLVFLSLWRQSSERRKLPPGPTPLPII,0
HNGPAHWHEHFPIANGERQSPIA,0
CGESCAMISFCFTEVIGCSCKNKVCYLNSIS,1
SSGLYHVTNDCPNSSIVY,1
KHMHWHPPALNT,1
AWGLRLGRGVG,0
RKVLILTLVVAACGFVLWSSNGR,0
CATCQIADSHRSHRQMV,1
YTSLIHSLIEESQNQQEKLEQELLELDKWASLWNWF,1
LHRIDLGPPISLERLDVGTNLGNAIAKLEAKELL,1
LEAIPCSIPPCVLFNKPFVF,1
SCLLSLLLAGFVSQSRGQ,0
TTWEAWDRAIAEYAARIEALIRALQELQEKNEAALREL,1
NQTKDLQQKFYEIIMDIEQNNVQGKKGIQQLQKWE,1
VMRNIAHFCSRSKSRVWGKDGWQKIVVCIVADG,0
YDPLVFPSDEFDASISQVNEKINQSLAFIRKSDEL,1
AQITAAVALVEAKQARSDIEKLKEAIRDTNKAVQS,1
VSALSSTRLPGSFSGFLQAAALLGLL,0
VALDPIDISIELNKAKSDLEESKEWIRRSNQKLDSI,1
GNVKKSSGAGGGTGSGGSGSGGLIG,0
GRFKRFRKPFKKLFKKIS,1
FSNQPPVHRSPFEDPYPEDQPHFD,0
LLQRARLAEQAERYDDMASAMKAVTELNEPLS,0
ILKEQRQKGSASTLSSNGILDLKPVSEDNFYKWTAKL,0
RGGCWPRGLQQLLVPGG,0
SQTHGIQQLLAAE,0
VETWLLLAVSLVLLYLYGTRTHGLFKRLGIP,0
RRKKAAVALLPAVKLALLAP,1
IVAMGMILMAGICPAVLCFPDGTKEMDIVFHEHQDNG,0
VFAVESIEKKRIR,0
EWERKVDFLEENITALLEEAQIQQEKNMYELQKLN,1
LEAIPMCIPPECFFNKPFVF,1
MKATILLAVVVAVIVGVQEAQSVACRSYYCSKFCGSAGCSLYGCYLLHPGKICYCLHCSRAESPLALSGSARNVNDKNNEMDNSPVMNEMENLDQEMDMF,1
RKKLAVLLALLA,1
LLVCLTVMVLMSVWQQRKSKGKLP,0
SWLRDIWDWICELLSDFK,1
ALLASALCTFVLPLLLFLAAIKLWDLYCVSG,0
GWFDVVKHIAKRF,1
AAALGPGVLQATRAFHTGQPRLAPLPPLPEYGGK,0
FLASYPQKCPAGSLPGTPGNTDE,0
TPTSPSSPGLSPVPPPDKVDGFSRRSLRRARPRR,0
AVALVEAKQARSDIEKLKEAIRDTNKAVQSVQSSI,1
TKDLQQKFYEIIMDIEQNNVQGKKGIQQLQKWEDW,1
PPISLERLDVGTNLGNAIAKLEDAKELLESSDQIL,1
RDIVNLKKSEFWNKGGPAWQKI,0
YTSVITIELSNIKENKCNGAKVKLIKQELDKYK,1
VDFLEENITALLEEAQIQQEKNMYELQKLNSWDVF,1
AARQIGSCLMRCRTLDTTSP,0
RMIYKNILFYLVPGPGHGAEPERRNIKYL,1
RRLVLQARTYAQAAASPAPAAGPGQMSFTFASPTQVFF,0
NLGPPSFPHHRATLRLSEK,0
AGLCSLVTSHLTEEIQASNDT,0
AIRDTNKAVQSVQSSIGNLIVAIKSVQDYVNKEIV,1
DHLLSAVENELQ,0
FTCLLAVALAKNGIEQRSASEEI,0
LTNAEEFTPKVTKTIAQDSFDILSFDD,0
GDPTFCGETCRVIPVCTYSAALGCTCDDRSDGLCKRN,1
MMSFLPYFSAETWTLLALLITLIVVYGYWPYGVFT,0
GIGKFLHSAKKFGKAFVGEIMNS,1
RWRKRWRKWRWRKRWRK,1
SFPVNRFNIADNTPPTLDF,0
LLYTCLLWLLSSGLWTVQAMDPNAAYMNTSRHHRVLA,0
FLVSSCSPLENDDLFLVQVEPEVDPVVAAEAIGAKYV,0
LVTPPKALLKPLSIPNQ,0
LKEAIRDTNKAVQSVQSSIGNLIVAIKSVQDYVNK,1
IELFNAFPSLLRHFPGSHNTIFKNMTEQRK,0
ADRDQYELL,1
VARTGSCPLSAL,0
SWLRDIWRWICKVLSRFK,1
IWNNMTWMEWDREINNYTSLIHSLIEESQNQQEKNE,1
GFKDLLKGAAKALVKTVLF,1
VKLLKKDPGNEVKLRLYALYKQATEGT,0
VFQFLGRIIHHVGNFVHGFSHVF,1
SIELNKAKSDLEESKEWIRRSNQKLDSI,1
CSAYKLVCYYTSWSQYREGDGSCFPDALDRFLCTHIIY,0
NNSVALDPIDISIELNKAKSDLEESKEWIRRSNQK,1
AAAAAAAAAGETS,0
SWLRDIWDWICEVLSDFKT,1
RLGLWASGLILILGFLKLLRLLLRRQRLARAMD,0
YHGRGDGYD,0
SAGCKVITSWDQMCIEKEANKTYNC,0
ALPACGLPSARHNSSMPVVRQALSPDNSSTVQNF,0
SVLVKGCQPFLSAPRECPGHPRVGT,0
LEAIPMSIPPEIAFNKPFVF,1
HCKFWW,1
FLEENITALLEEAQIQQEKNMYELQKLNSWDVFGN,1
LQKWEDWVRWIGNIPQYLKG,1
EGPTLGNWAREIWATGFKKA,1
SWLRDVWDWVCTVLSDFK,1
KYEDCEDRHDGTSNGTARLPQLGTVGQSPYTSAPPLS,0
WMEWDREINNYTSLIHSLIEESQNQQEKNEQELLE,1
PVSLSYRCPCRFFE,1
VFQFLGKIIKKVGNFVKGFSKVF,1
LLLLSWVALGPRSLEGADPGTPGEAEGPACP,0
QYLRIRTVQPEPDYGAAV,0
AVRSGNAAASSTP,0
QARSDIEKLKEAIRDTNKAVQSVQSSIGNLIVAIK,1
SWLRDVWDWICTVLTDFK,1
HAQKQLSKTSWDFIEGEADDGITYSENIAAFKRIRLR,0
AVEFLLDQSIADSPLAKKVEFLESKGLTQ,0
QLTGCENDERFFNDKTIKYIP,0
RPAHPLDPLSTAEIKAATNTVKSYFAG,0
HCKFWV,1
PLVFPSDEFDASISQVNEKINQSLAFIRKSDELLH,1
RRKKAAVALLKAVLLALKAP,1
SWLDRIWRWICKVLSRFE,1
ARATCYCRTGRCATRESLSGVCEISGRLYRLCCR,1
CNAPGCGQRFTNEDHLAVHKHKHEMTLKFGPARTDS,0
RLTRKRGLK,1
GFCRCICTRGFCRCICTR,1
SKEKIGKEFKRIVQRIKDFLR,1
GRFKRFRKKFKKLFKKIS,1
YPGPARPSSLGLGPPTYAPPGPAPAPPQYPDFAGYTH,0
SDTGSKAPPTFKVSLMDQSVREGQDVIMSIRVQGEPKPV,0
PIHYVLSRYPSXGLNYYQHRLAA,0
LIHSLIEESQNQQEKNEQELLELDKWASLWNWFNIT,1
SRVNDQSQASRNGLKGKVLTLDTMNPCV,0
LRVKRAMQEASFMPPLLPPAAHQRFSTVPAVP,0
GYHLMSFPQAAPHGVVFLHVTW,1
EGPTLGNWARGIWATLFKKA,1
SWRLIDWDWICEVLSDFK,1
YNQTKDLQQKFYEIIMDIEQNNVQGKKGIQQLQKW,1
EKKCPGRCTLKCGKHERPTLPYNCGKYICCVPVKVK,1
GVIPCGESCVFIPCISAAIGCSCKNKVCYRN,1
TMKSTVLLSVFTVLATWAGLLEAHPLGD,0
YAKPGAVRSPAQILQWQVLPNTVPAKS,0
ARPRLDLQLVQRFVRIQKVF,0
ASDSEEEVCDERTSLMSAESPTPR,0
VPYSWSWQVSLQYEKDGA,0
NNLLRAIEAQQHLLQLTVWQIKQLQARILAVERYLKDQ,1
RGIRGSSAARPSGRRRDPAGRTTETGFNIFTQHD,0
CVPADINKEEEFVEEFNRLKTFANFPSG,0
PSVYGFPAFTSATEL,0
DGGWGWVVLGACFVV,0
EGPTLGNWGREIWATLFKKA,1
YTSLIHSLIEESQNQQEKNQQELLQLDKWASLWNWF,1
FHNQKQVTRGFAGGVKTVTLIPGDGIGPEISA,0
DLGPPISLERLDVGTNLGNAIAKLEAKELLESSD,1
GAAGERKLCLLSLLLIGA,0
GIGTKILGGVKTALKGALKELASTYAN,1
YTSLIHSLIEESQNQQEKNEQELLELDKWASLWNAF,1
TTWEAWDRAIAEYAARIEALIRAAQELQEKLEAALREL,1
RTRKGRK,1
HFLLVVNILAVTLPFLAADIQNQEQTTCRE,0
GRRMDVTSSSASVRAFLQRGHTE,0
RKLESGGGGEGGEGTEEEDGAEREAALERPRR,0
GPWVWVPAFCQAVGWGDPIT,1
LWARSKNDQLRISFPPGLCWG,0
FLLLMSLYLLGSARGTSGQSDESSGSIDHQT,0
IPPSAKYGGILTVTMSPGDG,0
YETSRKTSYIFQQPQHGPWQTRMRKISNHGSLRV,0
FKCRRWQWRMKKLGA,1
PWCDAEHRDIVNLKKSEFWNKGGPAWQKIVVCLVFDGIDP,0
MSMLHLLAGIHSAPLASASVCS,0
LTADFREDGDSRKVNLGVGAYRTDEGQPWVLPV,0
RRCICTTRTCRFPYRRLGTCIFQNRVYTFCC,1
EWDREINNYTSLIHSLIEESQNQQEKNEQELLELDK,1
VANDPIDISIELNKAKSDLEESKEWIRRSNQKLDSI,1
PISLERLDVGTNLGNAIAKLEDAKELLESSDQILR,1
DTSVLLLLAVLLSFLLFLVRGHAKVHGHLPP,0
ASRQLLVAPPEAL,0
MISNGIGTVTTGKRSMCLFPLLLIGLWGC,0
PGRSRSAADDINPAPANM,0
LLLVSAVFCLVFWAVRASR,0
DESLESTRRILGLAIESQDAGIKTIT,0
WGCRGRRWAFARVDGGSCHRRGAPTGSTSNQIR,0
HRIDLGPPISLERLDVGTNLGNAIAKLEAKELLE,1
AASRLRVESELGSLPKRALAQYLLL,0
HGVSGHGQHGVHG,1
DLGPPISLERLDVGTNLGNAIAKLEDAKELLESSD,1
SGSGSRGQEEAGAGGRARSWSPPPEVSRSAHVPSLQR,0
YQLLIRMIY,1
RHSDENDGGQPHKRRKTSDANETED,0
TLKDITRRLKSIKNIQKITKSMKMVAAAKYARAE,0
VRSVRAAVGGLRAISAPSAPCLPRPWGLRAG,0
SGSRIHVFKWQDTE,0
AVIGAGVIGLSTALCIHERYHPTQPLHMKIYADRFTPFTT,0
LVEMVQALYEAPAYHLILEG,0
WRWRKRWRKWRWRKRWRK,1
STAVCISKMVPGCSITVISDKFTPETTSDVAAG,0
HCAFWW,1
LPRRLHLEPAFLPYSVKAHECC,1
TILVPTLSE,0
RGGRLCYCRRRFCVCVGR,1
NNYTSLIHSLIEESQNQQEKNEQELLELDKWASLWN,1
FQNAQMSEDNHLSNTV,0
MYYKFSSFTQKLAGAWASEAYTPQGLKPV,0
RWRKRGRKRWRKRGRK,1
KNKKPTLILKIHVIQAENIEALKTFNC,0
SYRCPCRFFES,1
HCKFWR,1
SRFSVGSASPSSVLLYAKDL,0
PSETAVPPPHPIPPDGGWGWVVV,0
DEFDASISQVNEKINQSLAFIRKSDELLHNVNAGK,1
IFIVFSVFNFGGDPSFQRLNISDPLRLTQVCTSFI,0
FKCRRWQWRMKKLGAPSITCVRRAF,1
LEAIPISIPPEVFFGKPFVF,1
AVAAPEGGNKENAAVKGSSKVKV,0
ALWMTLLKKVLKAAAK,1
LLLPEAAAERDAREKLALWDRRPDTTAPL,0
AAGLPGAALPLRKRPLRAPSPEPAAPRGAAGLVV,0
VEKTLTALPGLFLQNQPG,0
ILLSIWRQSSGRGKLPPGPIPLPIIGNIFQ,0
QLLIRMIYKNILFYLVPGPGHGAEPERRNIKYL,1
LLGDLLRKSKEKIGKEFKRIVQRIKDFLRNLVPRTES,1
ARTLNNKLSLSKPKFSGFT,0
LPPDGGWGWVVVCASFISIGFSYAFPKAVTVFFKDIQ,0
SCPIDKRRPLIAFLRRLRD,0
GWFEGWFNRSPWFTT,1
LHRIDLGPPISLERLDVGTNLGNAIAKLEDAKELL,1
LFLAAVRLWDLYCASGRDPSCPLP,0
GKVIKCKAAVLWEANKPFSLEEVEVAPPKAHEVRIKIVAT,0
YTSLIHSLIEESQNQQEKNEQELLQLDKWASLWNWF,1
RRKKALLPAVLLALLAP,1
TGCCIAGRLANLDDQNLTVAL,0
NEYHGFVDKANNENKRKKQQGRDDFVVKPNNFANRRRKDDYNENYYDDVDAADVV,1
DDREDLVYQAKLAE,0
RTPSDVKELVLDNCRSNEGKIEGLTDEFEELEFLSTINV,0
ALGEVEDEGLLASLFRDR,0
RVDHLLSAVESELQAGSEKGDPTERELRVA,0
VSVSEGLVAIVTLCLVYMLM,0
PPMPSAPPVHPPP,0
KMQGSRMDEQRCS,0
TTWEAWDRAIAEYAARIEALIRALQELQEKLEAILREL,1
CPRLSLRPQVPAVRRLGTGSLLLSARKFTDKHE,0
EMCILIDENDNKIGADTKKNCHLNENIDKGLLHRA,0
ALVGATFGCGVPTI,0
LSFKDRVVVITGA,0
LLLALTTGFLIFLVSQSQPKTHGH,0
RRKKAAVALLPAVLLALL,1
SGTKMACPSNRGILRNWYNP,1
GLRSRIWLWVLLMIWQESNRFKRM,1
LPLPAPSFHRTT,1
IDLGPPISLERLDVGTNLGNAIAKLEAKELLESS,1
QQLSSLSTQQTTLLLLF,0
NMTWMEWDREINNYTSLIHSLIEESQNQQEKNEQEL,1
TVDTASAVRTPYDKARVFADLSPQEIKAVHSFLMNREEL,0
GTKWLTEWIPLTAEAEC,1
QYVLSRYPSYGINYYQHRPVALTNSQF,0
TGALKINNLRLVTLEHQVLV,1
SWLRDIWDWIEEVLSDFK,1
IFILGYLLSPTLQQYQQIPPRDYENKNYFLVELNTTN,0
PTVAPGEV,0
ERVFAAEALLKRRIRKGRMEYLVKWK,0
QRGLFPAILNLASNAHISTNATCGEKGPEMFCKLVEH,0
EVNKIALLSTNKAVVSLSNGVSVLTSKVLDLKN,1
SWLRRIWRWICKVLSRFK,1
GFIFHIIKGLFHAGKMIHGLV,1
LRWRKRWRKWRWRKRWRK,1
GIPCAESCVWIPCTVTALVGCSCSDKVCYN,1
VIAGGXAAIIG,1
QAQPVLVFKLTADFREDPDPRKVNLGVGAYRTDDS,0
KTTSSIEFARLQFTY,1
NLFSALSLDTWVL,0
FLCLLRFCFSATR,0
LARRHLSSAPEGLKQTPLDALHRARGGRMVPFAGWSL,0
GICRCICGRGICRCYCGR,1
PVDFKDKVVIITGAGGGLGKYYSLEFAKLGAKVVVNDLGG,0
WMEWDREIEALAKAAEALAKAAEALAKAAWASLWNWF,1
WYNQTKDLQQKFYEIIMDIEQNNVQGKKGIQQLQK,1
VVCACRRALCLPLERRAGFCRIRGRIHPLCCRR,1
TTWEAWDRAIAEYAARIEALIRAAQEQQEKLEAALREL,1
VRACHKVCRCLLSGFGGRVDAGQPELLTER,0
GLRSKIWLWVLLMIWQESNKFKKM,1
AAAGGGGGGAAGRAYSFKVVLLG,0
RRWRKRWRKRRWRKRWRK,1
YTSLIHSLIEESQNQQEKNEQQLLELDKWASLWNWF,1
RRKKLPAVLLALLAP,1
GVPCGESCVFIPCITGVIGCSCSSNVCYLN,1
GFLSILKKVLPKVMAHMK,1
ENGPDQWSKLYP,0
KSLEECLEKHLPLPDLQEVKRVLYGKELRKLDLPREAFE,0
VMGHGLCPQGARAKAAIPAALRDHEST,0
DNVKFLKVKKDPQNPKKQEVMEATVTCLLEGGF,0
EELAKKAEELAKKAEELAKKAEELAKKAWASLWNWF,1
KIPCGESCVWIPCVTSIFNCKCENKVCYHD,1
TKCFQWQRNMRKVRGPPVSCIKRDS,1
SGSWLRDIWDWICEVLSDFK,1
MTWMEWDREINNYTSLIHSLIEESQNQQEKNEQELLEL,1
KVDISSQISSMNQSLQQSKDYIKEAQRLLDTVNPSL,1
RRKKLLPAVLLALLAP,1
CQNGRRANRTVRFARTA,0
GEWYNQTKDLQQKFYEIIMDIEQNNVQGKKGIQQL,1
FDASISQVNEKINQSLAFIRKSDELLHNVNAGKST,1
CGACTCGAAAARLLTTS,0
TRATSLGRPEEEEDELAHRCSSFMAPPVT,0
KQTENLADTY,1
MTWMAWDRAIANYAALIHALIEAAQNQQEKNEAALLEL,1
ALIQKLNSDPQFVLAQNVGTTHDLLDICLKRATVQRA,0
FLVSIAGLLYALVQLGQPCDCLPPLRAAA,0
KNDFAALQAKLDADAAEIEKWWSDSR,0
GTACGESCYVLPCFTVGCTCTSSQCFKN,1
VVVLTCLSVMIIMSVWRQRRLLRKMPPGPTPLPFIGN,0
WEYVLLLFLL,1
QYGSFCTQLNRALSGIAAEQ,1
SWLRDIWDWACEVLSDFK,1
KPLGLLKPSSLMKVSGRFKAHQDA,0
LQSNSSQEKTLKERFSEIYPIHAQDVRQFVKEHGKTKISD,0
EGGTLGNWAREIWATLFKKA,1
SPVFSMRTMHANLAHRGIF,0
HCKAWW,1
LGAGPAPLLQ,0
DWSTYYGEPECYTSV,0
LFRLIKSLIKRLVSAFK,1
LCTSGLWTAQASTNESSNSHRGLAPTNV,0
ASPTQTPPTTSTIRVARRSRVALVAM,0
YPGHITGHRMANMMMNW,1
HLGRPSAPTIVAQPVSGLASPASFQPEQFQYTLDNNVLT,0
HEFVPLEVYTRHEIK,1
LLWRKVAGATVGPGPVPA,0
KIPCGESCVWIPCLTSVFNCKCENKVCYHD,1
LEAIPCSIPPECLFGKPFVF,1
SRLLHGQIPCVLTRSVHSVAIVGAPF,0
FSPQRDRFQAEGS,0
KRWRKRWRKKRWRKRWRK,1
GIGAVLKVLTTGLPALISWIKRKRQQ,1
SSVITSLGAIVSCYGKT,1
CGRLLLRRQRRRAHQN,1
QQEKEFLESYPQNCPPDALPGTPGNLD,0
LRKRKRLRK,1
PRPPSKTYRGAFQN,0
AFKSMEVANFYYEADCLAAAYGGKAAPAAPPADRPGPR,0
LSIETWVLLVTSLVLFYIYGTYSHGLFKK,0
SWLDDIWDWICEVLSDFE,1
STEGVPLSETNNRSHATPSAQYCQMTVEETCS,0
ALDPIDISIELNKAKSDLEESKEWIRRSNQKLDS,1
AGAGTGATAIGMVTQYHQVL,1
SVALDPIDISIELNKAKSDLEESKEWIRRSNQKLD,1
PIFPDSARLPLTRSFYLEPMVTFHVHPEAPVSSPY,0
AAAALRARILQVSSKVN,0
LHSSSSFSSQAVMMTKPMQEHKKEY,0
FVQTRAASIISDRDVEVDISLTR,0
EFGVLLLLTLTVG,0
WQEWEQKITALLEQAQIQQEKNEYELQKLDKWASLWEWF,1
WEPKKPFSIEEVEVAPPKAHEVRIKILAT,0
AALPMLWTGLVLLGLLGFPQTPAQGHDTVQPNFQQ,0
PCDPGPQKFFSFGTKTLYQSIDAPQSKFF,0
ISRGLLLLAALCCLAPSFL,0
SFAIKWEYVLLLFLL,1
VYTDKVDISSQISSMNQSLQQSKDYIKEAQKILDTV,1
RRWRKRWRKWRWRKRWRK,1
IGLKVEAMEKFLYTAFAMQE,1
NSVALDPIDISIELNKAKSDLEESKEWIRRSNQKL,1
YTSLIHSLIEESQNLQEKNEQELLELDKWASLWNWF,1
DQHIKYTSHNKAGFIIDEE,0
LDAITSKNPDDVVITAAYRTA,0
WVWVPAFCQAVGWGDPITHW,1
TTWEEWDREINEYTSRIESLIRESQEQQEKNEQELREL,1
MDIEAYFERIGYNNPVYTLDLATLTEVLQH,0
IKCRAAVLWEKNKPFSIEEVEVAPPKAYE,0
GERKNNNKRWYFTREQLENSPSRRFGVDPDKE,0
CVDYFAADVLMAISSGAVVHR,0
KAEVCMAVPWLSLQ,0
LVLLTVQNSALILTLNYSRIMPGYD,0
TSVITIELSNIKENKCNGTDAKVKLIKQELDKYKN,1
ALWKTLLKKVLKAAAKAALNAVLVGANA,1
TSQNIRS,1
PNGPWVWVPAFCQAVGWGDP,1
RRKKAAVALAPAVLLALLAP,1
LLALSLVLLYRYATYSHGFFKKLGIPGPKPLPLFGNVLS,0
TALARHKFHLGHLKLTQEQPESS,0
QLLIRMIYKNI,1
RRLHLEPAFLPYSVKAHECC,1
LLGDFFRKSKEKIGKEFKRIVQRIKDFLRNLVPRTES,1
SSSSSCYLEEALQRPVA,0
VRDNMAKLRERLKQRQQLFDSQQGWFEGWFNRSPWFT,1
GRVRSRCPGPALLLLLALAARPALAGPPAAALQ,0
GMASKAGAIAGKIAKVALKAL,1
SWLRDLWDWLCEVLSDFK,1
DSEGLTTQWREEDEEEA,0
GLLGLLGSVVSHVVPAIVGHF,1
DIEAYFERIGYKNSVNKLDLATL,0
SWVEENRASFQPPVCNKLMHR,0
DSPDPMNGASSNALIAKMNSAKLLYQHY,0
LEAIPCSIPPCVFFNKPFVF,1
TIILGGAWWTSAMDTKLQTKMKEIIDQHTSTWTPVVS,0
SRCWFLAWNPAGTLLASCGGDRRIRIWG,0
EGPTLGNWAREIWATLFKKA,1
HCKFWY,1
LGRPSAGAVVAHPTSGTISSASFHPQQFQYTLD,0
RSDIEKLKEAIRDTNKAVQSVQSSIGNLIVAIKSV,1
GSLSGTPGNLDSEQEAKLKEFRELLESLGTKERL,0
QRRQNDSSVFLAIMVAAAVES,0
ERYDDMAACMKSVTEQGAELSNEER,0
GIWDTIKSMGKVFAGKILQNL,1
EELNASGETVESLSSSEESITHIS,0
IAWEAGKPLSIEE,0
RPLRRVVLFYQGKLCSMAGNFWQSSHYLQW,0
SCASRCKGHCRARRCGYYVSVLYRGRCYCKCLRC,1
PEYDYLFKLLLIGDSGVGK,0
AVGIGALFLGFLGAAGSTMGARSMTLTVQARQL,1
KKGILERLNAGEVVIGDGGFVFAL,0
FLVEQMWAPLWSRSMRPGRWCSQRSCAWQTSNN,0
SHLELNNGTKMPTLGLGT,0
AEGIGALFLGFLGAAGSTMGARSMTLTVQARQL,1
CTMCRYQQNCFTRRLIVGGMLLVFV,1
GTKWLTEWIPLC,1
SDEFDASISQVNEKINQSLAFIRKSDELLHNVNAG,1
LEGEVNKIALLSTNKAVVSLSNGVSVLTSKVLD,1
PTLGNWAREIWATLFKKA,1
DWLRIIWDWVCSVVSDFK,1
SWLWEVWDWVLHVLSDFK,1
RCGGGARACRRACRCWLSGY,0
LEAIPCSIPPEFLFGKPFVFLEAIPCSIPPEFLFGKPFVF,1
SEVSASAIVPCLSPPGSLVFEDFANLTPFVK,0
GTKALTEVIPLTEEAEC,1
VDREQLVQKARLAEQAERYDD,0
RRKKAVALLPAVLLALLAP,1
LSITRGLLLLAALCCLAPIS,0
RRKKAAVALLPAVLLALLAP,1
MLRKLWRRKLFSFPTKYYFLFLAFSVVTFTVLRI,0
IDLGPPISLERLDVGTNLGNAIAKLEDAKELLESS,1
WEEKKPFSIEEVEVAPPKAHEVRIKMVA,0
ALWKTLLKKVLKAAAK,1
GIKEFKRIVQRIKDFLRNLV,1
SLERLDVGTNLGNAIAKLEAKELLESSDQILRSM,1
SWLRDIWDWISEVLSDFK,1
RRKKAAVALLPAVLKALLAP,1
NYSDVREDRVVTNSTGNPIN,0
AFTVSSETGSISSEESVEHINEKL,0
VNKIALLSTNKAVVSLSNGVSVLTSKVLDLKNY,1
CDVIALLACHLNT,1
VITIELSNIKENKCNGAKVKLIKQELDKYKNAV,1
LEAIPMSIPPEFAFNKDFVF,1
PQITLRKKRRQRRRPPQVSFNFATLNF,1
KWLCRIWSWISDVLDDFE,1
ALLSTNKAVVSLSNGVSVLTSKVLDLKNYIDKQ,1
LRKRKRL,1
LVATSLVLLYIYGTHSHKLFKKLGIPGPTPLPFLGTI,0
YQLLIRMIYKAI,1
GCQASLSTAQERLGHPGVPTREGVR,0
LLRSCPLQGSPGRPRSV,0
MFCMAGLCLISFLHFFKTLSYVTFPRELASLSPNLIS,0
ITVKNPIVEMDGDEMTRIIWQFIKDKLILPY,0
ISSVKFSPNTSQFLLVSSWDTSVRL,0
FLSVLV,0
SVTLPSICSHFNPLSLEELG,0
GFPCGESCVFIPCISAAIGCSCKNKVCYRN,1
YDHIQDHVNTMFSRLATSWCLLQNKERALWAEAA,1
GAPRLVLLFSGKRKSGKDFVTEA,0
TRQCRRGRIWKRWNETITGP,1
ASELLLASTVFCLVLWVV,0
LERLDVGTNLGNAIAKLEDAKELLESSDQILRSMK,1
FRLQAFPPALCRPLSCAQEVLRR,0
SWLRDIWDWVCEVLSDFK,1
AGSVRMRDLRNPH,0
LSAASHRIPLSDGNSIPIIGLGTYSEPKSTPKGACATSV,0
KITELNPHLMCVLCGGYFIDATTII,0
TEMSFLSSEVLVG,0
TTWEAWDRAIAEYAARIEALIRAAQEQQEKNEAALREL,1
GLLLLAGLCCLVFGIMAEDAQVAQGPSQQI,0
EQAERYDDMAAAMKAVTEQGHELSNEERNL,0
EWRKKRYSTQV,1
LDPIDISIELNKAKSDLEESKEWIRRSNQKLDSIG,1
HRWRKRWRKWRWRKRWRK,1
LEAIPCSIPPCFAFNKPFVF,1
NGIGVTQNVLYENQKQIANQFNKAISQIQESLTTTSTA,1
YFYNAK,1
SLETWVLLAASLVLLYLYGTSTHGLFK,0
LGPPISLERLDVGTNLGNAIAKLEDAKELLESSDQ,1
RRKKAAVALLPAVLLAKLAP,1
LEAIPMKIPPEFLFGKPFVF,1
LLRIPQAIMDMIAGAHWG,1
IARLREDGIQKRVIQEGRGELPDFQDG,0
YTSLIHSLIEESQNQQEKNEQELLELDKWASLWNWF,1
AGKPLSIEEVEVAPPKAHEVRVQIIAASV,0
ECKFTVKPYLKRFQVYYKGRMWCP,1
GIKQFKRIVQRIKDFLRNLV,1
LLGGILGIGLGVLLLILCLP,1
EEDGDELARRCSTFMSSPVTELR,0
FDPYALSEHDEERPQNVQSKSRTAELQAEIDDTVGI,0
LLFYVNGRKVTEKNVDPETMLLPYL,0
SNQGGSPLPRSV,1
GFCRCLCRRGVCRCICTR,1
NDTFSVSDNVAVIVPETDTQVTY,0
PPGRGQEKSKTDCHGGMSGTIYEY,0
YKLVVVGDGGVGKSALTIQLIQNHFVEEYDPTIEDSYR,0
YQLLIRAIYKNI,1
RSVLVKGCQPLLSAPREGPGHPRVPTGEGAGMSS,0
KNGRKLCLDLQAALY,1
RNKLDLETLTDILEHQIR,0
CGESCVFIPCITSVAGCSCKSKVCYRNGIP,1
TLNNSVALDPIDISIELNKAKSDLEESKEWIRRSN,1
MNASQVAGEEAPQSGHSVKVVLVGDGGCGKTSLMMVF,0
SDSRDPASDQMKQWKEQRASQRPDVLTTGGGNPIGDKLNI,0
DITILQISVALDPIDISIELNKAKSDLEESKEWIRRSNQKLDSIGN,1
YITLCFWWAFSTSALVSSQQIPLK,0
CLGVGSCNDFAGCGYAIVCFW,1
EIWATLFKKATRQCRRGRIW,1
ASVVILMVTVLKL,0
DISIELNKAKSDLEESKEWIRRSNQKLDSIGNWHQ,1
GWIWRWGWGRRCLGRPGLPGPGPGPATPLFLLLL,0
QNERTYEVPDQPEENESPHYDDVHEY,0
RRKKLAVLLALLA,1
MVGGGGVGKSALTIQFIQSHFVDEYDPTIEDSYRKQC,0
ARNDLASLQQQAAAEAEDIRRWWSQPRWAGTKRVYTAE,0
RTRKRGRRTRKRGR,1
LERLDVGTNLGNAIAKLEAKELLESSDQILRSMK,1
NGVIPCGESCVFIPCISTLLGCSKNKVCYR,1
PPAGLLSDEDVVDSPILESTAADLRSVVRKDLLSDC,0
SVIHTQAHASGLQQVPQLVPAGPGGGGKAVAPSKQSK,0
ALSKALSKALSKALSKALSKALSK,1
YTSLIHSLIEESQNQQEKNEQELLELDKWASLFNFF,1
HLRGPADSGWMPQAAPCLSGAPQAS,0
GTLWALVFLGILVGMVVPSPAGTRANNTLLDSRG,0
VLPVFAHCKEAPSTASSTPDSTEGGNDDSDFREL,0
NNPNNSNSHLRPHAYNNSRRDDSD,0
FLPVLAGIAAKVVPALFCKITKKC,1
VILASLSVMLLVSLWQQKIR,0
MDAKARNCLLQHREALEKDIKTSY,0
CISDYEQHVRSVLQKSV,0
GLLRKGGEKIGEKLKKIGQKIKNFFQKLVPQPEQ,1
LMILPLIGSVSVSETLVAMITVCMI,0
SHHWGYGKHBGPZHWHKDFPIANGERQS,0
ANVDFAFSLYRQLVSSAPDRNICISPVSVSMAL,0
WLLLAVSLVLLYLYGTHSHGL,0
RGILRNWYNPFAGLRQSLEQ,1
MTLRNFGMGKRSIEDRVQEEARCLVEELRKTNASPC,0
GAPWPAEPAPFYEPGR,0
RRKKAAAAAAAAA,1
LVEAKQARSDIEKLKEAIRDTNKAVQSVQSSIGNL,1
KFDSLVECIWDWIDRLWS,1
RLSASPGWEDGQGARVREKPPWRVLFFGNDQFARETL,0
KWNGWGDTRKFLHQLKPSGT,0
VTQADVGSALANLKIPGVGS,0
RKAVLLALLA,1
QEWERKVDFLEENITALLEEAQIQQEKNMYELQKL,1
ELYTKYARVWIPDPEEVWKSAELLKD,0
GKTSPRREETSAFREPSRRRRRES,0
IFCLILWVVKAWQPRLPKGLKSPPGPWGWPLLG,0
QKKCPGRCTLKCGKHERPTLPYNCGKYICCVPVKVK,1
FGRYAFTVRALSSLPDKKKEFLHNGP,0
NRLGSPQRDGPYSPSAQPQY,0
NAQMSEDSHSSSVRSQN,0
MWNALQDRDSAEV,0
FARTMIGVFKNIEYMCKRTES,0
ATSLVLLYLYGTYSHGLFKKLGIPG,0
PPDAGEDSKSENGENAPIYCICRKPDI,0
ICLSCLISFFLWNQNRAKGKLPPG,0
DGGWGWAVLFGCFVITGFSYAFP,0
EGPTLGNWAREIWATLFKGA,1
GLLSVLGSVAKHVLPHVVPVIAEHL,1
SDNPFNASLLDEDSNREREILDATAEAL,0
ACRVALALAREKEEFKTAGE,0
AFAARTVVKPLGFL,0
FTFGKTKFAENIPSKFWF,0
LPFIGSVSVSESLVAMITMCLAYLILKFFRTEIPEGLR,0
VHGMHPKETTRQLSLAVKDGL,0
GPKQPLSIEEIEVAPPKRHEVRVKIVA,0
LRTRKRGRK,1
DLVKKVEPFSGTKSDVYKHF,0
RRMDAPASAAAVRAFLERGHTELDTAFMYSDGQ,0
IIGLGTYSDPRPVPGKTFIAVKTAIDEGYRH,0
MLPRLICINDYEQHAKSVLPKSIYDYYRSGANDEE,0
ALTLPFLAAEIQ,0
LEAIPCSIPPCVGFGKPFVF,1
LLAVSLILLYLYGTRTHGLFKKL,0
LGEWYNQTKDLQQKFYEIIMDIEQNNVQGKKGIQQ,1
AKQARSDIEKLKEAIRDTNKAVQSVQSSIGNLIVA,1
FAGERGSEEVAETFRAKDLI,0
GIGGKILSGLKTALKGAAKELASTYLH,1
LVNLCCPYFFQDIG,0
EGPTGGNWAREIWATLFKKA,1
VFPSDEFDASISQVNEKINQSLAFIRKSDELLHNV,1
YQLLIRMIYANI,1
LEAIPMSIPPEFLFGKPFVF,1
RTRKGRR,1
AVSPTTLRTEVVKTFRRDKPFPHRMDCVTT,1
TWMEWDREINNYTSLIHSLIEESQNQQEKNEQELLE,1
MTWEAWDRAIAEYAARIEALIRAAQEQQEKNEAALREL,1
PQGFDVDRDAKKLNKACKGMGTNEAAIIEILSG,0
CFFLSLFNFCSSAIRRYYLGAVELSWNYIQSD,0
RPEPGGCCCRRTVRANGC,0
MTWMEWDREINNYTSLIHSLIEESQNQQEKNEQELL,1
SVVQAVEPISLGLALAGVLTGYI,0
MQIFWHDGAESLYPAVWLRD,0
EHVSSSEEPINIFQEIYKQEKNMAIHPRKE,0
NVGHPQSSPQGPLTEQ,0
SLSRFLRFLKIVYRRAF,1
LEAIPCSIPPCLAFAKPFVF,1
LSSLLLLSLWRQSFGRGKLPPGPTPL,0
LAGPWLALNRARTLGTRAVLAPKG,0
DRFPTTDDVYYIP,0
HCKFWF,1
EGPTLGNWAREGWATLFKKA,1
VTILALTLPFLVAQEQIQEQPTGCEKDERFFN,0
PWVNIFLPVLAIFLIYIIF,0
VALDPIDISIELNKAKSDLEESKEWIRRSNQKLDSD,1
GNITLGEWYNQTKDLQQKFYEIIMDIEQNNVQG,1
EPSYELQNAHSGLFHSSNEELTNRNQRYTNQNAS,0
GTKWLTEWIPLTAEC,1
LAEGPPVKECAVTCRYDKDADINVVTQARN,1
RRKKVALLPAVLLALLAP,1
RRKKVALLAVLLALLA,1
ELVFFVNGKKVVEKNADPETTLLAYLRRKLGLRGTKLGC,0
HLSSSRSPSASDLPQEELVDQKCLLQKYTHRSCNKVF,0
VALGPCYLQGTDPGASADAEGPQCPVTCTCSY,0
VMLNIRDICKSKSSKFWRRSAEEGRPGWQRIVV,0
ACKFWW,1
DRVKWTRSSAAKRAACLVAAAYALKTLYPIIGKRLKQSGH,0
LRNLFRRRLFSCPTKYYFMLLVLSLITFSVLR,0
KIMAKPSKFYEQLRGR,1
NSVALDPIDISIELNKAKSDLEESKEWIRRSNQK,1
MIRIAALNASSTIEDDHEGSFKSHKIQTKEAQEAE,0
LLSLIGFCWAQYDP,0
MNRLLQKGTSLVPSWRTR,0
AVSKVLHLEGEVNKIALLSTNKAVVSLSNGVSV,1
AKITFTNNHPRTIWP,1
RRKKPAVLLALLAP,1
SKVARSLAKYHPRVNHHRHC,0
LVAVALARPKHPINHRGLSPEV,0
KPPCRGCSSYLME,0
RIDLGPPISLERLDVGTNLGNAIAKLEAKELLES,1
CIFDREWTLASNSASG,0
LCSKANVYTEVPDGGWGWAVAVSF,0
SGKDNGCGIPQHQQWTELNS,0
SIELNKAKSDLEESKEWIRRSNQKLDSIGNWHQSS,1
YTSLIHSLIEESQNQQEKNEQELLELDKWASPWNWF,1
ALDPIDISIELNKAKSDLEESKEWIRRSNQKLDSI,1
LLLVIIWTLFGPSGLGEELLSLSLASLLPAPASPGPP,0
SWLRDLWDWLCELLSDFK,1
KEPLEFHAKRPWRPEEAVEDPDEED,0
LLSLWRQSSGRGKLPPGPTPLPVIGNILQIGIKD,0
PGAVRSPAQILQWQALPNTVPATSCQA,0
MPNDPSDNQLK,0
ASELLFYVNGRKVIEKNVDPETML,0
ARSDIEKLKEAIRDTNKAVQSVQSSIGNLIVAIKS,1
XSARLTVLLRHLGCRSAGTI,0
LALTLPFLGAQEQ,0
HLDKQQVQLLAEMCILI,0
CDSCERCWYVWLILLRVRLRLLVSL,1
TARLQLEARLQHLVAEILEREQSLA,1
LDPIDISIELNKAKSDLEESKEWIRRSNQKLDSI,1
EPAGGCLCDQPVHIAVRGLAPEQ,0
TLLCDCPNGPWVWVPAFCQA,1
EAGMYPGTLRSPG,0
RFLVCWKQKIWGKARPSMCTRRARF,1
DASISQVNEKINQSLAFIRKSDELLHNVNAGKSIT,1
MTRRTTINPDSVVLNPQKFIQ,0
VSKVLHLEGEVNKIALLSTNKAVVSLSNGVSVL,1
GLSLRSVLVKGCQPFLSPTWQGPVLSTGKGAGTSTSS,0
RRKKAVLLALLAP,1
EAEGESLESWLNK,0
RWRKRWRKRWRKRWRK,1
LEAIPCSIPPCFAFNKDFVF,1
LNDGHFMPVLGFGTYAPPEVPRNRAVEV,0
FDASISQVNEKINQSLAFIRKSDELLHNVNAOKST,1
KPVSLSYRCPCRFF,1
PVLSRPRPWRGNTLKRTA,0
RIDLGPPISLERLDVGTNLGNAIAKLEDAKELLES,1
DTRACDVIALLCHLNT,1
DPLVFPSDEFDASISQVNEKINQSLAFIRKSDELL,1
SVITIELSNIKENKCNGTDAKVKLIKQELDKYKNA,1
VIADDLPPTCIRP,0
HCKFWI,1
EQLSKSTRDFIEGGADDSITRDDNIAAFKRIR,0
FQSFHIVILGLDCAGKTTV,0
FREVLHCLKMRSKYAVLLVFVVGLVIIEKENNFISRVSD,0
NQTKDLQQKFYEIIMDIEQN,1
KWKLFKKIGIGKFLHWAKKF,1
TAGKVIKCKAAVLWQLNKPFSIEEVEVAPPKAHEVRI,0
SKVLHLEGEVNKIALLSTNKAVVSLSNGVSVLT,1
LFSLWRQSCRRRKLPPGPTPLPII,0
YPAGSLLRQSPQPRHTFYAGPRLSASA,0
LPLGFSAIRRYYLGAVELSWDYRQ,0
IQKEIDRLNEVAKNLNESLI,1
LRKRKRLRKLRKRKRLRK,1
TAGILLLLLLGTLEGS,0
RRKKLLAVLLALLA,1
KWKLFKKIGIGKFLHFAKKF,1
PTGERVWDRGNVTLLCDCPN,1
FVGWNALLLLFFWTRPAPGRLPSD,0
HVMLALATVLSIAGAGTGATAI,1
KGLVLGIYSKEKEEDEPQFTSAGEN,0
SGKSFKAGVCPPKKSAQCLRYKKPECQSDWQCPGKKRCCPDTCGIKCLDPVDTPNPTRRKPGKCPVTYGQCLMLNPPNFCEMDGQCKRDLKCCMGMCGKSCVSPVKA,1
KQRMEQYISSEESMDN,0
PVVTKLLKFLDSSASREK,0
GHRRYFTFGGGYVYF,1
VFLQVCIEASGWGAEVRDSCGCGDSSSHQTDDPATA,0
AIPCGESCVWIPCISAAIGCSCKNKVCYR,1
GGTSSSDAQQSLQSFWPRVM,0
WQEWERKVDFLEENITALLEEAQIQQEKNMYELQK,1
RSGPSRDSVKSYGDDKRSIND,0
TTWEAWDRAIAEYAARIEALIRALQELQEKNEAILREL,1
RGNVTLLCDCPNGPWVWVPA,1
LMARGHPKAYGHLPPGPRPLP,0
SISNRAAVPEHGVAPDAERL,0
RSSFYSQPSQSPTQPTYGRDDAEDQQQSLLRRSLASP,0
YVSGKARGWFYRHHY,1
MSDVYLRSRTAMERLASSDT,0
GVFVFNGTSWFITQRNFFS,1
RTACTQEADDGKC,0
VSFAIKWEYVLLLFL,1
MRPPRTLTSTATMSALSTSMPMEIDDVMDEDAVNGQA,0
EGPTLGNWAREIWATLGKKA,1
LEAIPCSIPPCVFFGKPFVF,1
KLVAPVTFRHHRYDDLVRTLYKVQNECPGITRVYSIGR,0
GIIDIAKKLFESW,1
PNDGHDHPEKKDPDTTPKQVAGV,0
EGPTLGNWAGEIWATLFKKA,1
CSRLLPSLAQEEG,0
IQKEIDRLNEVAKNLNESLIDLQELGK,1
YQLLIRMIAKNI,1
DEVSKYEKLAKIGQGTFGEVFKAR,0
VLGDLQAAPEAQVSVQPNFQQDKFL,0
LLAAGFCPAVLCH,0
RMAGPWLSLHEARLLGTRGAAAPKAV,0
TALCIHELYHSALQPLDMTIYADRFTP,0
LLKELWTKIKGAGKAVLGKIKGLL,1
EFDASISQVNEKINQSLAFIRKSDELLHNVNAGKS,1
VEAKQARSDIEKLKEAIRDTNKAVQSVQSSIGNLI,1
NAGGWFSSWFFSNTANEDQDDMLPSTSAAAGETNYARN,0
LCDCPNGPWVWVPAFCQAVG,1
RRKKAAVALLPAVLEALLAP,1
PHLSSSKNTPASGQPQEDLV,0
SEEAEGPCQEANQEYQEPVCSPVPEPEPEPEP,0
AMELLLTATIFYLVLWVVKAFRLQVPKGLKSPPGP,0
KLVYMQLWIQLGSERGCGRAWPGEHLSSW,0
