LSYRCPCR,1
ISLERLDVGTNLGNAIAKLEDAKELLESSDQILRS,1
SWLRDIWDWKCEVLSDFK,1
MALRVTADVWLAR,0
KNSQTVSPGAITTGNGAPIGIKDAS,0
GLGSGLGGGLGGGRKGSGPAAFRLTEKFVLLLV,0
YALLIRMIYKNI,1
VKAGFAGDDTPRAVFHAIVGRPRHQ,0
HLVLYNGAKMPILGLGTWKS,0
LVFPSDEFDASISQVNEKINQSLAFIRKSDELLHN,1
IEFMCTRKDSKTWGKDAWKKIVVCVVSDGRAKINP,0
YTSLIHSLIEESQNQQEKNEQELLEFDKWASLWNWF,1
YQLLARMIYKNI,1
GPNITSGNPGPAIQGGGTIVQRAVKRRPGLDFD,0
TCLLAVALAKNTMEHV,0
GPPISLERLDVGTNLGNAIAKLEDAKELLESSDQI,1
WMEWDREIEELAKKAEELAKKAEELAKKAWASLWNWF,1
MGSVLGLCSMASWIPCLCGSAP,0
ISCFFLVALFLASCRATTSSDQKCI,0
RYPKYGLNYYQCRPAALINNQFMPYPY,0
LLAFLAGLLLLLFR,0
IAWELNKPLSIEQIEVAPPKAHEVRIKILATGVCRSDEHV,0
KRWRKRWRKWRWRKRWRK,1
KVLHLEGEVNKIALLSTNKAVVSLSNGVSVLTS,1
GPPISLERLDVGTNLGNAIAKLEAKELLESSDQI,1
YQLLIAMIYKNI,1
NWAREIWATLFKKA,1
VFFVNGRKVVEKNADPETTLLAY,0
GREEGGVGSEEGVGKQCHPS,0
SQRLQSIKDHLVE,0
LEAIPISIPPELAFAKPFVF,1
CDVIALLCHLNT,1
GGTIFDCGETCFLGTCYTPGCSCGNYGFCYGTN,1
FLFPLITSFLSKVL,1
KWKLFKKIGIGKFLHVAKKF,1
LLLLARGHPKSRGNFPPGPRPLPLLGNLLQMDRGGLL,0
SPBGPZEWVKLYPIABGBBQSPID,0
QCLPRTRALGTTAALAPNTLRPFEAIP,0
LRPAAGGPRRQQQ,0
TEQIVVQAGQIQQQQQGGVTAVQLQTEAQVASA,0
HRIDLGPPISLERLDVGTNLGNAIAKLEDAKELLE,1
KLENLLRFHTIYRQLHSLCQR,0
DFQWCFSQVKGAVDEDVAEADIISTVEFNYSG,0
IELNKAKSDLEESKEWIRRSNQKLDSIGNWHQSST,1
LALASVTEISLDNKHRHRHEQQGHHDSAKHGHQKDKQ,0
IHYVLNISPSQEPNYYQ,0
YTSLIHSLIEESQNQQEKNEQELLELNKWASLWNWF,1
XLAVRSRIGAWSV,0
HVDKKVADKVLLLKQLRIMRLLTRL,1
GLPVCGETCVGGTCNTPGCTCSWPVCTRN,1
RRKKAAVALLPAVLLAL,1
GICRCICGRGICRCICGR,1
CRCCELKSLCPTLMRVVRLLGLVLL,1
LVALALARETIESLSSSEESITEYKQKVEKVK,0
VFHRIHLPLQLDASLGSRGSESVLRSLSD,0
CGGNNLLRAIEAQQHLLQLTVWGIKQLQARILAVERYLKDQ,1
RTRKRGRKRTRKRGRK,1
MSAAILGQVWTRKLLPIPWRLCVPGRCVSSNFKA,0
LEAIPCSIPPCFLFGKPFVF,1
GVCRCLCRRGVCRCICRR,1
RRKKAAVALLPAVLLA,1
LASAIFCLVFWVLKGLRPRVPKGLKS,0
MMSLALYTCFLWLLTSGLKTVQSLHDSHRGLAPTNVD,0
PTIASGNPGPGIQGGGAVVQRAIKRRSGLDFDDEGEVNS,0
YQSFDKNNIRDVTDSLWRSKKTKPRGAADPN,0
LGFTTLALVVSVTCLSLLSVWTKLRTRGRL,0
ETGDELVFFVNGKKVVEKDVD,0
GIKEWKRIVQRIKDFLRNLV,1
RVYKVHKDEKTGVQTVYEM,0
TWLRAIWDWVCTALTDFK,1
GLFGVLGSIAKHVLPHVVPVIAEKL,1
GYRRRFCRPSRARDINTEQGQNVLEILQDCFEE,0
PPVYTKDVDISSQISSMNQSLQQSKDYIKEAQKILDTVNPSL,1
FRNYRFAIGAFAVIMLILLI,0
RAEQPCGAELTFELPDNAKQC,0
HLLSAVESELQAGSEKGDPTERELR,0
QLFRSRYTLGKIYFIGFQ,0
QQLRSPRQPPRLVTSTAYTSPQ,0
AKLAEQAERYDDMAACMK,0
NPCGSKACRRLFGPVDSEQ,0
CGECGGGHIVGRFCMVVRFLRLVFI,1
GWLKKIESIIDAF,1
RLGLLLSVLAATLAQAPAPDVPGCSRGSCYPATGDL,0
SWLRDIWDWLCEVLSDFK,1
IDEILSKETCDYF,0
EGPTLGNWAREIWATLFGKA,1
TTWEAWDRAIAEYAARIEALIRASQEQQEKNEAELREL,1
QYISLAPELLLATAIF,0
GLFDIIKKIAESW,1
TQAVTDEDSSSHRDLAPTNVDFAFN,0
GQPRGGVEEGPT,0
TTWEAWDRAIAEYAARIEALIRAAQEQQEKNEAILREL,1
AAHLIDALYAEFLGGRVLTT,1
FAIKWEYVLLLFLL,1
QLWKVVRPARQL,0
KTCENLADTY,1
AKMETTFYDDALNASFLQSESGAYGYSNPKILKQSMT,0
LPHSLAMIRLCNPPVNAVSPTV,0
GICRCICGKGICRCICGR,1
ELNKAKSDLEESKEWIRRSNQKLDSIGNWHQSSTT,1
SWLRDIWDWICEVLSD,1
ISIELNKAKSDLEESKEWIRRSNQKLDSIGNWHQS,1
LSLYSVCPSLVVRPKPLHSCTGSP,0
ALAVLHVLEPFPTETP,0
TAGKVIKCKAAVVWEPKKPFSIVEIEVAPPKAH,0
RGGKIAGKIAKIAGKIAKIAGKIA,1
LEAIPMSIPPEVFFGKPFVF,1
ANTAFVSSAHNTQKIPAGAPFNRNLRAMLADLRQNAAFAG,1
EQCREEEDDR,1
DFLEENITALLEEAQIQQEKNMYELQKLNSWDVFG,1
VANDPIDISIELNKAKSDLEESKEWIRRSNQKLDSD,1
TARTPIGSFQGSL,0
AGKPLSLEEVEVAPPRAGEVR,0
DWHLGQGVSIEWRKK,1
VIKCKAAIAWEAGKPLSVEEIEVSP,0
RILHMALTGASDPSAEAEANGEKPFLLRA,0
GQTSISKGLNYLTIMAPGNLWHMRNNF,0
HRWRKRWRKHRWRKRWRK,1
SWLRDIWDWICEVLSDFK,1
KDLLFK,1
