GFGMALRLLRRVL,1
ICGETCVGGTCNTPGCSCSWPVCTRNGLP,1
RIKRFWPVVIRTVVAGYNLY,1
RIIDLLWRVRRPWWPKFVTVWVR,1
RRWWCG,1
GTIEDVVEFLRFNG,0
VFLGAIAQALTSLLGKL,1
RFPWWWPFLR,1
SQNNFYMVEHV,0
SDKTIRIIQVRSV,0
YQEPVLGPVRGPFPIIV,1
QLPFVAGVACEMCQCVYCAASKKC,1
RLARIVPIRVAR,1
ITREMIDRINFLYHKSQTEGLT,0
VYKCAHCKQTVEVDKDMKG,0
SFPFFPPGICKRLKRC,1
ARWNICSY,0
FALGAVTKRLPSLFCLITRKC,1
FFHHIFRGIVHVGKTIHKLVTGG,1
SNVGTSGRIPLWLVGT,0
TTPPERPETSVDRKLLE,0
FLKALWKVAKKVF,1
HSSGYTRPLRKPSRPIFIRPIG,1
KRPMNAFMVGSQIERRKIM,0
ARYRCCRSRSRCRRRRRR,0
GYGGHGGHGGHGGHGGHGGHGHGGGGHG,1
AITAGALQPGRLSVHREPWGFSREQAV,0
GLLKRI,1
DSHAKRHHGYKRKFHEKHHSHRGY,1
NLWAGILKHIIK,1
ERFIKRLSASCES,0
RLYRRLYRK,1
RVVRQWPIGRVVRRVVRRVVR,1
LLKKLLKKLLKKLLKK,1
ISDVQLAIFSNVLG,0
VKRWKKWRWKWKKWV,1
LLLKSIRRHQDRSIVHLLRGPNLR,0
RITEEGWAGEGKILVRY,0
SSSKEENRIIPGGI,1
MMYLMPLLIVIVGCLALHCSDDDMPDGHA,0
MGKGDRRTRRGKIWRGTYGKYRPRKKK,0
LNWGAILKHIIK,1
AKWVCKICGYIYDEDAGDPDNGIS,0
PNYKLTYFNLRGRAEISRYLFAYAGIKY,0
MGWSLCFWHVSVRMTHDVVCYY,0
GIGRKFLGGVKTTFRCGVKDFASKHLY,1
FFSLIPKLVKGLISAFK,1
GLGSLLGKAFKFGLKTVGKMMGGAPREQ,1
VREPSIRGREGIPFWFAHDDFLMLYHKY,0
VKLKVFPLKVKLFP,1
SCLPKEEQIGKSTRGRKCRRKK,1
SAFENFGVRQD,0
GVCDMADLA,1
MSEGGRIPLWIVAT,0
GILSGVLGMGKKIVCGLSGLC,1
KRKKHRCRVYNNGMPTGMYRWC,1
MAKEKIRIRLKAYDHR,0
AVSQLMQNLTKQLLHVRERKTDVM,0
IKKIVSKIKKLLK,1
VTVYENEGTKVDFDGNLRLLL,0
FLPIVGRLISGIL,1
KRFWPVVIRTVVAGYNLYRAIKKK,1
KMWGPSQRDSFREIT,0
SNGSNIDVAGAVNTLVETAGKLFQ,0
SLELLSQLETKIQATLENIE,0
EDVVRIVVEGEKVKMWDIL,0
SEVLPYGDEKLSPYGDGGDVGQIFS,0
PKTFYEFLMTQRNPESYEPV,0
PSASGHHQIPAETQRHDD,0
GIGTKILGGLKTAVKGALKELASTYVN,1
GPNGCPRRRGRQTYTRFQTLE,0
RIKRFWPVVIRTV,1
KLKKLLKKLLKK,1
EFPKAVIKRPNYHFEYPHKRKYKRIG,0
LLGMIPVAISAISALSKL,1
VGALAVVVWLFLWLW,1
PRWNVCSYCG,0
TFQILFLFVFHFVYIFRAH,0
LNPSLVISLSTGL,0
VAFETVPVDLMKGEHKQPAYLAL,0
DVSLLLGKQTGRFSPLLLYG,0
RIIDLLWRVRRPQKPKFVTVWVR,1
MTTDD,0
FLKALWKVAKSVF,1
NILSSIANGINRALSFFG,1
RLWRIVVIRVAR,1
SVYKVIDIIGTSPTSWEQ,0
GIMSSLMKKLAAHIAK,1
FIHHIIGGLFSAGKAAHRLIRRRRR,1
SMLSVLKNLGKVGLGFVAAKIAKQA,1
MINQVSVYRQPPVLSGCRQVKTI,0
GIWSSLLKKLKKIIAK,1
SMWSGMWRRKLKKLRNALKKKLKGE,1
ILGPVLSLVGSALGGLIKKI,1
FKGGGPYGQGVTRGQDLSGKDF,0
TPLRPTRPCPECGKPSTREAYPFCSPR,0
VSRRRRRRGGRRRR,1
FIHHIIGGLFSAGKAIHRLIRRRRR,1
DANASRVDPKLLEL,0
SYYNKRNQEPL,0
ILSAIWSGIKGLL,1
FLPLIGKILGTIL,1
FIHHIIGGLFSAGKAIHRLIRRR,1
RIKRFWPVVIRTVVAGYNL,1
LIPYDQLEPDTLTRLIEDFVTR,0
WCRRLCYKQRCVTYCRGR,1
SWFSRTVHNVGNAVRKGIHAGQGVCSGLGL,1
LLEHVTITLLNNTSFALLPEAYAP,0
DLEVIAQ,0
GFMDTAKNVAKNEAGNLLDNLKCKITKAC,1
SVDGKEDLIWKLLSKAQEKFGKNKSR,1
GIGTKIIGGLKTAVKGALKELASTYVN,1
GLLNGLALRLGKRALKKIIKRLCR,1
DWNRVEGNWKQ,0
VKLYPVKLYP,1
APQSIW,0
RLYRRLYR,1
IRRPLFSFLTPTRIFDQSFGEH,0
NFPSIFV,0
NNKINNIKITQVQSA,0
TMAKSADIRPGITLACTECKERNYITT,0
LVKRFKKFFRKLKKSV,1
AESKKGFLPVIDKKDGYTFLYPFGGQEVSI,0
SAVDFLERLIKAG,0
TWARNSYNVSRLP,1
GLLKRIKT,1
TWLPAVIKIQAHWRGYRQRKIYL,1
SQLRVTQVRSTIG,0
FTDITGAQNSIDIENLAR,0
RSMRLSFRARGYGFR,1
AAHHIIGGLFSAGKAIHRLIRRRRR,1
QLFQPPFR,0
MWTKPKFEEMRLGFEVTLYISNR,0
RGARIVVIRVAR,1
GLMDVFKGAAKNLLASALDKIRCKVTKC,1
PGIVLRSDDNFD,0
SLLNSICSFSGLNRN,0
LPHTSDTTSTFRLKTV,0
TIDRTFPIFTVRW,0
FLGLLGSLL,1
YKLLKLLLPKLKGLLPKL,1
SCYVLPCFTVGCTCTSSQCFKNGTACGE,1
KTKQQFLIKAQTQLFKVFGYTL,1
TIINSISSLG,0
INLKAIAALARNY,1
SMLSVLKNLGRVGLGFVACKINKQC,1
NVSYLSKRFAEMKK,0
RDIIKLTCGNCGRANYHTTKNKR,0
ILPWKWPWWPARR,1
GRFRRLRKKTRKRLKKIGKV,1
SDEEVVDPKAT,0
GCRALCYKQRCVTYCRGA,1
KLYISPPQTLEYLKFEYRHFPFKA,0
HKTFYTFLMTQRNPDSTDAI,0
TYFTSWDEFAKAAERLHSANPEK,0
DLNLRHAVIQNIANNTKE,0
GLVDVLGKVGGLIKKLLPG,1
DLIERRQRSEFQFSAVGLG,0
EIDRPVSLSGLTEGEAREFHGVFMTS,0
GPCNCIETNVCICGTGCS,0
YRRRRRRGRRGRRRRGRRRRSRGRRRAHGG,0
HLMYYNDKDGQRVYTL,0
RITYKKSSIGYSQA,0
KFFRKLKKSVKKRAK,1
FLGALWKVAKKVF,1
VARGWKRKCPLFGKGG,1
HRRSVAHQEEASLHVKTDELPSPDTVREQL,1
GCSRWIIGIHGQICRD,1
KLSKKKMQRIDNTLEKLF,0
SERQGAGATNGKDK,0
FFSLIPSLVKKLIKAFK,1
VNWKKILAKIIKVVK,1
RGRKVVRRKK,1
SWKSMAKKLKEYMEKLKQRA,1
RCPGRTRQIGTIFPGRIKCRSW,1
ITCQQVTSELGPCVPYLTGQGIP,1
LLSLVPHAINAVSAIAKHF,1
ETITYV,0
LLSKAQEKFGKNKSR,1
IIPVRCFTCGKVIGDKY,0
AFVVTSLIFAVV,0
ILGPVLGLVGSALGGLIKKI,1
STYEELISLLRDC,0
RLHTGEKPYHCFHCDR,0
KYQLNLTALRCPIPLLSAKK,0
NLNEESRENVVFMIEEIKKK,0
VKKVYPLKVKLYP,1
GVFCGEPCIKASCSIPGCECIAGLCYKN,0
IIPIRCFT,0
LILTRRVGETLIIGDEITVTVLGVKGNQVR,0
SSVCDVCGKGPGFG,0
DIIDIRSKT,0
KLVKTQLKVLK,1
AKDKDVRPIIKLKSTAGTGFTYVTR,0
VGRIHRHLK,1
LVLTRKQSEAIQIGEDIEIEV,0
IEPERQEEEEEETRQRVRRGQVRQQQQ,0
PEKDTGGQHRATRRTEEH,0
SFEVLEQLEAR,0
NRMLSLSVQSQRAP,0
NAPAEDLARYYSALRHYINLITRQRY,1
RLLRKFFRKLKKSV,1
VDVSQHELVPEHTVLDEETLDG,0
GILGNIVGMGKKIVCGLSGLC,1
ILPILGNLLNGLL,1
SETITVNCPTCGKTVVW,0
KVDRIIDRIRERAEDSGNE,0
AGETHTVMINHAGRGAPKLVVGGKKLS,1
TIISDS,0
LKLKLFPLKLKLFP,1
FLPIVGKLLSGLL,1
RIKRFWPVVIRTVVAGYNLYRAIKK,1
PELQERIRNFLKE,0
PRIKKIVQKKLAGDE,1
KANDIRDLSTTEIQD,0
FIHHIIGGAASAGKAIHRLIRRRRR,1
GLISGILGVGKKLVCGLSGLC,1
GTKIKTHKGT,0
KCRRLCYRQRCVTYCRGR,1
PNSIFKKQLSPIKPGDPIDY,0
PVKKGEMVRAIR,0
KNWGAILKHIIK,1
RVKINLKCSECGSLNYLT,0
TNHIHFRCPCCHGS,0
RWCFRVCYRGICYRRCR,1
ETATVLSIFISSLLLGI,0
VRFRIRVAVIRA,1
FLSTIWNGIKSLL,1
STNPFDDDNGAFFVLVND,0
AILYTSEIRDMTPAEREA,0
SKDIYYSDKYYDEQFEYRHVV,0
IQCGESCVWIPCISSAWGCSCKNKICSS,1
RKLRRLKRKIAHKVKKY,1
RWRWRWRWRW,1
RIKDAIIKIFYTRKDVSEIYL,0
LKFLKFG,1
AVWKDFLKNIGKAAGKAVLNSVTDMVNE,1
SGECNMYGRCPPGYCCSKFGYCGGVRAYCG,1
TEAEIRDKVYDIIVSKMGVNKDQIK,0
KVFKRLEKLFS,1
FLPAVIRVAANVLPTVFCAISKKC,1
STHSTFFNRLYSIFLIF,0
NGDLRTPVITIF,0
TDTTGRIPLWMIGT,0
NIRRIIRKIIHIIKKY,1
RPRCWIKIKFRCKSLKF,1
YSFVSEETGTLIVNSVLLFLAFV,0
LRRLRKWLRRLLKLL,1
PDRKRGRQTYTRYQTLEL,0
MCIKTTSGIHPKNIQ,1
TMLKLALFFLVVSLIAGLFGFTGISAASA,0
DIVKSIDTSVDAVLDEFD,0
RLHGQAINRPGSCPRVMIYCPARHP,0
MMWTKPEVTEMRFGFEVTMYVCNR,0
FLKLLKKLL,1
FLSTLLNVASNVVPTLICKITKKC,1
AIGSILGALAKGLPTLISWIKNR,1
RRWWCS,1
KFHEKHHSHRGY,1
RNGCIVDPRCPYQQCRRPLYCRRR,1
GRRKRKWLRRIGKGVKIIGGAALDHL,1
APKDDTWYTGAKLGWSQYHDT,0
NNHRANDKF,0
FLPLLAGLAANFLPKIFCKITRKC,1
SIITTTKEAKLPQLWKQIACRLYNTC,1
NGPRYAHSNYGGNKGGPSNST,0
YKKDVIDHFGTQR,0
ASNVPKELVEKGQNRV,0
KSMDKLTTGVAYGTSAGS,0
EDMWGKIGETAG,0
QELQQKIEDLET,0
RIKRFWPVVIRTVVAGYNLYRAIKKK,1
RSRVISSGRISQYSKLRNL,0
VCRFVHHSRVIFISI,0
LNWGAFLKHFFK,1
PIPFPPY,1
IDWKKVDWKKVSKKTCKVMLKACKFL,1
SRLPPATRDKLADEITFFPA,0
PPVPARGRPSSSSDFCLYGMA,0
NLLGSLLKTGLKVGSNLL,1
GWKDWLKKGKEWLKAKGPGIVKAALQAATQ,1
YKLLKLLLPKLKPLLIKL,1
ILGKIAEGIKSLF,1
VREARANRSSFLKV,0
NNNINHIKITQVKSA,0
RLARIVKIRVAR,1
KWCRCVCRRGICRCFCRG,1
WLLVNG,1
RWKRWWRLL,1
GWFKKAWRKVKNAGRVLKGVGIHYGVGLIG,1
SEKMLQVTQVRSV,0
IRIKIRIK,1
TVVTNA,1
AIEKSVASASIA,0
SVFAFQDESTSTIAQARLFI,1
MCIINSESFHGSQKR,0
PTFWENLIRYPRFFISS,0
PNIRVKENEPFE,0
IGSFIINPR,0
KWKLKPLLKKLLKKL,1
LKLKSILGKLGVILSHLNK,1
MDPTVGWIALLAFFVVSIALVVWGRNGF,0
LNIFSLICLNSALYSSSFFFGKLPEAYAF,0
NSKIEEMRITLIETAQKYGMNSKETI,0
DVLKKIGTVALHAGKAALGAVADTISQ,1
ILGPVIKTIGGVIGGLLKNL,1
WRKWRKRWWWRKWRKRWW,1
RYTDSRKLTPETDAN,0
IVPVRCFSCGKV,0
SVLPVVVVF,0
ILYSHLSTLIDIDLSNNIFLAKLPEAYAI,0
FELDAQRLAERIDTVLDILVAGDTHSAI,0
YKAKDLRDQSLEELEATHDE,0
SEFDAQRVAERIDIVLDILVADDYHSA,0
GNAVNNKDQQIDY,0
KSSTRGRKSSRRKK,1
KRSQEYRIGRCPNTYACLKR,1
SPGRPRPFPGRPKPIFRPR,1
PAAAAQAVAGLAPVAAEQ,1
KWKLFKKLPLIGRVL,1
QYRHRCCAWGPGRKYCKRWC,1
RCVCRRGVCRCVCRRGVC,1
KYHSGPSDKSKVISGKCEWQGGQLNCIAT,1
YPELQQDLIARL,1
SQEKVQRHGGGDGEE,0
GIFGKILGVGKKVLCGLSGVC,1
RRWVIWRR,1
DLNLRHAVIANV,0
MQVNLRCSE,0
PQTQELDQRIAELEMKIAFQ,0
GIMDTIKDTAKTVAVGLLDKIKCKITGC,1
MPIIGVPRCLENPFCAPAKFPLSVKKKIRI,0
MLYWLGILIAYADRRPDKVFTLIR,0
PSCVCSGFETSGIHFC,1
KWCFRVSYRGIAYRRCR,1
EKYTEVPEYV,1
LRQSQFVGSR,1
FFIAVRSRGFLDIHGIL,0
PRMVRCSFCGREIE,0
MKFYTIKLPKFLGGIVRAMLGSFRKD,0
ISQSDAILSAIWSGIKSLF,1
DLFFEDSIIQELSLKFKISFEI,0
VTPPWARIYYGCAKA,1
WMLKKFRGMF,1
MRYISLNTTIITTTETTGYGAG,0
SPPEAAYGPGNTNSDSGDK,1
YKLFKKILKVL,1
SATPHTQVHWEENTARPCRKC,0
GEKGYSYSTGDSSVTVQH,0
LRKKWFW,1
RGDKDIFTVHDILKARGEI,0
LGSKGLSPTDLRGMTDGHLRVELKNA,0
SMWSGMWRRKLKKLRNALKKKLKGEK,1
SKRIPRFLRNIQLPAG,0
NLETPSQENLNFMLTEITTK,0
SRRCQVRGTKPEFGNNVSHSQRHTK,0
NNTSTMIEFTGKFWTYFTLV,0
DTQKDVQPPKQQPMIYICGECHTENEIK,0
SMLKVLKNLGKVGLGFVACKINKQC,1
KLWKKWKKWLK,1
GIMSSLMKKLKKIIKK,1
EQQNFLSDLTGSF,0
SEKLIVKCPTCRTEVIWD,0
LKIAKGIIKSL,1
KWLNALLHHGLNCAKGVLA,1
FLPIIASVAANVFSKIFCAISKKC,1
ILYPSIVDLMEK,0
LNWGAVLKHVVK,1
VDKPPYLPRPRPPRRIYNR,1
KRPMNAFMVWSQSRAGKIM,0
GINTLKKVIQGLHEVIKLVSNHE,1
WLNALKKVFQGIHEAIKLIWNHVQ,1
SGGYCGGWHRLRCTSYRSG,1
NTQRAKDISESAAMAYVTYEGVPIYIQHVN,0
ASTGRIPLWLIAT,0
FLKALWNVAKKVF,1
TIAFQLAVFASIAI,0
LYYVLVFLVVALVAGALGFGGIAG,0
MDVAEYAAHDATGLAELIREGQVSACEV,0
NSNLTAL,0
TSISDG,0
WLSKTYKKLENSAKKRISEGVAIAILGGLR,1
KWTDAQLIAEELYDRN,0
GLHKVMREVLGYERNSYKKFFLR,1
SPVISYDKT,0
GLMDTIKGVAKTVAASWLDKLKCKITGC,1
WIPWQDLSPVTLENLIESF,0
DVRNCSFC,0
FGIGFQELLVVLVLVLL,0
RLWWWWRRK,1
TQKIIKVEGM,0
VSGPAGPPGTH,1
KRLFRRWQWRMKKY,1
SIGSALKKALPVAKKIGKIALPIAKAALP,1
IKYAIIFAVISLI,0
GCRRLCWRQRCVTWCRGR,1
MAWKAPKIVEVPCGMEINMYVSATRK,0
GLNALKKVFQGIHEAIKLINNHVQ,1
RGRGKQGGKVRAKAKTRSS,1
PQLDFTWWIINFFIIWTAILLTLV,0
TPALAVVTTVLPAAAVTTAKSV,1
RRRSVGEEDAIPSHIEVNKFFLRKPAKEHI,1
ASKKGNRIVIKLKSTESGHTYTTE,0
ENSCRQPRTTQEKKK,0
VQTRSCDYCGDDIE,0
RKPKKKVCVFCKDKVEYIDF,0
SCSCGSSCGCGSNCNCGKMYP,0
AFELPALPYAKDALEPHISA,0
KADIHPDYHMIKVVMTDGTE,0
VTVYDAEGTKVQVDGSLRLVE,0
FLPIIGQLLSGLL,1
ICIFCCGCCHRSKCGMCCKT,1
VSVQSNDNESIDKMLKR,0
SQEIV,0
FLPMLAGLAANFLPELFCKITKKC,1
HVIDVDVRLYMSTFIIIDQSTENTSI,0
MNGRPSVFTSQDYLSDHLWRALNA,0
DPNATIIMLGTGTGIAPFR,0
TKGTPSFGRMSRG,0
MAARAARLAARLARLALRAL,1
SMFDKPFDYENGSKFEMGIWIGRQM,0
FLPLIAGLAANFLPKIFCAITKKC,1
EITKFPKDQQNLIGQG,0
TPQIQKPAPQFSKTALLPDE,0
GILSSLWKKLKKWIAK,1
PNIFSLICICLHS,0
SEVVVKEQLEQYISKIERLEQEKAD,0
AALRGCWTKSIPPKPCPGKR,1
VDKPPYLPRPPPPRRIYNNR,1
ADKPNMTEITSFDKTKLRK,0
GTYMCDLCGWGYNPEVGDADGG,0
LKWALFFAVVAVIAGVLGFTGVAAGAAA,0
FFRLLFHGVHHVGKIKPRA,1
FWGKLLKLGMHGIGLLHQHLG,1
SSISDT,0
LRLLRRL,1
MITDSQVFIGLVIALVPAILAFKLGLSLYE,0
PDQAQKTRPVGPGPSGGGEGPGSPKV,0
IKKILSKIKKLLK,1
RRIIRKIIHIIKK,1
LFGMALKLLKKVL,1
SFRRKKFCAFDAKNLQEIDY,0
QGYGFNEPEQTRNQGGSSWEAP,0
HQFRFRFRVRRK,1
RVVRPVVQVVKEKVR,1
GILSTVFKAGKGIVCGLSGLC,1
AALKGCWTKSIPPKPCSGKR,1
RWCVYAYVRVAGVLVRYRRCW,1
PLIQVTLIEGRT,0
RRWWCI,1
ALWMTLLKKVLKAAAKAALNAVLVGANA,1
RECISIHIGQAGI,0
DSLSFSYNNFEEDD,1
SDKKLKITQVRSI,0
SIVPLGLPVPIGPIVVGPR,0
LNWGAGLKHGGK,1
GIGGALLSAGKSALKGLAKGLAEHF,1
PTFHIEMFEGRSAD,0
FSYNDKIIKILEAEYLNADH,0
TIIAPTTGSVSTVSSVFKYGSNSI,0
DDVKSACCDTCLCTK,0
GNEFRMCDDCQATNVKTLIPK,0
GGLRSLGRKILRAWKKYGPIIVPIIRIG,1
RRWCFRVCYKGFCRYKCR,1
PQLVPFYFMNQLTYGFLL,0
WKWLKKWIK,1
AKRLKKLAKKIWKWK,1
QQRFEWEFEQQ,1
TKRVRITLVRSTI,0
KRHHGYKRKFH,1
PFINIKLVPE,0
GKGRWLERIGKAGGIIIGGALDHL,1
GIGSAILSAGKSALKGLAKGLAEHFAN,1
GWKSVFRKAKKVGKTVGGLALDHYLG,1
TRKKWFW,1
TTEITTVKCPTCKQAV,0
TCTLGTCYTAGCSCSWPVCTRNGVPICGE,1
DVPASIDWREYGYVTEVKD,0
GLWKSLLKNVGKAAGKAALNAVTDMVNQ,1
FFPLLFGALSSHLPKLF,1
SEVRVRENETLDSALRRFKRQCAMSGIMS,0
AALRGCWTKSIPPKPCSGKR,1
VAIALKAAHYHTHKE,1
RCICVLGIC,1
FLFKLIPKVIKGLVKAIRK,1
SMELFEVHEGKAKVLVPKAK,0
FFKLIPKLVKGLISAFK,1
FFGVGHAGRAQIYDKTSEKRLKHAFK,0
VQIVVRDNNVE,0
FLGMPTLTHEEQQKAVEKIQHLMSEGMSSG,0
RLKLLLRLK,1
RNCESLSHRFKGPCTRDSN,1
SHCVPERKRGRQTYTRYQTLE,0
ARREFGKGARRCRRCGDT,0
PLYDYKCQSKDCAKEYEKI,0
KKDLTEVTHKVYFDVEIDGKPAGRIVMGLF,0
QLYENKPRRPYIL,1
FLPVIAGLAAKVLPKLFCAITKKC,1
PSSKKKKENVPVMSMAGLIRYYEEEHE,0
AIERGSKVKILR,0
ENCGRQAG,1
DIIDVDNDLFEHEQDGVAGTS,0
MNKVKEWIKYLKSLFSM,1
FFPIVGKLLFGLFGLL,1
AYKCARCKRTVEVDYEYAG,0
FVQWFSKFLLRIL,1
FLPVIAGVAAKFLPKIFCAITKKC,1
ILGPVIGTIGNVLGGLLKNL,1
TVVSSKEVNKFQMAYSNLLRA,0
GLPVCGETCFGGTCNTPGCTCDPWPVCTRN,1
SIITGTKEAKLGQLGKQIACRLGNTC,1
AFFARLLASVRAAVKAFAKKPRLIGLSTLL,1
RRCEEPQRRNRRDHHRDEPVRLGVG,0
VGECVRGRCPSGMCCSQWGYCGKGPKYCGR,1
IYKVLYQKDKIQ,0
LTWALIFFIIAIIAAAFGFGGIAVAAAGI,0
PGPCCNDKCVCQEGGCKAGCQCTSCRCSP,0
THTVKTIPD,0
KMWSKILGHLIR,1
YQCLRCGGIFNKRREVVEH,0
LNLKALLAVAKKIL,1
LLKKLLKKLLKKC,1
GLGDKIRNTAEKASGKVKEATGKATDNE,0
ANFEIVNNCPYTVWAAASPGGGRRLDRGQT,1
QCRRLCYKQRCVTYCRGR,1
RRWWCV,1
VFQVVCSTCGKDISH,0
IFKVFYQEKLTE,0
VYQSRSFQVEVS,0
LGGIVSAVKKIVDFLG,1
KCIQIEMSFTDEYGQVT,0
QADIQPNYGDMN,0
LIMAEESTIGGFAAEVIDVIGNT,0
WGRAFSAGVHRLARGGRG,1
MVPVRCFTCGTVVGEH,0
IWSFLIKAATKLLPSLFGGGKKDS,1
RIKRFWPVVIRT,1
FPADVILQCFGFSV,0
EIECPICDDG,0
VLCVIAVVFLAFL,0
ALWKKILKNAGKAALNKINQIVQ,1
IFKVFYQENADEVPVREK,0
GLLDAIKDTAQNLFANVLDKIKCKFTKC,1
GRRRGVMSDEFKY,0
IEVPCPICQKSVPWIN,0
ILDYINSRIKILWYTDPFLISREGVI,0
NLEIITQ,0
DVNTKDGKGRIP,0
NSESDNISIKTEYEFYDETQDQS,0
EALYNSEDLYEETSDSDD,1
KLLKWWKKLL,1
MIFDGKVAIITGGGKAKSIGYGIAVAYAK,0
TAIFNFESLLFVILLTICTC,0
SPYRCGSPDSRGSENTRCLIKK,1
FLPKMSTKLRVPYRRGTKDYH,1
MPGPFELIIIL,0
EPRMSGSNLRF,0
RGGRLCYCRPRFCVCVGR,1
PFKLSLHL,1
GIMDSVKNVAKNIAGQLLDKLKCKITGC,1
RSGGYCNGKRVCVCR,1
MRTGNAD,1
GRDTIADIITSIRNVDMNRKG,0
PTKPPYPREAYIVTI,0
LRWLRRL,1
LVLSRKANESIMIGKDIEIKV,0
CCFDTLHIFYN,0
LSTSTLIGLTYAALAVLYLL,0
KWCFRVCYRGICYARCR,1
FAGLPSLTHEQQQQAVERIQELMSQGMSSG,0
GWKKWLRKGAKHLGQAAIKGLAS,1
GRQAEFWSESKNNSKIDGQPKAK,0
NVPWGLARISHRTT,0
ERTPNPNRQAVEL,0
GALRGCWTKSYPPKPCK,1
GTAVGPHHSPAPHDSALPARLLTSDFP,0
KTGIHPDYQDMKATCSCG,0
KRIVQRIKDFLR,1
SEKKLKITQVRSV,0
WWVAARAARR,1
SWASMAKKLKEYMEKLKQRA,1
TPNSYILQQFENPANPKLIVAIFPSFGER,0
EAMPSAWPCCDECGTCTR,0
RLWRIVVIRVKR,1
SIITGTKEAKLPQLWKQIACRLYNTC,1
SGSGRIPLWVVAT,0
IFGSLFSLGSKLLPSVFKLFSRKKQ,1
RLLRRLLRRLLRRLLRRLLR,1
KRLFKELKFSLRKY,1
KWCFRACYRGICYRRCR,1
NTDIISGKWTQ,0
IFKVFYQEKMTE,0
LINAVIEKDENGYFAFVPF,0
SFHVFPPWMCKSLKKC,1
ILAWKWAWWAWRR,1
IRVKIRVKIRVK,1
TLDRTFPIFTVRW,0
KKDIHPDYHFIDVKMTDGTV,0
KVNVNAIKKGGKAIGKGFKVISAASTAH,1
SLSKEQKDTLFSL,0
GIWDTIKSMGKVFAGKILQNL,1
NIQETVLNILEDITGTDEVVNNQDI,0
GAAYHILGKTVY,0
LMDTVKNVAKNLAGHMLDKLKCKITGC,1
GKLQAFLAKMKEIAAQTL,1
RIIRKIIHII,1
TQHLHFRCPCCHGS,0
TEASAPLIDVDPRLLEV,0
GLMDTVKNAAKNLAGQLLDRLKCKITGC,1
FFPMLAGVAARVVPKVICLITKKC,1
GLWSKIKTAGKSVAKAAAKAAVKAVTNAV,1
SSGSNSGGLMSSAGLVRYFDSEDR,0
QVSVQGND,0
WKKIPKFLHLAKKF,1
PRNEIRPLVKLRSTAGTGYTYITR,0
RCFCRRGVC,1
RRWVRRVRRWVRRVVRVVRRWVRR,1
TRRTAFLFDELSLWHSASQYALILPVGG,0
RQLKGKPKKETSRDKKERKQAMQEARRQI,0
LRRIIRKIIHIIK,1
QPKFNNQAKQDKLVLTGKILEIIHG,0
PKRKSATKGDEPA,1
MLVLYRKRFSGFRFYFLSIFKYII,0
VSTRQCSFCGKDIL,0
IIPWQEIDQETLNNLMESIVLREGT,0
SNFFTNVLRYPLFLISF,0
GTIVCQDCNEAIH,0
STQYTYEQIAEDFRLWGEYMDP,0
HNFKSTPPADSLSDDFTS,0
WLNALLHHGYKRKFH,1
QSHLSLCRWCCNCCRSNKGC,1
VKWRWKKWRWKWKWKV,1
EDANVIKSYSDVG,0
HRHQGPIFDTRPSPFNPNQPRPGPIY,1
MPFSPDIAYSINYALGKYFFHRISHFLESA,0
SPQTETKASVGFKAGVKDYKLTY,0
PITSKYTNQKIE,0
MKTFLRLYRSLINKVLH,1
SGGFYNVECPDCENEQTVFGKASTEVA,0
MVHLTL,0
RQRRVVIWW,1
MRVNKESLQMNTYISLHGWWRTSLLRAV,0
YCNGKRVCVC,1
SDEIIEVPCP,0
ELGTEPNAKTSSSS,0
NNWIFAILM,0
SNDIYFNFQR,1
STDNFEKIKGRPTQKEE,0
TDKTFADRIDAL,0
RRRRRRRRHRRRRGRRGRRSRGRR,0
MLNAVDAKLTTDFGQR,0
ILPFLAGLFSKIL,1
LYKLVKVVLNM,1
RRRFPWVCWPFLRRR,1
TTEKIYPIFTVRW,0
YRLRVKWKW,1
KWKLFKKIPKFLHLAKK,1
GIGAVLKVLTTGLPALISWIKRKRQQ,1
FWPVVIRTVVAGYNLYRAIKKK,1
NVTVEVVG,0
SGQQSQINAGGGNGQ,0
MITVPHVVNLNLTGQWRENGGQI,0
MKIKFSRGARFSATFSFDKYPFLLYEVVR,0
ILPWKWRWWKWRR,1
KVLSSLKSAKSRHKDCQIV,0
KLLLKWLLKLLK,1
TPQIIPFFFMHQFTYGFL,0
TNNNNSNSNQL,0
DPNCSCTAGGSCA,0
GLEETYCSMRIKENI,0
RWLCRLIGYRYGY,0
ARYRCCRSPSRSRCRRRR,0
SRVCDLSGTRANNGMAVSHSHIRTK,0
FRRLTFAQLLFATVLGIAGGVYIF,0
AGQEQQQPQ,0
DPETCPCP,0
GIFTFEDESTSTVAPAKLYK,1
NTGELFFGEGSRLTVL,0
YMDIV,0
RRRIKIRWY,1
KAGIHPEYHTIKVVMTDGTE,0
FGDPKPYNPSSNDWKEEYEACKYWDRP,0
GSGTATFGKRNSTP,0
REISAKKSR,1
RWRWRW,1
RRWCFRVCYKGRCRYKCR,1
IARLLILIARAW,0
KWCFRVCYRGICYRRCR,1
RILSILRHQNLLKELQDLA,1
AGEIFT,0
RRIIRKIIHII,1
KLLKKPLKLKL,1
KIYQCAFCGADIPPGYG,0
SYYGSYYGGLGSGI,0
HKKHKKHKKHKK,1
RRWWCE,1
AYGEGANVFGKRKETDQFFEISGDGWSGKL,0
HHGYKRKFHEKH,1
KMNYHLSTSSYTTSMLSCT,0
GLLSGILNSAGGLLGNLIGSLSN,1
SRICDLTGKRAMVGNNVSHAMNKTK,0
DSDSAFLIG,0
SALVGCWTKSYPPNPCFGRG,1
MSELSAAPLRPGKTQESEKGIYYAREGCVS,0
PECGREAHCGDDCQSQ,0
VNAIKGVFVSCDIPMTQF,0
DVRERNVFGNASVATPGE,0
RIIDLLWRVWRPQKPKFVTVWVR,1
LKWLKWG,1
ILPWKWPWAPARR,1
KLIWILSKTIPAGKNLFYKI,1
SGGKKIKVDKPLGLGGGLTVDIDA,0
RCICTTRTCRFPYRRLGTCIFQNRVYTFCC,1
DRKKDEIQRKYREQMREKKEREKE,0
FLPILAGLAAKLVPKVFCSITKKC,1
KLIIYVKEGESIDRVL,0
ILENLLARSTNEDREGSIF,1
KLKKKLKKLLKK,1
FLPLLPSALPSFLCLVFKKC,1
TWLKKRRWKKAKPP,1
VVIRTVVAGYNLYRAIKKK,1
LVKLVAGIKKFLKWK,1
KKVVFKVKFKK,1
SRKTWRIFLQ,0
IPVRCFTCGKVIST,0
LKLKLYPLKLKLYP,1
LQSVSVMGVVI,0
FDDLPPLSHQEQQRAVEEIQK,0
VERSQHLQDVFLKTVRKQEISLTIFL,0
APPGARPPPGPPPPGPPPPGP,1
DCTRWIIGINGRICRD,1
YEAPPDGRHLLLQPAPA,0
RAVAVIIRLRRV,1
LRPAFIRPKGK,1
SGYLPGKEYVYKYKGKVF,1
WWWLKKIW,1
KWCFRVCYAGICYRRCA,1
KRWRIRVRVIRK,1
KTGIHPDYHMIKVQMTDGTVF,0
GICRCICTRGFCRCICVL,1
TTSSERPETSVDRKLLE,0
GVFLDALKKFAKGGMNAVLNPK,1
SVNGAVWGRVRSRFRAFPEHL,0
SMLSVLKNLGKVGLGFVACKIKKQC,1
TVKTLRVTQVRSA,0
DAFTAMFPELFPIEEGLEDALVG,0
LTGYIANFSVL,0
HKKHKKHKKHKKHKKHKKHKKHKK,1
GWFKKTFHKVSHAVKSGIHAGQRGCSALGF,1
SRVCELTGKRAMVGNNVSHAMNKTKR,0
ATFSLGKHPHVE,0
LLKKLLKKLLKK,1
KLLLKLLLKLLK,1
TWARNCYNVCRLPGTISREICAKKCR,1
RRWQWRMKK,1
MSGCGCASTGTCHCGKDCTCAGCPHK,0
ATITFTNKCTRTVWPGG,1
RLRRIVVIRVAR,1
KTCENLADTFRGPCFATSNC,1
RIIDLLWRVRRPWKPKFVTVWVR,1
LKGCWTKSIPPKPCFGF,1
KVFKRLEKLFSKI,1
VLLVTLTRLHQRGVIYRKWRHFSGRKYR,1
RKRAARLLKRLV,1
QGVQEQIEELQM,0
NNRKYSINNGFMSYLRKKFT,0
GFIMEFAENLILRRMEDPK,0
MPLSWFFPRTWGKR,1
AMSTNRIGG,0
IRNSLTCRFNFGICLPKRCPGRMRQIGTCF,1
ARVTVDDCLK,0
RAGLQFPVGRVHRL,1
RCVCRRGVCRCVCTRGFC,1
GRFKRFRKKFKKLFKKLS,1
MTCGQVQGNLAQCIGFLQKGG,1
LNQYLTE,0
QANRQYLFQGSLKPGPE,0
SDILERVRKIVIEHLDADPEKVTEK,0
GEVTIKVSVPDNAEKAFRKAVEETAKFFNE,0
LKWAIILAIVALIAGALGFSGLAGAAAGVA,0
MFPVRCFT,0
RIKRFWPVVIRTVVAGYN,1
ELPGLPKGEKEQQEAIEHIDEV,0
ILGKILEGIKSLF,1
GLLSGILGAGKHIVCGLSGLC,1
GLVDVLGKVGGLIKKLLP,1
SGTSEKERESERLLGVVNPLIKCFRSPCP,1
ILSAIWSGIKSLF,1
KADIHPTYEAIEATCSCG,0
KSMDKLTTGVAYGTSAGN,0
TKSAEAFRTITEVAE,0
FLFSLIPSAIAGLVSAIRN,1
SFITLNNFFNTNTFFGLLPEQYAP,0
FLGSIVGALASALPSLISKIRN,1
GLFTLIKGAYKLDAPTVACN,1
IIPWQQIDPTTLYNLIESFV,0
GFLDIVKGVGKVALGAVSKLF,1
PTVQTPSQRRAN,0
ENQRRGILQGLNRSRTIST,0
DSHAKRHHGYKRKFHEKHHSHRGYR,1
LCQQMIRTTAKRSSNIMTRPIIMKR,0
NNAKIWTVVKPSTGIPLILGAVAVAALIVH,0
RSRASAEGIAVLGLRRRG,0
GVSGHGQHGVHG,1
LFKSLISLTTVEKSNNKITINSQES,0
RAYCRRRFCVAR,1
LKWLKKL,1
FRSGILKLASKIPSVLCAVLKNC,1
KVIIIEGLQTDKCMNDCYHYLIKL,0
APKNIVLFGATGMTGQVTLGQALE,0
NPSEMQRKGPPRRWCLQVYPTA,0
VSVQMNDNESIDKMLKR,0
RSELIVHQR,1
TTPQEVLSRIKDQGIKLIDLKFI,0
RPDKPRPYLPRPRPPRPVR,1
GWGSFFKKAAHVGKHVGKAALT,1
ILGPVLGLVGNALGGLIKK,1
DSLSNYSNSLSSSGEISNKFAKI,0
RKFRWWVIR,1
RRWWRWVVW,1
GIGTKILGGVKAALKGALKELASTYVN,1
TCGETCFGGTCNTPGCTCDPWPICTRDGLP,1
PFAQIYMLEGRSEEQ,0
VKRFKKFFRKLKKSVKKL,1
NWKVLEHFPLLLYILAAKTLILCLAFAG,0
LPSDATLVLDQTGKELDARL,1
DTKQGVLDILNDLTGEDLSDQMDENI,0
IKLSPKTKDNLKKVLKGAIKGAIAVAKMV,1
AEVYNKDGNKLDIYGKAVGLHYFS,0
WGRAFRRLVRRLARGLRR,1
NLDQPSTENMKYILDTLAEE,0
GMATKAGTALGKVAKAVIGAAL,1
MNQKFEAVNAIDRNVTDVADANDR,0
LPPIRCFSCGKPLGHLW,0
FQWQRNMRKVRGPPVS,1
RPKPQQWFWLM,1
ILPILGNLLNGL,1
MFAGLPSLSHEQQQKAVERI,0
TAGFGVFTNIINGGLECGK,1
VDFPDIEVESIPEEIME,0
WLNALKKVFQGIHEAIKLIWNWVQ,1
SEFTVRGRFPARYGEQNFEKNVEAPNE,0
PLDTWKSCCPQAVMYQSGDVYVISG,0
VKRFKKFFRKLKKS,1
RKRFARFAKRAV,1
GVITDALKGAAKTVAAELLRKAHCKLTNSC,1
GWKKWLRKGAKHLGQAAIK,1
PNPKRRHSKKRTSTRRAHDALKQPGLSECP,0
TESRQTRLQVK,0
PRIVYCAFCGSPIKP,0
DPNCSCATGVSCT,0
ITDMQLAIFSNVLG,0
MDETIVTDKGVAEFSFFKF,0
TAEDLARYYSALRHYINLITRQRY,1
KTCENLADTY,1
FLPLVLGALSGILPKIL,1
AEETPLQSKVTNKVYFDIS,0
GRILSFIKGLAEH,1
PFVTIDLFEGRSQ,0
MDILALGWVSVLALFTWSIAMVVWGRNGF,0
DIKSEVLKIIDELFMEDVSDMMDEDL,0
GIMDSVKGVAKNLAAKLLEKLKCKITGC,1
RVCYAIPLPICY,1
PVVHTCTYCGRSI,0
FNIYLENAFYLNGITFAKLPEAYSI,0
ILPWKAPAAPARR,1
TQIFLIGRLPEAYAPFDPI,0
SGRGKQGGKVRAKAKTRSS,1
GAQLSGGRGAPEPAQTQP,0
FLPIVTNLLSGLL,1
IIAFIRLYQYCLSPFLGP,0
MIERELGNWKDFIEVMLRK,0
MWTKPAYTDLRIGFEVTMYFASR,0
IIPVRCFTCGKV,0
VRLRIRVAVIRA,1
IYDVNSPLFRSFLSQKG,0
ARVTVEDCLENV,0
TPDQRLTELE,0
QDYCAQEGQQEVQRKDLSDLERYLRQSRQR,1
GLFDIIKKIAESI,1
RCYARRRFAVCR,1
ENTSITIEFSSKFWPY,0
AFANTGVEIVSIDTYLFSLYDEDK,0
PPSFFKKRLSPIKPGDPIDY,0
GLFGKLIKKFGRKAISYAVKKARGKN,1
ILQDIWNGIKNLF,1
GWKDWAKKAGGWLKKKGPGMAKAALKAAMQ,1
FRYHVKFIEPA,0
PKAGIHPRYEEARIVCGCGAI,0
SVAGRAQGM,1
GIGGVLLSAGKAALKGLAKVLAEKYAN,1
FLWGLIPGAISAVTSLIKK,1
NFLGTLINLAKKIM,1
RRWWCT,1
KEGIHPNYTEVTVKCLC,0
ILGPVLGLVSNALGGLIKKI,1
WLRRIGKGVKIIGGAALDHL,1
LLLKHGRIEILDQNT,0
VRFKLLSHSLLVTLASHL,1
SAEEGTGDSTTAEVIEVVGKT,0
PIVRLKENEPFE,0
MNKDEAGGNWKQ,0
LFSLIPHAIGGLISAFK,1
GWGSIFKHGRHAAKHIGHAAVNHYL,1
TTVTQMKCACPHCLCIVSLNDAIMVDG,0
FFRLLFHGVHHGGGYLNAA,1
YPHHSYLRGIPGPAGYPARSPFLFG,0
SMSHIYTVVRCPRCGKPVPW,0
KWCFRVCYRGICARRCR,1
LLDVLLE,1
VGRKHSILNCIPYLKKKKIMRL,1
GSCVSVKSISIS,0
RRRFWWFRRR,1
TSRCIFYRRKKCS,1
ERKEYKVFKSGL,0
VDRGWGNGCGLFGKGG,1
IHSNISIQINGEPFNCSK,0
NIQSFS,0
FFPIVGKLLFGLL,1
KWKLFKKIPKFLHLAK,1
WFCIDLGADAFKEAGVLAEK,0
IPHAVKAISDLI,1
KLWKLWKKWLK,1
TQLSQSNVERVALVYISVYFFSCISLIV,0
PEDNKAAAKVEP,0
QVYGCCELVR,0
SFENFAIITLKENVFALLPEAYAP,0
SIGAKILGGVKTFFKGALKELAFTYLQ,1
KFFRKLKKSVKKRAKEFFKKPRVIGVSIPF,1
QKTLIFGHKNPDTDTI,0
FLPIIASVAAKVFSKIFCAISKKC,1
VKLKYPVKLYP,1
RKCISICFYEEEN,0
IWGLIAHGVGHVGRLIHGLIRG,1
RDLKTYLSVAPVLSTLW,0
RIKRFWPVVIRTVVAGY,1
MWTKPAYTDLRIGFEVTMYFANR,0
PFVKIDLFEGRSQEQKNELAREVTEVVSRI,0
SDTTGRIPLCLIGT,0
ATNIPFKVHFRCKAAFC,1
DKLKVTLIRSVIGRPQNQRDIVKGLGLGRV,0
TYGLLLFLGLTFGLQLM,0
DSMGAVKLAKLLIDKMKCEVTKAC,1
SSIDYLVNNCDYKVSAFSLNDGQRSNSIQ,0
NSNDLAKRGESL,0
KPGIHPEYGKARVICAC,0
SNSENTGRIPLWLVLT,0
WPVVIRTVVAGYNLYRAIKKK,1
VRLRIRVRVIRK,1
GIMSSLMKKLAKIIAK,1
ITKEMIDRIN,0
FLRALWNVAKSVF,1
RWRRKWWWW,1
TLEMRMVELE,0
SPAGCRFCCGCCPNMRGCGVCCRF,1
SNETFEQNEPKPTKVEELQ,0
QKDDEEESRFFFNFIFSAE,1
GRKKRRQRRRGGWMWVTNLRTD,1
PGAFSQNSSKRRAV,0
RLRLRIGRR,1
FLSSIGKILGNLL,1
GVKELFGKAWGLVKKHLPKACGLLGYVKQ,1
MPDPAKTAPKKKSKKAVT,1
KKVIIEYVKIEA,1
LIPHDQLEVDTLTRLIEDFVTR,0
SIFVLPDLPYAKDALPKISAKTFDFGK,0
RAGLQFPVGRLLRRLLRRLLR,1
SMLSVLKNLEKVELEFVACKINKQC,1
QIQQMLENRIEELEMKIAFQ,0
LQKYLWYKNNNLTGFK,0
KKVADKVLLLKQLRIMRLLTRL,1
RNFEKMTKRSNRNARD,0
IKLSKETKDNLKKVLKGAIKGAIAVAKMV,1
PERKTQPTTDQPWTKPNDGGDESGPRSPEV,0
GIMSSLMKKLKKIIAK,1
RLARIVVIRVRR,1
RLHKTFICFSQNKRGCRNILQENS,0
DFCKIDVVVSFAHSFD,0
GITSAGMQSRDAECGERI,0
GFMDTAKNVAKNVAVTLLDNLKCKITKAC,1
RKRWWWWFR,1
WRWFIH,1
SIFAFQDESPSAIAQAKLFK,1
GILTDTLKGAAKNVAGVLLDKLKCKITGGC,1
VIDDLKKVAKKVRRELLCKKHHKKLN,1
FLPLLLSALPSFSCLVFKKC,1
PVIFNICLDDAFIHSNNPFFGKLPEAYAI,0
SGGGNVIMNQMNKRNHAKD,0
GLLSGILGAGKQKVCGLSGLC,1
KPEIHPKYTKVTVNCANCGTS,0
QGVQAQIEDLET,0
WLWKAIWKLLK,1
GIPCGESCVWIPCISAALGCSCKNKVCYRN,1
EKGTVKWFNNAKGFGFICPEG,0
SIGAKILGGVKTFFKGALKELASTYLQ,1
ACYCRIPACIAGERRYGTCIYQGRLWAFCC,1
MKLVKTWLKVLK,1
NLLNKALGTVNGLLGRS,1
PIVSKYTNQQFDDLMNDLITVL,0
RSARAGLQFPVGRIHRHLK,1
SMLSVLKNLGKVGLGFVKCKINKQC,1
ENMFNIKSSVESDSFWG,1
DWRVLVVLGPILI,0
KKVVFKVKFH,1
KRIVKLILKWLR,1
RRIRPRP,1
LQFPVGRVHRLLRK,1
PFPSILHLTIGRY,0
AIQSKYTNTQVE,0
ITRKHIIKEIHLTTIMMICMRQLRM,0
GLMDTIKGVAKNVAASLLEKLKCKVTGC,1
RIKRFWPVVIRTVV,1
GSKKPVPIIYCNRRTGKCQ,1
PRPKPDDRSDNVEKLQEMVQNT,0
GILKKFMLHRGTKVYKMRTLSKRSH,1
FLPIIASVAAKVFPKIFCAISKKC,1
REKVAKNAVESTFRFDITK,0
EKGYNPYVR,0
IEVIVNDRLGKKLRVKCLST,0
DGDIENQVELEEKTRLINQVLEL,0
PVVIRTVVAGYNLYRAIKKK,1
WWWLRKIW,1
LPMLAGLAANFLPKIVCKITKKC,1
HRRSVAHQQQASLHVKTNQLPSPNTVRQQL,1
VKLKVYPLKVKLYP,1
SRTSLEVKAKRKP,0
PRYYEDKPEGGACAGVKEDLG,0
KWKLFKKIPKFLH,1
LLPIVGNLLKSL,1
GFSPNLPGKGLRIS,1
KRKLIFLAAFLAALALFKKR,1
VFPLVCSTCGRDLSE,0
GIGGVLLGAGKATLKGLAKVLAEKYAN,1
RWAEIVCRSPSCNECCEWHTCFAPED,0
RNKSRGFPNMNNNKFEGEP,0
VAGYNLYRAIKKK,1
GPLQLSWNYNYGAAGK,1
KPSTNRMLTRIKSVYMFIQE,0
VTQSVEDSSRSGPRRTIVGD,0
RKGLQKLVGRVHRLLRK,1
KRIGLIRLIGKILRGLRRLG,1
FWGALIKGAAKLIPSVVGLFKKKQ,1
LYYSIVFLLIALVAGLFGFVGIAG,0
LAFVAGVAAEMMQHVYCAASKKC,1
DLSVKSEANVEYMVEAIKEKL,0
DQRMNGVDPKMLEL,0
TKYLVEICTFHGPTRQRR,0
ILPILGNLLNSL,1
DEEASRTARESLELVFRM,0
FIGKLISAASGLLSHL,1
LKLLKKLLKLLKKLGGGK,1
FLPLLAGLAANFLPTIICKISYKC,1
LKKLLKKLKK,1
GLLESRVLALKTAVLNAIQDATRLFTGP,0
KRRLAAFRAFRGALKSVLKK,1
FLGALWNVAKSYF,1
AGTGIIAIAAAIAAFTGIGAGIG,0
LLIILRRRIRKQAHAHSK,1
TLIWEFYHQILDEYNKENKG,1
AAPRGGKGFFCKLFKDC,1
SRWPSPGRPRPFPG,1
LDVKKIICVACKIKPNPACKKICPK,1
ENSSSETYSLLIAMVTI,0
SDGDTNGP,0
KGRGKQGGKVRAKA,1
TWWRWW,1
RFPGLMMKLLV,1
WSPQEEDRIIEGGI,1
RMSFYQFLMTQRNPNSADEV,0
FLSIPSTAYIIDAVPLEEAWESS,0
RWWRKIWKW,1
DLSVKSQENVEHMVEAIKEKL,0
VIRTVVAGYNLYRAIKKK,1
RRLFRRILRWL,1
PRPRPRPLPFPRPG,1
LSAMLEDTENWLYEELSLTQDPVV,0
IDHRILEILVCPLTKDKLQYNKDTNE,0
RRWRIVVIRVRR,1
VFLGNIVSMGKKI,1
YKLLKLLLPKLKGLLIKL,1
GAIERSGYTFQPEFS,0
LNIFSLIGLNSALYSSSCFFAKLPEAYAF,0
IPVRCFTCGKVVST,0
LNWGAKLKHIIK,1
ISLEICAIFHDN,1
ASGTVKWFN,0
PEEMNKYLTALRHYINLVTRQRY,1
IKIFIGHYINVFYSTADITLKKQPLLFL,0
CIDACIYVNDDVVYSYKCKNVWRGK,0
KNDHYVFNFYFFRSKIT,0
VFHLLGKIIHHVGNFVYGFSHVF,1
AEIRVKKNESLDSALRRFKRESAKSGV,0
STSRKLKSQGMRRGKNRTPHKGVKR,0
GIGGKILSGLKTALKGAAKELASTYLH,1
IKLSPKTKKNLKKVLKGAIKGAIAVAKMV,1
PNPVKRHSRTRRN,0
ADPTFGFTPLGLSEKANLQIMKAYD,1
GSPMFV,0
GFMNTAKNVAKNVAVTLLDNLKCKITGGC,1
YQEPVLGPVRGPFPI,1
GSKIFCCCRKTS,0
GSFSIWHWLIVL,0
ELNSNHDGADETS,0
HLNKRVQRELIRWLDWLK,1
MTPPENKNLVQENKELIQEVLKA,0
FLSLIPHAINAVSALANHG,1
SRWPSPGRPRPFPGRPKPIFRPR,1
FFRNLWKGAKAAFRAGHAAWRA,1
KLLKFIKKLL,1
RPKPQQFFGLM,1
TCVGGTCNTPGCSCSWPVCTRNGLPICGE,1
RLPRPRPRPLPFPRPG,1
TIVGFFRF,0
AIRTRLGDL,0
MDILSLGWAALMAMFTFSIAMVVWGRNGF,0
DTHFPICIFCCGCCHRSKCGMCCKT,1
LFTFAWA,0
SQPMTVQCPTC,0
RFSNCFNKFKFCIGTEK,0
SETIVNCPTCNQDV,0
ARTGFGVLKPAMQGYPGLVLPR,0
RRWWCY,1
FLPIIAGMAAKVIPSLFCAITKKC,1
FLPVLAGLTPSIVPKLVCLLTKKC,1
ILDKTLFSSLTFSLTVLFLL,0
SIGIWQIA,0
ILGPVLGLVSNALGGLLKNI,1
KGLKKLLKLLKKLLKL,1
WFEILPGIAVMG,0
PTQEAKAHHVGEWASLRNTSPE,0
EAEIWGRRIRA,0
GLGSVFGRLARILGRVIPKV,1
FLPIIAGAAAKVVQKIFCAISKKC,1
RVSPSRSWSLYC,0
GSWIKRLNSWLRK,1
TCFGGTCNTPGCSCETWPVCSRNGLPVCGE,1
IDPFVAGVAAEMMQHVYCAASKKC,1
FHLVDFQVTIAEILI,0
MCTHPLDCSN,1
TQKDWGEENQGM,0
EMLKKKKEVKMERKT,1
TCSKVYGDIISCV,0
VCIHTENQNQGDFY,0
GVREADRIQHDRVRKKREISPYLP,0
RRRFWWFR,1
ACYCRIPACLAGERRYGTCIYQGRLWAFCC,1
VAIIIYSMYGHIAKYGNFPGQWK,0
PFVRIDLFEGRTLEQKKALAKEVTEAVVRN,0
EIFIEVFSHFLLQLTELTLNMCL,0
KIWVIRWR,1
WKIVFWWRR,1
MIKPDGVQRGLVGEIISRGDFAIDIGR,0
CYYSNYYGGLRYGYGVL,0
FLFKLIPKAIKGLIKAFK,1
NFLDTLINLAKKFI,1
RRQGPIFDTRPSPFNPNQPRPGPIY,1
PQLVPFFFVNQVVYAFVI,0
DVKRVKQILSSSSRIDVTYEGVPVWIESC,0
RIIDLLWRVWRPWWPKFVTVWVR,1
KGFGFITPDDGSKDVF,0
TNASKPPVVNC,0
MLKLHGFSVSNYYNMVKLALLEKG,0
WRKFWKYLK,1
LQLTEKQLRNLT,0
MMISTFHDGQLRFSNVYRLTLMIFRL,0
VESTFEPNITTKSVGQAI,0
FLIIRRPIVLGLL,1
FKRLKKLFKKIWNWK,1
KRQKRDQTERAFVKGYQAGIE,0
MFFSSKKCKTVSKTFRGPCVRNA,1
MRWEKPSYNDMRFGFEVTMYIYNR,0
KWKKFIKKIGIGAVLKVLTTGLPALKLTKK,1
IPVRCFTCGKVIAG,0
GLLKRIK,1
VGIIVKDGESI,0
CAVAYRRSLH,0
KFCPEGKCV,0
TTIVLNPNEPVE,0
KLLKHKLLVTLA,1
MQNQRIRIR,0
ILPSKLCRLLGNC,1
FWSFLVKAASKILPSLIGGGDDNKSSS,1
VVKCSYRLGSPDSQCN,1
VRRFGWWWGFLRR,1
KWWWRW,1
EQPGGDKVNLGYFTN,1
VSVQINDNETIDKMLKR,0
AELPMAPVD,0
SPRRRRSQSPRRRR,1
SRSELIVHQRRC,1
MAKSATIVTLFFAALVFFAALEAPMVVEA,1
RGLRALGRKIAHGVKAYG,1
GIGGKILGGLKTALKGAAKELASTYLH,1
DWNRVEGN,0
VKSTGRADDDLAVKTKYLPP,1
GLLDTKNTAKNLAVGLLDKIKCKMTGC,1
GLLKFIKKLL,1
NDIRPLRDFEDEEA,0
TSAEVPATAQGVTHALEGTQ,0
NQDQEEEKPTCYDLLKVKHDLNKYNENII,0
TKRTFGGTSRKRKRVSGFR,0
HFPLPWQLILILLVILVIFGASKLPEVGK,0
EVNILGLIAT,0
KANIHPNYHRITVVMTDGSQ,0
FSVTWRWWKWWKG,1
RCICTRGFCRCICTRGFC,1
AEYVNYVLGSLYVSDTATSTIPTD,0
AILTTLANWARKFL,1
SACCDKCFCTKSN,0
WLSKTYKKLENSAKKRISEGIAIAIQGGPR,1
SDTQTRDVDPKLLEI,0
MKKARRSPSRRKGARLWYVGGSQF,0
KKVVFKFKFK,1
PQMIPFFFMNQLTYGFTF,0
ALTRGGDPAPSV,0
LPFVAGVAAEMMQHVYCAASKKC,1
KFFARLLASVRAAVKKFRKKPRLIGLSTLL,1
LRLKSIVSYAKKVL,1
LQSCYNFLKEQHCQKASTQK,0
ILYTVMPQEIVF,0
WGQGVRRFTTSVVRR,0
QYRPGSFGPLNQK,1
FFKLIPKLVKKLIKAFK,1
VVVDKEIKKGQYYLVNGNVVRVTYVNGFDV,0
FLPLIAGVAASILPKIFCFITKKC,1
SEKMIKVTQVRSV,0
NDVTVVNCP,0
GSATVLEVILAIILPPVGVFLRYK,0
QFIAASIAAGIA,0
PQVKLKEGEPVDVAIRRF,0
RMKKLGNHKVSCERNTKRCRKAI,1
FGIGMPELIVILV,0
RKKWFW,1
AKKVFKRLEKSFSKIQNDK,1
SRSEKAGLQFPVGRIGRMLKK,1
PNAPATASNVERLGLYL,0
KKGIHPDYHMIDVKMTDGTV,0
SQKLSFFQQNTRNGSGA,0
RIWKIWWKR,1
YYYPYHGGHYYGAHYGGY,0
TSYEKIT,0
GLFSKFAGKGIVNFLIEGVE,1
MIPIRCFT,0
FLGMIPKLIKKLIKAFK,1
WKLFKKIPKFLHLAKKF,1
VIRRRRILAAVV,1
KAGIHPEYHMIKVVMTDGTE,0
TNNNNTKAVPEA,0
KEGIHPKYNDVMVKCAC,0
RPKHPIKHQGLPQEVLNENLLRF,1
RRFKLLSHSLLVTLASHL,1
RKKRRQRRRRKKRRQRRR,1
FIAGLNGLR,0
ILGIITSLLKSL,1
LIFLGGILVMFIYVSSLSANEKFAVD,0
RILTMTKRVKMPQLYKQIVCRLFKTC,1
VNFKLLSHSLLVTLASHL,1
GIMDSIKGLGKNLAGQLLDKLKCKITGC,1
IFYKQRNAHLKP,0
VIPFVASVAAEMMQHVYCAASKKC,1
LLKWLLKWLKK,1
WLNAKRHHGYKRKFH,1
ARNEIRPAVKLRSTAGTGYTYITR,0
GNIPCGESCIFFPCFNPGCSCKDNLCYYN,1
MLLKKLLKKLLKKM,1
KWCARVCYRGICYRRCR,1
KLILILSKTIPAGKNLFYKI,1
FLPVLTGLTPSIVPKLVCLLTKKC,1
LLPIVGKLLSGLL,1
NRDIYTQIETVGVLEK,0
ARVTVEDCLDK,0
KDYEIVFTVFSS,0
YMVIQGEPGAVIRLGDYLIDQGL,0
PFWRIRIRR,1
QPVESSAIE,0
FLPIIAGVAAKVLPKLFCAITKKC,1
MLKSEVSKQISMPLTAPAF,0
PQLNTAVWPT,0
LKKLLKKLKKLLKK,1
VLVPQGFAVVKKANFVAFYT,1
PRPFPGRPKPIFRPR,1
FLKGCWTKWYSLKPKCPF,1
DRNQNPNRQPVEL,0
TNEKLFFGSGTQLSVL,0
ARYRCCRSQSRSRCRRRR,0
FLPIVAGLAANFLPKIVCKITKKC,1
LFKSLQSITSVNSIQKNQISSISVGST,0
TQVILGENEGIESA,0
RSTEDIIKSISGGGFLNAMNA,1
GLNTLKKVFQGLHEAIKLINNHVQ,1
RGGRLCYCRRRFCICV,1
IELLLFG,0
NPTNLH,0
RWCVYAYVRVRGVLVRYRRCW,1
LKFYLENVFHLIFFAKLPEAYAV,0
VGGRVAHPVLKGPSE,0
LLGDFFRKSKEKIGKEFKRIVQR,1
LKRILISIIRFYQRFISP,0
ARCENFADSYRQPPISSSQT,1
VALRLAKEVIKVQQGW,1
IVDFYSNTLRHCETLRSQPCSLFS,0
GNTSITIEFTSKFWPYF,0
GIGKFLHSAKKFGKAFVGEIMNS,1
KIYDAVVKTTFQISTSIFFDY,0
NNNFTKYLSTAPVIGV,0
FFGTALKIAANILPTAICKILKKC,1
MSKGYVWVVDDDSSIRWVMEKTSPLPT,0
NTDQQKVSEI,0
NQRKEIELLMFD,0
TRSSRAGLQFPVGRVHR,1
SNMIEGVFAKGFKKASHLFKGIG,1
KAEIHPDYHNITVVMTDGTE,0
GLLRASSVWGRKYYVDLAGCAKA,1
GLFKVLGSVAKHLLPHVVPVIAEKL,1
SNTGTTGRIPLWLVAT,0
LEHLSSLPTQMDY,0
GSKKPVPIIYCNRRTGKCQR,1
KADIHPNYEAVAVTCSCG,0
FVPWFSKFLPRIL,1
SCSCGSSCGCGS,0
RGGRLCYCRGWICFCVGR,1
KHVGKAALTHYL,1
TDQTSDVHMVRGHRPPKAEF,0
FLIGMTHGLICLISRKC,1
RWKKWWRWL,1
PEEVQTQDQPMETFAVQ,0
VKKYPKVKLYP,1
FLSLIPHIVSGVASIAKHF,1
MERQNVQQQRGKDQRPQRPGASNPRRPNQR,0
PFTASDICKIIFAVILPPLGVFL,0
SLLSLIRKLIT,1
RVKINLECSECGSNNYLT,0
FFPIVGKRLYGLL,1
LPSDATLVLDQTGKELDAR,1
QVIEHKKSGKVH,0
KWKWKWKWKW,1
RQEIHPKYTEVTVTCSCG,0
KILRGVCKKIMRTFLRRISKDILTGKK,1
MNRLLQRQLFLENLLVGVNSTFHQM,0
SERIKQLMVKRG,0
IFGAIAGLLKNIF,1
GLWSTIKNVGKEAAIAAGKAVLGSLGEQ,1
SGTSEKERESGRLLGVVKRLIVGFRSPFR,1
TSFGYRGKRVSPIPPKDKIDY,0
PGLSCRFYQHKF,0
FCTMIPIPRCY,1
LKLLKKLLKLLKKLGK,1
ILGPVLSMVGSALGGLIKKI,1
RRCPGKNAWPE,0
SDIEQRVKQAVAEQLGIKAEEIKNE,0
YTRSSGLKTLKLDDLVQVVKLTRVD,0
RCPGHTRQIGTSFGPRVKSCRKW,1
GLVSGLLNTAGGLLGDLLGSLGSLSGGES,1
WIGRW,0
SCLPKEEQIGKSTRGRKCRRKR,1
KQDTHPDYHFITVVMTDGTTY,0
ALWMTLLKKVLKAAAKALNAVLVGANA,1
YPELQQDLIARLL,1
IKFSVILGMIRCSLTHIT,0
AITRGAKVRIK,0
VKRFKKFFRKFKKSV,1
VHLRCKAAFC,1
KYYSRVRGGRSAVLSSLDK,1
FIHHIIGGLFSIGKIIHRLIRRRRR,1
PFKISIHL,1
GYKCTRCKQKVEIDYEYTG,0
GRILSFIKGLAEHL,1
VKNTDDVSVSTPA,0
PQTETKASVGFKAGVK,0
GWASKIGQTLGKIAKVGLKELIQPK,1
RQRGQEHLPTSVKSEPRACNNPTVAE,0
TIDKTYPIFTVRW,0
APLEDEDDLELLEKVKRDRKKRLERQGAIN,0
KADIHPNYKEIQVNCSCGNTF,0
KMFLFLNESYIFDRLRMWS,0
VRVKVRVKVRVK,1
VIGSILGALASGLPTLISWIKNR,1
ERSHVKRLPQLGHNIFAWK,0
RRWWCP,1
RNKAKGFPNQVNHKFEGEP,0
TEVKVKKGESIDK,0
DVKRVKQILSSSSQIDVTYQGVPVWIESC,0
GCWTKSIPPKPCF,1
HLNKRVQRELIGWLRWLK,1
WFEILPGLAIMG,0
MNAFMVWSCGERRKLAQQNPSMQNTEI,0
ILGPVLGLVGNALGGLLKNL,1
RFRIRKCPKCGRYTLKETCPVCGEKTKVAH,0
LLKALKKLLKKLL,1
TITPSLQGFFYSIL,0
FFFLSRIF,1
KDALEHTGFAPKKDGEEHVEWNYN,0
KQTENLADTY,1
LYENKPRRPYIL,1
KYHSGPSDKSKVIS,1
FLPLIAGVAANFLPKIFCLISKKC,1
VHVPPICSHRECRK,1
GILDAIKAIAKAAG,1
PGVYLNDDE,0
GLKDWVKIAGGWLKKKGPGILKAAMAAATQ,1
NVCHGSDSVESANKEIDLWFK,0
DAVSQVPMEVVLPKHILDIWVIVLIILATI,0
ETATLVAIFLSGLLVSF,0
DACLFHCKYPGI,0
PPRLPRPRPRPLPFPRPG,1
VGICSTAVSHSS,0
TSGNNINQPVTYPIFTVRW,0
ENPHEQVQANILSRIIGNV,0
FIFHIIKGLFHAGKMIHGLVTRRRH,1
NAQELRSKT,0
ADLIQRRQRSEFQSDIKGILYTVIKKNPDL,0
IPAMEPAARVKRSPGYGGCSPRWACGGYG,1
QVNPNPNKLPVEL,0
GVTGFGFDLVRYLFAGVVDGR,0
RWRWWWRVY,1
LRRPPRWPRRLLRR,1
GILLNTLKGAAKNVAGVLLDKLKCKITGGC,1
RRWWRF,1
LKALRKALKHLA,1
SSGWVCTLTIECGTVICAC,1
LALRTAGWLRLLGFRDKKKN,1
FGSLFSLGSKLLPSVFKLFSRKKQ,1
THPSVLPFIKQLIGTMDSVRGLPR,0
GWRTLLKKAEVKTVGKLALKHY,1
GCRFCCNCCPNMSGCGVCCRF,1
IIIQYEGHKH,1
REIKGYEYQLYVYASDKLF,0
RAGLQFLVGRVHRLLRK,1
EKKFLDILVCPVTKGRLEYHQDKQELWSRQ,0
QSVNEVAQQLFS,0
GILGNIVGMGKKVVCGLSGLC,1
IVPWQQISPEAL,0
KEYEFVRVELSTMRRR,0
ARTDIRPIVKLRSTAGTGYTYTTR,0
GKKIKITLVKSTI,0
TPFKISIH,1
VGECVRGRCPSGMCCSQAGYCGKGPKYCGR,1
RSNKGFNFMVDMIQALSK,1
KWSFRVCYRGICYRRAR,1
MKRISTTITTTITITTGNGAG,0
TESPQFDRRMLEALVCPVSQSGLSYDAER,0
ADDMVYQEAVAAEVIQINGRTGV,0
IWLTALKFLGKHAAKHLAKQQLSKL,1
NLEIVAQ,0
TVSYSIYLENSLHFGDALLAKLPEAYAI,0
EQILKFFWYSSTIILIFT,0
GLPVCGESCFGGTCNTPGCACDPWPVCTRD,1
RVCSAIPLPICH,1
FLPKLFAGIISKNF,1
SGNQNGENVQ,0
GIGTKILGGVKTALKGALKELASTYAN,1
DIDVSRNWFVSIDIRKLYLKTD,0
WKLLSKAQEKFG,1
KVVFKVKFKKK,1
FLPILGKLLSGIL,1
QNDWQEFKE,0
FLPMLAGLAANLLPKLFCKITKKC,1
KEGTKEEMEGKFSKAKGEIKESAGEMTGD,0
RAPAEDLARYYSALRHYINLITRQRY,1
MNILHICVTSKWFNIDNKIVDHRP,0
TRRKFWKKVLNGALKIAPFLLG,1
QKLCERPSGTWSGVCGNNNACKNQCIN,1
RKCNFLCKLKEKLRTVITSHIDKVLRPQG,1
FQISLDMISNKINLLGLLPEAYAP,0
ERNTNPNNLPVEL,0
FLGPIIKIATGILPTAICKFLKKC,1
AFYRRRISPIPPGQPIDY,0
RAGLQWPIGRLLRRLLRRLLR,1
QWGRRCCGWGPGRRYCVRWC,1
YCNRRTGKCQRM,1
ILPFVAGVAAEMMEHVYCAASKKC,1
VCIPCIVIPVLLWVYKKFLEPYI,0
GAFGNFLKGVAKKAGLKILSIAQCKLSGTC,1
PQLLPFYFVNQISFAFLG,0
RCLCRRGVC,1
KADIHPAYEAIEATCSCG,0
SSCGCGSGCSCGSGCNCK,0
GSGGSGSSGNFTTGS,0
LPASVDWRKEGAVLPIRHQGQCG,0
PDPAKTAPKKGSKKAVTKA,1
TVSTGIWILIVVIGVLVGLTGGFFG,0
PREIKDIKDFLI,0
NLEVIAQ,0
VRVKVRVK,1
ETAVIGMVAVLFVITMAITCIL,0
EREGKEDVRKADHK,0
TEAQIKEKVYDIIVSKMGVNKDQIK,0
WWWLKRIW,1
GIFSTVFKAGKGIVCGLTGLC,1
KWCFRRCYAGICYRRCR,1
SKITIVQCPQCGTDVE,0
RANELQELRVNT,0
VGIGTPIFSYGGGAGHVPEYF,1
FPKLGMGELVV,0
TQAKTFKVTLTKS,0
KKAAHVGKHVGKAALTHYL,1
MWTKPSFTDLRLGFEVTLYFANR,0
GINTLKKVIQGLHEVIKLVSNHA,1
LDSLSFSYNNFEEDD,1
RARFEELNMDLFRR,1
GPCCKDKCECAEGGCKTGCKCTSCRCAP,0
AGQEQQSS,0
MIPVRCFTCGNVVGEH,0
WLNALKKVFQGIHEAIKLINNHVQ,1
WTLKARKEHTGISGKPTARTDRHG,0
DRNSNPNRQPVEL,0
LRCMCIKTTSGIHPK,1
FIGAIAAALPHVINAIKNTF,1
LNIFSLICLNSDLYSSRFFLAKLPEAYAF,0
RIMKFFKDVGKEMKKVSWPKGKELTRYTI,0
KQFRIRVRVIRK,1
RRWWCK,1
NIQPPCRCC,1
DIKSEVIEIIDELFMEDVSDMMDEDL,0
AVPKRKTSRMKRGFR,0
PMPKIADARALSDEELSNEI,0
STATFVEIILAIILPPLGVFLKFG,0
SAIWFWMTPQSPK,1
TVLHVQEIRDMTPAEREA,0
TIEKIYPIFTVRW,0
RLKLLLLRLK,1
ALWKTLLKNVGKAAGKAALNAVTDMVNQ,1
RWKIFKKIEKMGGSYCNRRTGKCQRM,1
VLENFKWSWISVGVTVGV,0
AISRGDKVRIR,0
IKIPSFFRNILKKVGKEAVSLIAGALKQS,1
KKDIHPEYHIIDVKMTDGTV,0
PSATRKNAPKGKC,0
IASKFLCTPGCAKTGSFNSYCC,1
TFINNDAYSTLGI,0
HHIIGGLFSAGKAIHRLIRRRRR,1
SADQTGMNKAALSPIRFISKSV,1
ITSVSWCTPGCTSEGGGSGCSHCC,1
KDGRSFIASGNGRPCGQC,0
VAYPEISWTRNGCTVAK,0
NDYKLYQCAQCGFEYDEAVGWPEDGIEPGT,0
SMISVLKNLGKVGLGFVACKVNKQC,1
PQRGEGGRAGNLLREEQEI,1
GSFSVWHWLIVL,0
GNDAFKLSSADRGDITIN,0
EFTTAMFGTSLIFTTSTQSKHNLVN,0
RCVCTRGFCRCICLLGIC,1
GILSSLLKKLKKIIAK,1
SMGAVKLAKLLIDKMKCEVTKAC,1
ANKPLQPISYPIFTFRW,0
PQEFEQIRSADQPLD,0
LENRVAEKQKLFQEDNGLPVHLKGGATDN,0
KIDEVRGMTPDQLNEQ,0
TSRCYIGYRRKWCS,1
GNEFIA,0
DISNQLTLEQEFELVLYKQKIDPLNLEQ,0
TRKRLKKIGKVLKWI,1
GFLGILFHGVHHGRKKALQMNSERRS,1
VKLYVYPLKVKLYP,1
TYCHTDVSYFEIQHSCIFSLLSLVVERCTC,0
SAEESEEGATPAEVIEVVGKT,0
QVWYDREVTAFVEPG,0
NDFVGPIVTV,0
PKMKSVKSAVKRFKV,0
LESIINLVSS,0
RWQWRM,1
SAFENFGKRETV,0
MPGPFELIV,0
WLNALLHHGLNCAKGVLA,1
INIVSLVCIYINS,0
RLKVIPEKLKDVKLVCTDVFGDN,0
VKRKANHVINGMNDAKSQ,0
NKYLFDHKIWSTPYYFYCEED,0
RLKKIGKVLKWI,1
YKLLKWLLLKLKALLEKL,1
AGFAAQAAASLAPVAIQQL,1
STGIWIMIVIIALLVGAVGG,0
WPSPGRPRPFPGRPKPIFRPR,1
FLPIIGKLLSGLL,1
VCIPCIVIPVLLWIYKKFLEPYI,0
FIGMIPGLIGGLISAFK,1
PAEDLARYYSALRHYINLITRQRY,1
GIGTKFLGGVKTALKGALKELAFTYVN,1
NIILMGLPGAGKGT,0
KANIHPNYHKITVVMTDGTQ,0
SWSSFFKKAAHSGKHVGKSASTHYL,1
DPCCNDKCDCKEGECKTGCKCTSCRCP,0
SAISCGETCFKFKCYTPRCSCSYPVCK,1
KTSPDVEYHK,1
VKLNVYPLKVKLYP,1
LLAGLAANFLPKIFCKITRKC,1
GFKDWIKGAAKKLIKTVAANIANQ,1
LLPIVGNLLKSLL,1
DPNCSCSTGGSCS,0
EGEQLQTAPYNPRFPQQNQTKHCWA,0
TSATATYAKTQDWGSCFEGKW,0
MTWTTPAYTELRLGFEITMYIANR,0
KIISKRRAMTIYRQHPESRI,0
MKRISTTITTTITTTITITITTGNGAG,0
RNTPFVVKINIIFLKVVSN,0
FLSGILKLAFKIPSVLCAVLKNC,1
WGRAFSAGVHRLANGGNG,1
FLPPSPWKETFRTS,1
NRNRIYDIVQK,0
GWCRCVCRRGICRCFCRK,1
ANGTPAHELRELNAEELKTRLTE,0
TDIKIDQTLDTLGLRCPEPVMLTRKT,0
NNLRVKDDFDYEDIMDEESLM,0
SDFENKIEELG,0
GWMSKIASGIGTFLSGVQQG,1
DFFATFFNHVMTSMPVVTKV,0
DRFLIKLIKI,0
RIWVIRWR,1
SVLINGTCFPGLFILSHL,0
RMSKTVKVTQLKS,0
KWFKRLEKLFSKI,1
LVKKLLKLAMGFG,1
RLRRIVVIRVFR,1
YPVKLKYPKVKL,1
RWGKWFKKATHVGKHVGKAALTAYL,1
RRRFVVQQDTISPRLEVDERFLPNSVQEQI,1
DVTVSKVDTKLLDL,0
MSHIVRFTGLLLLNAFIVRGRPVGGIQH,0
WKLFKKILKVL,1
ASDCCSACICDRRAP,0
QVFTLIKGATQLIRKTLGEQ,1
NGKRIQATGA,0
CKHQCMSTRGDQARKICESVCM,1
PDPAKTAPKKKSKKAVT,1
SFLTTVKKLVTNLAAL,1
SFDNNYHGGQGYAKGGLG,0
RLLRPLLQLLKQKLR,1
TSFTLYMR,0
AQTCDLCGRGPAFGN,0
KCKWWNISCDLGNNGHVCTLSHECQVSCN,1
DPNCSCSTGSTCT,0
NKLAYNMGHYAGKATIFGLAAWALLA,1
ENTENVRSGRNQREYSK,0
VRPYLVAF,1
DPNCSCVAGESCT,0
RRARIVVIRVAR,1
ADQIQEILDVPR,0
SETIEDRLLNKQVCMRC,0
LVKRFKKFFRKLKKSVK,1
GLPVCGETCFGGTCNTPGCACDPWPVCTRD,1
MLFKKISKFVGWLSGSSVGSITSKTHE,0
HSLKGDFVSNNVTIS,0
KSDIHVCAVWESEHDRPVYTLDDTCPECGA,0
GNAACVIGCIGSCVISEGIGSLVGTAFTLG,1
DRNPNPNNLPVEL,0
SRICDVCGKGPVVGNNV,0
GLLSGVLGVGKKIVCGLSGLC,1
QVEAAVQRPVSS,0
MARSICFFAVAILALMLFAAYDAEA,1
PPEAAYGPGNTNSDSGDK,1
RRRRRRRRR,1
TRPWKCCDRAICTKSFPPMCRCM,0
LRWLRWG,1
RCICLLGIC,1
LLGMIKVAITAISALSKL,1
KSKKPNFEFELK,0
KKDLHPQYYSVAVKCETC,0
TGVAWRIT,1
FFLSRIFGK,1
TESYFVFSVGM,1
ATGTVKWFND,0
AGATGATRQDGSTDA,0
DFNPSEVASQVTNYIQ,0
LKLLKKLLKLLKKLGGK,1
KKTAKHFCPHCQKEVSWQDNPHRPFCSER,0
SMLSVLKNLGKVGLGFVA,1
AGGGRIPLWIVAT,0
GILSGILGVGKMLVCGLSGLC,1
GAFGNFLKGVAKKAGLKILSIAQCKLFGTC,1
FLPIIAKLLGGLL,1
KWAFRVCYRGICYRRSR,1
GLKDIFKAGLGSLVKNIAAHVAN,1
LLIRAAKKFIKK,1
NYPIVIYPCAEGGFVAEIPA,0
SGTPEKERESGRLLGVVKRYIVCVRNPCP,1
NNYMINPSIVDLLTKVDNRY,0
PLTVNCPICKT,0
CSCRTSSCRFGERLSGACRLNGRIYRLCC,1
SYSMEHFRWGKPV,1
DNTDSVVKIQSWFRMATARKSYL,1
ILGPVLGLVSNALGGLLKNL,1
PEKTKLGNSLSFN,0
RKWKIKWYW,1
SLENDSLEITYLGKRYKISLNNTFS,0
ALYNSEDLYEETSDSDD,1
GIMSSLMKKLAAIIAK,1
MKTNPL,0
LNLTKWLGKLGVILSHLNK,1
SFMVSEEVTVKEGGPRMIVTGYSSGMVECR,0
FLFKLIPKAIKGLLKAFK,1
IWSFLIKAATKLLPSLFGG,1
PVIAIIAIVIIVIILNKTGVSDSLT,0
LGPALITRKPLKGKP,1
MSWTKPAYTDLRIGFEVTMYFASR,0
PMIKSPHGEGGCVCAPPATDWTPP,0
FSNIGFPGLILIL,0
AEQPTFEQNLSQLETIVNQLEQG,0
ILGKIWKGIKSLF,1
FNGEEVILFPERKTIP,0
PNILSLTCICFNSV,0
FLGLLFHGVHHVGKWIHGLIHGHH,1
GLFKTLIKGAGKMLGHVAKQFLGSQGQPES,1
GWNDNK,0
LRALAKALKHKL,1
RSVCRQIKICRRRGGCYYKCTNRPY,1
SVLSTITDMAKAAGRAALNAITGLVNQ,1
HLMYTLGPDGKRVYTLNKTTSDGEITKS,0
GLISGLLGVGKMLVCGLSGLC,1
FLPFLLSALPKVFCFFSKKC,1
TVVAGYNLYRAIKKK,1
TCFGGTCNTPGCSCDPWPMCSRNGLPVCGE,1
LTTKLWSSWGYYLGKKARWNLKHPYVQF,1
PVCPFCGYGKSI,0
FLGGLMKAFPALICAVTKKC,1
TIKDELNRILWTRRDLENYSVLIVD,0
EGPVGLADPDGPASAPLGAP,1
INWKALLDAAKKVL,1
NNQYIRREVFCCGTCHELKSFWEKE,0
RDDTTTLRIQKELK,0
NGKRVCVCR,1
RFRPPIRRPPIRPPFRPPFRPPVR,1
RVRRFWPLVPVAINTVAAGINLYKAIRRK,1
FLPIIASVAAKLIPSIVCRITKKC,1
SRSIFFFSSLFLS,0
LNIFSLICLNSALHSSSFFFAKLPEAYAF,0
PILVWQ,0
KWKLFKKIGIGKFL,1
PVPKKKTSKARSRRRYAVWLGKAKLQAQRA,0
GFKDLLKGAAKALVKTVLF,1
GIFGKILGVGKKTLCELSGMC,1
RLTYKPRTVTYTRGR,1
WIYPVKSCKTEAYR,0
YKWKIRFKR,1
GLFGVLAKVAAHVVPAIAEHF,1
VAYWRQAGLSYIRFSQICAKAV,0
TETAQAPLDPRLLSV,0
CYCRIPACIAGERRYGTCIYQGRLWAFCC,1
AGFAAQAAASLAPVAAQQL,1
PKMKTRKAVASKFRVT,0
NWGSISSGTPGLFV,0
SAHCMLTGARPGFGNRISHSHRRTS,0
GIKDWIKGAAKKLIKTVASHIANQ,1
IKFSRRRLAKLANAQIDDRI,0
FIHHIIGGLFSAGKAIHRHHRRRRR,1
GIMSSLMKKLAAHIKK,1
SFFKKAAHVGKHVGKAALTHYL,1
SGSGVRSAKKGGKAQGGQAGVGYKGSTEPG,0
SRRYSLATITLVI,0
QKWVCVPCGYEYDPADGDPENGI,0
DPCECSKTGSCNC,0
FAEGRIPLWVVGV,0
VQECCSQSLYYEELHSYHIVPY,0
GLPVCGETCVGGTCNTPGCTCSWPVCTRN,1
RMKLNAKKLSFC,1
ARPTASDLRQL,0
IIPFVAGVAAEMMEHVYCAASKKC,1
SSDCGNCDCADKSQCTKKGFQIDGIVETSY,0
STTEQTVCEIEQESELIPAKPQ,0
GWKDWLNKGKEWLKKKGPGIMKAALKAATQ,1
KWKKPLLKKLLKKL,1
NILSSIVNGINRALSFFG,1
DLNLRKAIYSNI,0
RCTCTTIISSSSTF,1
KRFKKFFKKVKKSV,1
GIVKKILRMTGLEKHDYV,0
VDTFPG,0
STTAKIDFETGLFDEGQYEEAPDLP,0
KLIFILSKTIPAGKNLFYKI,1
KLGALWNVAKSKF,1
ILPILGNLLNSLL,1
LLIKFLKRFIKH,1
KRLFKKLKFSLRKY,1
DFDFRLLIVLLPI,0
IFGAIWKGISSL,1
GLLSGILGAGKHIVCGLSGLK,1
RRGWVLALVLRYGRR,1
ATKVKAKQRGKEKVSSGRPGQHN,1
MSQSKYRQL,0
FIHHIIGGLFSAGKAEHRLIRRRRR,1
RQIKIWFQNRRMKWKK,1
IKIPAFVKDTLKKVAKGVISAVAGALTQ,1
FLSLIPHAINAVSAIAKHN,1
FLGALWNVLKSVF,1
FLGGILNTITGLL,1
LILTRRVGETLMIGD,0
RLWLAWKRR,1
VTRFLGPRYRELVKNWVPTAYTWGAV,0
LNKGAILKHIIK,1
TIINSISSLGKI,0
ASAIRNFPYPCFWKFVSMANRPIK,0
VRRFPFFFPFLRR,1
FPRSGLGLAVAA,0
KWCGRVCYRGICYRRCR,1
GTRCSLTDTRSATY,0
KSDIHPDYHFIKVVMTDGSEY,0
DWTFANWSCLVCDDCSVNLTV,1
AISRGAKVRIK,0
SEYTVTGTFQARDGWQSFETEIEAPNE,0
QLITDMAEWSSKPFRPD,0
THPKPDDRSDNVEKIQNTIDH,0
KSLRPRCWIKIKFRCKSLKF,1
SDEPEHTAKVE,0
VRARRGVLLKCDPSIKALIV,0
AVTGQVKWF,0
RDKVILECTECKSRNYTTK,0
SSTSDKVKGMANEAV,0
MLDIISLGWGSLLAIFSFSIALVVWGRNGF,0
YQIPDMLYNEK,0
MLIGEAVLAVVTVAVVAYLTYVMMYPTRF,0
MAHDLP,0
LSIRVDEHKPFDISLRN,0
FRLHF,1
ILELAGNAARDNKKTRIIPRHLQL,1
FLFPSLLSSFCITLRSIS,0
GLFGKLIKKFGRKAISYAVKKARGKH,1
GIWGTLAKIGIKAVPRVISMLKKKKQ,1
VFQFLGRIIHHVGNFVHGFSHVF,1
PKIYRIKGKIVGKDEPMVFT,0
EVQVLEAGKIISPNEKVIVWR,0
DNGEAGRAAR,1
DIRLIIVLMPI,0
PQLVPFYFINILSFGFLI,0
GLLSGILGAGKHIVCGLTGCAKA,1
MSIADLKSRLIKASTSKMTAEL,0
LNFTWNVFSQTGNVDTY,0
KMDSRWRWKSSKK,1
EEKYETNGYDTSIVYDYKEYPDVKYGRCD,0
PSSKKKKETVPLASMAGLIRYYEEENEK,0
QLPATGTEHERTEKDTIIISNLRK,0
LVLSRKVNESIQIGPDIEIKV,0
ENIVIGHMEVVACADSRVSFNLV,0
RKFHEKHHSHRGYRSNYLYDN,1
AKKVFKRLEKLFSKIYNYK,1
NALSSPRNKCDRASSCFG,1
SQLKVTLIKSAAHRLPKQRTIVKELGLGRV,0
DATAGLHLG,0
NAPTERPETSVDPKLLE,0
GLLSGVLGVGKKVLCGLSGLC,1
VPNLMTDIEKLQVQVDELEMKQAFQ,0
FLPLLLAGLPLKLCFLFKKC,1
ILGPVISTIGGVLGGLLKN,1
GIFSSRKCKTVSKTFRGICTRNANC,1
VGALAVVVWLYLWLW,1
AFNLRNRNFLKLLDFTPREIQYMIDLAIDL,0
RGGRLCYCRRRFCVCVGR,1
SAKDVKFGDSARSMMIAGVNVIAD,0
ILGKILKGIKKLF,1
MSQASSSPGEGPSSEAAAISEAEAASGS,0
KEKLKLKCKAPKCYNDKLACT,1
SPPNQPSIMTFDYAKTNK,1
KYKKALKKLAKLL,1
RNCTWLFSTKLKLPA,1
HSDAVFTDNYTRLRKQMAVKKYLNSILN,1
FIHHIIGGLFSVGKHIHRLIRRRRR,1
LYYALVFLIVAIIAGVLGFGGIAG,0
FVRWFSRFLGRIL,1
DNMSLTGLSDEEAKEFHSIFMQS,0
DKPVVWARVMKVLGRTG,0
RIKRFWPVVIRTVVAG,1
AHPKAAEVRKLT,0
KADIHPDYHTIKVVMTDGTE,0
GLLSKVLGVGKKVLCGVSGLC,1
GLWNSIKIAGKKLFVNVLDKIRCKVAGGC,1
GMWSKLLGHLLR,1
PIAQIHILEGRSDEQ,0
RWCFRVCYRGICYRKCR,1
NNKGCIKCGS,0
SAPYKNLDRDT,0
VPIIYCNRRTGKCQRM,1
INNEAFNLSLEQKFQLQCLQQEYQELDREQ,0
KTATTTASHACPFCSGK,0
RCLPAGKTCVRGPMRVPCCGSCSQNKCT,1
ADLFLR,0
TASSSDGA,0
LRPAVIVRTKAL,1
FPNSNGPNKMKALVAPSNSSTTSK,0
GIGGALLNVGKVALKGLAKGLAEHFAN,1
IFKAIWSGIKSLF,1
SGKRVLACDICKSRNYSV,0
FFKQFDILDMMPTINSNNF,0
TVVRRRGRSPRRR,1
DKEIHQFGKGHVLHQMLRI,0
NSMHLHAVRYIRV,0
KGFGFITPADGSKDVF,0
GLLSGTSVRGST,1
GLPCGESCVFIPCITTVVGCSCKNKVCYNN,1
AIKKGDLVKVVA,0
AQVIFNEEWMVEYGLMLR,0
KPNSHPEYVTTEVACSCGNTF,0
NPAAFLISLPIRFYRLVISP,0
YPLPFIP,1
LITQHEPEQSENI,0
RKAIVCFTIDANEKSLLS,0
RTDSSKMTDVESGVANFASSARAGR,0
VTVYDAEGTKVQIDGSLRVEL,0
VVAGYNLYRAIKKK,1
IFTLGWA,0
VGGLIAYDNIEISQIPVGDGVTLC,0
LRRLLRRLLRRL,1
FGLGGQELILIL,0
FLPIIAGIAAKFLPKIFCTISKKC,1
ERRFIVYYNC,0
NNIIDSSKYRL,0
GSLCGDTCFVLGCNDSSCSCNYPICVKD,1
TDVESTYADFIASGRTGRRNALH,0
RLPAVTPGWPAIPPGATLGGFD,0
LSNIGVPGLILILVIALVIFGPKKLPEIGR,0
MPKRKAEGDAKGDKAKV,1
GLWSKIKEAGKAVLTAAGKAALGAVSDAV,1
REGIHPDYYQ,0
LLQWLSKLLGRWL,1
KQQLATEAESAGPIL,1
GSGTAPKGRRNHTP,0
KCFQWQRNMRKVR,1
IGGLGWGELLIILI,0
GIMSSLMKKLAKHIAK,1
NFYVNQSIII,0
WLSKTAKKLENSAKKRISEGIAIAIKGGSR,1
TDTTERGYDRHMLEA,0
MAPPRTSTS,0
IKLSKETKKNLKKVLKGAIKGAIAVAKMV,1
KKDLHPEYHVINVKMTNGDV,0
KRPMNAFMVWSQNERRKI,0
REKITLECTECKQRNYKSF,0
QHIEADIEQLQM,0
SALVGCWTKSWPPKPCFGRG,1
KIITRGEAMRIHQQHPTSRL,0
TMDRTSPIFTVRW,0
WSDSLVSRICVPIIVVCT,0
ESVAKPATTKEGSA,0
RIYNCSYCGRPI,0
FALGAVTKLLPSLLCMITRKC,1
RRGYGLKLALAKDGWALMLRLGFGRR,1
TDHQMAQSACIGVSQDNAYASAIPRDCHGG,1
SIITMTKEAKLGQLWKQIACRLYNTC,1
GNPARKTFRAKRDSRRAQTFKASLPGIVEC,0
EIGIVKWFNNAKGFGFISA,0
SLILIRSVVRKLVFFTAAMI,0
WLRAFRRLVRRLARGLRR,1
SLPRNVIPMPRSRFLRV,0
AQEQTRRGGGGDDDE,0
NETTPAFDRHMLE,0
DIEQLREKSADEL,0
GLFTLIKGAYKNDAPTVACN,1
RVKINLKCSSCDSINYLTS,0
TGSVNGTATWVGL,0
FAPCPK,0
LIPYEQLQAETLTRLIEDFVTR,0
GIGTKFLGGVKTALKGALKELASTYVN,1
AISRGDLVRVK,0
RGLRRLGRKIAHGVKKYGPTVKRIKRKA,1
ITCPQVTQSLAPCVPYLISG,1
GNIYTKDIKRIVKEIYNQYKDEIKDD,0
SVFAFENEQSSTIAPARLYK,1
KAYSMPRCKYLFRAVLCWL,1
VKWRWKWKWRWKWKWKV,1
IKRFWPVVIRTVVAGYNLYRAIKKK,1
RIRRWKFRW,1
PTWLTTIFSVVIILGIFAW,0
VRLRIRVAVIRK,1
FFPNVASVPGQVLKKIFCAISKKC,1
FLFSLIPSVIAGLVSAIRN,1
TQVTIGENEGIES,0
ILPFKFPFFPFRR,1
HVDKKVADKVLLLKQLRIMRLLTRL,1
RLYRRLYRRLYRRLYRKKK,1
TDVGFDGWR,0
RLLRRLLRRLLRLQKKGI,1
RQVVKEGFKEEKNN,0
GILDTIKNAAKTVAVGLLEKIKCKMTGC,1
LNWGAILKHKIK,1
RPPIRPPIFPPIRPPFRPPLGPFP,1
TRWLWLLRGGLKAAGWGIRAHLNRNQ,1
QGSPARCRFCCRCCPRMRGCGICCRF,1
ILGAIIPLVSGLLSHL,1
EKRKTIKVTLVKS,0
MTLIKYKRKNIQFYKKIIANGYAK,0
LGQSIRRFTTSVVRR,0
GLLLDTVKGAAKNVAGILLNKLKCKMTGDC,1
IKLSKKTKDNLKKVLKGAIKGAIAVAKMV,1
AKKVFKRLEKLFSKIWNWK,1
FDIMGLIKKVAGAL,1
RILSILRHQNLLKE,1
FLPILASLAAKFGPKLFCLVTKKC,1
QKIQEIDLQTYLQPQ,1
AKKVFKRLEKLFSKIFNFK,1
DLWNSIKDMAAAAGRAALNAVTGMVNQ,1
LSNPSRHISRQSATD,0
VNLLQIVRDHWVHVLVPMGFVIGCYLDK,0
RERMDEEELEAFYN,0
EVIQISKDELEEII,0
FFPIIAGMAAKVICAITKKC,1
ETATSVAISISCLLISF,0
EQEENVVKIQAFWKGYKQRKEYM,1
WFWKWWRRRRR,1
CLPKNPHPPVTTYTSVRILS,0
AGWGSIFKHIFKAGKFIHGAIQAHND,1
FIHHAAGGLFSAGKAIHRLIRRRRR,1
RIKRFWPVVIRTVVAGYNLYRAIK,1
MDRETEAETAELVTESLVEEVSIDGMCGVY,0
KWCARVCARGACYRRCR,1
PQMAPISWLLLFIVFSITFILFC,0
GSLHGFMYKYLKNMVLNLF,1
FFPIVGKLLS,1
INWKGIAAMKKLL,1
VIVFVASVAAEMMQHVYCAASKKC,1
YAGFLR,1
FIHHIIGGLFSVGKHIHGLIHGH,1
TPVHFSFTSAFILGLMGLAFHRT,0
TKRVVVVGGGFGGASTAK,0
CCGPLGFCGPCSPCGGPCGPC,0
TWELIAQ,0
TCVGGTCNTPGCSCSWPVCTRNGVPICGE,1
LISLGWA,0
WRKKWFW,1
EIIDVAYQSPEMEVGF,0
KRAKKFFKKLK,1
SEISVTQTLNTLGLRCPEPVMLVRKN,0
KKGIHPNYSEVTVTCSCG,0
LNALKKVFQKIHEAIKKI,1
LLGPVLGLVSNVLGGLL,1
KRFRIRVRVIRK,1
ADNADDLFQIPK,0
LRAIVVFAPII,0
PNPKVFFDMTIGGQSAGRIVMEEYA,1
KPEIHPDYHTIKVVMTDGTEY,0
QSHLSLCRWCCNCCHNKGCGFCCKF,1
IIRKIIRK,1
LNALKKVFQGIHEAIKKI,1
FKRLKKLAKKIWNWK,1
RAGLQFPVGRVHRLL,1
ASEALVEIKPGEIGMVSGIPDEHLRRFVVI,0
PQRASIQQTADFLGVSTKTVRRYIAD,0
AGKRDKVRMISSAGTGHFYTTDKN,0
STQLDPTQLAIEFL,0
LLRRLLRRLLRRLLRR,1
SCCGGNCGCGSSCKCGSGCGGCKMYP,0
SGGTTGERPFSDIVTSIRYWV,0
PKIGPMEILIIVLLVVV,0
GILGNIVGMGKQVVCGLSGLC,1
NYAGHKKLRADVAEVANTMC,0
TRGNQRELARQKNMKKQSDSVKGKRRDDG,0
RNMVNKDQVAGLAK,0
TCVGGSCNTPGCSCSWPVCTRNGLPICGE,1
LKKLKGRVSRSFLFFVKLRPAKRTLKKRIL,1
NNFWTNITRYPRFFIS,0
AQMKIEDIRA,0
FLSLIPHAINAVSTLVHHF,1
FGLGITEILLILG,0
MPGKVQDFFLCSLLLRIVSAGWCD,0
NLKAIAALAKKLL,1
VSMKQVERQKLNQKL,0
SRSSFSPTQAFLTLQQAS,0
YDPEAASAPGSGNPCHEASAAQKENAGEDP,1
GKLSSLWKKLKKIIAK,1
KEDLIWKLLSKAQEKFGKNKSR,1
DIQQFRGKSVDDLKAHL,0
RCVCTRGFCRCVCTRGFC,1
LCYCRRRFCVCVGR,1
MQRPRPPRPLSYSRSSEEAFLEA,0
ACYCRIPACLAGERRYGTCFYLGRVWAFCC,1
SWENNK,0
FVPWFSKFLWRIL,1
PGGVPWSAY,0
RTHTGEKPFKCPECQKRFTRD,0
FSAMPALSHEEQQRAVEKIQQLMVEGMSS,0
VVKCSYRLGSPDSRCN,1
MQLFHLCLVISCSCPTVQASKLCLGWL,0
MGREHDKQAQFTPDHLGT,0
RNKERNFPNQNNNKFEGEPRAKA,0
VNWKKILGKIIKVVK,1
ILGTILGLLKSL,1
MSHTVKIYD,0
SDTCGNCDCADKTQCVK,0
NLEVLAQ,0
GSGGSGSSGNFTTGSNV,0
FLSLIPKLVKKIIKAFK,1
RLARIVVIRVAR,1
GHQNIWYSHPRKYGKGSRSCKICGNK,0
YCNGKRVCVCR,1
TLQPPSALRRRHYHHALPPSRHYP,1
TDGLMKNGNF,0
GLGSLLGKAFKIGLKTVGKMMGGAPREQ,1
MDILTLGWVSVLVLFTWSISMVVWGRNGF,0
PIIGVPRCLEKPFCAPAKFPFS,0
VKLKYPKVKLYP,1
LINLYRYCISPF,0
ILGPVLGLVGEPLGGLIKKI,1
TFYNYLMRHRA,0
ENMNMNKELIQQ,0
KLLTHVCHYCSFSFFTRKFDVFGA,0
GGLQTTGYAENASFSQLSACFSSRLVRE,0
PRELTEIKEFLL,0
KIKWFKTMKSLAKFLAKEQMKKHLGE,1
IIPWQDIAPETL,0
NNSMINPSIVDL,0
GYGFLTTDD,0
LGHSIRRFTTSVVRR,0
RLYRKVYG,1
MSIADLKSRLIKASTS,0
ILPWKWPWWPWRR,1
NSNYTGGEPKRSRTAY,0
GLARIVVIRVAR,1
SLSRFLSFLKIVYPPAF,1
ATGTPAHEFRELDNAELENRLKD,0
LLGMIPVAISAISALSK,1
ILQKAVLDCLKAAGSSLSKAAITAIYNKIT,1
FLPKLFAKITKKNMAHIR,1
DEMRNVSDEEAKEFHAMFSQA,0
RCYCRRRFCVCR,1
DAPAIAA,0
MCDILLNVLNIVFIGIAIILVIIC,0
SKGKIEIIETCCRRCGKS,0
NTATETVQLTKFTQVLCSSGSLGI,0
GETEDV,0
VIFQLEYPLHHLVLFEVDA,0
MDILSLGWAALMTMFTFSLALTVWARNGF,0
SEIAKWLNTRFQLT,0
VTSWSLCTPGCTSPGGGSNCSFCC,1
RLARIVVIRVAG,1
IIAIQLLVLLLITL,0
SEISVTQTLDTLGLRCPEPVMLVRKN,0
DSSKAPVKLV,0
LRLDLSNLR,0
GNEFRVCDDCQATNIKTLVPK,0
SRVDWFRGVGPMSGN,0
KWRWIW,1
IVHNICHPPRPHCQLKLL,0
GFFGKMKEYFKKFGASFKRRFANLKKRL,1
LILTRKVGESVLIGD,0
FLAKAVAKAAAKALAKAL,1
RRWWCD,1
YIDITIDLKHYNGSVFDLRLSDYHPV,0
GNEFRVCDDCQATNVKTLVPK,0
ARYRRHSRSRSRSRY,0
RRWCFRVCYRGFCYRKCR,1
KWKLFKKIGIGKFLKKK,1
SMLSVLKNLKKVGLGFVACKINKQC,1
MDYETDTDTELVTETLVEEVSIDGMCGVY,0
NEESDLIADKFTNYNKLIRPAKH,0
GLFTLIKCAYQLIAPTVACN,1
RRLRPRRPRLPRPRPRPRPRP,1
RTKKWIVWI,1
SYKKIDCGGACAARC,1
MDILTLGWVSILALFTWSIAMVVWGRNGF,0
FENKVPEKQKLFQEDNGIPVHLKG,0
RMSEYFRILQGLPDGSFTREQAEAVA,0
NKLSLVLVAGFLL,0
HKTKSTRKIILVCEDCLSRNYSLN,0
GLLSGVLGVGKKVDCGLSGLC,1
PRPRPLPFPRPG,1
IFKVFYQETIDEVPVREK,0
MTRVQFKQHHHHHHPD,0
FIAAIIGGLFSAGKAIHRLIRRRRR,1
GIGTKILGGVKTALKGALKELASTYVN,1
KGGGKWGGKGGK,1
SRRCSVSGKGP,0
VAIYGRDDRSDVCRQVQHNWLVCDTY,1
KSAAEVQNTQQAIIPAQEKANLGNQNIMA,0
SATDFD,0
ITFSFKFAYVTPYSSIPLLHSFSIFYSS,0
VKLVKYPKLKVKLYP,1
SPCTCSTCNCAGACNSCSCTSCSH,0
DENEYDEYTQ,0
DLRMLYFLIYFAV,0
ERNQNPNRQPVEL,0
TIIKSISIIADKSISK,0
RGGRLCYCRRRFCVCR,1
IKLSPETKKNLKKVLKGAIKGAIAVAKMV,1
NLELVVQ,0
NAITTIKCPQCRKE,0
AKRKANHVINGMNNAKRQ,0
WKLLSKAQEKFGKNKSR,1
ERPPGFSPFR,1
INMKASAAVAKKLL,1
IYITIFMILPCPV,0
PRPLPFPRPG,1
SEKACRHCHYITS,0
LGRKIAHGVKKYGPTVLRII,1
INWKKIKSIIKAAMN,1
WLWKAIWKLLT,1
SCCGGSCNCGSSCKCGSGCGNMYPD,0
GVLSNVIGYLKKLGTGALNAVLKQ,1
GFGMALKLLKKVL,1
RTTAGSYRRYRRRC,0
FELTILHTNDVHARVEIINVGSEK,0
LNWGALLKHLLK,1
PKKKRKV,1
RKFHEKHHSHREFPFYGDYGSNYLYDN,1
GIGGVLLSAGKAALKGLTKVLAEKYAN,1
LLFGKIISRLLGN,1
GVFCGEACAQASCSIAGCECIAGLCYKN,0
RLSLYSCCLCIGARRIPTPCLFS,0
SPRRRTPSPRRRRSQSPRRRR,1
RATVNGLPA,0
TDLKITLIRSVAH,0
GILGKLWEGFKSIV,1
MKAPSGAFLLGVYSMDTHILR,0
NQGKIWTVVPPAFGLPLMLGAVA,0
STSRKLKSQGTRRGKNRTPHKGVKR,0
GLPVCGETCAGGTCNTPGCSCSWPICTRN,1
TVTGQVKWF,0
DFIGSSTNVIMVASTTLMLF,0
IVRPPIRCKAAFC,1
ILGPVLGLVGNALGGLIKKL,1
GIGGALLSAKAALGLAKGLAEHFAN,1
RVVRQWPIGRVVRRVVRRVVRL,1
FARLIRYFQEARAELARVTWPTREQVVEGT,0
STSRKLKTHGMRRGKNRAPHKGVKR,0
LNWGAILKHIKK,1
GLPTCGETCFGGTCNTPGCTCDPWPVCTHN,1
LIPLGQSAGQNILFTLAERIPEVVAQSAIW,0
IIDSITKLNFKNKSS,0
RRWWKWWWR,1
LRFILWWKR,1
SLWETIKNAGKGFIQNILDKIR,1
SILPTIVSFLSKVF,1
WGEAFSAGVHRLANGGNG,1
SHGFRYDAIA,0
CGGPNKWYIFLIGLVNINNNNNNNNN,0
HATTVKNKI,0
SGVRVTDLHAGVNPGD,0
MITDSQIFFALCIALTAAVLAIGLGRQLYV,0
RLWLAIKRR,1
KWKLFKKLKVLTTGL,1
ASKKVHQINVKGFFD,0
DPDCSCSTGGSCT,0
ERMDIIIW,0
LCYTRPRFTVCV,1
FVPWFSKFLKRIL,1
KYYSRVRGGRSAVLSSLPK,1
LSPAAMASLA,1
DPNCSCSTGGSCT,0
ADQSNNMIIEEVNKGLNPGTIVL,0
RVCYAIPLPIC,1
RPWAGNGSVHRYTVLSPRLKTQ,1
ILKKFMLHRGTKVYKMRTLSKRSH,1
DWNRVEGNW,0
RRIRPRPPRLPRPRPRP,1
SFSVSCKTPKTT,0
PRKGIIERWKRPK,0
FLGALWNPAKSVF,1
GFWGKLFKLGLHGIGLLHLHL,1
ASNAAVPFWRAA,0
GFLSALKKYLPIVLKHV,1
GQKWKLYIVKDGKVIRKNKFC,0
RCVCTRGFCRCVCRRGVC,1
IVGGYECEAYSKPYQVSINLGY,0
VRLRIRVA,1
INLKAIAAMAKKL,1
PRKPVRKVASTPRPNPLDQNGITYI,0
EQILKFLWYISTIILVFS,0
SCVFIPCISAAIGCSCKNKVCYRNGFPCGE,1
SSMKLSFRARAYGFRGPGLQL,1
SEKKQPVDLGLL,0
AVPQSIDWRDYGAVNEVKNQNPCGSCW,0
LNALKKVFQKIHEAIKLI,1
KPVPIIYCNRRTGKCQRM,1
ATGDRVQVILECTEEPGTSRYHTT,0
VPCAWAGNVCGEKRAYCCS,0
PEDKKAAAKVEP,0
ILPAKAPAAPARR,1
KWCFRVCYRGGCYRRCR,1
RRWWCA,1
GGLRSLGRKILRAWKKYG,1
GLIAAAIAIGLS,0
ETYGEPGNTPDDYVHAHN,0
RICRCICGRRICRCICGR,1
DCYCRIPACIAGERRYGTCIYQGRLWAFCC,1
FPFSLIPHAIGGLISAIK,1
WFRKQLKW,1
SLMNSTNPEFIEYYHTSW,0
RVVRQWPIGRVVRRVVRRVVRF,1
DEKGPKWKR,1
AKKENRIVITLACTECGDRNYTTT,0
PGVYLDDNE,0
GLTRLFSVIK,1
FLPIIAGVAAKVFPKIFCAISKKC,1
HLNKRVQRELIGWLDWLK,1
KGIKCLSITCFLSDNSIIRVVLIR,0
DVLEYLLVLLLVI,0
RRRPRPPYLPRPRPPPFFPPRLPPRI,1
PVRFSKVLI,0
IRMDIV,0
GILSGILGVGKKLVCGLSGLC,1
FLPAVIRVAANVLPTAFCAISKKC,1
VKLKYPLKVKLYP,1
VISIIPV,1
KWCFCVCYRGICRCRCRG,1
FDDLPTLTHAEQQVAVEKIQKLM,0
QRFSQPTFKLPQGRLTLSRKF,1
TLFSSITSISKTNTSSKSSVNSLSG,0
ETIYDEIEIEDFTFDPVT,0
KWKKLLKKPPPLLKKLLKKL,1
KGFGFISPTDGSKDVF,0
GRFKRFRKKFKKLFKKLSPVIPLLHLG,1
ILGAILPLVSGLLSNKL,1
YKLLKLLLPKLKGLLFKL,1
TMINSIINIS,0
QSPKDAYPYDISELVKDAYPYDISELVK,0
RIKRFWPVVIRTVVAGYNLYR,1
TTKPVPSGSPWYGPDRVKNRELEVIHSR,0
IIPWQQLDPETLDSIIESFVLREGT,0
MENGKVHVASMSGLSMPHMNEMLEK,0
SDFNLRRYYTSN,0
VNTGRVPLWLVGL,0
TTANSEEKTYPIFTVRW,0
ESGINLQGDATLANN,1
QAKNNKPSDDFYDSADMQELAGETPIGW,0
GIMSSLMKKLAKIIKK,1
GLLDTIKGVAKTVAASMLDKLKCKISGC,1
FKTWKRPPFQTSCWGIIKE,1
KGFGFISTENGQDVFAHFS,0
PRPPRLPRPRPRPLPFPRPG,1
SNKGQTLQDPFLNTLRKEHVPVSIY,0
MRCYRCGESKEDNRFRPNQPYWNRWCL,0
VKYPKLYP,1
SPQTETKASVGFKAGVKEYKLTYY,0
VKAKVYPAKVKAYP,1
PIVNVKLLEGRSD,0
LNWGAWLKHWWK,1
RKKRLKLLKRLV,1
VRYRRHSRSRSRSRYR,0
FLPIIAGMAAKVICAITKKC,1
LDPKVVQSLL,1
RRWKIVVIRWRR,1
MDSKAVLKGMLEKAYRIEAGFEKRG,0
SPEEARVKILTAIPEMREEDLSEE,1
PFVNIRITK,0
KEGIHPQVHRAKVHCAC,0
QVYGCCELV,0
ERGSKVKILRKESY,0
HMASKKLTRFERA,0
DVKAEVIEIIDELFMEDVSDMMDEDL,0
TPPQS,1
AKIRPPKPKRMGRGAQRCQRCGTR,0
ACYCRIPACLAGERRYGTCFYLRRVWAFCC,1
RLMKCYKPNSRGFQLCE,1
DSHEERRQGRHGHHEYGRKFHEKHHSHRGY,1
TPFKLSLH,1
KRNGFRKFMRRLKKFFAGGGSSIAHIKLH,1
DDFLCAGGCL,1
DSLTQF,0
AISRGDMVRIK,0
KLWKLFKKIGIGAVLKVLTTGLPALKLTK,1
DIVKIICAILLPPLGVFLQVGIGK,0
SERQSAGATNGKDK,0
VAHEENVRVGKDEG,0
MDIISLGWSSLLVVFTFSLSLVVWGRNGF,0
RAGLQFPVGGIGKFLHSAKKFGK,1
GTRCGETCFVLPCWSAKFGCYCQKGFCYRN,1
VRLWIRVAVIRA,1
AVTIAV,0
FAEGRIPLWLVGL,0
GIGGALLSAGKSALKGLAKGLAEHL,1
DAISQSPVDVLLPKHILDIWAIVLIILATV,0
RKLKHMRF,1
IVDKRHCLQAVQNYI,0
RVCSFCHEEIEPGTGKMYVKRDG,0
RLRRIVVIRVRR,1
GLSGISPLSLLLI,0
THPVDAILDATGLNCPEPVMMLHNKV,0
LKPSVAG,0
GTPCAESCVYLPCFTGVIGCTCKDKVCYLN,1
RKWHFW,1
STPACAIGVVGITVAVTGISTACTSRCINK,1
GFKEVLKAGLGSLVKGIPAHVAN,1
FLSTALKVAANVVPTLFCKITKKC,1
KWKLFKKIGIGKFLHSAKKF,1
RFRLPFRRPPIRIHPPPFYPPFRRFL,1
GLLFKELQKLIRYQIFIGK,1
KNWGKILKHIIK,1
ASTFTHDVIVMECYE,0
TKITIVKCPQCGTDVE,0
FLPLIASLAANFVPKIFCKITKKC,1
IYKVLFQADKTQ,0
ANDPQCLYGNVAAKF,1
VGGIPTD,0
GNEFRVCDDCQATNIKTLIPK,0
HVPDDRPCINPGRCPLVPDATCT,0
ARPNTSEVRNL,0
KKDIHPNYSAVTATCTCG,0
NVLKKLNRLKEKNKAKNSKENN,1
HEQLSPRDQELEARLVELETRLSFQ,0
TLAYYGQPVKMCHI,0
NLLNDALGTVNGLLGRS,1
PSVVGNLVVQNSNGSFNL,0
PATYAIDPTHTFA,0
MFSPQ,0
VMMKSFIVKGKFK,0
NLIAAAIAIGLS,0
PQLVPFFFVNQVVFAFIV,0
GLPRKILCAIAKKKGKCKGPLKLVCKC,1
SSGQNSGGLMSSAGLVRYFDAEDR,0
EKAEKYVKIGIDGYTYNLFKS,0
NVQLDPFFQEQQQYYQQQQAFFL,0
NILNTIINLAKKIL,1
IASKFICTPGCAKTGSFNSYCC,1
TRSSRAGLQFPVGRVHRLLRK,1
IPVRCFSCGKVISN,0
RRWWCQ,1
KYIFISYTYYHSYSISIG,0
QQGIHPDYHPVE,0
TGVPRVTYRVRV,0
MNNTEFYDRLGVSKDASQDEIKKA,0
RRWCFRVCYRGRFCYRKCR,1
FIFPKKNIINSLFGR,1
ARITVDDCLK,0
WKLLSKAQEK,1
SSKGEQPLVLWYN,0
IIPVRCFT,0
YPVKLYPVKL,1
INIFSFICIYLHS,0
SIGRRGGYCAGIIKQTCTCYR,1
KWKLFKKIGAVLKVL,1
DLNLRNAVIANVTGNNQD,0
FLPMLAGLAANFLPKIVCKITKKC,1
PQLNPGPWFAILVFSWLIFLTIIP,0
GSNIEVMLGLPNSDVK,1
GIGGALLSVGKLALKGLANVLADKFAN,1
KWAFRVAYRGIAYRRAR,1
NSMERVEELRKKLQD,1
WLGSALKIGAKLLPSVVGLFKKKKQ,1
RVVRPVVQVVKQKVR,1
LLVFLGPVNSFMKGIRDVGF,0
RRGWVLALYLRYGRR,1
DKVKFKKGDLVKVIAGKHKGTEGPIIRV,0
KVLKAAAKAALNAVLVGANA,1
CDDSYDAVEEYYFNKSVAGISGQEN,0
GLWSTIKNVGKEAAIAAGKAALGALGEQ,1
KTCENLADDY,1
SEKKIKITQVRSI,0
VEAVYRCFKCGREVKLDLS,0
KNVNSIVKIQAFFRARKAQDDYR,1
VEVLRFKDEKEYREWLSWQSGSVKDK,0
LSPNLLKSLL,1
AKRLKKLAKKIWNWK,1
YPCKLNLKLGKVPFH,1
FLPIPRPILLGLL,1
QKYVCSVCGYVYDPADGEPDDPI,0
FLGALWNVAKRVF,1
CERHVGRKSTNNLNLTC,0
GIFLKVLGVGKKVLCGVSGLC,1
VNWKKVLGKIIKVAK,1
EVNMPTTEQGQKNKQMI,0
LFKLLGKIIHHVGNFVHGFSHVF,1
LIGPVLGLVGSALGGLLKKI,1
TFHLGWTILWYNQAYLEVWAT,0
IGNTLFDRRMLEALVCPVTQAGLAYDADR,0
SAEPANGPTEDQVEILEYNF,0
KPEIHPVYPPSRVTCMCGNV,0
SNMMNKFAEKLQGNDDSHQKGKNAKS,0
IFGAIWKGISSLL,1
FSRNYNASQSQRDLKSQL,0
LSPAVMASLA,1
RRWSFRVSYRGFSYRKSR,1
RLLLRIGRR,1
LSVTEPSLLGDGGDLEI,0
PTVNPQQLADRIDTVLDILVAGDYHSAIHN,0
VKRFKKFFRKLKKSVK,1
GIFGKILGAGKKVLCGLSGLC,1
MIIGAVEAGGTKFVDGVGNEKGEIFER,0
TDVQLQ,0
KGFGFISPADGSKDVF,0
SDRQTQIPAGGGRED,0
MHPVLRQMRPQQQAPSQQQPQKALLAP,0
RDVRPEYWM,0
TCESPSHKFKGPCATNRNCES,1
RLYRRLYRRLYRRLYR,1
VGQEQLESSPLCQHSDNETETKREC,0
ETQKEIVFIAVE,0
LPTNINISHLKTNSIGTGSSLT,0
ARRATAVTLED,0
FFGTLFKLGSKLIPGVMKLFSKKKER,1
NDFWTNVFRYPRFFIS,0
ILPILSLIGGLL,1
TTPACFTIGLGVGALFSAKFC,1
RAGLQFPVGKLLKKLLKRLKR,1
VRRVRKWVRRVLKLV,1
GDDVKSACCDTCLCTKSNPPICRCVDIRET,0
GLLSGILGAGKHIICGLSGLC,1
GWRTLLKKAEVKTVGKLALKHYL,1
AELPVAPFE,0
AHITVDDSENL,0
SYCFSSTVFPGCYW,0
VNWKKILGKIKKVVK,1
QFPVGRVHRLLRK,1
SEKNRVKIPL,0
KKKVVFKVKFKKK,1
SIGSAFKKALPVAKKIGKAALPIAKAALP,1
MNNSTKFCFSRFRTGN,0
GWWRRTVDKVRNAGRKVAGFASKACGALGH,1
VFGTVKEVSVNFIESIFKTFKIVEEIS,0
TGTTLFDRRMLEALVCPVTQAGLAYDADR,0
FFSMIPKIAGGIASLVKNLG,1
DNYSVQNFY,0
RDWERREFERRQNELRREQEQRREEL,1
DINKNEINLN,0
KWCFAVCYRGICYRRCR,1
SDKKSDFEKLFE,0
FLPAIVGAAAKFLPKIFCAISKKC,1
FLPILASLAATLGPKLLCLITKKC,1
KKKVVFKVKFKK,1
GAPMFV,0
FAGLPSLIHEQQQKAVERIQELMAQGMSS,0
LRRWIRIRW,1
VNWKKLLGKLLKVVK,1
KKYRYHLKPFCKK,1
STSRKLKSHGMRRGKNRAPHKGVKR,0
VKLKKYPKLKVKLYP,1
RGGGLCYCRRRFCVCVGR,1
SPEFTV,0
RSLCLLHCRLK,1
GDDVKSACCDTCLCTKSNPPTCRCVDVGET,0
HQNSVTLDSAGAITRYFAKANLHTQ,0
ILPIRSLIKKLL,1
VRWRIRVAVIRA,1
AIQSKYSNAQVESIIAEL,0
IMLILAPLVGVLGALLLAYGAWLIYPPAGF,0
ATRDSGGQSQTGRSQQGE,0
IEHNAEEIRKTAIRTAVQNTAQQTK,0
TQAKTFKVTLVKS,0
SAVGRHGRRFGLRKHRKH,1
FPVTWRWWKWWKG,1
KFFKRLLKSVRRAVKKFRKKPRLIGLSTLL,1
NYKAFTQIAIDLL,0
FLPIVGKLLSGLSGLL,1
FLPLFLPKIICVITKKC,1
ANVGFVIQLQARLRGFLVRQKFA,1
KLILILSKTIPAIKNLFYKI,1
GLKKLLGKLLKKLGKLLLK,1
VKLLVYPLKVKLYP,1
AKTIAYDEEARRGLERGLNSLADAVKVT,0
TQQAFQKFLAAVTSALGKQYH,1
RAGLQFPVGRVHRLLR,1
QSERFEQQMQGQDFSHDERFLSQAA,1
GIWGTALKWGVKLLPKLVGMAQTKKQ,1
RVCFAIPLPICH,1
INWKGIAAMAKKL,1
RWWRWRKWW,1
MVPVRCFS,0
GLPCGETTCFTGKCYTPGCSCSYPICKKIN,1
MPVCTSRSLQGGKVDTHFPLHVLHSVACDV,0
FKKLKKLFKKILKLK,1
DEAVVHDSYAFDKNQLIPVGARAE,0
ITACLDPDGWKEPGPLPGISTK,0
FLPLVRVAAKLIPSVVCAISKRC,1
GLELDNSIKAD,0
RWWKIWVIRWWR,1
VKLFVYPLKVKLYP,1
SAGSGRIPLWVVAT,0
TTPSDRPEDTVDRKLLE,0
KWKWKWKW,1
IPVRCFSCGKVIS,0
KRQKRDKLQRAHTKGFNAALQGQSKENCPF,0
MTWSKPAYTDLRIGFEVTMYFASR,0
SMTSDD,0
GNIYTKDIKRIVKEIYDRYKDEIKDD,0
VHCYNSNFPKGMLLRFFVHF,0
NNKINNIKITQVKSA,0
PQEIKEVKDFLI,0
RRGFSLKLALAKDGWALMLRLGYGRR,1
TLFESLRSISSFSNEKNQKLN,0
FIGPVLKIAAGILPTAICKIFKKC,1
PIGGDVKADQET,0
PLPKISEARELSDEKLSDEIVA,0
ILGPVLSLVGNALGGLIKKI,1
RGLRRLGRKIAHGVKKY,1
ESPKCLYSRITVNTAFGTKFSHISF,0
FLGGLLASLLGKI,1
ILGPVISKIGGVLGGLLKNL,1
GLFGKILGVGKKVLCGLSGMC,1
PEVSERRAEEALLVAHFVAC,0
VKLKVKYPKLKVKLYP,1
IMAELKIIQVRGT,0
AKYRCGNCWREFDDEQLR,0
HFLGTLVNLAKKIL,1
RRWWCM,1
GVVDILKGAAKDIAGHLASKVM,1
LRPAILVRTK,1
RWKRHISEQLRRRDRLQR,1
SIQVIVVTDGERGLIYPPLSNIR,0
MKTFLRLYRSLINKVLHV,1
KKFFRAWWAPRFLK,1
DINASKVDPKLLEL,0
GNTGGYTPVPDIDDIH,0
VNHALCAAHCIARRYRGGYCNSKAVCVCR,1
KRRWPWWPWRLI,1
ACYCRIPACLAGERRYGTCFYMGRVWAFCC,1
AAEHNPNADIEALSYEEAREQLV,0
GHRVDYFIASKAV,0
TKCFQWQRNMRKVR,1
VGECVRGRCPSGMCCSQFGYCGKGPKYCGR,1
GLVTSLIKGAGKLLGGLFGSVTGGQS,1
HPLKQYWWRPSI,1
SDIETLKAEIK,0
FAGLPSLTHEQQQKAVERIQELMAQGMSS,0
RWRLLLLKKH,1
RWRSFFKKAAHRGKHVGKRARTHYL,1
SYQQQQCKQPCQPPPVCPTP,0
DVQQFFVVAVFFLIPIFCFREAWKGW,0
GIGGALLSAGKSALKGLAKGLAEHFAN,1
ANDLVDDK,0
RCVCTRGFC,1
DLSVKSEENVEYMVEAIKEKL,0
MRKEFHNVLSSGQLLADKRPARDYNRK,1
GILKSLLKKLKKIIAK,1
TTIRVKDNEPFD,0
GIFTFEDESTTTVAPAKLYK,1
PAMVGHIRIVNIGSSGIFHI,0
VILNKYYSM,0
FFGHLFKLATKIIPSLFQ,1
DLNLRHAVIANVTGNNQE,0
GLLKRIKTL,1
GSFSIGHWLIVLAIIVLLFG,0
RITYPSIDKLLDEVDSRYSL,0
SMLSVLKNLKKVKLKFVACKINKQC,1
VQRGSKVRILRP,0
PDCPLICTMQYDPVCGSD,0
QTSECKVKGPI,0
VSVQINDNESIDKMLKR,0
FLGGLMKIIPAAFCAVTKKC,1
KKNIHPDYKLVIASCSCGNV,0
QKYVCNVCGYEYDPAEHDN,0
FFWHHIGHALDAAKRVHGMLSG,1
MPRKGPAPK,0
WGRAFRRGVRRLARGGRR,1
VIVKAIATLASKLL,1
RKWLFW,1
MLKKFRGMF,1
GSFSIWHWVIVLVVVVLIFG,0
INKNISIQINGEPFNCSE,0
RRPPIRPPFYPPFRPP,1
GMSFSHLLIVLLIIFVLFGAGKLP,0
NKWKKILGKIIKVVK,1
LKIPGFVKDTLKKVAKGIFSAVAGAMTPS,1
GILSSWLKKLKKIIAK,1
PQLIPFFFFNQVVFTLIS,0
RRIPRPILLPWRPPRPIPRPQPQPIPRWL,1
NAKELHDKTP,0
MEKMKDVNWQEEIRKIIIERVRREAKK,0
MSAGVITGVLLVFLLLGYLVYALINAEAF,0
AELPIAPVD,0
IFFFISNWFRSLVCCGFSR,0
RGGLCYCRGRFCVCVGR,1
GLADYWRTAFRANFANLGPGIRCKSARC,1
ILGKIWKIKKLF,1
FLFSLIPNAISGLLSAFK,1
PRGSPRTEYEAARR,1
LILTRRIGETLMVGD,0
FLPLAVSLAANFLPKLFCKITKKC,1
PYSPSLILMGHTHTD,0
GFLGSLLKTGLKVGSNLL,1
GSTSDKIAGKTNEVA,0
ETEVIEVNCP,0
EQCREEEDDR,1
PLPFPRPGPRPIPRP,1
SSTTSTINLSSLG,0
SNLLKSALEKERRHYSEKLYQIGVYNKEVM,0
MWGLNRWLTFTMLILLITSHCCYWNKR,0
NNKINNIKITQVHSA,0
EKYTEVPEYI,1
HCLTTAAGAPVARFSTVAGERGAADAE,0
SKGFSNGTNIKRVRKSGFR,0
MHLSTLPNVPWPNRSFTTKRPPLPNMSFSW,0
INLKAIAALAKKLLG,1
RTRIREFRAKYG,0
EIATLVAIFISGLLVSF,0
DTDVTNVEDIINEIDREKE,0
SNMIEGVFAKGFKKASH,1
SETITVNCPTCGKTVV,0
VNWKKIILGKIIKVVK,1
RVMFKWA,1
NGQERNSISKGLQVDIV,0
MNRISTTTITTITITTGNGAG,0
GFMDTAKNVAKNVAVTLLDKLKCKITGGC,1
AKNINQPVAYPIFTFRW,0
VRRFPWWWPFLRR,1
TPSGIYLLPKIFVIF,0
DSNFLKYLSTAPVLFT,0
DRCSQQCQHHRDPDRKQQCMRECRRH,1
HTPIGVKPVAGSKEWREAWQKRAF,0
MDIISLGWAGLMTMFTFSLALVVWARNGF,0
LDVKKIICVACKIRPNPACKKICPK,1
VNWKKILKKIIKVVK,1
SAKCPICAKPVDSAFRPFCSKRCADVD,0
SRFWNNVVK,0
GFKDWIKGAAKKLIKTVASSIANE,1
EQAAPAADDPEGMVKASCASCHG,0
TNSSSPLQAVEVRTYPIF,0
LLGPVLGLVSNALGGLLKNI,1
FLPMLAGLAANFLPKLFCKITKKC,1
CDASCDEEIIS,0
KSCCRNTTARNCYNVCRIPG,1
SILPTIVSFLTKFL,1
LLPIVGKLLSGL,1
TNVWFATDVNLINCVLKDNLFLIDN,0
KRDIHPEYVETQVSCTCGAS,0
GLLKRIKTLL,1
YKIVTSQCTVCGACE,0
RWKRHISEQLRRRDRLQRQAF,1
GLWDTIKQAGKKIFLSVLDKIRCKVAGGC,1
VKLVYPLKVKLYP,1
ELLNKSISVVKN,0
HNKQEGRDHDKSKGHFHRVVIHHKGGKAH,1
RIGVLLARLPKLFSLFKLMGKKV,1
ATAWDFGPHGLLPIRPIRIRPLCGKDKS,1
LHRLVKLVAALLRGYASKVDTH,1
KWCFRVCYRAICYRRCR,1
ATETATLVTTFLSRSLVSF,0
RILSILRHQNLLKELQDLAL,1
TLRDSCTTSLKGGPRRF,0
FLSHIAGFLSNLF,1
QRPYTQPLIYYPPPPTPPRIYRA,1
GLISGILGVGKMLVCGLSGLC,1
LKVVFKVLFK,1
IMHTPIMMTTLISLTLPIFATLTNPY,0
DPGECTCMSGGICI,0
PMATTIDGTDYTNIMPSTV,0
VKLGVYPLKVKLYP,1
NVLSSVANGINRALSFFG,1
SMLSVLKNLGKVGLGFVACKINKQC,1
NNKINNIKITQIKSA,0
GILSGLLGVGKMLVCGLSGLC,1
SILKTILSLGSNNKNLNNNFIINKNINNQN,0
DVNASKVDPKLLEL,0
IPQSVINFKIECCFFVKIED,0
GILSKLLKKLKKIIAK,1
IEPILLGMVLGFVP,0
KRDIHPEYVETQVSCTCGASF,0
RIKRFWPVVIRTVVAGYNLYRAI,1
RRWWCC,1
NNSMINPS,0
IKKILSKIKKLL,1
QATKNAMQDC,0
KAQAVQKLDLAGCQAQL,0
LLTNVIKSASGYPKHSLLKS,0
FLPLIGKILGTILGK,1
VNWKKILGKIIKVAK,1
MGEVFAGGFALLVVLFILLIIIGASWLY,0
LLGMIPLAISAISALSK,1
RIIDLLWRVRRPQWPKFVTVWVR,1
GVFCGELCIKASCSIPGCECIAGLCYKN,0
DPNCSCATGDSCT,0
VEERKLYICMRCGRTFSRSEME,0
GESFDAFSLDEDMPMET,0
MRITVNVDGTSYTDEVEPRTLLVH,0
TSTQNLKDKFEEEI,0
TIERTYPIFTFRW,0
SRWRWKSSKK,1
ILGKIWEGIKSLF,1
RRLDRGGVWNLNVNPGTTGARVWARTK,1
VSMVDERAVAWRAH,0
SQTPVATTPRNYPIFTVRW,0
GFGKALKLLKKVL,1
KDHSFYHFALTARGRKDEKG,0
HAKIEIEIEEEKDGSLILKYNG,0
NLLKSALKTVNKLLAAS,1
KVVVKWVVKVVK,1
NLETPSQENLDFMLAEITTK,0
LKWGAILKHIIK,1
PIVHIDLIAGRSQEQL,0
SERQGAGTTNGKDK,0
TIQIDGDVVTRLLKG,0
NMKMNKCPDCKIYTMEDACPQCGGELKV,0
GIMSSLMKKLKKHIAK,1
VAYWRQAGLSYIRYSQICAKA,0
RRWWCN,1
KKCKFFCKVKKKIKSIGFQIPIVSIPFK,1
GKLNLFLSRLEILKLFVGAL,1
GVFTFEDESTSTVAPAKLYK,1
ERLNSKLFV,0
NIEQFRAKSVDDLKAHL,0
SIITMTKEAKLPQLGKQIACRLYNTC,1
SEETIVNCPTCGKTVV,0
GIHDILKYGKPS,1
SGRSTFGRFGPPSSE,0
DLQQSETDDKQPE,0
DCCTESACSKPDDDILDIPLDDPGA,0
MKWAAPIVSEICVGMEVTSYESAEIDTFN,0
LRHKVYGYCVLGP,1
AKRLKKLFKKIWNWK,1
AILRSKEIWD,0
KSDIRVCANWETTHDRPVYALGDRCPECDG,0
GTPCGESCVYIPCFTAVVGCTCKDKVCYLN,1
GDCGCSGASSCTCASGQCTCSGCGK,0
AKAWGIPPHVIPQIVPVRIRPLCGNV,1
TSYTLNEVVPLKDVVPEWVRIGFSA,0
FLGALFKVASKVLPSVFCAITKKC,1
MKEVSFKAEEDLLVLLDRYAMKYKLNRSEA,0
LLKNWPSRRIQRDKSKRA,0
IYKIYYQEHPER,0
PQGTVKWFN,0
GFCRCLCRRGVCRCICTR,1
RRGAGLGLALAKDGWALMLKLGFGRR,1
RDDFR,1
SNSQAPMQAVEVRVYPIF,0
EQCGRQAGGATCPNNLCCSQYGY,1
SEGGKIPLWIVAV,0
INWKGIAAMAKKLL,1
LLQWLSKLLGRLL,1
TTTVKCPTCQKE,0
WRWRVRVWR,1
NIAISFTQAFCTHD,0
VATFTLPDLPYDYGALEPAV,0
ALENPKMHNSEISKRLGAEWKQLS,0
LHDPNDDPSEYVIYVIDRGSS,0
MERIQELLEQIVKWLIF,0
TYTRYERARIVGAR,0
TPSLSAFLSSVIL,0
LFTIAWA,0
RVVRQWPIGRVVRRVVRRVVRY,1
LLLFLLKKRKKRKY,1
GIGSILGVIAKGLPTLISWIKNR,1
EWTDAERSAILSLWGK,0
SLVVQCPICQSSVPWTDDAKF,0
NIELITQ,0
PTFKIKPKTGLLIRD,0
LIRGLFKSFWQVF,1
MVYVMSMVSLLKRLLTVTRWKLQITG,0
LNWKAILKHIIK,1
TSQARIPLWIVAV,0
PGVKVHPNESFD,0
RVVRPVVQGVKQKVR,1
SSLKIKLVKGRAG,0
KWKWKW,1
AKKVSKRLEKLFSKIQNDK,1
GWKKWFNRAKKVGKTVGGLAVDHYLG,1
MQWTTPSYTDLRFGFEITMYIANR,0
RWWIRIRWH,1
AQEIFS,0
HKNTHTKPDVNFYDKSGKTPLDWY,0
NNCKHKKGSGC,1
MVPYRNPRHQHVASVLRSGG,0
VLSKSLCTPGCITGPLQTCYLCFPTFAKC,1
SIITMTKEAKLPQLWKQIACRLGNTC,1
PTRSTNPNKQPVEL,0
FIPGLRRLFATVVPTVVCAINKLPPG,1
IDNWVILAIRFY,0
MRLSANRQGNTCAGRSVNA,0
LNLKGLIKKVASLLN,1
VIVKAIATLSKKLL,1
EQTFYQFLMTYRGKLEKDDNSE,0
YKLLKLLLPKLKPLLFKL,1
GLWSKIKETGKEAAKAAGKAALNKIAEAV,1
ETATIIVIFVSSLLVGI,0
PFKISIH,1
RKKTRKRLKKIGKVLKWI,1
AIFNNISKNSLNIKS,0
IPPFIKKVLTTVF,1
NTELIVQ,0
EKYTEIPEYV,1
FVGPVLKIAAGILPTAICKIYKKC,1
VAGPFRIPPLRREFQ,1
SPQTETKASVGFKAGVKDYKLNYY,0
MTLSLINRSTACIQAVEQKYCRVPLPENNR,0
NNKVNNIKITQIKSA,0
LIKSIISLNLISSSNNSNISKDDK,0
KWCFRVCGRGICYRRCR,1
RCICTTRTCRFPYRRLGTCLFQNRVYTFCC,1
EMTDPLRREEKKESSPDPKEESGPSRPDV,0
FLGALWRVAKSVF,1
IIPLPLGYFAKKT,1
RFCFKGTPCG,1
GLFGKSSVHGRKYYVDLAGCAKA,1
GVIKSVLKGVAKTVALGML,1
SEAEIKDKVYDIIVSKMGVNKDQIK,0
WKLFKKILKFL,1
FLPAIAGVAAKFLPKIFCAISKKC,1
KRPVVNCPQCGKSVAWD,0
VGTDFSGNDDISDVQK,1
RFWWF,1
SNPRGNPKYFNPNHLGT,0
TIFLQQQQQQQQQQQ,0
VVKFSYRKGSPAPQKN,1
GTVRERAIK,0
ANNPGARKAIRKIEARTEVN,0
DEKQRYDAGMQVRRAVLG,0
IYRKWSLLSSTILIWGGAATAGLAGVFL,0
GLMDTVKNAAKNLAGQLLDTIKCKITGC,1
LEEQSFSFTKFSTDQQNLILQAHY,0
SMLAVLKNLGKVGLGFVACKINKQC,1
FLSLIPHAINAVSAIAKHF,1
ATGTPAHELRELSAEELTTRLHE,0
ARVTVEDCLEK,0
KFFKKLKNSVKKRAKKFFKKPKVIGVTFPF,1
KWCFRVAYRGISYRRCR,1
GLFLDTLKGLAGKLLQGLKCIKAGCKP,1
RGRKSSRRKK,1
FFSLIPSLVGGLISAFK,1
QYGRRCCNWGPGRRYCKRWC,1
LLIAAFKKLVKK,1
MASRAAGLAARLARLALRAL,1
MTDAQVFTILAIALVPAVMAALLGSALARS,0
GIMDTIKNTAKTVAVGLLDKIKCKITGC,1
RKWVWWRNR,1
RVVRPVVQGVKEKVR,1
INWKGIAAMKKL,1
MERQVL,0
VNNVVSIEKMKALWHSEVHDEQKW,0
IHMDIV,0
GLFGKSSVWGRKYYVDLAGCAKA,1
ACYCRIPACFAGERRYGTCFYLGRVWAFCC,1
SRRYSSATITLVI,0
KAEDLARYYSALRHYINLITRQRY,1
RAGLQFPVGRVHRLLRK,1
PEEDVVDQKRYFEE,0
NLVSALIEGRKYLKNVLK,1
GVGYKVVVTTTAAADDDDVV,1
FTRAQVRRILQR,0
KRKLTLVFGVMAGVIGTKKR,1
NFIRQGLGIA,0
VRVNRENRSTFLRV,0
ARRRRRHASTKLKRRRRRRRHGKKSHK,0
AKRLKKLAKKIWKWL,1
KLIFILSKTIPAIKNLFYKI,1
VMAVYRCAKCGKEVELDLE,0
KKVVFKVKFKKK,1
LTIISY,0
RIKRWWWWR,1
RIKKIVQKKLAGDES,1
VKLKVYPKLKVKLYP,1
QTRRLTYKPRTVTYTRGR,1
WKKVFKRLEKLFSKIWNWK,1
RLWRRWRRWLR,1
ARWNVCSY,0
KRTYQPSKRRRSSEHGFLK,0
ESIAYV,0
SLFGTFAKMALKGASKLIPHLLPSRQQ,1
AYVTIDDSEHL,0
GCRRLCYKQRCVTYCRGR,1
DPNCSCATDGSCS,0
TWARNCYNVCRLPGTISREICAKKCD,1
PGIVVHQGEDFE,0
ESTISLKVNKGKGKGSKGASSS,0
RIIRKIIHIIK,1
TTPKNVQVSEKT,0
SISCGETCTTFNCWIPNCKCNHHDKVCYWN,1
ILGTILGLLKGL,1
VKNYSFYQFIMTVRGRKDDKG,0
MSHQQVQINLILMQGIW,0
EKETPQQETKQSTNKES,0
SCCGGSCGCGSGCKCGSGCGG,0
EPFKISIHL,1
ILRWPWWPWRRK,1
YGRKKRRQRRRD,1
LVRGCWTKSYPPKPCFVR,1
GQASKVFGKQITYSVSPFQQ,0
MPGKVQDFFLCSLLLCIVSAGWCG,0
LNWGAILKKIIK,1
WFCIDLGADAFEEAGALAGK,0
WRWRWR,1
FENKVPEKQKLFQEDNGIPVVLKGGVADA,0
DPNCSCATRDSCA,0
VIPIVSGLLSSLL,1
YRWARWWRR,1
ARNEIRPLVKLRSTAGTGYTYITR,0
PFVKIDLFEGRSQ,0
AIGTPAHEFRELNEEELVTRLNE,0
PQLDTSTWFT,0
PQIDIHPEWYNDSKVYCDGK,0
MFFSSKKCKTVSKTFRGPCVRNAN,1
AIQSKYSNTQVESIIAEL,0
RTHTGEKPFECSQCHKRFTRD,0
RLWKRWWIR,1
RRGWALRLVLAY,1
GIMISLMKKLAAHIAK,1
QERRQSPE,0
TKSPDCGGILSPSGLSYFA,0
LKGCWTKSIPPKPCFGG,1
DWRVLIVLTPLLI,0
ETLSIEIRLYMRRRAWSRRHFAHGTRAVEG,0
QVGFVSQTNCRSFPACIV,0
MHIVMIGVN,0
CIIVKYSQCNLFFQ,0
SEFDAQRVAERIDIVLDILVAGDYHSA,0
PHYVVVKSPMRRRRSPRRRSPRVCYSP,0
TVVRRRGRSPRRRTPSPRRRR,1
RKKRWWRRKK,1
GILSSLWKKPKKIIAK,1
FVQWFSRFLGRIL,1
IKIPPIVKDTLKKVAKGVLSTIAGALST,1
RCICTRGFCRCLCRRGVC,1
LPKMSTKLRVPYRRGTKDYH,1
RIHVDQDKCCGAGSCV,0
MKKAERGASPKQIKPHRYYLLAVH,0
SNVGTTGRIPLWLIAT,0
ILKKEKKRIYIL,0
CPAIQRCCQQLRNIQPPCRCCQ,1
MKNLRNRSFLTLLDFSRQEVEFLLTLSEDL,0
GICRCLCRRGVCRCICVL,1
IIPWQEIAPET,0
EKAMQLSHGIGYEEYGRRL,0
SHGKQETDEEFDARWVTYFNKSDI,0
QVNPNPNKLSVEL,0
VSKSTIDPEVIEKIISSLETLDFGT,0
NTRWQQAGQKVKPGFKLAGK,0
WKLFKKILKYL,1
TSYTLNEVVPLKDVVPEWVRIGFS,0
GSLHGFMYRYLKNMVLNLF,1
RRWYRWWR,1
RIWKRWWFR,1
GLFDSIKNVAKNVAAGLLDKLKCKITGC,1
ALWKNMLKGIGKLAGKAALGAVKKLVGAES,1
QAKSQGGSN,0
NEIRVTQTLDTLGLRCPEPVMLVRKH,0
VFEDVFVFFYIGLKNKFLFFIFY,0
GFMATAKNVAKNMDVTLLDNLKCKITKAC,1
VKRWKKWWRKLKKSV,1
SKWEACCDRCACTKS,0
SRKMTGIVKTFD,0
FLSHIAGFLSNLFGK,1
SLWETIKNAGKGFIQNLDKIR,1
SRSELIVHQRLF,1
WRWKWRWK,1
NPKVAHCASQIGRSTAWGAVSGA,1
SDIEAQRIAARIDTVLDILVAGDYHSAIN,0
KWCFRVCYRGICYRRCA,1
KKRLKKIFKKPMVIGVTIPF,1
KRRGSVTTRYQFLMIHLLRPKKLFA,1
SEETIVNCPTCGKNVV,0
PCPCGSGCKCASQA,0
WKWRVRVTI,1
QSIKTIRCTFCNK,0
KLLNLLPGLLAGIF,1
RLEKIAAKALEN,0
TIVPVNGTILVQQG,0
WNLLRQAQEKFGKDKSPK,1
PNQSGSNSSNQL,0
VRRFAWWWAFLRR,1
LQDLALQGAKERAHQQ,1
RRWWCF,1
VWPLGLVICKALKIC,1
PRIYKVIGETTTGMKFKLEVLGEKP,0
TELPVAPFE,0
GVEVLGGIF,0
RGLRRLGRKIAHGVKKYGPTVLRIIRIA,1
KAGLAFPVGRVHRLLRK,1
WGRAFSRGVRRLARGGRG,1
RQWQSKIRR,1
RTHTGEKPFECPECHKRFTRD,0
REAKDGVLISVHVSPGSKEVSFSYD,0
WKLFKKILKKL,1
KRIRFFERIRDRLRDLGNRIKNRIRDFFS,1
EQNWATLQGGEMTIQTTQASEA,0
IATSPYYACNCP,1
QYAIAGWPVAGCPSESLLERITRK,0
SHDIATEEADD,0
IDYPININNVSG,0
GLWSKIKEAAKTAGKAAMGFVNEMV,1
AIFRIDEIR,0
KILPGVCKKIMRPFLRRISKDILTGKK,1
KWRRKLKKLR,1
NALSMPRNKCNRALMCFG,1
RIWVIWRR,1
AIGFDGLNDPDIVAR,1
TSISDS,0
WLRRIGKGVKIIGGAALDH,1
RCICTRGFC,1
KKLIKVFAKGFKKAKKLFKGIG,1
FSEAIKKIIDFLG,1
RCVCTRGFCRCFCRRGVC,1
QSGNFTLEVIMYLIN,0
IRIKIRIKIRIK,1
SEFTVTGTFESRDGNQPFEKTVEAPNE,0
MLHLIGFDKLYSYNMVKLALLEKGVPFTEV,0
HKTDSFVGLM,1
SGFVAVEIPFTPRVLELSL,0
TDVESVISSFASSARAGR,0
QGIGVGDNDGKRGKR,1
FVSTYK,0
DAIQIVMFVMAILCLIIGLLLSN,0
VTCDILSVEAKGVKL,1
TPAEDLARYYSALRHYINLITRQRY,1
IFKVFYQETLT,0
LPSCYNFLKEQH,0
RPPGFSPFR,1
RCMCIKTTSGIHPKN,1
ITCQQVTAELEPCVPYLTQGIP,1
SIFPAIVSFLSKFL,1
FSGKEITLFA,0
IFMILTKFEKARIIGARALQIAMGAPVIID,0
RCYCRRRFCVCVGR,1
LDFEAIIEAGEQLIQ,0
NNPNIVPPHFNQHQQQ,0
FLFSLIPHAIGGLISAFK,1
SMLGVLKNLGKVGLGFVACKINKQC,1
SSLPVMVLF,0
GVDVNVIFQI,0
MIIIFIELCRIADSLSWIPKSLRRT,0
GVVDILKGAAKDIAGHLASKVMNKL,1
PQMSPMMWFSLFIMFSMTMMLF,0
TERHTAKDIRKNAPKGENP,0
NFEEMMKELEEIVNRLENEDLP,0
EVNPPEAFNQDVDTYLK,0
KRIVQRIKDFLRNLVPRTES,1
MIYDSQVYTVLLIALLASVLAIRLGSTLYQ,0
AKKVFKRLEKLFSKIQNWK,1
TCSYTMEA,1
TLRGDERILSILRHQNLLKE,1
TLLKKVLKAAAK,1
NYISFPTAQHAVDK,0
GLLGPLLKIAAKVGSNLL,1
VCGETCVGGTCNTPGCTCSWPVCTRNGLP,1
GEMKYVCISCNAEIAPREKSTKFPCPN,0
AVMNPE,0
KKKKPLFGLFFGLF,1
AFKLLGRIIHHVGNFVYGFSHVF,1
FFPTIAGLTKLFCAITKKC,1
SLLSLIRLLIT,1
STIVCVSLRICNWSLRFCPSFKVRCPM,1
SAEETASDSTSAEIIEIVGKT,0
AGSNCGCGSSCKCGDSCSC,0
SNTGRIPLWLVGL,0
SLQVPVAKEDNRESNSH,0
HFLGTLVNLAKKI,1
AISCGQVSSAIGPCLSYARGQGSAPSAGCC,1
WIKRLNSWLRK,1
SVFLIVLSCITLAFA,0
AKKVFKRLEKLFSKIWNDK,1
GIKPSYIKNFGLELI,0
NIDILSQ,0
GADFQECMKEHSQKQHQHQG,1
YKFRWRIYI,1
GILSSLLKKWKKIIAK,1
TIINSLQSFLNFKKTNNINC,0
PEITVSMAE,0
NDLKSLKSELTS,0
GIGGALLSVGKSALKGLTKGLAEHF,1
IHVPVNANNS,0
GFGSLLGKALKIGTNLL,1
GDGTGPGPGP,1
EAAGGFQVHFHPSNGDGRFIETS,0
PIINVKLLEGRSD,0
LKLKSIVSWAKKVL,1
KRPMNAFMVWSQHERRKIM,0
TDGRRIERTSIDPKLLEL,0
MHSNNSRQILIPHQNENMFLTELY,0
PLPKIDDWRELS,0
WRIWKVFDPRRILIATAIWLII,0
WALRLYLVY,1
RFIYMKGFGKPRFGKR,1
DPNCSCPTGGSCT,0
MSILPLVHAMANVRGDIEYLTEA,0
GSLHGFMYKYLKTLVLRLY,1
CVHWQTNTARTSCIGP,1
FLPIIAGVAAKVLPKIFCAISKKC,1
RIKRFWPVVIRTVVAGYNLYRA,1
ACYCRIPACLAGERRYGTCFYRRRVWAFCC,1
CVHWMTNTARTACIAP,1
TSNTPNQEPVSYPIFTVRW,0
FLGALWNVKKSVF,1
ALWKNMLKGIGKLAGKAALGAVK,1
RNTPFVVKINVIFLKVISN,0
KWCFRVCYRGICYRKCR,1
LIWKLLSKAQEKFGKNKSR,1
KQQLATEAESAGPI,1
VGECVRGRCPSGMCCSQFGYCGKGPKYCG,1
YPLKVKYPKLKV,1
KTGVNKPELLPKEETTVIDV,0
TIIVQLLVFILVIF,0
VVSHKCSFCGGDI,0
TVYTQA,1
TLRGDERILSILRHQNLLKELQDLALQGAK,1
MSDATIVNC,0
QVLSSLKSAKNRHPDCQVV,0
EFLNANFGASLIQSKHKTTKKHNL,0
PSPCNCIETQVCICGTGCSG,0
TYNIKLITPEGTKE,0
RWRWRWRW,1
MNVSQIYARNGELFSGRICKQKRQ,0
FLSTLLNVASKVVPTLFCKITKKC,1
TEQAAKPKGWFKRALEKYDNFIKEWGL,0
MQWTKPAFTDLRIGFEVTMYFEAR,0
KNNFCQVLYVWLLRLGKQCFVKFSKDVET,1
DIKRIIEHLP,0
LLKELWTKIKGAGKAVLGKIKGLL,1
EKYTEAPEYI,1
KWKKKKKKPKFL,1
IRNFRRRKFCRFTLEKINNIDY,0
FFGTALKIAANVLPTAICKILKKC,1
RRRWWKLMM,1
GLPTCGETCFGGTCNTPGCSCSSWPICTRD,1
FLGALWNVAKSLF,1
AETHDHRVS,0
PSSPPVVDTTNTTSYP,0
DQTKRRHYSQ,0
NHICDICKEYIS,0
KNIFMLTLFILIITSTIKAI,0
SPKTETKASVGFKAGVKEYKLTYY,0
AEKTVRVQQIGSPIR,0
GIFGKILGVGKKVLCGLSGMC,1
KANIHPDYHKITVVMTDGSQ,0
EQLIELVGPWKTVYIVHFNGET,0
GQQVIIISKILKILNINRIYNKLLLNNL,0
KISEIREMSAQEITGKL,0
IFGSLFSLGSKLLPTVFKLFSRKKQ,1
KSKEKIGKEFKRIVQRIKDFLRNLVPRTES,1
PQIFPMNWFLMSLMIMMILIFM,0
SIITMTKEAKLPQLWKQIACRLYNTC,1
ITAIIIAKLPEAYTVFRPL,0
DFFFDFDR,0
KIMAKPSKFYEQLRGR,1
SEQKKIKVTLVKS,0
PPICNSIENENNSFELTTTI,0
AIQSKYSNTQVESIIAEV,0
KWRRKLKKLRPKKKRKV,1
KLGALWNVAKSVF,1
ELFIPCPERLKKMMLQEELR,0
ILGAILPLVSGLLSSKL,1
GIGGALLSAGKSALKGLAKGFAEHF,1
SKECYFTGRKTVSSNN,0
FIHHIIGGLFSVGKHIHSLIHRRRR,1
KLIPILSKTIPAGKNLFYKI,1
ASKERQTILLACTECKNKNYYYAR,0
RRRTPSPRRRRSQSPRRRRS,1
QVYCNVLCRCGRGADVL,0
FLPAIAGMAAKFLPKIFCAISKKC,1
GFLDVVKHIGKAALGAVTHLINQ,1
RFRPPIRRPPIRPPFYPPFRPP,1
GLVSDLLSTVTGLLGNLGGGGLKKI,1
GQQHQFRPGQKAPNNGVYVEIGETGSMVK,0
NWKTILIYLLIFVAGIVIGKIRIN,0
DFKDWMKTAGEWLKKKGPGILKAAMAAAT,1
IIGGLFSAGKAIHRLIRRRRR,1
LLGDFFRKSKEKIGKEFKRIVQRIKDFLR,1
RGLRRLGRKIAHGVKKYGPTVLRIIRIAG,1
IDYVGSF,0
VMLFPDYIRDVNQ,0
NWRKLYRRK,1
VVSQYHELVVQARLSEQELEFR,0
NHPTSTGGTAFNPPR,0
TILKSISSMGISNRKNSFSFVSTNSMIETN,0
MFPIRCFSCGNVIAEVFEEY,0
DQIMQFVEPS,0
FFPIVGKLLSGLSGLL,1
NIQRAKELSVSAEQANVSFQGMPVMIQHV,0
MSTSYYQHIGYQDISV,0
PSIKQCSFCGKEI,0
ISEIQILIDYNASSLFILCSKLERI,0
SDKKTVKVTLVKS,0
RRRTPSPRRRRSQSPRRRR,1
CMSTRGDQARKICE,1
YKLLKKLLKKLKKLLKKL,1
VARGWGNGCGLFGKGG,1
REIKIVLPELEDVVPE,0
FFPIVGKLLFGLSGLL,1
ETQKLVSMVKEALDKYSYPL,0
SQPMTVDC,0
NEDPFYYDYETVRNGGLIFAALA,0
NLPVKIRRDWHY,0
DNIEHRVEELEM,0
GSKKPVPIIYCNRRTGKCQRM,1
RCVCRRGVC,1
SESILIVHQQQSRSSGS,1
DAIDSVVDPLR,0
NQNGSQIHSDGNGHSD,0
LRRAARWARRLLRR,1
PQKFEQMQSAEQKHD,0
RLLKFIKKLL,1
GIGGALLSAGKAALKGLAKGFAEHF,1
GNPARKFSKARRDSRRAQTFKLSLPGMVEC,0
GIGGALLSAGKSALKGLAKGLVEHFAN,1
VEMRMKKCPKCGLYTLKEICPKCGEKTVIP,0
LLPPWLRPRNG,1
SILPTIVSFLSKFL,1
LKYIYMHLSHKYNHILFTY,0
LNIQPTQSIVNNQ,0
FLPILASLAAKLGPKLFCLVTKKC,1
FLPFLASLLSKVL,1
GLSDCLIYRLVVRC,0
FVRWFSKFLGRIL,1
FMPILSCSRFKRC,1
SWIKKDKFPSSTGPYNPNPPPPRF,1
ADSNCGCGSSCKCGDSCSC,0
GLLSGILGAGKNIVCGLSGLC,1
RGNPEVIDYLNMLI,0
NVQLDPFFQEQQQYYPQQQAFFLLQQQQN,0
EAGAYLNAIIFV,0
KWLRRVWRWWR,1
VRRFPAAAPFLRR,1
KLAKLAKKLAKLAK,1
IYKVYYQETKIR,0
GAGSQEERMQGQMEGQDFSHEERFLSMVRE,1
DDRMSNVDPKLLEL,0
ASQCPVKNSWPE,0
SELNTKTSPA,0
DLARNLGLVDIDDEYDEDSDKEKPIFNV,0
GILSGVLGMGKKIVCGLRGLC,1
GFLGILFHGVHHGRKKALHMNSERRS,1
VFQFLGKIIHHVGNFVHGFSHVF,1
RGRKSSRRK,1
WFCIDLGADAFKEAGVLAGK,0
VNWKKILGKSIKVSK,1
RVHRLLRRVHRLLRRVHRLLR,1
NKDMTLEEAKAKANEAMDLLLKIG,0
ISLPGVYLNEDD,0
VFQLVCSTCGKDISH,0
GWGSFFKKAAHVGKHVGKAALTHYL,1
SDYSRKRDPPQKYEEE,1
NFTRQRTSPIHA,0
SRWPSPGRPRPFPGRPKPIF,1
GLWNSIKIAGKNLFVNVLDKIRCKVAGGC,1
SILSGNFGVGKKIVCGLSGLC,1
EKSQSSCDTRKRSVV,0
RRIRPRPPRLPRPRPRPLPFPRPG,1
GIFGKILGVGKKVLCGLSGWC,1
PWWKCSNCGYVFE,0
VNWKKSLGKSIKVVK,1
RFGRFLRKIRRFRPKVTITIQGSARFG,1
LCAIAKKKGKCKGPLKLVCKC,1
NISYVNSNK,0
PFSLIPHAIGGLISAIK,1
PTGFHRESATIYQFP,0
RDWERREFERRQNELRREQEQRREELL,1
LNLKGIFKKVASLLT,1
RIEQINARA,0
MCLGVPIKLSKLMKILFNLPQ,0
KADIHPAYHTIKVVMTDGTE,0
SQKKVTVRQVGSP,0
NLEIIAQ,0
SLSNEEMISNIRQKLNIV,0
KSDIHPDYHFIKVVMTDGTEY,0
ISCQDVKQSLAPCLPYVTGRAPKPA,1
RILSILRHQNLLKELQDLALQGAK,1
LRRIIRKIIHIIKK,1
KWCFRVCYRGICYRACR,1
PAPCNCIETNVCICDTGCSG,0
KAAAKWAAKAAK,1
GFKMALKLLKKVL,1
AALKGCWTKSIPPKPCFGKR,1
LKLKDILGKIKVILSHLNK,1
GLMDTVKNAAKNLAGQLLDTIKCKMTGC,1
FMPIIGRLMSGSL,1
KKDTHPDYHFITVQMNDGST,0
RGFGFVTFGDEKGFGFVT,0
KWAFRVCYRGICYRRAR,1
GIMDTVKNAAKDLAGQLDKLKCRITGC,1
KLGFENFLVKALKTVMHVPTSPLL,1
QSQRLRAHGVQHVDRVPRPEF,0
TQTEIIITVA,0
SRVCELSGTRANNGMAVSHSHIRTK,0
KEHSFYQFALTVRGRKDSKG,0
SALVGCWTKSYPPKPCFGR,1
FFHHIFRGIVHVGKTIHKLVTG,1
YKRKFHEKHHSH,1
KRKIVQNCTNDEFEDVLF,0
AGSNCGCGSGCKCGDSCSC,0
FAGLPSLSHEQQQKAVERIQELMSQGMSS,0
VVKCSYRQGSPDSR,1
KANIHPDYHTIKVVMTDGTE,0
ANQNSSNDL,0
LASGAESQDRYRNTPSS,0
KFTVRVKPNSKKIFFRKEED,0
MDLLSLGWSSLMVMFSFSLALVVWGRNGF,0
VNWKKVLGKVVKVVK,1
FLGGLMKAFPAIICAVTKKC,1
FLGGLIKIVPAMICAVTKKC,1
PKICQITKKKSMLGQNRSHA,0
SKITDILAKLGKVLAHV,1
VFEIAPSAK,0
TCFGGTCNTPGCSCDPWPVCSRNGVPVCGE,1
DPQDCACATGASCTC,0
FLEELKPVTREL,0
ILPWKWPAAPARR,1
PNNNSSNQL,0
VKRWKKFWRKWKKWW,1
GWLPTFGKILRKAMQLGPKLIQPI,1
KLVKTWLKVLK,1
KFFKKLKNSVKKRAKKFFKKPRVIGVSIPF,1
AKPIIPMPRSRFLRV,0
RIIDLLWRVWRPWKPKFVTVWVR,1
SLLSLIRKLLT,1
NGRRYTTYGCSPPVT,0
RRRFVAQQNAIHSRVSRQVPTLSNSV,1
LKLLKKLLKLLKKL,1
THSVDAILDATGLNCPEPVMMLHNKV,0
LALKSGGWLRLFGLKDKKH,1
EHSSDESSESSKPCCDLCTCTKS,0
RIKIEDRKTKRLNFLNSWK,0
LLKKLLKKLLKL,1
FLPILAGLAANILPKVFCSITKKC,1
AWLADYWWIILIILI,0
DTASVIIDLTVSSLGGYNKCLNIKH,0
KAYSMPRCKGGFRAVMCWL,1
ANPFENADGTY,0
YPVKLKVYPLKVKL,1
ILGPVLGLVGNALGGLIKKI,1
MHAISLHSLAYRRFARNVSLSMLLLMR,0
GRNHIHKNRDKNKQK,0
TPFKLSLHL,1
YSLQMGATAIKQVKKLFKKKGG,1
PFKIIASQCTSCSACEPLCPN,0
SALVGCGTKSYPPKPCFGR,1
HATAHAVCVVLAAFGYWVAAPIS,0
SLLSLLRKLIT,1
ALGPVMSQHTGIDQIGRKEGAIGV,0
AIKVFHIVAETGIHARPAT,0
WLPLIGRVLSGIL,1
GMATKAGTAFGKAAKAIIGAAL,1
FLPLIASVAANLVPKIFCKITKKC,1
CLGIGSCNDFAGCGYAIVCFW,1
PRIYKIVGDTTTGMKFRIEVVAEKP,0
EKYTEAPEYV,1
NRGSISSGTPGLFV,0
GWKSVFRKAKKVGKTVGGLALDHYL,1
GKQYFPKVGGRLSGKAPLAAKTHRRLKP,1
LKFAKFRRECVAEFRRVVWPARTQVHTAV,0
VRVPKNNNE,0
VYWKKILGKIIKVVK,1
KDLHTVVSAILQA,1
SDHFNFNEAFNSQTM,0
RCRFCCRCCPRMRGCGICCRF,1
MARSLCFMAFAILAMMLFVAYEVQA,1
SQKSHKEKLEKP,0
GIKDWIKGAAKKLIKTVASNIANQ,1
FFVLKFLLKWAGKVGLEHLACKFKNWC,1
TPFKISIHL,1
SGTKDKAKGLANEAIGNVKQGVGKVTDNE,0
GPVGLLSSPGSLPPVGGAP,1
DDTLPKQMTPTDTSPLKEEQAHCNNKT,0
PIVCFDPPYELYLHWPLAGEVQSQYWGTGD,0
LLRHVVKILEKYL,1
FDAFTLVVSQADTRGEMLS,0
AHSLLSCNGIPN,0
VIPFVASVAAEMMQHVYCAASKRC,1
KTFKEFIKEDMVAGDSGGNPENIS,0
LGRTKLGNRNAQANNNAK,0
DWRVLVVVGPLLI,0
SQVCDICGKGPQ,0
LKLLKKL,1
NPAEDLARYYSALRHYINLITRQRY,1
PMATTIEGADYTNIMPITV,0
IPWKLPATFRPVERPFSKPFCRKD,1
EKNREIISKNNINVEVFLIR,0
INPFVAGVAAEMMQHVYCAASKKC,1
KILRGVCKKIMRPFLRRISKDILTGKK,1
FFPIVGKLLSGLL,1
NSAFVLVLTVFLVSG,0
LIGSLVRGILPLF,1
DLRLVLVASPILLA,0
GIFSNMYARTPAGYFRGPAGYAAN,1
GILSSLLKKLKKWIAK,1
YTFSYSTHNELLEF,0
FLPLLLSALPSFLCLVFKKC,1
MIYDSQIYTVLCIALLAGILAIRLGSTLYE,0
KSFKDVKVGEIFCLDNGD,0
TIAERLRQEGHQI,0
KIIYIILGFLSLAIG,0
PGVFLNEDD,0
AKASARVIITMACTDCKNRNYSTY,0
TVYTNA,1
LSWALTFLVVAIIAAVLGFTAVAGTAIEI,0
IKKIVSKIKKLL,1
IKLSPETKDNLKKVLKGAIKGAIAVAKMV,1
LKGCWTKSIPPKPCFGK,1
VKEEVKFSKKW,1
SMLSVLKNLGKVGLGLVACKINKQC,1
VVKSEDYARPSYVDRRDYPLPDVAH,0
SIPASQKANLGNQMIMAVACYQN,0
AILRAKEIRGMSDKELDK,0
MNPCSSNCSCGASCTCSGCSSHKK,0
FLSLIPSLVGGSISAFK,1
GLGALWNVAKSVF,1
RQKDKRPYSERKNQYTGPQFLYPPERIPP,1
RLYLRIGRR,1
SRGNQRDVDRARNLK,0
ILPFVAGVAAEMMKHVYCAASKKC,1
SQRQATKDAGVIS,1
IFGAIWSGIKSLF,1
MENVMSWFNIDFEIKSDNNIDKTLL,0
SQEILEKVCSIVSEQLSVEAGEVKSD,0
DTIDLGNNESLVYGVFPNQDG,0
GIMSSLMKKLKAHIAK,1
LPFFLLSLIPSAISAIKKI,1
KDLHTVVSAILQAL,1
MRSFDQGSTRAPARERCRRQRPEGRSAQR,0
FCHVDVKISSKR,0
VTILQLLVSILILL,0
RYYGSYYRGLGYGCGGFGGLGYGCGCGG,0
HLLKRVQRELIGWLDWLK,1
KWKLFKKIPKFLHL,1
SRSELIVHQRMK,1
FIHHIIGGLFSAGKARHRLIRRRRR,1
MSKVIETKQQVVTEIADKLRA,0
TITST,0
GRLQAFLAKMKEIAAQTL,1
NAVQDAQDQLTKLIRCWEPIDS,0
DIKQLREKSADEL,0
YSFVSEETGTLIVNSVLLFFAFV,0
PFKLSLH,1
LKIASLKKKDMQTKESCILK,0
SGCWARRAR,0
KWKKLLKKPLKLKL,1
FPVTWRWWTWWKG,1
GLLDTIKNTAKNLAVGLLDKIKCKMTGC,1
ILGPVIKTIGGVLGGLLKNL,1
LYRNGLCFGFLQLQGLEDEFIEHMR,0
GFMDTAKNVAKNMAGNLLDNLKCKITKAC,1
SSFYTVVGVFIVVSAMSVLF,0
GWLADYWWVVLLV,0
GFMDTAKNAAKNVAVTLLDNLKCKITKAC,1
SELNTKTPPA,0
PYVHVELFEGRTV,0
ETATLVAISISRSLVSF,0
KKQEIKKLSKDEVIK,0
ETIIRRFSPK,0
VNWKKILPKIIKVVK,1
TKTLEDRIIKLEETVYFQEK,0
SIVEEKVKTIIAEQLGVKQEEVVNH,0
SKRGRGGTSGAKFRISLG,0
RRWRVIVKW,1
KLIWILSKTIPAIKNLFYKI,1
LLKKLLKLLLKL,1
FDVMGIIKKIAGAL,1
DQAIYTLHEFMLHTKNW,0
TIIESILSIATVQNNSNNNNN,0
AIKRGVRLQCNESKSINYITTKN,0
VAYPEISWTRNGCT,0
PEDPQRRYQEEQRRE,1
SMLSVLKNLGKVGLGFVASKINKQS,1
RRKKWFW,1
YKLLKLLLPKLKPLLPKL,1
ALYKKFKKKLLKSLKRLG,1
WWWLRRIW,1
SNGTAVMGKINNKKTHIRCRRCGH,0
SCPKCGSGNIAKEKTMRGWSDDYVCCDCG,0
GLWSTIKQKGKEAAIAAAKAAGQAALGAL,1
TPVEIRNM,0
EPTTDLPICEQAFGD,0
LVKRFKKFFRKLKKS,1
VRLEFKLQQTSCRKRDWKKP,1
KWCFRVAYRGIAYRRCR,1
GTPGFQTPDARVISRFGFN,1
KPLLKKLLKKL,1
KTATHPSYDEVRVQCACGNSF,0
SRTSLEVKAQRKP,0
IVPVRCFTCGKVIGDKY,0
PVGRVHRLLRK,1
VGTRVVRIEDQQLITQGGTYVEDL,0
KQEGRDHDKSKGHFHMIVIHHKGGQAHHG,1
REIFTGLPWWVK,0
LRPAILVRIK,1
TKITIVKCPQCGTNVE,0
GNEFRVCDDCQATNVKTLIPK,0
STSRKLKSHGMRRSKSRSPHKGVKR,0
KSAIHPDYHTIKVVMTDGTE,0
RRRRSQSPRRRRS,1
PPGIPRGAM,0
KKWECVVCGFIYDEAEGLPDEGIE,0
PCSCSQSHCCSRYLCMGAMSLFL,0
KQIFIGIIRFYQKCISPLTPP,0
SHSEVSQISGEWYS,0
MDILSLGWSALMVVFTFSLALVVWGRNGF,0
MATGTVKWFNA,0
ILPIIGKILSTIF,1
PNPDNRSDNAEKLQEMV,0
KRKFHEKHHSHRGY,1
IFKVFYQENADEAPVREK,0
KPNIHPEYVTTEVTCSCGNTF,0
SSMKLSFRARAYSFRGPGPQL,1
VQRGSKVRILRK,0
KADIHPDYHLIEVKMTDGTT,0
PVPKRKTSPSRRGKR,0
DVLELTDENFESRVSSDTG,0
KRLFKKLLFSLRKY,1
TVGISAGELRESTEEELITKLRESK,0
GILDWGKKVMDWIKDKM,1
IFGAILPLALGALKNLIK,1
SDARITELE,0
GFMKYIGPLIPHAVKAISDLI,1
FLPIVGKLLSGLSGLS,1
FLPVIAGVAANFLPKLFCAISKKC,1
SQHLVPEAKNGLSKFKNEVANEMGVPFSDY,0
SFLPSFILSDESKERISKILTLTHNVAHYG,0
KQDIHPKYNVVTVSCAC,0
ITPIGKNSNSNSNSNSNSNSNSNSNSN,0
LLRRLLRRLLRR,1
YSRGSFFKSRVTLPTLVGAYM,0
GFRDVLKGAAKAFVKTVAGHIAN,1
RRGGGLELALAKDGWALMLDLGAGRR,1
MNEAKSLFTTFLILAFLLFLLYAFYEAAF,0
LTITSY,0
ATRVVYCNRRSGSVVGGDDTVYYEG,1
LDPTGT,0
LQLSYRPRVMIMAVMFVFCINKGYDIY,0
NPIVEFCISNMAKGGDYVYNKLDQD,0
AYIIVHQR,0
LLSLALAALPKLFCLIFKKC,1
HIVVCIKQFPGFGRLVSS,0
VVMKLGKAFVPIGKWKKDGI,1
SRVCDLTGKRAMVGNNVSHAMNKTK,0
EFHENRAKAPFIGLVQLWQAVRRW,0
IIYCNRRTGKCQRM,1
QSLTLEQEFKLKVYKENLKKLTLK,0
PPCRGIFCRRVGSSSAIARPGKTLSTFITV,1
DPQDCKCETGASCS,0
WFKMRWWGR,1
TGSGTPPSREVNTYYMTMTMTMTMIMIM,0
YDPPFLE,0
MKNRVYESLTTVFSVLVVSSFLYIWFATY,0
AGTGRIPLWLVAT,0
FAGVLADADIKAALAGCAAAESFNYKTF,0
QNDWIKLKE,0
SGTSEKERESGRLLGVVKRLIVCFRSPFP,1
RVDVYDNNV,0
SRSELIVHQR,1
FPWWWPF,1
SEAENDLMNKLFTAYNPKVRPAEK,0
SSMKLSFRARAYGFRGPGPQ,1
DSHEKRHHEHRRKFHEKHHSHRGY,1
KEGIHPNYEVVAVTCSCG,0
RRIRPRPPRLPRPRP,1
PITSKYSDEHVESILTEI,0
RRLRKKTRKRLKKIGKVLKWI,1
FFHHIFRGIVHVGRTIHRLVTGG,1
RRIIRKIIHIIK,1
MISDSQIFVALLFALVSAVLAIRLGTDLYQ,0
ARCRRHIRSRSRSRN,0
MITRGWEGWGRRGARG,0
SIITMTKEAKLPQSWKQIACRLYNTC,1
RPKPRPRPRPE,1
FLPIVTNLLSGLLGK,1
TILESITKISNA,0
RRAAVVLIVIRR,1
GLLSGILNTAGGLLGNLIGSLSN,1
SLEERVMELE,0
TRSRWRRFIRGAGRFARRYGWRIALGLVG,1
SPEEILQKAIEMERE,0
VFQLVCSTCGRDISE,0
WLRAFRRLVRRLARLLRR,1
VIPFVASVAAEMMHHVYCAASKRC,1
TAITPQEYMASLKEKYNLSA,0
LVKRFKKFFRKLKKSVKK,1
ARPNASELRQL,0
SESETTDEPDSET,0
QWGRRCCGWGPGRRYCRRWC,1
RLKLLLLLRLK,1
QRKKWFW,1
WKWKWK,1
DLIAFKNVKSKF,0
IIPNLPFNLPFNLPFNLPFNLPSILP,0
EASGETFVAENDACKCGSDCKCNPCTCK,0
SQIFQILVIFAILSA,0
SDEADEAYSVTEQLTMTGIN,0
VECDYDPTEDATPAEVVEILG,0
RIGIIF,0
NVWKKILGKIIKVVK,1
RRLRPRRPRLPRPRPRPRPRPR,1
MDILSLGWAALMASFTFSLSLVVWGRNGF,0
LKGCWTKSIPPKPCFG,1
GIGGKILGGLRTALKGAAKELAATYLH,1
DDIDYIDDINEDSINHMLSTL,0
ALWKDILKNLLKAALNEINQIVQ,1
YVPPVQKPHPNGPKFPTFP,1
VQLRIRVRVIRK,1
RRYHWRIYI,1
LSRDSSQLTSFNNKDSH,0
TVVRRRGRSPRRRTPSPRRRRSQSPRRRR,1
LNLKGLFKKVASLLT,1
WFEILPGLAVMG,0
RIKRFWPVVIRTVVA,1
TGRAKRRMQYNRR,1
RATVAQPR,0
GLWNSIKIAGKKLFVNVLDKIRSKVAGGS,1
IPVRCFTCGKVISP,0
VPPVYADLGKGARDLFSKGYNYGFSKL,0
RLWWKIWLK,1
RYPAVGYT,1
LLKELWTKMKGAGKAVLGKIKGLL,1
IIDIEIWIQLFFFN,0
VVNGKPTRTNVGRMVSLKYRNKHI,0
KQSEVKELSVAELQE,0
PIVIFRERGADLYAYIAKQ,0
AFGDAWKQLS,0
RLKRWWKFL,1
NMKTVKCPTCGKPVPWTP,0
INLKAIAAMAKKLL,1
LLDKLKRTLLSIEAVLI,1
LMCTHPLDCSN,1
LLGMIPLAISAISALSKL,1
TKYVCTVCGYVYDPEVGDPDNNI,0
KIAEIRGMTPDQLAD,0
FAEGRIPLWLVAT,0
DAIQTRMVISEFEKRIRRE,0
PKLRVTQIASVAGRK,0
MTDAQVFTILAIALVPAVMALLLGSALARS,0
SESDNCFSSSS,0
LDEFRVYSDDANKYKISIPQD,0
TETEIFAYIE,0
RCPGRTRQIGTIFGPRIKCRSW,1
FFPIIAGMAAKLIPSLFCKITKKC,1
EWEPVQNGGSSYYMVPRIWA,1
ARITVQDAVEKVGNI,0
VEVQVRDKGKGIYGLSPLRQPAP,1
MVELKFLIAFFLAFTAGILAIKLGQALYDC,0
LKWALVFFVISLIAGFFGFTGVASGAA,0
QKKPPRPPQWAVGHFM,1
SIGFDGLNDPDIVAR,1
GWKKWFNRAKKVGKTVGGLAVDHYL,1
AVLDTALSGIDKVLHGSIDAHKAD,0
RFWPVVIRTVVAGYNLYRAIKKK,1
LFGLIPSLIGGLVSAFK,1
GLMDTVKNVAKNLAGHMLDKLKCKITGC,1
ATYRTGRATRESLSGVEISGRLYRLR,1
MNAFMVWSCGERRKLAQQNPSMQNTQI,0
GSLHGFMYKYLKNMVLTLF,1
GGYVNIKTFTHPAGEGKEVKGMEVS,0
HLNKRVQRELRGWLDWLK,1
LVKDNPLDISPKQVQALCTDLVIRCMCCC,1
MKWETPTATDLRFGFEITMYVSAR,0
PTTRQCSFCGHEI,0
GQQFQYD,0
SCVFIPCLTTVAGCSCKNKVCYRNGIPCGE,1
LKKLLKKLKKLL,1
ITREQKNEILFLVG,0
GLFGVLGSIAKHVLPHVVPVIAEKL,1
RWGKWFKKATHVGKHVGKAALTAY,1
TDDIFSVPC,0
KPNIHPDYHQIYVVMTDGTK,0
GYSSASKIIFGSGTRLSIRP,0
TIINSISSL,0
WFQDVRTLKE,0
LAHQKPFIRKSYKCLHKRCR,1
DSTLLEIVACPICHGRLALDQTSQKLVCHF,0
KRLFKELLFSLRKY,1
NILNTIINLAKKI,1
RGLRRLGRKIAHGVKKYG,1
AISRGDKVRIK,0
NFNLRGAVLANI,0
GHHPHGHHPHGHHPHGHHHPH,1
RTVVAGYNLYRAIKKK,1
KCRRYCYRQRCVTYCRGR,1
RRRFVAEQDAIHSRVSREVPTLSDSV,1
FVQWFSKFLGRIL,1
SASVRGNSKNPQSTSAITTLTD,0
FLIGMTQGLICLITRKC,1
DANKVWPTGLTVAEAEELHTYVTNG,0
RFRIRKCPKCGRYTLKEVCPVCGEKTKVAH,0
LNTQRAQEIAASPIMANVTYQEVPIYIQHV,0
SMLSVLRNLGKVGLGFVACKINKQC,1
SEVIIHEDENFERA,0
GSKKPVPIIYCNRRTGKC,1
KRLFRRLLFSMKKY,1
SSMKLSFRARAYGFRGPGPQL,1
MALNLQDKQAIVAEVSEVAKGALS,0
RVLKDVESALRESVANWKIVIG,1
SPPSEQLGKSFNF,1
TKGTPSQGRHNKGSNH,0
TNKNTGKDIRQNSPKEHQ,0
WLGSALKIGAKLLPSVVGLFQKKKK,1
VFQLICSTCGRDISE,0
VGILPLFVVLLIIV,0
QGTWLPPSFLAVCD,0
LIPYDQLQAETLTRLIEDFVTR,0
YRKKWFW,1
AGECVQGRCPSGMCCSQFGYCGRGPKYCGR,1
FLPVIASVAAKVLPKVFCFITKKC,1
CDWKGRDNCPAPARKTSCV,0
SYSGSYYGGLGYGCG,0
DASRASQLINSKASYVY,0
SPESRIVELE,0
FLPAVLLVATHVLPTVFCAITRKC,1
KAKEMQEKSVAELQA,0
RKGWFKAMKSIAKFIAKEKLKEHL,1
MDIITFGWVAVAAFFALSIAFVVWGRNGM,0
ESVLQKIDDLEM,0
GIGAKILGGVKTALKGALKELASTYVN,1
RKFHEKHHSHRGYR,1
VENPMVINNWHDKLTE,0
RGRKYYRRKK,1
RCLCRRGVCRCLCRRGVC,1
RFPKLMMKLLV,1
IIPMRCFT,0
RRWCFRVCYKGFCYRKCR,1
TTSTNRITIEQVKSPI,0
GVIIDTLKGAAKTVAAELLRKAHCKLTNSC,1
SNGTAVMGKINNKKTHITCRRCGH,0
RIIRPIIQIIKQKIR,1
MELSLLLFLALLLGLLLLLF,0
SISVNCPTCQTKVEWS,0
PNIQTKIIEQIWKEHIFQGTVVK,0
MKNPRVHEIATAMIDAVRKVLVDHQ,0
RVCMAIPLPLCH,1
MAWTKPAYTDLRIGFEVTMYFASR,0
RKFHEKHHSHRGY,1
NFLGTLVNLAKKI,1
MKHSEKNEIASHELPTTPLDPVLAAGRES,0
GLFDIIKKIAESF,1
EPATVLSISIGVMVVAI,0
VTVYDAEGTKVQLDGSIRLVM,0
VGKTWIKVIRGIGKSKIKWQ,1
ILRWKWRWWRWRR,1
FLPIAGKLLSGLSGLL,1
PSTKPPKERPYGKSKIRCLRCGTR,0
QVLVRDNNVDQA,0
LNWGAALKHAAK,1
GKKLFVNVLDKIRCKVAGGC,1
GTGITEEFEEVPVQSRGFGILDVGYR,0
PAIVGPIAINSISGGVVNF,0
RKLKMMLCVMMLP,0
IIPVRCFTCGKPLGHLY,0
NDAACAAHCLFRGRSGG,1
GFKEVLKADLGSLVKGIAAHVAN,1
DIVKSIDIFVDAVLDELD,0
RLARRVVIRVAR,1
WFEILPGLSVMG,0
TRDTPEDVSTA,0
AEEQSFSSTKFSTDQPNLILQGDA,0
MRDAEERITRLE,0
GSAQPYKQLHKVVNWDPYG,1
VNWRRILGRIIRVVR,1
PDPCCIDKCECKEGGCKAGCKCTSCRCT,0
GFLGPLLKLAAKGVAKVIPHLIPSRQQ,1
DCCTENACSKPDDDILDIPLDDPGA,0
VQLEQRIEDLEM,0
PNIFSLICICLNS,0
LLGMIPVAITAISALSKL,1
AHPKRRISRSRRDKR,0
RGLRRLGRKIAHGVKKYGATVLRIIRIA,1
FQLFRTKWFRSAPVVATIW,0
MARVLLRLIRL,1
GLLSGILGAGKHIVCGLSGLR,1
HILTRSSKNAFPRSRSRQDIHIS,0
DPNCSCATGNSCT,0
QKLCERPSGTWSGVCGNNNACKN,1
HDHGFLQVTLPSPLPCASQPRKLSHRNL,0
AIGTPAHEFRELNEEELVNRLNE,0
NFLGTLVNLAKKIL,1
ETATLITIFLSGLLVSF,0
GILGTVFKAGKGIVCGLTGLC,1
VSVQVNENESIDKLLKR,0
GWEGPNSRVDDTFWASWRAFAQIGPAR,0
RRRSVGQQNAIPSHIQVNKFFLRKPAKQHI,1
TSRCYIGYRRKVVCS,1
GLLSGTSVRGSI,1
GFRDVLKGAAKQFVKTVAGHIANI,1
NINKESIHGFLKQ,0
MNPNCARCGKIVYPTEKVNCLDKFWHKACF,0
KLKKLLKKLLKL,1
KTCENLADTYKGPCFTTGSCD,1
MAPCSCKSCGTSCAGSCTSCSCGSCSH,0
FVPWFSKFLGRIL,1
RLEKLFSKIQNDK,1
RYSIDDAFNYEEEFETEIQFL,0
MAKFASIIVLLFVALVVFAAFEEPTMVEA,1
SCSFHISSPLGSSSSLEGFSSLKVVV,0
WFKKIPKFLHLAKKF,1
NYISFFRKCKNSQST,1
KAGIHPDYHMIKVVMTDGTE,0
FLGAIAGVAAKFLPKVFCFITKKC,1
AVNEVEAKGLNP,0
KKYRYHLKPFSKK,1
IVPVRCFTCGKVLADKY,0
DQLERRIEDLEM,0
MASRAARLAARLARLALRAL,1
FGSLFSLGSKLLPTVFKLFSRKKQ,1
GNIRQTFIK,0
NLRRIIRKIIHIIKKY,1
SGNTIYFGEGSWLTVV,0
IVPLLYLALAGA,0
PGGDRTGP,0
NQPVVETAELMRRVEQLVDA,0
VCGETCFGGTCNTPGCSCTWPICTRDGLP,1
SERKNSKSRRNYLVKCSCPNCTQESE,0
AVNIPFKVHFRCKAAFC,1
GLLKR,1
FFGHLFRGIINVGKHIHGLLSG,1
FDAVSDLVNAFTSINWE,0
VKLFPVKLFP,1
CYGYGCGCGSFCRLGYGCGYEG,0
FLGALWNVFKSVF,1
PQKDPCQKQA,0
MDILTLGWVGLLGLFTYSIAMVVWGRHGM,0
FIHHIIGGLFSAGKAIHSLIHRRRR,1
RRRWWW,1
MSLAKMYDKEYFEGKTYKEGYKFEIFYP,0
RWKRWWRWI,1
DVNGGWSCATTVDAKFRPNGCTD,0
VKLIQIRIWIQYVTVLQMFSMKTKQ,1
KFVEIKDLSVAELKK,0
RRRFVVQQNTISPRLQVNQRFLPNSVQQQI,1
KNWKAILKHIIK,1
IWGALLGTLIPAITSAIQ,1
VKRFKKFFRKLKKSV,1
MYDESTGYSSALK,1
LLGMIPLAISAISSLSKL,1
MKLRKILKSMFNNYCKTFKDVPPGNMFR,0
TKCFQWQRNMRKVRGPPVSCIKRDS,1
LNWGAIKKHIIK,1
SLSPSERPDTVDRKLLD,0
VDDDDK,1
IINDRETGRSRGFGFVTF,0
KEKNIEMQGTVIDTLPNT,0
SGHEQQRPSRREEDVEE,0
RGVRPVVQGVKEKVR,1
VAKKLAKLAKKLAKLALAL,1
VNFKKLLGKLLKVVK,1
PMIDVPDNNAFDVAMRRFKRA,0
RKTWFW,1
LLNSGVKLGTKLLSGLLN,1
LRPAVIRPKGK,1
LRFLKKILKHLF,1
NPIPILTPC,0
TTISKNKTSNSK,0
GWKKWFTKGERLSQRHFA,1
GILSSLWKKLKKIIAK,1
RWDRREARRARTAFTYEQLVA,0
KADIHPNYEVVAVTCSCG,0
WLNALKKVWQGIHEAIKLIWNWVQ,1
NPIVEFCLSNMAKGGDYVFNQLEND,0
DIVKSIYTSVDAVLDELD,0
FSQSACVQVHIKTNELHTAVVEKVIL,0
LNNNVVYLGYPGLPPNKLEGLM,0
RIKRFWPVVIR,1
GLKDKFKSMGEKLKQYIQTWKAKF,1
AGRLVILVLRAY,0
EPILGIITSLLKSL,1
KRRLIARILRLAARALVKKR,1
YRKFSDECFGPST,0
GFFDRIKALTKNVTLELLNTITCKLPVTPP,1
FAGLPSLTHEQQQKAVERIQELMSQGMSS,0
SQAPMATTPRNYPIFTVRW,0
FLSTLLKVAFKVVPTLFCPITKKC,1
FAEGRIPLWIVGV,0
SNQPQHFGDGTRLSIL,0
VIPFVASVAAEMQHVYCAASRKC,1
RLARIVVIRWAR,1
SEIASRVKAIIVDKLGVEESEVTET,0
RFKAKCSGCSTEFKAET,0
EVCEKASKTWSGNCGNTGHC,1
MSGYGTSFALIVVLFILLIIVGTAFVGGY,0
FLPVILPVIGKLLNGILGK,1
SLEMRIVELE,0
GPDAPGPASKRVRTAY,0
MNRLKEIFQKEITPALVSKF,0
KRGFLDVVKHIGKAALGAVTHLINQGEQ,1
MWTKPSYTDLRIGFEVTLYFANR,0
SDDIVNVT,0
CATYMFNITVIITHPTPTLRTRG,0
KKKAARALKRAL,1
ILGPVLGLVSNAIGGLIKKI,1
KHKRMMLPHYVRVYVCVR,0
GIGGALLSAGKAALKGLAKVLV,1
ATFNFINNCPFTVWAAAVPG,1
DPNCSCPTSGSCS,0
ILGPVISTIGGVLGGLLKNL,1
ILPFVAGVAAMEMEHVYCAASKKC,1
LWTRDYAGVYEAIRGFDWSQDAK,0
FVQWFSKFLGKIL,1
GWFKKAWRKVKNAGRRVLKGVGIHYGVGLI,1
RRWWCW,1
ILGPVISKIGGVLGGLLKN,1
SHKQIYYSDKYDDEEFEYRHVMLPKD,0
PLPFPRPGPRPIPRPLPFPRPGPRPIPRP,1
GVQKYTYTNPVLFWGIFE,0
KLIPIASKTCPAGKNLCYKI,1
FLPFLIPALTSLISSL,1
KGFGFITQDNGGADVF,0
SPQTETKASVGFKAGVKDYKLTYY,0
FFHHIFRGIVHVGRTIHKLVTGG,1
FVLLWLTFTTQSFILFYV,0
DPNCSCATGGSCT,0
GLWDSIKIAGKKLFVNVLDKIRCKVAGGC,1
ADTPSVEP,0
IKIPAVVKDTLKKVAKGVLSAVAGALTQ,1
KRTRTAYSRSQLFELEKEFHFDKYISRPRR,0
LNWGKILKHIIK,1
IKKIVSKIKKVLK,1
RRWWCL,1
MIDDSQIFVALLFALVSAVLAIRLGKELYQ,0
LKKLLKKLLKKL,1
SLEDRAKATGKNIEGKAQEALGNVTGDPED,0
PIEHGIVSNWDDMEKIWHH,0
FDHRILEILVCPLTKDKLQYNKDTNE,0
MKNGFAYKNGKLVNIFCGKEELYNELK,0
GLLSKFGRLARKLARVIPKV,1
TTITLKLNEPID,0
MNSVQFKNHHHHHHPD,0
FLFKLIPKAIKGLVKAIRK,1
ANLDAIIKIQAWARMWAARRQYL,1
ELFIPCPERLKKMMLKEELR,0
PFVKIDLFEGRSE,0
THQKHHPDDRSDNVEKLQDMVQNTI,0
SAPRGCWTKSYPPKPCK,1
SNSQAPMQAVEVRVYPI,0
ASKKGNRIIIKLRSTESAHTYTTT,0
EFATNRVTVNDSR,0
KPEIHPEYHEITVVMTDGSS,0
LKLFKKILKVL,1
MSISFPKMQHLIVMTTIGDKKVNNNIILFL,0
FLPVLARLAVKFLPSIVCAATKKC,1
SMLSVLKNLGKVGLGFVACKINKKC,1
AKITFTNNHPRTIWP,1
WRSLGRTLLRLSHALKPLARRSGW,1
ELITELFDGASAP,0
VRLRIRVAVRRA,1
PREIKEVKDFLN,0
GFMDTAKNVAKNMAVTLLDNLKCKITKAC,1
AERVGAGAPVYL,1
MKTKFVFDLLTPDDILHPSNHVNLIIRPI,0
GVDPLVPLRQAMF,0
LINVSIKLIK,0
YQCGQGG,1
VGSRYLCTPGSCWKLVCFTTTVK,1
RWCVYAYVRIRGVLVRYRRCW,1
LSWALIFFIIAIIAAAFGFGGIAVAAAGI,0
GIIKFLKNVGKEMKKVTWPKGKELTRYTI,0
GCGNSTATSAGAGQG,0
DSTNTV,0
AELPIAPVGR,0
AKKVFKRLEKLFSKIQNDK,1
TAISDS,0
SILKSLTSISKIS,0
FLSGIVGMLGKLF,1
ILRRVRVRAVAI,1
ETATVFSIFISCLLLSL,0
SNIEDRVRKIIIEQLGVDEAEVKNE,0
FLPIIAGIAAKVFPKIFCAISKKC,1
GLILTRMILNCGCGSSCKC,0
MKYLWVFIVFSIAVLSHACSA,1
PKAMRLLRRLLRLQKKG,1
QINKAIELLERAWSDYNNGDTVGAILKL,0
SGSDENDVVVIGGG,0
KKPKLPWKPKK,1
AMASSLLSGWGGPTTLLVAPM,0
GWGSFFKKAAHVGKHVGKA,1
FSWALVFLIFALVAGVLGFTGLAG,0
GWGSIFKHIFKAGKFIHGAIQAHNDG,1
TCNHENPHFLFKIDSYSKTF,0
FYPFG,1
KIKWFKTMKSIAKFIAKEQMKKHLGGE,1
GVEVSNKPNV,0
VVGSEFNNT,0
MIPWQELSSETLDNLIESF,0
KWKKLLKKPLLKK,1
SMLSVLKKLGKVGLGFVACKINKQC,1
KIFGAIWPLALGALKNLIK,1
FIHHIIGGLFSAGKAIHRLIR,1
IVAIMVMNAKGVSEVVGTL,0
KNWAVLVAGSDGLPNYRHHADV,0
DTEEKKKTTASVEH,0
LNIFSLICLNSALYPSSLFFAKLPEAYAF,0
LNFEAIIETGDQVIQ,0
RLYRKVYGRLYRKVYGK,1
MARSICFFAVAILALMLFAAYETEA,1
GIGGALLSAGKSALKGLAKGLAEHFAS,1
FLGALIKGAIHGGRFIHGMIQNHH,1
FLGMIPGLIGGLISAFK,1
LTTQKCESREGKNDEI,0
LIPNRT,0
SLKDKVKSMGEKLKQYIQTWKAKF,1
RGGCLCYCRRRFCVCVCR,1
SEDKGMKDKAKGL,0
SIITMTREAKLPQLWKQIACRLYNTC,1
PILSKYSNEQVE,0
TVVTQA,1
ISFFPNKPMYHVQPHISFITPERTMK,0
RGGGKKNGSNVE,0
IFGAIWNGIKSLF,1
LKGCWTKSIPPKPCF,1
FLFSLIPHAISGLISAFK,1
LIKVVNHVQYNVTLHWHGIR,1
ASYRNSRSR,0
FSSRKRRVAKRAFNAKSKKFPIGEVVS,0
NMRNINVITVLSVPGKT,0
RPEEITEMIEQLRTGA,0
MIPVRCFTCGTVIGEH,0
KSINIQDQFLNQIRKENTFV,0
KYALMKKIAELIPNLKSRQVK,1
GMASKAGAIAGKIAKVALKAL,1
ADAKTIKIEQIGSPI,0
GSAKDKVAGKANELA,0
KSMDKISTGIAYGTSAGS,0
SALVGCWTKSWPPKPCFGR,1
KGRGKQGGKVRAKAKTRSS,1
ILPFVAGVAAEMMQHVYCAASKKC,1
QGVQEQIEELQT,0
LPTYRPNKRRRAKSIGFRA,0
WERERKKFLEDIRKKSLQEL,0
VSWKKSLGKIIKVVK,1
PFVTIQFLEGRSD,0
RQRVEELSKFSKKGAAARRRK,1
DSFSSLFMKLCCIS,0
KAYSTPRCKGLFRALMCWL,1
ETATFVAIFISCLLISF,0
VKKLVYPLKVKLYP,1
FLPIIAGAAAKVVEKIFCAISKKC,1
RWKRWWRRKK,1
ASTGRIPLWLVAT,0
AKDVRFGADVRALMLQGVDVLADA,0
INWLKLGKMVIDAL,1
SFHLWMANLDAYMQETFGVGRRDI,0
ETGVVKWFN,0
ETLRAKRIAEAGEVVPVMYEGKSVIIQHV,0
SLSIMEPIR,0
FFHHIFRGIVHVGKTIHRLVTG,1
RIKINLQCSHCGSKNYLT,0
GVTSNPAIFQKAISTSNAYNDQFR,0
LDNALLGLTHEQQQEAVEKIQQLM,0
RRWWCH,1
EQLAQRVEDLEM,0
VKLYPKVKLYP,1
KTKKKFLKKT,1
IERILFPTMSG,0
WVLVLRLGY,1
NKLLKLFFITIIIYNNIAFAKETGFYMGAA,0
WKLFKKILKWL,1
GLFSKFAGKGIKNFLNKGVKHIGKE,1
LRRLLRWLRRLLRR,1
VCRLPGTISREICA,1
CGSYYGNYYGDHGY,0
DDNGKPYVLPSVRTCGFDFTGAVEDISK,0
TKCFQWQRNMRKVRGPPVSCIKR,1
DKFCPFIKDICKK,0
EQEQDTPWTQSTEHINTRKRENGQQIQ,0
IWLTALKFLGKHAAKHLAKQQLSK,1
MIAPIFAELAKTVGADKDGLPTLVAK,0
SEVINVNCPTCGKAVV,0
REISAKKSD,1
RYTFGIVTVYLLAGC,0
DISGMQIN,0
LYYALVFLVVALVAGALGFGGIAG,0
PTTISLIIFTFLSLGDSWNDFPSSNV,0
