VTIDYDKCKGPECAECVNACPMEVFEIQGD,0
PITSKYTDEQVESILTEIGAVL,0
FFQTWSDFF,0
LHNVSKCIHSICIRVCIKLHVI,0
GFMDTAKNVAKNVAATLLDKLKCKITGGC,1
GIGKFLHAAKKFAKAFVAEIMNS,1
VLRQLSRKASVKVSKTWS,0
DLNLREAIMHN,0
GLPVCGETCVGGTCNTPGCSCSRPVCTAN,1
LSPDMPLKNLDEYDRLGI,0
GIGGALLSAGKSALKGLAKGLAEH,1
FKRLEKLFSKIWNWK,1
DDRLNELEI,0
GDVVANPESVELK,0
GIPCGESCVFIPCISGVIGCSCKSKVCYRN,1
KVFLGLK,1
SDQKTAELNKMIEEISQK,0
GIWDTIKSMGKVFAGLILQNL,1
LIAVSTNIIFI,0
RVVLRLPERKEVEVKGN,0
FFRRFFRRFFRRFFRR,1
YYTGAEGSVFPGC,0
GLFKVLGSVAKHLLPHVVPVIAEK,1
GLLKKIKTLL,1
SNSMTKLTELREMSDEQLD,0
YFVADVKEKECAQYNCKQCVLFCPE,0
GVLSVIKNALPGIMRF,1
KTSPDVE,1
GIGKFLKKAKKFGKAFVKILKK,1
VGINKPEPFGTGINVPYKLQKVQ,0
DVNDLKNLCAKTHNLLPMCAMF,1
IGILLLIGICVA,0
KLKLLLLLKLK,1
SEVKVFEVRGTFRMGDEPRQPFTRQVP,0
GFKDLLKGAAKALKKTVLF,1
RMSEYFRILQGLPDGPFTRKHAEAVA,0
ALWKEVLKNAGKAALNEINNLVQ,1
RKKRCPYTKYQTLELEKEFLFNMYLTRDRR,0
KKSLQLSFTFLIISIILSQG,0
GLFSSINTASTGLTAQRLRLDVIANNIAN,0
IIPWKELDPATLDSLIESF,0
FIHHIFRGIVHAGRSIGRFLTG,1
ILGPVLGLVGNALGGLIKNE,1
LQEFNQNQKAKVAVC,0
DQVTKFIEPG,0
TDSVVVRVKPGSHKGPLVEVGPN,0
KRFLFLLLTISLLVMVQIQTGVTSQNATSQ,0
PEELTSHSYKP,0
VCKGCGTNCQCSAQKCG,0
GIPCGESCVWIPCISAAIGCSCKSKVCYRN,1
DGRGKQGGKVRAKAKTRSS,1
KLLKQWPIGKLLKKLLKKLLK,1
DDGDKGMLKWKNDFFQEF,1
SNSTTGLVKWFN,0
RQLRGKPKKETSKDKKERKQAMQEARQQI,0
FLPIIVFQFLGKIIHHVGNFVHGFSHVF,1
FWGFLGKLAMKAVPSLIGGNKK,1
FLPIVAKLLSGLLGRKKRRQRRR,1
SCCGGNCGCGAGCKCVGCGGCKMYPDL,0
KKVLFKLKFK,1
DHNNEIVKIQSLLRANKARDDYK,1
GAARKSIRLHRLYTWKATIYTR,1
FQWQRNMRKVRGSRRRRG,1
AGYLLGKINLKALAALAKKIL,1
GNIKQGFIK,0
EGLEPG,1
FLPLIGRVLSGAL,1
NTRYATCYVCDELVYLFKKTFSNM,0
CGETCVGGTCNTPGCTCSKNKCTRNGLPV,1
KWKWWKWK,1
TTAIEPFISLGDK,0
GIFSVLNEVCKKNDYKPEICAHFSQNKP,1
NQHVKVTFDFTNYNYGTYDLAVPAYLP,0
GLFDIVKKVVGALGSL,1
ALTKMKDLRQLS,0
FPVGRVHRLLRK,1
IIGPVLGLIGKALGGLL,1
KKLFKKILKVL,1
SYFAFFYGYYNQITFRLQYHHQY,0
FLKPLFNAALKLLP,1
FLSLALAALPKLFCLIFKKC,1
DVKETILNIIQELFMEDVSEMMDEDL,0
GIGKFLHSAGKFGKAFVGEIMKS,1
INLLKIAKGIIKSL,1
CGETCVGGTCNTPGCACSWPVCTRNGLPV,1
FRWWHR,1
GVQISPYTNPVLFWGVFEVRGTS,0
EKRVCSFCGYDIEPGTGKMYVRRDGRVF,0
QLFVRAQELHTFEVTGQETVA,0
GKWMSLLKKILK,1
CGYRHGRLNCGRG,1
GLLGGLLGPLLGGGGGGGGGLL,1
MMMTKMFVQIA,0
AKKVFKRLGIGAVLKVLKKG,1
AQQHHGYKQQFH,1
HATTVKNKIMQRDNYKE,0
PRLPPILRLLQA,0
CGETCVILPCISAALGCSCKDTVCYKN,1
GIKCRFCCGCCTPGICGVCCRF,1
IYQPRQTIWV,0
CLLKKLLKKLLKKC,1
GLLGPLLKIAKKVGSNLL,1
GIVEQCCASVCSLYQLENYCN,1
ELRCMCIKTTSGIHP,1
SRRCAITGKSAMNGH,0
EPILGIITSLLKS,1
AARRAARRAARR,1
SRRKVCRFTIEGVKEIDYK,0
TNWDPNHPSLRSPIAPHETACVLRMH,0
DSHAKRHHGYKIKFHEKHHSLRGY,1
TNKNTSTDMRKNAPKGDN,0
FFFHIIKGLFHAGRMIHGLV,1
RPMQLDMLSEMDDA,0
GKKLLKKLKKLWKKW,1
SGPLSPVCSCPQLPFMLSPCH,0
SRRKVCRFTVDGVKEIDYK,0
LCFEAICLG,0
WFCIDLGANVFKEARALAGK,0
HRKKWFW,1
GLKKIFKAGLGSLVKGIAAHVAS,1
LCPAWLFLDVLFSTASIMHLCAISVDRYIA,0
FISAIASMLGKFL,1
IATSPYYACNCPNNCKHKKGSGC,1
FLSLALAALPKFLCLVFKKC,1
DLGWKLLSKAQEKFGKNKSR,1
AAGYPFGIKV,1
GKKLKKIGQKIKNFFQKL,1
NFQLDLIKD,0
FRRPFKWPRRFFKFF,1
TMMKAIWPEPS,0
GESIYINGTAPTCSSCHDRGVAGAP,0
SLEILDQLEGKIKQAVETI,0
FFSTSCRSGC,1
GVLSAFKNALPGIMKIIV,1
NISWEMILPLIVLQ,0
QANHSVSYLYESSTSKRSNGLFSQT,0
GIMDTIKNAAKDVVQSLLNKASCKLAKTC,1
DPCDCSKTGTCNCGATCKCTNCQCTTCKKS,0
LVISRKKGESLLIGEDIEIT,0
ITPATPFTPAIITEITAAVIA,1
TLVGKLVHISIDLVLVSTCL,0
GSEIQPR,1
VAYWRQAGLSYIRFSQICAKA,0
FRRFFKWPRRFFKFF,1
AVLDFIKAAGKGLVTNIMEKVG,1
FLPGVLRLVTKVGPAVVCAITRNC,1
SRRKVCRFTVEGVKEIDYK,0
MNTQL,0
KWKLFKKIKFLHSAKKF,1
HLKNEVNNN,0
RGRGQTYTRYQTLELEKEFHFNRYL,0
RCSHNVNIGQRQPRKRPLQQQQQHQL,0
KFFKKLKKAVKKGFKKFAKV,1
KGRGKQGGKVRAKAK,1
FRSGILKLASKIGSVLCAVLKNC,1
VQRGSKVKILRPESYWYNEVGTV,0
PAIVGPIYIMSVTDNAAASF,0
MSKGVLVGVVTDARRDKTVKVSVY,0
EWKTCNFCGKSIEPGT,0
SNPKGSRKHFVPNHIGT,0
ILKHNGSKPIRCPECNYTCV,0
GILDTLKQFAKGVGKDLVKGAAQGV,1
FLPLFLPKIICEITKKC,1
AQRHHGYKRQFH,1
GFFDRIKALTKNVTLELLNTITGKLGVTGG,1
FLFSLIPSAISGLISAFKGRRKRDLN,1
PAPCNCIESNVCICGTGCSG,0
AAKIILNPKFRCKAAFC,1
SIFRSLTSLSNFN,0
ANFLPKIFCKITRKC,1
NNKNLINDVKVTQVKSS,0
ILGKLLSTAAGLLSNL,1
IDTLQARLDEV,0
VEIDDGVEMAVGIFVVIILA,0
GAYTLFGKAIPPHH,0
PEFQERVRNFFKE,0
FLPLLAGLAANFLPTIICKIARKC,1
RSTTPINTTPINQLGYEACRDELIE,0
ILGIITSLLKS,1
EFANTLTLGMRLFGNVYAKEMLMIL,0
FFGRLKSVWSAVKHGWKAAKSR,1
VGTCPECGAELRLENPELGELVVC,0
KPYLKRFQVYYKGRMWC,1
GLPRKILAAIAKKKGKCKGPLKLVAKC,1
DIGKYCGYAHALN,1
VELKVKTEMDVD,0
KKDIHPDYHMIDVKLTDGTV,0
CESCVWIPCISSVVGCSCKSKVCYKNGTLP,1
TGTVKWF,0
LSMSKAVKARAHTWYTIDM,0
KAACAAHCLWR,1
LFKSLQLISLKSS,0
FLQHIIGALTHIF,1
FLYIVAKLLSGLL,1
NSDVIKGKWKQLTGKIK,0
AKKVFKRLEKLFSKIQN,1
PKIEVKNDDLELALKKFKRVSLEIRRLAQR,0
FLGALWNVAKSVF,1
KIWWWWRKR,1
PCGCGTSCKCGSGKCC,0
IIPIRCFTCGRPIAHLWEK,0
GFMSKVANFAKKFAKGGVNAIMNQK,1
KKTRRSSFSGVLMFCKSLFR,0
FPEYRDLISRLKNENPRFMSL,0
GFGKAFHSVSNFAKKHKTA,1
FLSIIAKVLGSLF,1
GLWSKIKDVAAAAGKAALGAVNEAL,1
GIACGESCAYFGCWIPGCSCRNKVCYFN,1
ICPRCADEQIEVMAKSPVKDVWTVY,0
DDVKSACCDTCLCTKSNPP,0
SLEDDVKAIIVDQLGVSPEDVKES,0
GLPVCGETCFGGRCNTPGCTCSYPICTRN,1
GFGSFLGSLFKTGLKIIPKLLPSIQQ,1
FFSALLSGIKSLF,1
FLGALWNVWKSVF,1
GNIRTTFVKRTAKELLELHGDKFNSDFENN,0
PEPTEGSIGASGAKTSWPEVVGMS,0
GFKDWIKSAAKKLIKTVASNIANQ,1
GLLSVLGSVAKHVLPHVVPVIAEKL,1
GNIKQAFIK,0
PSKNCAKNL,0
TAKTKQSWNKGIWE,0
VQLWHVVWHPPLG,0
GLKALKKVFKGIHKAIKLINKHVQ,1
FLPILINLIHKGLL,1
ILVNVHAG,0
GLWDTIKQAGKKIFLSVLDKIRCKVAGGG,1
EIVLEAKERTDKKRSTLRRIRSQGGIPAI,0
DPNCSCEAGGSCA,0
STDSLPRSLMEQKAMEL,0
GLLSVLGSVAKHVLPHVVPVIAEHL,1
GNRTKEDELYR,0
DANVENGEDAEDLTDKFIGLMG,1
NVGDNSNFFVIKAKENGVNVFGM,0
FLPIVTNLLSGL,1
FLGELWNVWKSVF,1
EATKCFQWQRAMRKVRGPPVSCIKR,1
RWSKWFNVFCIVA,0
GLLGSIGNAIGAFIANKLKPK,1
GFLNTAMNTVTNLAGTLMDKAKCKIRGC,1
IIWILPCRMPMNLRKDE,0
KWFKKIPKFLHLAKKF,1
KVAEEYDKGVPMMLAPQMGA,0
ELDRIGYGTARRKKR,1
CFQWARNMRKVR,1
TQELSFEEAIQRLEQVVRELE,0
STVETPAQDTLATKEPNKTG,0
FQWQRNMRKVR,1
DDSIDYKDFNRRI,0
AIPIKV,0
SANGNAALGVRLTEDQVKVLEENF,0
SDKPDSQVFCPNCNERLQK,0
NNAKMWLVVKPTVGI,0
KRWWWWRFR,1
GFCWNVCVYRNGVRVCHRRCN,1
PIAQLYILEGRSDEQ,0
EPAEDLARYYSALRHYINLITRQRY,1
FLPLIGRVLSAIL,1
IYKVYYQETKERNPQRETT,0
CGETCLFIPCIFSVVGCSCSSKVCYRN,1
FLPLLFGALSTLLPKIF,1
SEAQLELEVLSFFVRKP,0
RTHTLPCKCHICGKAF,0
CKYKWR,1
GILDTLKQLGKAAAQSLLSKAACKLAKTC,1
GLLKWIKKLL,1
NVSFKILGYEIASIEFD,0
DLIWKLLSAAQEKFGKNKSR,1
GFKDLLKGAAKALVKAVLF,1
TFEEAMNRLNEIVERLERGNVGLE,0
STIEERVKKVVAERLNVKEEDIQN,0
PGILVRPDQSFE,0
GAIAAGIAMAGA,0
GIPCGESCVWIPGISAAIGCSCKNKVCYRN,1
IAGAHKCKPCYGYKTNSCCNSPN,1
DSHAKRHHGYKR,1
CNGKRVCVC,1
TIAPITGTIKRRVIMDIVLGFSLGGVMAS,0
FLGLLGGLL,1
PTSVKCPTCQKD,0
GLLDIVKKVVGAFGSL,1
MEVIKAIEFKYYSDVVELIYDFK,0
TMDQGLNPKQ,0
KKLFKKILKFL,1
DDPDKGGLKWKNDFFQEF,1
AKQHHGYKQKFH,1
ANESGNIGVFGDLFTAVGDLAQQA,0
GKPRPYTPRPTSHPRPIRV,1
GMWSKILGHLKR,1
FLSLIPKIAGGIAALAKHL,1
KWCFVCYRGICYRRCG,1
IDWLKLGKMVMDVL,1
ISQDLINRINELYKKQKESGLTDEEQQEQQ,0
AMRLTYNKPCLYGT,1
HYIDWVILLTFAAALIVCLTPKPEPCIITV,0
KLRRWVRWI,1
REKYILRCTECKNENYI,0
GLFDIVKKVVGAIGSL,1
IVYVLVGLSAFCIVL,0
VTVESTILQVKNRRHTAVIYVNESK,0
IRRIIRKIIHIIKK,1
FDVMGIIKKIAGA,1
AWRRKLKALAPAKKAKV,1
TTDIKQLELKISDLECQMAFQ,0
FITGLIGGLMKAL,1
MEKKSLAGLCFLFLVLFVAQEIVVTEA,1
CGIFSKEVLSKHVDVEY,0
GILDTLKQFAKGVGKDLVKGAAQGVL,1
FAEPLPSEEEGESYSKEPPEMEKRYGGFM,1
KRRWRIWLV,1
FFSLLPSLIGGLVSAIK,1
PIVTVKFLEGRSD,0
ELDRICGYGTARRKKCR,1
INIKDILAKLVKVLGHV,1
PKETWAFITWTIFAIYL,0
SSGQNSGGLMSSAGLVRYFDSED,0
GLLGLLGSVVSHVLPAITQHL,1
KYRLYSEGLSISNDLNSIIG,0
KWKSFIKKLTSAAKKVVTTAKPLISS,1
AFGMALKLLKKVL,1
LNIFSLMYICLNS,0
GIMDTVKNAAKNLAGQLLDKLKCSITAC,1
GNIYTRDIKRIGQQIYELYKDQI,0
TIFNTISSISNSTRTTSSSIATCNYNG,0
GLLSGILGAGKKIVCGLSGLC,1
KKRFDW,0
CICINCNHITKCNTYHLIESQHK,0
GLFDIVKKIAGHIAGSI,1
CKYRWR,1
KLNRLKEKNKAKNSKENN,1
AGEISDLSANSG,0
LINATKVLSSSGFTNIE,0
DAACAAKCLWR,1
GEDAVRLGELALKLERYRYNVALATTWA,0
INWLKLGKKMMSAL,1
GESKSPQESSSEGE,0
FFPIVGKLLSGLF,1
NRIIFCTFFKKKSEGQDFQSYPGK,0
DSHEERRQGRHGHHEYGRKFHEKH,1
CGETCFGGTCNTPGCICDPWPVCTRNGLPV,1
SEYFISRTSIWTVFMLPIMYGPI,0
KARFIWADNYFENTTSSSTPKVGYNVGAS,0
LRWVREITGWMVWI,0
SRKCAISGKGPMVG,0
VQRGSKVRILRPESYWFQ,0
FFGTKGIFSKVEPIFCKISHSC,1
DDALKHLLKHLLKHL,1
TVYAVTGGAEFLG,0
LIKVKTLTGKEIELDIEPNDRVER,0
SRKCEICGKGVVYGV,0
LTPDQILSAQKANLET,0
KFKWWRMLI,1
KKVVPKVKFK,1
ELDRIGYGTARCRKKCR,1
CGESCVWIPCISSAIGCSCKNKVCYRNGIP,1
CWTKSIPPKPCF,1
FLPGLECVSGKIVPTVFCAITRIC,1
ENNKTSYSWLGKFTTVKQECPTCGNESPEY,0
FLPVIAGIAANVLPKLFCKLTKRC,1
FLPAIAGILSQLF,1
DVIVVGAGIMGSSAAYQLAKRGQKTLL,1
AHHEEQHGGHHHHHHHTHHHHYHGGEHHHH,0
FLPLIGKCCCCCCILGTI,1
ALYLAIRRR,1
KRLFKKLLKFSLRKY,1
RRSIDYFTEPSCLSSGIVDIL,0
ESIRWL,0
RRSFYHYLMTLKGPAKDSE,0
CKYKAR,1
RKKWAW,1
GLQFPVGRVHRLLRK,1
LIPHDQLESDTLTRLIEDFVTR,0
ILIKKFIVAIEL,0
ISYKYGEKDKTLHVKI,0
NHKQVAERILNAVG,0
QHEKSLEFLQIAMKY,0
GILDTLKQFAKGVGKDLVKGAAQGVLSTVS,1
VCKCDCKNQNCSCNT,0
FKCRRWQWRMKKLG,1
VSVQLNDNESIDKMLKR,0
TVCEGTRFSVLSRISPAR,0
AGLQFPVGRVHRLLRK,1
RVFKVTACV,0
CGYKYGCMVKVDR,1
KVEELIERINYLYKKSKEEGLTEEEKIEQA,0
VCTQRVAGLGHMNLRILENN,0
KKLLKWLLKLL,1
SNPKRSPNHFAPNHIGT,0
HFLGTLVKLAKKIL,1
CFQWQRNMRKVR,1
GKWSKILGKLIR,1
SYVCLICGAEVDIDTE,0
TLTAEQSEELHKYVI,0
RQLKGKPKKETSKDKKERKQAMQEARQQI,0
GLVPCGETCFTGKCYTPGCSCSYPICKKN,1
AVVKVPLKKFKSIRETMKEKGLLEDF,1
FFPLVLGALGSILPKIF,1
GFLLKLKLGAKLFASAFVNSIK,1
SCCGGKCGCGAGCKCGSGCNGCGNYAD,0
NEAYHSIQTLLNK,0
GKFMSLLKHILK,1
PRPKPDDRSDNVEKLQDMVQNT,0
FLGALWKVAKSVF,1
GLLKKLLKIAAKVGKKLL,1
PIAQIHILEGRNDEQ,0
RSKHNELKS,0
ELILDCFVNWSFDKIMDYI,0
ALKAALLAILKIVRVIKK,1
ITSIVNLCQILLVQRVT,0
SETATAYKLFRCLQC,0
FAPLIGRVLSGIL,1
AVNIPFKVHLRCKAAFC,1
FRRPFKWFRRFFKFF,1
CRQSCSFGPFTFVCDGNTK,1
ILGPVLGLVGSALGGLI,1
CLMARPNYRCKIFKQC,1
FLPAIVGAAGQFLPKIFCAISKKC,1
GILDPIKAFAKAAG,1
GFLSILKKVLPKVMAHMK,1
DVPYDLNSYIRVLKLASTPSTDEFLQVS,0
KAPAEDLARYYSALRHYINLITRQRY,1
VCIHTENQNQGGF,0
FLPGLIAGIAKML,1
DIKEEAIETEGIVKESLPNT,0
TSRGHLRRAPCCYA,0
IIGAIAAALPHVINAIKNTF,1
GFLEKLKTGAKDFASAFVNSIK,1
QGRVKWFNAEKGFGFIE,0
IFTPFLPPADLSVFQNVKGLQNDPEE,0
FKCKKVVISLRRY,1
KRHHGYKRKFHEKHHSHR,1
QTSHQSN,0
IFFEV,0
ALLKTMLKKLGTMAL,1
WRIWRLFDP,0
TPPHSDRP,0
DSHAKRHHGYKIKFHENHHSHRGY,1
VHHQDSSDEPSESSHPCCDLCLCTK,0
SFNLRNAIMAN,0
SETKTFEDKLQQLEGIVSELE,0
SRNPIERCIRDSLDTYYRDLDGEN,0
SDKCGHCDCADKSQCVK,0
GLGSLLGKAFKFGLKTVGKMMAGAPREQ,1
DHSVLNVLVCPVCN,0
IYKVYYQENAN,0
KKLFKKGLKFL,1
PEAVYRCAKCGREVKLDLS,0
FALKALKKLKKALKKAL,1
CYCRIPACIAGERRYATCIYQGRLWAFCC,1
SEIASRVKAIIVDKLGVEESEVTTE,0
DRIIRGKRDHILHCPLAAYSSNPRKYPY,0
GIMDSIKGAAKEIAGHLLDNLKCKITGC,1
AAIYPFGIKIRCKAAFC,1
ALWKNMLKGIGK,1
SSPNTETLTQMIEEISQK,0
LIKVKTLTGKEIEIDIDPTDKIQR,0
NNNIIHYTLDTLGLRCPEPVMLVRKQ,0
GVVKVSLRKGESLRARL,1
IIEKLVNTALGLLSGL,1
WIYRSQKSKNPDN,0
NANKQRQYNQL,0
DREQRIKEIIADQLGVEVDKLTPD,0
PVKFSKVLI,0
FLPAIFRMAAKVVPTIICSITKKC,1
LQKHNKVKQTSVVRLMKY,0
ESVAYILI,0
IFSELTTAEIETKVK,0
ELRQQIPTGCIKQFG,0
RCMRGGWGRGWKR,0
NVQRAKEISESAEQANVSFQGMPVMIQHV,0
LHWLHHL,1
GLGSLLGSLFKFIPKLLPSIQQ,1
GEPVDPGHVVNEKDFEECEQFFSQ,0
FSEAIKKIIDFLGEGLFDIIKKIAESF,1
GLLKKIKKLL,1
DIVKSINTSVDAVL,0
AVLDILKDVGKGLLSHFMEKV,1
FLPVILPVIGKLLNGIL,1
SATTAAVPFWRA,0
TTVKFKYKGEEKE,0
CGESCVWIPCISAVGCSCKSKVCYKNGTLP,1
DIKTLREKSADEL,0
NIFVDQDNYKEVSLKLT,0
CSTNTFSLSDYWGNKGNWCTATHECMSWCK,1
SDPARKSFTE,0
SYFRRRLSPIKPGEPIDY,0
FFGSTIGALANFLPSLISKIRN,1
GILGKIWEGVKSLI,1
RYIIAFIWTFLLS,0
KKLLFKLKFK,1
DDDDDDD,1
FLPFVGKLLSGLL,1
ALPKKLKYLNLFNDGFNYMGVV,1
DIESEVPVVGKQM,0
MIYSTEVSNMAGV,0
PAIVGAFKINAIGTSGVVHI,0
FSYNDKIIKILEAEYLNAAH,0
SSIEKRVKEIVAEQLGVDEAQVTN,0
SDIQTLSFEEAMRELEATVGKLETG,0
EAITYT,0
GKWMSFLKHILK,1
FVGLAKVAAHVVPAIAEHF,1
GEKLKKIGKKIKNFFQKL,1
KRWWKWIRW,1
LNIFSLICICLNS,0
HATTVKNKITQRDNYKG,0
LICPNCKSKDIGKIG,0
ELVKCQPGICNCSCKPESLIPTTTSTST,0
FKLFKKILKVL,1
AKRHHGYHRKFH,1
KSKEKIGKEFKRIVQRIKDFLRNLVPR,1
GFKDWIKGAAKKLIKTVASNIANQ,1
FFPSIAGLAAKFLPKIFCSITKRC,1
WVVLSKEK,0
RFFLFPYERFQLHQPLFLFFSI,0
GFLGSLLKTGLKVGSNL,1
GAFGNLLKGVAKKAGLKILSIAQCKLSGTC,1
CFQWKRNMRKVR,1
RADIHPKYEKLVATCSCGNVI,0
VTITDCYHKANWIGHPV,0
SYNCCCGNFSSHSCEGY,0
QLFVRAQGLHTLEVTGQETVA,0
CGETCVGGTCNTPGCGCSWPVCTRNGLPV,1
FLSLIPHIATGIAALAKHL,1
TFKVYYQADKTK,0
GLKALKKVFKGIHKAIKLINNHVQ,1
DPIITAEITGNIATVGYGLAAIGP,0
FGIGMPEMLIILV,0
DCYCRIPACIAGEKKYGTCIYQGKLWAFCC,1
SRKCEICGKGPSFGN,0
IYKVFFQASTT,0
FDIMGLIKKVAGA,1
EVILEIPNVLH,0
LSKEKINRINELSAKAKNGQLTDE,0
GLLGPLLKIAAKVGKNLL,1
DSHAKRHHGTKRKFHEKHHSHRGT,1
VAFLELTSD,0
FLGLIFHGLVHAGKLIHGLIHRNRG,1
SKKKSFNREYITS,0
GFMSTASNVLTNVAGTVMDKLKCKFTGAC,1
GMWKKILGHLIR,1
GLLKWIKTLL,1
AKLKAYPLKAKLYP,1
FIGGLRRLFATVVGTVVCAINKLGGG,1
SSIDKRIKEIVAEQLGVDEAQVTN,0
AKRHHKYHRKFH,1
IGRLIILLARAW,0
AWCFRVCYRGACYRRCR,1
PKVESHHWRRRRILGNRLDGRGVVPPTTH,0
EMKRFLCA,0
DSTNY,0
IIGPVLGMVGSALGGLLKKI,1
GKILKYLLYLLRKYANLIIR,1
RTVEIFN,0
QLFVRAQKLHTLEVTGQETVA,0
GILDTLKQFAKGVGKDLVKGAAQGVLST,1
DAIWNLLRQAQEKFGKNKSPK,1
NPSEMQRKGPPQRWCLQVYPTA,0
TNKNDGKDMRKNAPKGDN,0
AMRLTGNKPCLYGT,1
SDGLKG,0
RMAEEYGKGVPMVLNPQMGAI,0
DAFTDFSILADGLASLG,0
AKEIFS,0
MNFFLRWCYAVAI,0
FIDELSPIFKQLVQHPASF,0
QSMICSSEHENLT,0
GLPVCGETCVGGTCNTPGCSCSWPVCTRN,1
IFARRLVLEVTYVSKRASVLNLKSE,0
HFLGTLVNLAKKIK,1
FLSAITSILGKFF,1
SGGGVFTDILAAAGRIFEVMVEGHWETVGM,0
SQHLVPEAKNGLSKFKNEVAAEMGVPFSD,0
ELVLGLKYIAVALLIGFGAIGTAV,0
ETLVYT,0
GFREVLKGAAKAFVKTVAGHIANI,1
DLIWKLLSKAQEKFGK,1
GFFDRIKALTKNVTLELLNTITCKLGVTGG,1
FLPIVGKLLSGLSGL,1
SQKMTGSVKWFN,0
GTLPVMVLF,0
DPIILAEINGNIATVGYGLAAIGP,0
TLVKNMSSILENENILHG,0
GLLKPLLKIAAKVGSNLL,1
RTHTGEKPFECQECHKRFTRD,0
FAKLLAKALKKLL,1
SDIASRVKAIIVDKLGVDENEVVTE,0
PRLPPALRLLQP,0
SGIQLDKETILKYSS,0
EKLKSIKITLVKS,0
ILGKLLSTAAGLLSKL,1
SYKNIYYSDKYTDEHFEYRHVMLPKE,0
GCRFTVKPYIKRIQLHYKGKMWCG,1
PDVKCVCCKEGNECACT,0
SFVPVNPKPFLQGLIGKPVLVRLKW,0
NFLAAAIAAGLA,0
VTKVKCPTCKTELEWG,0
ALWKEVLKNAGKAALNEINNLV,1
CVHGMTNTARTACIAP,1
KWCRCVCRRGICYCRCRG,1
GFMKYIGPLIPHAVKAIKKLI,1
NIRKNSKSVSKRFKVT,0
GLFDIVKKVVGTLAGL,1
SEPAPACVVMYESWRYTTAA,0
TTNRVDPLEQTSPN,0
NVGDRVRVKESVVVYHHPDH,0
LNIFNLICICFNS,0
GFFGKMKEYFKKFGASFKRRFANLKKR,1
WFEVLPGIAVMG,0
DTRFVQAHKEARWALGLTLLYLAVWLV,0
NGKVKWF,0
VVNAVVGADEASARLREYCSGLPD,0
CGESCVFIPCLTSAIDCSCKSKVCYRNGIP,1
KIAKVALKAL,1
FLPLIAGLIGKLF,1
AKEIFT,0
GLASTIGSLLGKFAKGGAQAFLQPK,1
LNIFSLICICINS,0
GLASTLGSFLGKFAKGGAQAFLQPK,1
VDYIQRPKSRFLRV,0
SNFRVESKIRLSDTDIAVLHQ,0
CAETCIYIPCFTEAVGCKCKDKVCYKN,1
ELESRMDDLEC,0
VAKQRIRM,0
CNGPFNIVCSCY,1
HIDCDKECNRRCSKA,0
PQLDTTTWF,0
APKAMHSAKKFGKAFVGEIMLQKKGI,1
MYVLQEINPGITS,0
FDLLGLVKSVVSAL,1
QQQQQQQQQQQQQQQQQQQQQQQQQQQ,0
ALLKLAPRLLAGIF,1
GRRRRSVQWCA,1
PNYKRQ,0
RRWWCR,1
FKRLKKLFSKIWNWK,1
GLLNVIKDTAQNLFAAALEKLKCKVTKCN,1
FLPFLAGLFGKIF,1
FLGAVLKVAGKLVPAAICKISKKC,1
RMFKITACV,0
LYPSIDLLMQKVDSKYK,0
ELDRICGYGTARCRKKR,1
FAKLYRGLTYVTNKILSTLLSHHSIHYCIN,0
VEKTNSSSSLGEVVDRI,0
GIVLKDLFSEKLRRYKIVIG,1
FEDLPNFGHIQVKVFNHGEHIHH,1
SLQERVTDLE,0
KVVFKVKFK,1
GKGRWLERIGKAGGIIIGGALDH,1
GLKDWWNKHKDKIIDVVKEMGKAGLQAA,1
VENPYEEVQVNVLSRIIANV,0
AWTKPI,0
NPTKRNSHAIVEFVDVLLRD,0
FFPLIAGLAARFLPKIFCSITKRC,1
CAWYNISCRLGNKGAYCTLTVECMPSCN,1
SSGCSCGSGCKCGDNCSCS,0
KRKKRFKWW,1
TAIIVYSCLTMCVIYFHLQLKTF,0
AILTTLANWARKF,1
KKKVVFKVKFK,1
LKWTDSR,0
SDGTAAMGKKGRKRVHIRCRRCGRHSFHR,0
PREHDKQSKFAPSHLGT,0
GRCRGFRRRC,1
KWKLFKKIEKVGQGIGAVLKVLTTGL,1
SEVLPYGDEKLSPYGDGGDVGQVFS,0
GLKDIFKAGLGSLVKGIAAHVAN,1
CGGYCGGWHRLRCTSYRCG,1
DLIWKLLSKAQEKFGKNK,1
FLQHIIGALSHFF,1
GKKLLKKLKKLLKKG,1
FLPILGKLLSGFL,1
EEAKQKVVDFLNSKSGSKSKFYFND,0
GIKDWIKGAAKTLIKTVASHIANQ,1
LNLKKILGKIGVMLSHLN,1
LYPSIDSLMD,0
GGHGGHGGHGGHGGHGGH,1
PQMAPIGWLSLFIIFSLTFILFS,0
ERARDRLHLRRTTEQHVP,0
ATAWNLGPHGLRPIRPIRIRPLCGKDKS,1
FRRFFKWFRRPFKFF,1
ARKKWFW,1
PGRKARKSAQPGPTRAPEELEVEC,0
PEDRKAAAKVEP,0
GLLASLGKVFGGYLAEKLKPK,1
FLSSAVRKDSNGVRHLPSVQ,0
LNTFSLIGICLNS,0
AVPDVAFNAYG,1
TVEKIEAQLTNLEMQLTFQED,0
CFQWRRNMRKVR,1
RSKHNEMKS,0
EPHPNEFVGLM,1
NFNLRQAIMA,0
SLEDDVKSIIVEQLGVDPSEVTENS,0
PYYRRRVSPIKPGDPIDY,0
LNPPLNQLTAKV,0
QFPVFFFRCFSYGISSMPLKNKVV,0
IEVLANDRLGKKIKVKCMPT,0
GFMKYIGPLIPHAVKAISKLI,1
PIVSKYSNER,0
FLPIVENCSLVCWENNQKC,1
SDPCNCIETGTCACSDSCPATG,0
EPFKLSLHL,1
PLIKVKSSAESLRN,0
NNQQKIKCPICG,0
GAPSITCVRRAF,1
RRERTIYTPEQLEAMEEVFGVNRYPDVSMR,0
GLGSVLGKALKIGANLL,1
SVEQRVKEIIADQLGVEMEKITPE,0
TNPIGINNLSQSSNIANAT,0
LIGQKVRIKYSKSKIAN,0
FGKLGMPELVL,0
CGETCLFIPCLTSVFGCSCKNRGCYKI,1
DLRGACAAAHAL,1
SEQNICNQKDKSTLPFC,0
YATTVKNKITQRDNYKE,0
NWKVLEHVPLLLYILAAKTLILCLTFAG,0
KWCFRVCYAGICYRRCR,1
CRRLCYKQRCVTYC,1
LVYKMLWNKTILGMKSINT,0
ENNRKIISKNNINVQVFL,0
IVDNLKNLILSKNSN,0
AKKVFKRLEKLFS,1
DDALHHLLHHLLHHL,1
GKWMSLLKHILK,1
SPINSHFTPYANYMPGYEDDVIMAAGT,0
TSVSTQLSLVLMSLLLVLPVVEAVEAGDA,0
GVLDILKGAGKDLLAHALSKISEKV,1
VLKMEIKWYVKRGFEDNL,0
GKPRPYSPRPTSHPRPIRV,1
VYARRRLSPIKPGEPIRY,0
GVVDILKGAAKDIAGHLASKVMN,1
ALYKTMLKKLGTMAL,1
FLPLLGNLLNGLL,1
DPCECAKTGTCNCGATCKCTNCQCTTCKKS,0
CFALKKAMKKVR,1
DLSKRSAENVAYMIEQLKQKL,0
RTHTLPCKCTICPKAF,0
INLKAIAPLAKKLL,1
ALYKKFKKKLLKSLKRL,1
FRRFFKWPRRPFKFF,1
FFGSVLKVAAKVLPAALCQIFKKC,1
LPNLRRIFASFRT,0
APFCLGYLSPKLKDMEPKPRG,1
SRICQITGKGPMVGNN,0
GEVKDASGELEPPPGPFI,0
GRCRDDFRC,1
LFFPWWVYLCIV,0
FLPIIAKVLSGLL,1
IINQLPETYNIFAPI,0
GLFVGVLAKVAAHVVPAIAEHF,1
PVAEEHFLVPAHEARGTQGEDQRP,0
LHTIVNCPTCAKQV,0
DDILVTSDLTSRYKISR,0
GAKLAKKQVRALGKFFSF,1
KLVKRFKKFFRKLKKS,1
GFRDVLKGAAKEFVKTVAGHIAN,1
FTSKKSMLLFFFLGTISLSLCQ,1
ILFQSNTTTSYAYTNIQPKYAMQL,0
FIPLVSGLFSRLL,1
FLFSLIPSAISGLINAFK,1
FPVTWPTKWLKG,1
CSGIIKQTCTCYRK,1
SDHVYKIVELTG,0
FRRFFKWFRRFFKFF,1
EVVLDSDGEMLRNGGKYYLSPASPIGGGA,1
GVWSTVLGGLKKFAKGGLEAIVNPK,1
DSTNVRSGMKSRKKKPKTTVIDDD,0
ESILNNSVITFVAYVGIISIYLFV,0
FASGIAGMAGKLF,1
CAESCVWIPCTVTALLGCSCSNNVCYNGIP,1
ALLHHGYKRKFH,1
ADSGEGDFLAEGGGVR,1
AMRLTYNKPCLGGT,1
AKAWGIGGHVIGQIVGVRIRGLCGNV,1
FLPGLIKAAVGIGSTIFCKISRKC,1
AFKMALKLLKKVL,1
KNWKKILGKIIKVVK,1
FPVKLKFPKVKL,1
GETCAGGTCNTPGCSCSWPICTRNGLPVC,1
SDVNAHLLAQRIDTVLDILVAGDYHSAIH,0
KANIHPEYHKIKVVMTDGTE,0
AIGVNQLLIILV,0
VRVQRRVLKNFMRVV,0
GIGSALAKAAKLVAGIV,1
CGNFLKRTCICVKK,1
DSQRTVELTNPRGRSKE,0
FYSAPTRDNVFEL,0
DDPDKGMLKWKNDFFQEF,1
VHEYDNTLKVCLVRS,0
CLCDCQNQKTEWPELVEKS,0
AKKVFKRLGIGAVLKVLTWG,1
FDVMGIIKKIASAL,1
GLLGAMFKVASKVLPHVVPAITEHF,1
LCDNFPGAVFPGCYW,0
SCCGGSCGCGSACKCGNGCGGCKR,0
FLPIIASLLGKLL,1
GLKAKHKENLCSDSQ,0
EATKCFQWKRNMRKVRGPPVSCIKR,1
GILSNVLGMGKKIVCGLSGLC,1
LRVRKRDGRLEEFSRAK,0
SFFGLKRYSTPILKPMLPFFLGGAIVFYGT,0
HAAANCALARVATALTRRVP,0
GILDTVKGVAKDVAAHLLNMVKCKITGC,1
GRLRTAYTNTQLLELEKEFHFNKYLCRPRR,0
FLPFVGNLLKGLL,1
GLWSTIKNVGKEAAIAAGKAVLGSL,1
GILDTLKQFAKGVGKDLVKGAAQGVLS,1
DICSLPPEVGPCRAGFLKFAYYS,0
HKKHKK,1
RRGGEPQCDGREF,0
GPKTLVPSL,0
IYKVFYQETKERSPRRETTRTLYL,0
VYRRRRRSSTGATYGLT,0
EHWGQPIPGAGQPWRQPLPT,0
TIEELKSAISFGNSDLNIFTISE,0
NGKVKWFNNEKGFGFIE,0
SEIPTVVTPTKDYKRLQAKLD,0
DTKQAVLDILNELTGEDLSDQMDENI,0
AKRHHGYKRKFHAKRHHGYKRKFH,1
GVVKVSRLKGESLRARL,1
FPLTWPTKWWKG,1
GLNALKKVSQGIHESIKLINNHVQ,1
RAENGPTCIVMRPSADDPNK,0
FLSLLPSLVSGAVSLVKIL,1
FLSLIPTAINAVSALAKHF,1
GVFGLLAKAALKGASKLIPHLLPSRQQ,1
FLSMIPHIAGGIASLVKNL,1
FLPAIVGAAGKFLPKIFCAISKKC,1
ICHHCI,1
CKYLLRWR,1
FLGALWEVAKSVF,1
KRWWRKWWR,1
APPPGLSAGV,1
AKRHHGYKRKF,1
IKQVKKLFKK,1
GFLGPLLKLGLKGVAKVLPHLIPSRQQ,1
AGFAAQAAASLAPVAIQQ,1
TNVGDQGVDAVFGVIYPPQVALVSFGK,0
GIIDTFVITAVTVIIFCL,0
EGSKRRHDSRRLQQEQE,0
DCYCRIPACIAGEAAYGTCIYQGALWAFCC,1
FLPILGKLLSGI,1
EATKCFQWQRNMRKVRGPPVSCIKR,1
GSFSMWHWLIVLVIV,0
SEDETRLVKNLFSGYNKVVRPVNH,0
GLLSGILGAGKKIV,1
GFGSFLGKALKAALKIGADVLGGAPQQ,1
GSFSIWHWLIVLVIVVLVFGTK,0
GFGSLLGKALKIGTNL,1
DIRTGLTDEECQEIHEM,0
LTHVKFKRL,0
IFEKVRDIIAEQLGIDPEEITM,0
YDDLIEQCHLSMERKSKL,0
ALWKTMLKKLGTMAL,1
ILGPVLGLVSNTLDDVLGIL,1
PNRKIEIVTTNCRRCGKS,0
FLSLIPHIVSGVASLAIHF,1
AAKIILNPKFRCFAAFC,1
EVTPLETGRARSHQKA,0
TLKVPCPQCQKTVVWQASSEFRPFC,0
SLFCLPLEMRNHWHFFSL,0
HTASDAAAAAALTAANAAAAAAASMA,1
CGESCVFIPCISSVIGCSCSSKVCYRNGIP,1
SDIEQRVKNVVVEQLGVDEAEVTN,0
FIPGLRRLFATVVPTVVGAINKLPPG,1
RRAERESQMRADE,0
FLPVLAGVLSRA,1
LCVVTSDNS,0
IMSLGPYASFIVT,0
HMNKRTNRQDWHRADIVAEL,0
SNIEERVRNIIVEQLGVQLEEVKN,0
CGETCVGGTCNTPGCTCSWPVCTRNGLPV,1
DDDDDD,1
WSGLFP,0
VDFYFIEEKVAYRAAFTTTG,0
HRRARRMPMRPRR,0
FLPVLGKVIKLVGGLL,1
EIQVVDNNVEKAIRVL,0
FLSMIPKIAGGIASLVKNL,1
FIGKLISAASGLLSH,1
TEKDSFKKRILFF,0
GLLTNVLGFLKKAGKGVLSGLLPL,1
GIMDSVKNAAKNLAGQLLDTIKCKITAC,1
PRAIKGVLIECDPSVKAII,0
SDYLKVLQAIK,0
ALWKTLLKKVLKAAAK,1
LNTGSPITVPVGRV,0
AKKVFKRLGIGAVLWVLTWG,1
LDPSIDSLM,0
CGGYSGGWHRLRSTSYRCG,1
NEYREYDEGLKRLSEIVEKLEDREL,0
QVVNSLRSAKQRHPDC,0
DTTFVITPMGMLTITDTLYDDLDISIMDFI,0
KPAEDLARYYSALRHYINLITRQRY,1
CFQWQRAMRKVR,1
GWLDVAKKIGKAAFNVAKNFI,1
DLSKRSAENVEYMIEQLKQKL,0
VVSQVILKADDELR,0
GVLDILTGAGKDLLAHALSKLSEKV,1
PYVTVKMLEGRTDE,0
HFLGGTLVNLAKKIL,1
EFECDGKLQWPELIGVPT,0
LDFLPVDSPSNVNR,0
TRLLMLLVRFYQ,0
SGGLKEQITGKVEKTKG,0
SKSLVPEAKNGLSKFKNEVARELGVPFSDY,0
PFAQIYMIEGRTEAQ,0
NIQRAKEIVESPDMKKVTYNGVPIYIQHV,0
GLNALKKVFQKIHEAIKLINNHVQ,1
RTHTLPCKCPICGKAF,0
KLGVPLARK,1
FLSLIPHAIKAVGVHAKHF,1
AYVALD,0
MQFILGFTLGNVVGMY,0
SRKCEICGKGPSTGNN,0
SNKMTGLVKWFD,0
VNVLKGVLIECDPAMKQF,0
GVPKRRTSKARKNKRRSIWGQMAAPTLVEC,0
NLIAAAIAIGLG,0
GLLGKILGVEKKVLCGLSGMC,1
KWCFCVCYRGICYCRCRG,1
IVPVRCFTCGKVIGNKWD,0
AELRCMCIKTTSGIH,1
INPKSVQSLL,1
AKKVFKRLGIGAVLWVLTTG,1
ILKKLLSTAAGLLSNL,1
GKWKKILGKLIR,1
SLVKVRIGDSIDKALRALKKRLDKEGVMK,0
DLIWKLLSKAQGKFGKNKSR,1
IDWKKVDWKKVSKKTCKVMLKACKFLG,1
IHKNWLEKE,0
DSEVQRDGRILDLIDDAWRED,0
DLIWGLLSKAQEKFGKNKSR,1
PYVTVKMLEGRTE,0
FKRLEKLFKKIWNWK,1
TGVRVKDGESFENAMK,0
HKLGTLVNLAKKIL,1
DIVKFESES,0
FKRLEKLF,1
FLQYYLNEQGDRVYTL,0
LQVVQEGNPAPFII,0
NFEVLFQL,0
CGETCFTGTCYTNGCTCDPWPVCTRNGLPV,1
GIGKFLHSAGKFGKAFIGEIMKS,1
INWLKLGKKILGAL,1
SKDDLIQFTGTVIELAPNAT,0
ELGTDPNAKTPSSSSS,0
AKAKAYPAKAKAYP,1
ELHCPQCQHVLDQDNGHA,0
FKCWRWQWRWKKLGAKVFKRLEKLFSKI,1
GNIRQTHIKNIAFRLV,0
CAQWQRNMRKVR,1
LYITEECTYCGACEPECPVTAISAGDDIYV,0
KAILQV,0
ASLKFPLEILAVFVI,0
EVNKESLVA,0
EEITFEKAMERLEEIVDLMNQP,0
KVTVDQDLCIACGTC,0
GKKLLKKWKKLWKKW,1
SRRDDLTGKGPMFGN,0
SEIAQKVKSIIVEKLGVEESEVTTE,0
EVFEEVRDVVVEQLSVAPDAVKIDSK,0
GLPRKILCAIAKKKGKAKGPLKLVCKA,1
STVVVDAVEHVVRGIVDNPDDVRVDLV,0
ILGAIIPLVSGLLSH,1
GIFSKLAGKKIKNLLISGLKG,1
REGIHPEYNHDVVVKCACG,0
GIEQLSCPACGATFEMGLPRDVTVQSVTTE,0
LEGKVKWFN,0
SRRCAITGKGPMVGN,0
SLKEKILDKVEDFLKTII,0
ACPIFTKIQGTYRGKAKRIGRRIC,1
HFLGTLVNKAKKIL,1
TSETEKRIIALE,0
FCPRRYKQIGTGLPGTKCK,1
EDNKPVPPQTKPLDQDEILKTVMK,0
KIQVKVKPNAKHQKIEEAED,0
AMRLTYNKGCLYGT,1
AFTHCRRSYSTEYSYGTCTV,1
FKARRWQWRM,1
GLLGKLLKIAAKVGSNLL,1
PLPKISEARELSDERLVEEIT,0
GVCRCLCRRGVCRCLCRR,1
GSNTGFNFKTLDKE,1
HFLGTLVNLKKKIL,1
IFGAIWPLALGALKNLIK,1
KWCRCVCRRGICRCRCRG,1
FWGALAKGALKLIPSLFSSFSKKD,1
HNIIQRPMAINGQVVIRPMMYLALSYDH,0
KFTVYVKPNSKKVFFRKEED,0
FLFSLIPKAIGGLISAFK,1
LAAAKYIGSGVAALGLIGAG,0
SRLAPPLRLLQA,0
SIINTISKLSLSNS,0
GQEPKGIESRKIQDGHV,0
FDLLGLVKKVASAL,1
FLKGIVGKLGKLF,1
NEFEKWIEGR,0
LFETLKSLSQQNGGQFSD,0
GRIRQTFIKRAGEDL,0
LSIFAQTTQTSASE,0
FLPLVLGALSGILPKI,1
EGSKRKHDSRRPQQEQE,0
PQNSKYSDTQFENVMHDII,0
GFIFHIIKGLFHAGKMIHGLV,1
ILYPSVDDLLEQVDSRY,0
TNEEKLIAEI,0
GSFSIWHWMIVLVIVLLVFG,0
NSDSKITPLRPKRPCPE,0
IDWKKLLDAAKQIL,1
PFVNQEIVLQIEFEK,0
GLWQFIKDKLKDAATGLVTGIQS,1
RGARRR,1
HFLKTLVNLAKKIL,1
EKNREIISKNNINVQVFLVR,0
PNPKRRHSKARTGN,0
DFEEMMKELEEIVNRLESEDL,0
NAQELRDKTP,0
ILGKLLKTAAKLLSNL,1
GLPVCGETCVTGSCYTPGCTCSWPVCTRN,1
PLTVKCPICKA,0
GIPCGESCVWIPCISSAIGCSCKSKVCYRN,1
GMASKAGSVLGKITKIALGAL,1
IFPLFGANVLMVVVKSVKNENKEPFFRR,0
SLIAAAIAIGLG,0
ALNALKKVSQGIHEAIKLIANHVQ,1
LPPLPDFSLSVEQQFDLQKYRQQVRDISR,0
GKLNLFLSRLEILKLFVGA,1
FLPLLAGLAANFFPKIFCKITRKC,1
GGAGHVPEYFVGIGTPISFYG,1
DPEACPCPTGGSCTCSD,0
ARVTVEDCLDKV,0
DPETCPCPSG,0
FSYNDKVIKILEAEYLNTIH,0
ILPIFVVCFILFLCLCIFLRPLV,0
SSSTEPSTATKV,0
ENISSEGRDPSAFLSEIIGAPVTVK,0
ATPATPTVAQFVIQGSTICLVC,1
LIKVKTLTGKEIELDIDPNDKVSRI,0
KIAKVALKALKIAKGALKAL,1
RGMLAYVEKIQREERKHGVDTLAHQKWS,0
HSSGYTRPLRKPSRPIFIRPI,1
LSIKVDERKPFDISLRN,0
GLADFLNKAVGKVVDFVKS,1
GPCCNDKCVCKEGGCKEGCQCTSCRCSP,0
ESINFEETLKKLEDVVHKLEVEEL,0
GRCRDDFRCWCTKRC,1
GCWSTVLGGLKKFAKGGLEAIVNPK,1
TEKPNHEELGSKSIFYDPE,0
DDPDKGMLKGKNDFFQEF,1
GWGSIFKHGRHAAKHIGHAAVNHY,1
PVQRKRRIKLCPLCADGVREV,0
ILGPVLGLVSNALGGLL,1
HLCQNGHYYK,0
NLAVIGAGIAVLTGLGAG,0
KKKSFIKLLTSAKVSVLTTAKPLISS,1
FVVKKKKKVF,1
LHSDQGVQYKS,0
GLARGLREASKALDR,1
FSQVLRS,0
APKAMRLLRRLLRRLLR,1
QQYCELVR,0
PGPDVKCFCC,0
FLLFPLMCKIQGKC,1
AKAGGIGGHVIGQIVGVRIRGLGGNV,1
GLFDIAKKVIGVIGSL,1
LDKVKEIIVEQLGVDADQIKPE,0
TDDKAGPSGLSLKEAEEIH,0
DGIWKLLSKAQEKFGKNKSR,1
FLTTANLAKAKSKTILV,0
CANSCSYGPLTWSCDGNTK,1
CVWIPCISGIAGCSCKNKVCYLN,1
FIGALLRPALKLLAGK,1
FRRWVIYIIRLYQRWISP,0
TLIFWTKNGQEMEFDLVENVE,0
FFGWLIKGAIHAGKAIHPLIHRRRH,1
GFGSLLGKALRLGANVL,1
CAETCVVLPCFIVPGCSCKSSVCYFN,1
ECRRLCYKQRCVTYCRGR,1
ESIFLHANITIIPHSVLYVSLSYYIINP,0
TLIFQLTLFAFVGL,0
FFGWLIKGAIHAPKAIHPLIHRRRH,1
EALVYV,0
DDKCQGRPMYGCREDDDSVFGWTYDSNHGQ,0
ESRGAADSQDPSAFLSGITGASVTVKL,0
GLFDIIKKVASVIGGL,1
FLKGIVGMLGKLW,1
STIQRICLVLTIIGAINWGLIGFFQ,0
SLHLTLVLSGKNLKIVVESINVVTAR,0
VTKVKCPTCQTELEWG,0
GNPLKLFLPSTWVHFFKFLR,1
GILDTLKQFAKGVGKDLVKGAAQGVLSTV,1
NYIHQLV,0
GLPVCGETCFGGTCNTPGCSCTDPICTRD,1
VNQSLL,0
KHRLYSEGLSISNDLNSIIG,0
DAACAAHCLFR,1
GIMDTVKNAAKNLAGQLLDKLKCKITAC,1
SSNKIINWFRRLRE,0
GMWKKILGKLIR,1
ADQNDVDYEHLE,0
PFQFGTQPRRFPVEGGDSSIELEPGLS,0
ERQNLIEMEGVITESLPNAMF,0
RQEKPKRHGREDDE,0
HKKHKKHKK,1
PIAQLYIIEGRTDEQ,0
WRWSNIYRIGTLSRYYRYAEHSKDTTMSIF,0
NLEERVMELE,0
IIPIRCFSCGKVIGDKWD,0
LDRNSKSVLV,0
GEIPCGESCVYLPCFLPNCYCRNHVCYLN,1
QCQGKRSWPQ,0
PTPATLNGLTIFAPNDE,0
IEKGQEPKSRYMPI,0
QNKETLEQRIAELEMKTTFQ,0
PPTRKISIRLTEKYYTKLELLVESGEFTSV,0
GMWSKILGHLIR,1
FLPGLECVSGLKIVPTVFCAITRIC,1
CFAWQRNMRKVR,1
DIKAEVIEIIEELFMEDVSDMMDEDL,0
TTKITGLVKWFN,0
LLGMIPVAIKAISALSKL,1
KVFSIMKISDIIKRLRE,0
MSSIAAPKLKEKVEKFLSGK,0
FLQFYLNENGERVYTL,0
ALSILRGLEKLAKMGIALTNCKATKKC,1
DLIGKLLSKAQEKFGKNKSR,1
RIEAEGQA,0
LGDISKPHHT,0
GRCYISQKSTLFGN,0
SLEQRVTELE,0
RHQYYQPQ,0
AWCFRVCYRGICYRRCR,1
TTTAAPRRPFFRRRKTCPFSGPNAPKI,0
PTIVNCPTCKSKVEWSEQSPHRP,0
TNMTNQISNNTGSVQSQVRF,0
KIAHGVKKYGPTVLRIIRIAG,1
SIHISSKFEEAMKELENIVAEL,0
FFSMIPHIATGIASLVKNL,1
YHSYSHDLTNYLYNYFSS,0
GFCWYVCVYRNGVRVCYRRCN,1
NQGKVWRVVKPTVGVPVY,0
FLPMLAGLAASMVPKLVCLITKKC,1
LSTRKQNWGEDR,0
AVIPPLRCKAAFC,1
STHSNHPFHLVDYSPWPLTGA,0
SAHCQVTGRKPGFGKSVSHSHVRTN,0
DDVKSACCDTCLCTKSNPPICRC,0
RSQINISNLTINGMTQNANTDIGQN,0
LHLLHHL,1
LNIFSLISICLNS,0
PDTFDSRKQWPNCPTISE,0
FLPIIGKLLSGL,1
RERFQYNKAIVMFYLNEV,0
GAIAAGIAAGLA,0
FLPFLATLLSKVL,1
NPCNPAQLTPCA,0
RGFARR,1
GLAKGIKEAAKALDKAL,1
ILGPVISTIGNVLGGLLKNL,1
LYPSIDELTE,0
KLIPILSKTIPAIKNLFYKI,1
RKIRGHSVTQGDKEVQGVVSFCVCAGGRV,0
CGESCVYIPCLTSAVGCSCKSKVCYRNGIP,1
IWKRWWWKR,1
DNVYSRPPQRFGQNVIS,1
GMWSKILGKLIR,1
DHRCGREATPPGKLCNDGR,0
FLGPIIKMATGILPTAICKGLKKC,1
CRFCCRCCPRMRGCGLCCRF,1
VLHRPGYYYPGY,0
GPCASDHNC,1
KKLIKKILKIL,1
VHEYDKTLKVCLVRS,0
FLPLAMALGKLL,1
PLIDYFYVLQFENKEYFK,0
GIPCGESCVFIPCITGAIGCSCKSKVCYRN,1
CGETCVVDTRCYTKKCSCAWPVCMRN,1
IYKVLYQKDKIVNPRRETTQ,0
SEKFNFNQGLIDLEKIVKAME,0
KLLGPLLKIAAKVGSNLL,1
FFPIVGKLLFGLSGL,1
YLTLQEWNARQRRPRSLET,0
MIYGLIACLIFVTSSIA,0
GMASLLAKVLPKVVKLIK,1
GSFSIWHWLIVLVIVMLVFG,0
AKRHHKYKRKFH,1
NIQITFTDSVRQGTSAKGNPYTFQE,0
FRLKFH,1
GLRSKIWLWVLLMIWQESNKFKKM,1
GPCFSGC,1
DEKRFLKRFTESDLVPQPRS,0
AIQRCC,1
GMASKLAKVLPHVVKLIK,1
FLSMIPHIVSGVAALAKHL,1
GRKKRRQRRRGALWKSLLKNVGKA,1
GFGSFLGKALKAALKIGANVLGGAPEQ,1
FMTSSCKPGNKVSMIWNSLTGKE,0
NEELTFEEEMMRLEEIVNTLEK,0
KVISMI,1
SYLVTIFSINAIGVVRRYDTTARSRTDAA,0
IIPWQQIAPETLDSLIEAFVL,0
REGIHPEYNHDVLVKCACG,0
DPNCSCTTGGSCA,0
GLFDIVKKIAGHIASSI,1
FRKKWFW,1
TLFCRTANSTAGYVDMNVCIGMIGV,0
SLPILDQLEEKIKQAVETI,0
STKTNIQKDW,0
FLSLIPHAINAVGVHAKHF,1
CNGKRVCVCR,1
FVGAIAAALPHVISAIKNAL,1
KKRWWWWWR,1
ILGPVLGLVSDTLDDVLGIL,1
PREIREIKDFLVTVRNKDAKEI,0
KKLKKFKKLQ,1
GIPCAESCVYIPCTITALLGCKCKDQVCYN,1
ASEELLLRFQATSSGPILREEFE,1
GRADTPRHPPPPA,0
HSLPVMVLF,0
GVLSVIKNALPGIMRFIA,1
LYSVFTRIYKIRKNNKTEM,0
EVNTYLNAIILV,0
LILTRRVGETLIIGDNISITVLGVKGNQVR,0
IRIRIRIR,1
GLLGPLLKIAAKVGSNL,1
TDDNIRQIAFYGKGGIGKSTT,0
TLTGKVKWF,0
FLPGLIKAAVGIGSTIFCKISKKC,1
FLPLLAGVVANFLPQIICKIARKC,1
FKKALHLFKPIKKFLKWK,1
GCGNSTAGGAGGRG,0
FFPLALLCKVFKKC,1
TQSKSNPNEQNVEL,0
GLLKFIKWLL,1
GAKERAHQ,1
FLGLLPSIVSGAVSLVKKL,1
GVKLEIFRMIIYLTFPVAMF,0
GLPVCGESCFGGSCYTPGCSCTWPICTRD,1
DDFLCAGGC,1
LGSKGLSPTDLRGMTDDHLRVELKNA,0
GAPKGCWTKSYPPQPCS,1
FLPIVAKLLSGLL,1
IIPVRCFTCGKVIGNKWD,0
GVPRRAKLYEVKDGKVERKNPFCPRCGPGV,0
GLIASAIAIGLA,0
KMKRCRSCGEYTLKEVCPHCGGRTGVIYP,0
GIWDTIKSMGKVFAGKIKQNL,1
MAKEQQVQANDLQEKLIAVNRVAK,0
FLPAIGRVLSGIL,1
KVFKRLEKLFSKIQNDK,1
GLKDWWNKHKDKIVEVVKEMGKAGLNAA,1
NKGELV,0
EWIKCSERM,0
GLKEIFKAGLGSLVKGIAAHVAN,1
RKKAFW,1
KACFRVCYRGICYRRCR,1
PIAQLYILDGRSNEQ,0
EGGGPQWAVGHFM,1
SYTLKNTTP,0
SSPHQDSLLPRF,0
AKAGGIPPHVIPQIVPVRIRPLCGNV,1
LFKSIISLSNSSKSLNNKINNDN,0
INNSSKVRENGESYDV,0
ILPLLLGKVVCAITKKC,1
SDKNIRITQVRSII,0
VVAHMGIVLSGLMTLTMWGISGSYTL,0
QYQFVGAKLFRWWCWRRRGWRRR,0
FFPIVGKRLYGL,1
CFQWQRRMRKVR,1
LIPFPFP,1
FFTAILKSFKQAFIFKYK,0
FLPLLASLFSRLF,1
GIPCAESCVYIPCTITALLGCKCQDKVCYD,1
TYKVRL,0
FFHLHFHY,1
GVVDILKGAAKDIAGHLASKVMNK,1
FFFLRRIF,1
TQKTPGEIRAEAEAALKPLGQQRINVL,0
GFGSFLGKALKAALKIGANVLGGAPQQ,1
DLIWKLLSKAQEKFGKNKSG,1
GKLFKKILKIL,1
IKITTMLAKLGKVLAHV,1
LIKPAKRSEKIYTIIAIKDS,0
SCPGKSSWPH,0
TLFSSITSISKTNTSSKSSLNSFSG,0
FLSAITSLLGKLL,1
FLKGIKGMLGKLL,1
DPNCSCATGGSCS,0
CGETCKVTKRCSGQGCSCLKGRSCYD,1
KPINIQDQFLNQIRKDNTFV,0
TISGSFSSFGTTNSLNVKNNQ,0
ENIKMEMIYFAAAIMLGMAAVGAAIGI,0
GKLQAFLAKMKEIAAQT,1
PYQINIANIKINGVTQNGNIDVGPTVH,0
TSEFFAKILIILIRLYQILIS,0
SNKMTGLVKWFN,0
SDVLERVRKIVIEHLDADPEKVTEKA,0
PQMAPINWLILFFIFSITLVIFN,0
GIKEFAHSLGKFGKAFVGGILNQ,1
SDNDKTVTITQVRSV,0
CGESCVYIPCISGVIGCSCTDKVCYLNTP,1
LLRRLLRR,1
KKLFKKIKKFL,1
SQQKQQSWKPPNVPKCSPPQRSNPCLA,0
GRGKQGGKVRAKAKTRSS,1
FLSLIPKIAGGIASLVKDL,1
SRICAICGKGPSFGN,0
GLPICGETCVGGTCNTPGCTCSWPVCTRN,1
RLKHNGRKS,0
SLSSWKNLMNPVSESPICMIDL,0
GKKLLKKLKKLLKKW,1
SDVDDTIV,0
SDKCGNCDCADKSQCVK,0
LEYLDKDRVRVQLPGLS,0
SGGSSRRYPPELRERAVRMVA,0
IFPFNVPEGKNDPAFLQNLQQEALNYINQ,0
NEITPLFDEEVIKVLVQ,0
AMVSS,1
EQVQQAIDQHLVELEQLFKMLM,0
NVKELRNQDVSTLN,0
NVKTVKCPS,0
KRRHWFPLSFQEFLEQLRRFRDQLPFP,1
CGSYYGNYYGTPGYGFCG,0
IWSFLIKAATKLLGVGSLFGGGKKDS,1
VLRQLSRQAS,0
ACPIFTKIQGTYRGRAKCR,1
KTNREQEIYVERSFKPNNSTIQNLMDIER,0
GVPKKRTSSMRRDRRRAANFKLKPVNVVK,0
ASITHVKNRGKYIYMHLKFRKTNVLI,1
GLPVCGETCFGGTCNTPGCSCTWPICTRD,1
VDAPGVD,0
GLLGSIGKVLGGYLAEKLKPK,1
GCKFTVKPYLKRFQVYYKGRMWCG,1
FILPLIASFLSKFL,1
GIKPSYIKNLGEEL,0
GIMDTVKNVAKNLAGQLLDKLKCKITAC,1
AVNIPFKVHLRCFAAFC,1
CVDIGFSPTGKRPPFCPYPG,1
GLFDVIKKVASVIGGL,1
FSWGLTFLTIDNSLTNWLMIVLLFCSTG,0
GLLDTLKGAAKNVVGSLASKVMEKL,1
FFPLVLGALGSILPKVFGK,1
SALSYF,0
GIMNTVKDVATGVATHLLNMVKCKITGC,1
ETQKLISMVKEALEKYQYPL,0
GLWQFIKDKFKDAATGLVTGIQS,1
GILSGILGAGKSLVCGLSGLC,1
DPNCSCASDGSCS,0
YMYVNPNYVLVGGPC,0
FWGFLGKLAMKAVPSLIGGNKSSSK,1
SDIDRNQFLIDHEPYYRPVSN,0
GTGLPMSERRKIMLMMR,1
GLLKKIKWLL,1
KWKSFIKKLTTAVKKVLTTGLPALIS,1
INLKALAALAKKIL,1
SEVVIKEQLEQYISKIERLEQEKAD,0
ADMDFTGIAESIIKKIKETNAKPPA,1
PRQISDIKQFLEIARRKDATS,0
AKRHHGLNCAKGVLA,1
AVPKRKTTPSRR,0
KFLHLAKKFPKWKLFKKI,1
GCTYNVKPDIQGFELYFIGSVTCG,1
SNQNIPQLSEYQTSVSQ,0
GILDSFKDVAKGVATHLLNMAKCKMTGC,1
FGTGVKRKAQCDLKSK,1
SCCGGSCGCGSGCKCGSGCG,0
QIDCDKECNRRCSKA,0
STEKRIEATAKNIEGKLQEVIGEVTGNPSD,0
FIGMIPGLIGGLISAIK,1
ARGLTYNKPCLYGT,1
DASRASQLINSRET,0
FLPIVGRLISGLL,1
IIPWQQLDPETLDNIIESFVLREGT,0
ELYENKPRRPYIL,1
SSIEERVNKIIVEQLGVKPEDVKS,0
GFMKYIKPLIPHAVKAIKKLI,1
SLQNYHGMMNLKIVHIKD,0
INWKKIFEKVKNLV,1
KAKAKAVSRSARAGLQFPVGRIHRHLK,1
KWKLWKKIEKWGQGIGAVLKWLTTWL,1
VDCQKEACNLQS,0
IERKYDVDGKEVIVKIEIL,0
AKVTMTCSAS,1
GFKKLLKGAAKALVKTVLF,1
GAPKGCWTKSYPPQPCFGKK,1
TLTVKCPQCQKPVTWDAS,0
CFQWQANMRKVR,1
TLPGGVILVFILVG,0
LQSMVQTGPEFLHQ,0
FFSMIPKIATGIASLVKDL,1
LCVSGFTSNLY,0
IRIKIR,1
VCFLIYITLLFI,0
FAKKLAKLAKKLAKLAL,1
RLFKITACV,0
GILMDTFKGAAKNVAGFLLDKLKCKISGGC,1
TTPAAPRRPFFRRRKTCPFSGPNAPKI,0
GFFNNNPVIEFFHRITRKPSTIAMWVFAG,0
GILSGILGMGKKLVCGLSGLC,1
FPLTCPTKWWKG,1
HNILDPTFNGMPG,0
KEGIHPKYNEITVKCLCGNS,0
GVVTDLLNTAGGLLGNLVGSLSG,1
FLPAVLRVAAKVGPAVFCAITQKC,1
RFRRLTPGYFRVLQM,0
TAPKCVTTTTYLVK,0
IFGAIWNGIKS,1
GIPCGESCVWIPCLTSAIGCSCKSKVCYRN,1
IFNSLINIINKSSPSSLNNNNNI,0
ALWKTLLKKVLKAAAKAALKAVLVGANA,1
IDYVGLF,0
LCIWIKNNF,0
CLLKKLLKKC,1
KWCFRVCARGICYRRCR,1
AGFAAQAAASLAPVAAQQ,1
ALFKTMLKKLGTMAL,1
FFSMIPKIATGIASLVKNL,1
KWWRWRRWW,1
VIATDDLEVACPKCERAGEIEGT,0
NTQRAQEIVESPDMVDVTYNGRPIYIQRV,0
IIGPVLGLVGSALGGLLKKIG,1
GFVALLKKLPLILKHLH,1
ILGLVISTIGNVLGGLLKNL,1
VSDVPNNDDRFTY,0
GLVTSLIKGAGKLLGGLFGSVTG,1
HFLGTLKNLAKKIL,1
CTFTLPGGGGVCTLTSECIC,1
ARPEISEVTKLT,0
ELLRAKRMAEAGEIVPVMYKGKQVVIQHV,0
DPAEDLARYYSALRHYINLITRQRY,1
DLIWKLLSKAQEKFGGNKSR,1
IIAFKIVFVNIFS,0
FLSFPTTKTYFPHFDLSHGSAQVKGHGAK,1
RNKAHGFPHRISFDGEP,0
AMVGT,1
SYFRRRLSPIKPSDPIDY,0
STKLKGPDGRIPDRLPD,0
SAIDKRVKEIVAEQLGVDEAQVTN,0
KCRRWQWRMKKLGAPSITCV,1
FFPNVASVPGQVLLKKIFCAISKKC,1
CGETCVVLPCFIVPGCSCKSSVCYFN,1
TTQKQLKVTQKRST,0
GGVWNLNVNPGTTGARVWARTK,1
GLPVCGETCAFGSCYTPGCSCSWPVCTRN,1
FITGLISGLMKAL,1
DAQKDVQPPKQQPMIYICGECHTENEIK,0
GGLRSLGRKILRAWKKYGPQATPATRQ,1
DYSIRTRLHQESSRNVF,1
SNGIKRYISVMQLTLIN,0
GCDDKCGCAVPCPGGKDCRCTSGS,0
YIEDWDEFYDKSEQLYRTDPKR,0
SCCGGNCGCGSGCNGCGGCKMYPDL,0
PLTVSCPICKT,0
ALWKDILKNAGKAALNEINQLVNQ,1
KLGVPLKRK,1
GPIRRPKPRPRPRPE,1
GLLSGILGAGKKIVF,1
GLLGPLLKIAAKVGSKLL,1
GIGALSAKGALKGLAKGLAEHFAN,1
FLGALFKVASKVLPSVKCAITKKC,1
APKAMRLLRRLLRLQKKGI,1
GLFVGLAKVAAHNNPAIAEHFQA,1
SDSNTGTVKWFN,0
EKVILEHLQRIEKQLEILNSKIENFLGF,0
GILDAIKAFANALG,1
NAQYATCYLCDELVY,0
GLNALKKVSQGIHEAIKLINNHVQ,1
SRKCEFCGKEPHVGNN,0
FFPLLFGALSSMMPKLF,1
QVEETSIEEIQTKIKRLN,0
FIGPVLKMATSILPTAICKGFKKC,1
INVLGILGLLGKALSHL,1
TNNYQKPNPDDRSDNVEKLQDMVQNTI,0
GIGGALLSAGKAALKGLAKGLAEHFAN,1
LNILSFIGICLNS,0
APRIKKIVQKKLAGD,1
NGTNIDVAGAINTLTETFGKL,0
APPPGYAMESDSFS,1
FLGALWNVAKKVF,1
NFSYSRRWLVYLTYYSPRFLY,0
KFGKNKSR,1
DYPWFN,1
SLVWLEAMLPLGIIGGM,0
HLMYTLGPDGKRIYTLKKVTESGEITKS,0
DKPKKKPPPPAGPPPPPPPPPGPPPPGP,1
GRSSLFTRSKMIRYLKVMEKFAY,0
GLMDTVKNAAKNLAGQMLDKLKCKITGSC,1
MRMSLKQMQSQRFSATSRV,0
EGCDRGFSRSDELT,0
GWANTLKNVAGGLCKITGAA,1
GLYNFIKVLGRTVFGLYKQF,1
GIWKTIKSMGKVFAGKIKQNL,1
SLEDDVKLIIVDQLGVDASEVNENS,0
KWCSRVCYRGICYRRCR,1
GLFGKSSVVGRKYYVDLAGCAKA,1
DDALKKLLKKLLKKL,1
FLSLIPHAINAVSTLVHHS,1
VVPASTVK,0
SLREQWNEQ,0
TVVAPMVGLEVK,0
SQSETFEKVKKIVIEQLSVENPDT,0
SNGTNIDVAGAINTLTETFGKL,0
FLPMLAGLAANFLPKIICKITKKC,1
VIMKKHVKRIVKKYLGSKKA,0
GVVTDLLKTAGKLLGNLFGSLSG,1
RESAEAAGETLV,0
GIPCGESCVWIPCITSAIGCSCKSKVCYRN,1
NVKSTVLDLISSQIYKPAEMIDP,0
QIFIKTLTGKTITAETEPAETVAD,0
AWCARVCYRGICYRRCR,1
PFVHVELIEGRTEEQLTNMVKDITEAVSK,0
NWKVLTGTTY,0
SEIDAQKVAQRIDTVLDILVAGDYHSAIRN,0
SQEILNVEGM,0
GMFSVLKNLGKVGLGFVACKINKQC,1
ASKKGNRIIIKMRSTESAHTYTTT,0
GIINTLQKYYSRVRGGR,1
AKRYYGYKRKFY,1
VDYTQRPKSRFLRV,0
FLPLIGRALSGIL,1
SSDKKQGFEASL,0
KKLFKKILKYL,1
FLRYFLDENQQRVYTL,0
GLVTGLLKTAGKLLGDLFGSLTG,1
ILGKLLSTAAKLLSNL,1
GIWKTIKSMGKVFAGKILQNL,1
FIGGLRRLFATVVGTVVGAINKLGGG,1
FLPIVGKLLSGLF,1
ENFYYVILYLMVMIGMFS,0
GRCRGFRRRCFCTTHC,1
RRTWLGDILRPLNSEYG,0
VYQINEVIAIYP,0
LPPCYNFLKEQH,0
GAWKNFWSSLRKGFYDGEAGRAIRR,1
CGETCIYIPCFTEAVGCKCKDKVCYKN,1
RTNFEKFTKRDSVVNE,0
QFADWLHPSGWTIEILNAYG,0
GNPKSNQQPFVPQHIGT,0
GIWKTIKSMGKVFAGAIKQNL,1
DPCECSKTGKCSCGGSCTCTNCSCTSCKKS,0
QATLIKPTIFTHQ,0
FLPFLASLLSKV,1
HLQVYIVNGKRQYTL,0
FLPPSPWKETFRTT,1
PVKFGKVLI,0
IFTPFLPPADLSVFQNVKGPQKDPEE,0
DHSVLNVLVCPICK,0
IYRNWSLLSSTVVIWGGVATAGLAGIFL,0
GETCFGGTCNTPGCTCDPWPVCTRNGLPVC,1
LNRWIKPNED,0
SVLPVFVMF,0
DVKRVKQILSSSNRIDVTYEGVPVWIESC,0
FKCRRWQWRMKKLGA,1
NTHGKLSKRIKQKFIKQLVAP,0
KGRGKQGGKVRAKAKTR,1
GWLDVAKKKGKAAFNVAKNFI,1
KQSHKKGGHSFPKEKIS,1
NIKRMLFKQGLYTLNVT,0
SDKCGNCDCADSSQC,0
ELPIAPIGRII,0
GVVDILKGAAKDLAGHLATKVMNKL,1
TDGKRSRTSYTRYQTLEL,0
GKWMSLWKHILK,1
GIFPIFAKLLGKVIKVASSLISKGRTE,1
KIKIPWGKVKDFLVGGMKAV,1
CFQWQRNMAKVR,1
AKKKGKCKGPLKLVAKC,1
LNALKKVFQGIHEAIKLI,1
ELCDRICGYGTARCRKKCR,1
INLKAIAALVKKLL,1
TTSMLN,0
FLPLFASLIGKLL,1
QHNKENHFVEDAKQ,0
KLGVALKRK,1
FLPGLIKAAVGVGSTILCKITKKC,1
NLLAAGIAAGLA,0
GTFIKQQRKQKQQRHHTSGTRKRMAK,1
GIGKYLHSAKKFGKAWVGEIMNS,1
FLSTIWNGIKGLL,1
RFWWFRRR,1
LYKDIKVSHLM,0
HNSSKQWSHWLWHNGIRI,1
GFMDTAKNVAKNVAVTLIDNLKCKITKAC,1
GLFDIIKKVASVVGGL,1
CGESCVWIPCLTSAVGCSCKSKVCYRNGIP,1
DLIWKLLSKAQEKFGKNKSR,1
GKWMSLLKHIWK,1
PSDGNHLTRSTGGNGFIAVNQTERYT,0
APDRPRKFCGILG,1
GVAQHRQSKSRVRKRRAMWKLTAPNHIEC,0
QVVVNNAGDLQIVYEMKS,0
SKKNIRIQVIIECTEHKNSGLSGTSRYVTT,0
TRNEIRPIVKLRSTAGTGYTYVTR,0
FNRGGYNFGKSVRHVVDAIGSVAGILKSIR,1
KSDIRVCEAWRSHHDGPVYTLSETCPECGG,0
DLKEQIVEILNTIIGEDISDQMDDD,0
GMASKAGTIAGKIAKTAIKLAL,1
GLLASLGKVLGGYLAEKLKPK,1
IRTVVAGYNLYRAIKKK,1
GAGTAPKGKRNRTPT,0
YPIQIVFSENPIDQRHLGQSGGTISFTAC,0
KLKNFAKGVAQSLLNKASCKLSGQC,1
VLSPEQSEELHKYVI,0
RAKWFW,1
SRHKYKLWMCIAKGKRGV,0
KWRRWIRWW,1
KRKKWFW,1
GWRLLLKKAEVKTVGKLALKHYL,1
KRFGRLAKSFLRMRILLPRRKILLAS,1
TSWPELVGVSAEEA,0
SGSDGGGLMSSAGLVRYFDAEDQ,0
DPNCSCVAGDSCT,0
EGCDRRFSASDELT,0
GFGPAFHSVSNFAKKHKTA,1
ALWKDILKNAGKAALNEINQIVQ,1
PPNLTGYWRFVSQDN,0
GIGKFLHAALLFAKAFVAEIMNS,1
NNSNNLDYFTLYIIFSIAF,0
CVHWGTNTARTACIAP,1
MKIITFKIPEETLLLLDAYAIKHNMNRSE,0
FFRRFFRRFFRR,1
GWKKWFNRAKKVGKTVGGLAVDHY,1
GVWSTILGGLKKFAKGGLDAIVNPK,1
LFKSLNQLFNSSLSSMN,0
SNSSNSTSLSNFS,0
NDEKGFGFITPESGPDLFVHFRAIQGNGF,0
TQHKSSMVYIPTTKEAKRRNGKSEGIL,0
GIGAAILSAGKSALKGLAKGLAEHF,1
ILGKLLKTAAGLLSNL,1
FEVLPNFKHIQVKVFNHGEHIHHH,1
EAEKCFKWQRNMRKVRGPPVSCIKR,1
FCEPKNLVVLRQLSRQASVKV,0
FLKGIKGMLGKLF,1
GASDKFIGFVMVLFRIFVFGYYTTWV,0
SEQPTFEDKLQQLESIVSQLE,0
FPVTWPTKWRKG,1
FLPGLLAGLL,1
IAHHTLPCKCPICGKP,0
SEQVKRVRVTQVGSPI,0
AKKVFKRLGIGAVLKVLTTG,1
HMHMGGDPSAICAQTDPELWFPD,0
AGRGKQGGKVRAKAKTRSS,1
HILILKKRINKFI,0
GLLSGILGAGKRIVCGLSGLC,1
FIGALLRPALKLLA,1
KVVKQWPIGKVVKKVVKKVVK,1
KIIREELKKLSSKIELLEAGMIQEEEISE,0
LSSTRYYASY,0
IDWLKLGKMVIDAL,1
DAIWNLLRQAQEKFGKDKSPK,1
GWKSVFRKAKKVGKTVGGLALDHY,1
ITYYYDEKNKELHIKI,0
APFSLATA,0
SLEILDQLEEKIKQAVETI,0
GSQLVYREWVGHSNVIKGPP,1
IIGPVLGLVGKPLESLLE,1
AMRLTYNKPGLYGT,1
GIRCPKSWKCKAFKQRVLKRLLAMLRQHAF,1
FPCEYECRVDWGSNRRQLRTCTKECEQE,0
ALWKNMLKGIGKLAGQAALGAVKTLVGAE,1
FIGTALGIASAIPAIVKLFK,1
GKCDNCD,0
FLPLVTMLLGKLF,1
SFRGTVKWFSKD,0
DPCECSKTGTCNCGGSCTCTNCSCTTCKKS,0
EEVPFENAMQRLEEIVDLMNQP,0
FLFSLIPSAISGLISAFK,1
CAESCVYIPCTVTALLGCSCSNRVCYNGIP,1
AVVKVPLKKFKSIRE,1
DARLLDILVCPICKGNLEHRKAEKELVC,0
SNKMTGLVKWFNADKGFG,0
NKDKNEKEELDEEWTELIKHALEQGISP,0
LLKKLLKK,1
FFIYVWRRR,1
KLRRLIRLL,1
CYMGVNFCNKIGIDQSEFEIESSIINS,0
FLTGLIGGLMKALGK,1
INKVINVEGM,0
GIDKRAEATAKDVQ,0
STETASGPTEDQVEILEYNF,0
MRVKCSICDKI,0
ACSAG,1
ADDRCERMCQRYHDRREKKQCMKGCRYG,1
STIEERVKKIVSEQLGVKEEEITN,0
VFEKVKDIIADQLGIDATEIKMES,0
NIHYPHPYDPKN,0
MRTSPRDSISNLPDEILGKI,0
LFKSLQSISSVKSV,0
FSFLSRIF,1
GMWSKILGHLIK,1
NVKESEPAQAD,0
TRKNIDLIEMEGVVTQCLSNGMFRVK,0
KIAKVALKALKIAKVALKAL,1
NMYWFLGALLYFLIGTYIFIRVTRDSQSG,0
DSEVLRDGRILDLIDDAWRED,0
LFQSNTT,0
CGESCVWIPCISSAVGCSCKNKVCYKNGTP,1
NRIACTVHGR,0
AVKKGDMVRAIREKLENS,0
MAKKLAIFLFNDD,0
CFQWQRNARKVR,1
GLLSKVLGVGKKVLCGVSGLVC,1
DPNCSCSPVGSCA,0
KKSLVLKASVAVATLVPMLS,0
ISGPVLGLVGNALGGLIKKI,1
FPVTWPTKWWKG,1
IIPWQELSTETLDNLIESFV,0
TKISTAKTFFINGQEYYTTN,0
VSVQMNENESIDKLLKR,0
DAAVEPELYHWGKVWLPN,1
ILVHTGNVLYPRFIVV,0
RTVSIFKNGNNRAIRLPRDLDFE,0
FVDLKKIANIINSIF,1
SDIEARVRKIIAEQLGVEESQVTNEK,0
DRRFSRSDELTRHIRIHTGQKPFQCRICM,0
CVHWMTNTARTACIAG,1
GQRLSCGCFRTDQLVTHSGEV,0
IPVRCFTCGKVISEVWEE,0
FVDMFSRPCGGLIANTRL,0
CGYYGNYYGGRGYGCCGCGGLGYGY,0
IMLIINYIYVIN,0
RKKWFA,1
HSRFVKVKCPDCEHEQVIFDHPSTIVKC,0
KNPECGEPHSLDGSP,0
KWCRCVCRRGICRCRCRK,1
NYIAAGIALCGS,0
FVLPLVMCKILRKC,1
KWRRWVRWL,1
DLIWKLLSKAQEAFGKNKSR,1
RGGGKKNASNVE,0
VAKVNVDLCTGCGSCVDECPAAAISLND,0
FLPIIGKLLSG,1
SDKPATPTKHA,0
KWKLFKKIPKFLHLAKKF,1
GIPCGESCVWIPCLTSAVGCPCKSKVCYRN,1
CGETCVTGTCYTPGCACDWPVCKRD,1
NQIHLKCHSDKICPKGYFGLNADP,0
DNIEVRGARTHNLKNINLIIP,0
GRKWSGPTAE,0
GVPKRRVSKARKNKRRSQWKIAAPKLVS,0
LYITEECTYCGAC,0
KALWKTMLKKLGTMAL,1
CGESCVYIPCTVTALLGCSCKDKVCYKN,1
EPNPNEFFGLM,1
KWKWWWRKI,1
SDKCGNCDCADKSQ,0
NYTDLKDKNLNELQV,0
RAMSSQRIEGEKI,0
GQKTAVGSL,0
AWKLFDDGV,1
GWASSIGSILGKFAKGGAQAFLQPK,1
HDIAGVTNETGNVLGMMPHPERAV,0
SQRQSGTVKWFNDEK,0
DLQDRVTDLE,0
IKKRWWWFR,1
FAKLLAKLAKKLL,1
CGESCVWIPCTITALAGCKCKSKVCYNSIP,1
GEITIRARIPKELEGS,0
PLTVNCPICKA,0
FLQHIIGALGHLF,1
FPVTFRFFKFFKG,1
SLINSHQSADSGLNIWSQLFFY,0
KLITYVKEGESIDRVLK,0
FRFKFRFK,1
FAGLPSLSH,0
TVEEKIIDAFDRLFMEDVSDIKDEDL,0
IFKVFYQETLK,0
SYTRVDHPTGKMACHLRQ,0
LDDVQDGTLVTIKAGNDENVMAELRN,0
CCNKGKNKGSH,1
FSYNDKVIKILEAEYLNTNH,0
DYKCTRCKRPVEIDYG,0
GKWKKILGHLIR,1
IIGLVSKGTCVLVKTVCKKVLKQ,1
STTNVQYGLTAQTVLFYSDMV,0
DPNCSCATGDSCA,0
STKMTGSVKWFN,0
GIPCAESCVWIPCTVTALLGCSCSNKVCYN,1
AKKWFW,1
CGESCVYIPCLTSAIGCSCKSKVCYRNGIP,1
DSHAKRHHGYKRKF,1
GICRCLCRRGVCRCICV,1
ECKFTVKPYLKRFQVYYKGRMWCP,1
LDPSTGWVLMSL,0
SQKLQKPSFLSEYLRSIRL,0
KIGAKIKIGAKIKIGAKI,1
SVFDKVKSIVVDQLGVEEDEIT,0
GLKEIFKAGLGSLVKGIAAHVAS,1
RAECSAFRYFLKGDG,0
GLKEVAHSAKKFAKGFISGLTGS,1
ECWMDGHCRLLCKDGEDSIIRCRNRKRCC,1
KWWKIWRWR,1
CGESCVWIPCISSAIGCSCKSKVCYRNGIP,1
AGYNLYRAIKKK,1
KFKLKSLKIIEYKQ,1
FPFLLSLIPSAISAIKRL,1
DVNDLKNLCAKTHNLLPMCAMFGKK,1
PRGSAERSLSFLVSIAFF,0
AKRHHGYKR,1
FLGVVFKLASKVFPAVFGKV,1
ASIVKTTIKASKKLCRGFTLTCGCHFTGKK,1
PDQRQQERSRRK,0
ALAHFLKKAIKK,1
CKYLLKWR,1
NNNEPDTLPDPAIG,0
HGGIQRISLRGSMLMPPQS,0
FKCRRWQWRM,1
CVHGGTNTARTACIAG,1
GLLASLGKVLGGYLAEKLKP,1
GLKALKKVFQGIHKAIKLINNHVQ,1
GAFGDLLKGVAKEAGMKLLNMAQCKLSGKC,1
DLIWKLLSKAQEKFGKNGSR,1
CFQWKRAMRKVR,1
SDPCNCVETGDCRCADGSCS,0
KVAVMG,0
IKIMDILAKLGKVLAHV,1
SEEKFDAKVDKVSGSVK,0
YKITIDTDKCTGD,0
SLREQWNEQARER,0
FLPLIARVLSGIL,1
RHLEKPIRVAVHYCVVRSDVCDGWDVFIGV,0
FLKGIVGMLGKLL,1
TFSRRRTSPIKPTDSIDY,0
GEFGKTLITIVTAIIGVAIIAVIV,0
GLNALKKVFQKIHEAIKKINNHVQ,1
GIFLDKLKNFAKGVAQSLLNKASCKLSGQC,1
PKETWAFITWTMFAIYL,0
CFQWQRNMRKAR,1
SLEDDVKAIIVDQLGVSPEDVKVD,0
KKVADKVLLLKQLRIMRLLTR,1
LVASKGVLVQC,0
CCNYYGNSCGYGSGCGCGYGSGSGCG,0
LKRRWKWWI,1
LNPPLNQLTSQIKSKYLIA,0
VLRRLSRQASVKVR,0
FLPILASLAAKFGPKLFSLVTKKS,1
FLPLIGRVLAGIL,1
ISRGSKVRILRKESYWFN,0
TLEEKIGQMSQID,0
GLKAKHKENLCSDSE,0
CQWQFISPSRAGCIGP,1
FLIIRRPIVLGL,1
IEQGRSSQDLKWLENYFKEGGNKM,0
DLIWKLLSKAQEKFGANKSR,1
EDLIWKLLSKAQEKFGKNKSR,1
LMQPLTFLTCVYL,0
SIEETVIELFDRLFMEDVSEMMDEDL,0
CGGWHRLRC,1
GLAANFLPKIFCKITRKC,1
VERSQHLQDVFLNTVRKQKISLTIFL,0
FLGSLLGLVGKVVPTLFCKISKKC,1
CLRVKDEEP,0
LRWAAIFFIIAIVAAVFGFTGIASAAAGI,0
RKDIHPEYHKINAVCACGNE,0
ALWKDLLKNVGKAAGKAVLNKVTDMVNQ,1
GLVTGLLKTAGKLLGDLFGSLSG,1
RMTRVRSLCLAYARCVRLGVFRCISLRG,0
FPVTWPTKWWEG,1
PQQTVEVKEVDVLIRGIWRK,0
HKVVFKVKFH,1
PLTVKCPTCQTEVTWDETSKFKPFC,0
IIGHLIKTALGMLGL,1
GLARALTRLLRQLTRQLTRA,1
GSMILDIT,0
STKETVIDLFDRLFMEDVSDMMDEDL,0
KWKRWWWFR,1
FLPLLGNLLRGLL,1
LNIFSLIWICLNS,0
VGGRPARPHAWPFMASLQRR,0
LNGITKSAQIGFGSFVDKTVLPFV,0
DIEPEVPVVEKQM,0
PSAVEAFLQSVD,0
GFFNKDKGKRSEKEKN,0
PNILSLTCICFNS,0
PSQQTETLNKMIEDISQK,0
REKIILVCSECLSRNFTTT,0
IPALTPEERQKLRSAILHRM,0
ALPLIGRVLSGIL,1
STKNRTRRTTTRNIRFPNQMIEQI,0
LFKSLQSISSIKSV,0
KKLFKKALKFL,1
FLPVIAGVAAKFLPKIACAITKKC,1
PQMMPINWIFFLFFFICIFLIFN,0
KIKFLKVLT,1
ENAEEDIVLMENLFCSYIVGSADSFWT,1
EWTDAERGAILSLWGKID,0
GFMKYIGPLIPHKVKAISDLI,1
FLPFVGNLLNGLL,1
CGETCVIFPCISAAFGCSCKDTVCYKN,1
IIGPVLGLVGKALGGLL,1
GKVKIGINGFGRIGRLVA,1
FLPFLIPALTSLISS,1
ILGKLLSTAAGLLKNL,1
SAVVVKEQLEQYISKIERLEEEKSD,0
GFCRCLCRRGVCRCICTK,1
KWKLFKKILKFLHLAKKF,1
FPVTWPTKWWKS,1
PITDLHCPRCGSDVKMGLPMGATVKSVTAA,0
TRKTSWPELVGVTAEEA,0
VAYWRQAGLSYIRYSQICAKV,0
SIEQEVIDIVVEQLGVDRDDVNSE,0
MTQCKPLSFFLRNGR,0
LQPPLNQLTSKI,0
KKFFRAWWARRFLK,1
GIVEGLMTTVHSITATQ,0
FLSTIWNGIKSL,1
VHVLERALLEQQSSACGLPGSSTETRPSHP,0
GLPTCGETCTLGTCYVPDCSCSWPICMKN,1
AKRFFGYKRKFF,1
GKVKWFD,0
FAGLPSLSHEQQQ,0
CGETCVGGTCNTPGCTCSWDKCTRNGLPV,1
KAACAAKCLWR,1
KCRQWQSKIRRTNPIFCIRR,1
REGIHPKYNEVTVKCLC,0
GSQLVYREWVGHSNVIKP,1
DEDLDE,1
GIKILEKCVGCGNCVVFCPRRAIKTYGV,0
FKTWKNRPILSSCSGIIKG,1
MFITSNINGRLIFVHDLVI,0
EMDITQYLSTQG,0
KNIRRIIRKIIHIIKKYG,1
CFAWQRAMRKVR,1
GRRKRKWLRRIGKGVKIIGGAALDH,1
SNPCQKEACAIQDCLLSHQY,0
KILSSLLKKLKKIIAK,1
EDRKSLSGLTEQEAQEFG,0
CRWRWKCCKK,1
LVEEVLLLLVAIALISAFALTVTGVVQNA,0
GKCEWQGGQLNCIAT,1
FLFSLIPSAISGLISAF,1
RNKAHNFPNQNNNKLEGEPRAKA,0
GIWDTIKSMGKVFAGAILQNL,1
FLGAIAAALPHVINAVTNAL,1
KWKSFIKKLTKAAKKVVTTAKKPLIV,1
INLKAIAALAKKLL,1
TNKNTSKDMHKNAPKGHN,0
DPNCSCTAGESCT,0
TDPCKPQACAIQGCLTKTGFDESK,0
LGQSIRRFTTSAVRR,0
FLAGLIGGLAKML,1
GMASLWAKVLPHVVKLIK,1
AKRLLGYKRKFL,1
GQSKSKEEKGISGTSRAEI,0
CMCIKTTSGIHPKNI,1
KADTHPDYHIIDVKMTDGTV,0
GKWKSLLKHILK,1
LPQHSDIEIAWYA,0
RIEIMIDKEQKISQSTLDALESEL,0
GFMKYIKPLIPHAVKAISKLI,1
KWRRWVRWI,1
SATTACWPAFTVLGEARGDQVDWSR,0
EWLADYWWIILLI,0
RADIHPKYQTLVATCSCGNVI,0
DMNRVKQIVSSPADIPV,0
TVVNTEIKFPTHLRAGDFA,0
CSTNTFSLSDYWGNNGAWCTLTHECMAWCK,1
GLLGSIGNAIGAFIANKLKP,1
EATKCFEWQRKMRKVRGPPVSCIKR,1
FLSLLPSLVSGAVSLVKKL,1
LVMGRKKGESILIGDDIEIT,0
FFPIVAGVAGQVLKKIYCTISKKC,1
FFGWLIKGAIHAGKAIHGLIHRRRH,1
ILGPVLGLVGDTLGDLL,1
FLPGLECVW,1
SCCGGNCGCGSACKCGNGCGGCKM,0
GVIKSVLKGVAKTVALGM,1
SANGAVWGRVRSRLRAFPERL,0
SQPLTVECP,0
EEIPFENAMARLEEIVDLMNQP,0
NFWHLLLLAVLF,0
GLPRKILAAIAKKKGKAKGPLKLVAKA,1
TVINDYREEPEEAFWILYPMGVKCLS,0
FLGAIAQALTSLLGKL,1
IVPFLLGMVPKLVCLITKKC,1
RVKINLKCSSCGSINYLTS,0
AWCFRVCARGICYRRCR,1
AGGRVAHATLKGPSV,0
SLELFNQLEQK,0
FIHHIIGALGHLF,1
ATKCFQWQRNMRKVR,1
NEKSYQSNPDDRSDNVEKLQDMIENTL,0
FLSLIPKIATGIAALAKHL,1
FDLTGK,0
WLLRKCS,0
ARRARKWARRALKLA,1
PDVKCVCCKEGKECAC,0
GIWKTIKSMGKVFAGAILQNL,1
SAKEIIGIVITKSLDKTAIVKTQS,0
VEAIYRCAKCGREVKIDLS,0
FLSLLPSIVSGAVSLAKKL,1
AHNLCFN,0
EAMKMKLYVVVLVAVIAFSTVHQTVAAVDA,0
KEFKRIVQRIKDFLRNLV,1
GLKKIFKKGLGSLVKGIAAHVAS,1
GIGSLLAKAAKLGANLL,1
FLPIITNLLGKLL,1
EQRKCYFCGQMLEP,0
SEVKFVKPKNVSGHFLK,0
KWKKLLKKPLLKKLLKKL,1
PKHAQVKPHLLYEWDYEKGIIKPKNKRC,0
ALWKNMLKGIGKLAG,1
YLTIEETAEYTNLSEDYIKSLVL,0
IFKVFYQENPD,0
HFLGTLVNLAKKKL,1
DLIWKLLSGAQEKFGKNKSR,1
CLGVGSCNDFAGCGYAVVCFW,1
FLPIPRPILLGL,1
SGFRILDSAGPQGQSSYTWEAKIA,0
MIKRHLPQPRHRE,0
FLPAVLRVAAKVVPTVFCLISKKC,1
GEKLKKIGQKIKNFFKKL,1
SVFHDEVEIEDFEFDEEKDVYHYPCPC,0
TGKNWILISTTTPKSL,0
FEKVRKIIAEQLGIEEDEITM,0
QIDCDK,0
ENKLSFEEAISQLEHLVSKLEQG,0
SLSIIDQLEEKIKQAVETI,0
GHHHHDSSDEPSESSKACCDHCACTKS,0
PQLDTTPWF,0
SFTHFL,0
VESTFEPKITAESVGQVI,0
GLIWKLLSKAQEKFGKNKSR,1
FVYKNNFR,0
LIPYDQLEAETLTRLIEDFVTR,0
IVNHLVKLFDKGLNSIVNLR,1
GFVALLKKLPLILKHLP,1
AAAAAAAAAK,1
KVSVDKDACIGCGVCASICPDVFEMDDDG,0
IYKVFYQEKAD,0
GFFTLIKAANKLINKTVNKEAGKGGLEIMA,1
AGDKKIKIGINGFGRIGRL,1
DIFGAIWPLALGALKNLIK,1
FLGELWNVAKSVF,1
VEIQTGLRENTVGAVEQFAE,0
GLWTTIKEGLKKFSLGVLDKIRCKIAGGC,1
TFSVKTIPDM,0
FLPAVLRVAAQVVPTVFCAISKKC,1
SNKLKVTLIKSMN,0
RHAPSYLSRLFTIVDFYWDF,0
FLPIIGQLLSGL,1
CVKFTDAEIAYIKESVENYSSEFDIYDDE,0
TSAPAK,0
KNLRRIIRKIIHIIKKYG,1
DPCDCSKTGKCNCGGSCTCTNCSCTSCKKS,0
LNPPLNQLQSKI,0
FHFNRYLTR,0
GLRSKIKEAAKTAGKMALGFVNDMA,1
GVGLHGDHVGGELNSANA,0
SSPQLPAFLWDK,0
RKVAFKVNEDLLELLDKYAIKHGLSRSEV,0
TLNELKDGQKAIIVNLNAHKE,0
HIKHQAVLE,0
FRRFRKWFRRFLKLF,1
WRSYLVFLFFMTPRIQTYCPV,0
QPRTQPLAQTLPF,0
AFTHRRSYSTEYRYGTTVRGIRHRFL,1
ALRSAVRTVARVGRAVLPHVAI,1
INLKILARLAKKIL,1
EGCDRRFSRSDELT,0
CPAIQRCC,1
KKVWFIFHVCPKLKQRIL,1
GFWGKLWEGVKSAI,1
FQTLIQKVWVPMKPYYTQVYQEIWVGVG,0
KCFQWQRNMRKVRGPPVSCI,1
EPHPDEFVGLM,1
RLIIPRRGDNHCLNTNQSINMDSILDASAG,0
FLSLIPKAIKAVGVKAKKF,1
GKWWSLLKHILK,1
MTNLNIKLHHGLV,0
FVKTGDKVKVIAGKDKGKEGTVLS,0
VAKQRIRMANEKHSKNI,0
FLPLIASVAANLAPKIICKITKTC,1
KEEQIGKSSTRGRKSSRRKK,1
SDIEQRVKQAVAEQLGLKAEEIKNE,0
DTGPIRRPKPRPRPRPE,1
GRGREFMSNLKEKLSGVKEKMKNS,1
SSKLKGPDGRLPDRLPD,0
CGESCVYIPCFIPGCSCRNRVCYLNSAIA,1
LNIFNLICIFFNS,0
ALWKSLLKNVGKA,1
LLKKLLKKC,1
GFMDTAKNVFKNVAVTLLDKLKCKIAGGC,1
FKVQNQHGQVVKIFHH,1
ILGKIWEGIKS,1
EANTYLNAIILV,0
FLEGLLNTVTGLL,1
LYFYHINILIKER,0
ATAVDFGPHGLLPIRPIRIRPLCGKDKS,1
ELSQLEQRLEVLEGRVAFQ,0
IEVNDDCMACEACVEICPDVFEMNEEGD,0
LILTRRVGETLMVGD,0
ELSFTKILVILFVG,0
HVPDDRPCIKPGRCPLVPDATCT,0
GKCNVLCQLKQKLRSIGSGSHIGSVVLPRG,1
FIKELLPHLSGIIDSVANAIK,1
SGCGCGSSCNCGDSCKCNKRSSGL,0
PAFFSLPAERRLQAWPQSEAPLSVSSCFQ,0
DLSKFEQRLECLESRMAFQ,0
HMSLEVLEQLESKVQSAV,0
GFISTVKNLATNVAGTVIDTIKCKVTGGC,1
SEVVVKEQLEQYLSKIERLEQEKAD,0
GFCRCICTRGFCRCICTR,1
FFPIVGKLLFGLFGL,1
SESTKETIEVLYEIGT,0
GLKKIFKAGLGSLVKGIKAHVAS,1
KVLSKVHTLLKAVLAL,1
GILDTLKQFAKGVGKDLVKGAAQG,1
ALGVPLKRK,1
TTNLDSTQLEKLTDTDI,0
ACAVRCLAQRRK,1
EAGAYLNAIIFVLVATII,0
FFPMLADLVSKIF,1
ELPIAPIGR,0
GRSPRRRTPSPRRRRSQSPRRRRS,1
GFKLGRKLVKVFKWII,1
PVDVPRSVIAKLMFFTVAMVVLPV,0
LMPVKPNDDRVIGCW,0
CVCIETLKSLNSNNQGLSSNE,0
DHRLLEIIACPVCNGKLSFNQEHQELVC,0
LSAGVDSKDLSKRGESLIRQSS,0
TQSEIQFTEAFLIFENLKQTYGLSS,0
KYRLYSEGLSITNDLNSIIG,0
SIFESICKLRKINT,0
KKVVVKVKFK,1
EGGGNRGDPSGVC,0
ERILSILRHQNLLKE,1
AGGRIAHATLKGPSV,0
GLFGVLGSIAKHVLPHVVPVIAEK,1
FLPAALAGIGGILGKLF,1
TEKLIEQLEARINDLECQVAFQ,0
GLLGPLLKIAAKVGKKLL,1
DDHSDDEPRESESSKPCCSSCCTRSRP,0
FQRIGFPGVTNFQVLLALASLIPTPASRDF,0
GLFDIVKKVVGAFGSL,1
CFQWQRNMRKVA,1
FFRRFFRR,1
SDEKTQLIEAFYNFDGDYDG,0
MDDLQDVSRLREAYQFYQKAKQD,0
DVKETILNIIEELFMEDVSEMMDEDL,0
EQPTSSINGEKRKSPCESN,0
GFLDVIKHVGKAALGVVTHLINQ,1
NRFRVATDQLDLYKASLMNRAFSSNQNSRN,0
IFRSLVNFGNSSN,0
SWYEKYNIVLNPPKRCSSACADN,0
NLGVGAYREYLPIEGL,0
SPLRYQKWLRLNEVRRQMLNEHYDVTTAA,0
GLWSKIKEAAKTAGKMAMGFVNDMV,1
LNILNLICICLNF,0
ERKRLDAEDLVARI,0
DDALRRLLRRLLRRL,1
AKRHHGYKRKFH,1
SSEILDQLESKIRQAVETI,0
GTKRGKLCRISRLAL,1
LPPVRCFTCGRPLGHLWPRFRELV,0
AERVGAGAPVY,1
RKAWFW,1
FMGTALKIAANVLPAAFCKIFKKC,1
LNIFCLICICLNS,0
GFWGKLWEGVKNAIKKK,1
DEKAKAMLMLGVLNDAFGDIRNM,0
FLPLAGRVLSGIL,1
SLEVRVTELE,0
GIPCGESCVFIPCITAAIGCSCKSKVCYRN,1
TTTIEQLEQKISDLECQMAFQ,0
FLPIIAKLLGGL,1
LVISRKINEKIKIGDDIEITIVSV,0
NFYINQTIQINYLRLESISNSSIL,0
GIWGTLAKIGIKAVPRVISMLKKKQ,1
SSFDYLKSAIKQKGCTL,0
DDGDKGGLKGKNDFFQEF,1
FFRHIKSFWKGAKAIFRGARQG,1
ALKGCWTKSIPPKPCFGK,1
KRWWKWWRR,1
AWKVFKRLGIGAVLWVLTWG,1
ALHKTMLKKLGTMAL,1
QFKEVKAKSVEELHKLV,0
DPNCSCPTGGSCS,0
GGKPDLRPCHPPCHYIPRPKPR,1
NNQQKIKCPICD,0
LDPFCFLKMYLK,0
DVRRAQEIASSPVMANVTYNGQRIYIEHVD,0
MNREEMHCDVVKI,0
FKCWRWQWRWKKLGA,1
REHEKEVLQKAIEENNNF,0
SILISNKQFNHG,0
CGETCFGGTCNTPGCSCSSWPICTRNGLPV,1
ELLVDLL,1
PQAKVVLPAPNGLDEELMG,0
FLPAVLKVAAHILPTAICAISRRC,1
LYYVGADLDSTYKFACFIMKQVK,0
KLGVPLKAK,1
FFPIVGKLLSGL,1
GFCIPIRCPGHTRQIGTCFGPRVKSCRKW,1
NLETPSQENVNFMLTEITTK,0
IYKVLYQKDKIVNPRRETTQTLYM,0
SGKMTGIVKWFN,0
TTTIDKNQWCGQFKRCNGCKLQS,0
NGDLRAPYVEIFDARGCDAKNSQYTGP,0
PPKIHPSLSTGYFV,0
GKWMSLLKHWLK,1
GGKCKNGDCVCR,1
GFLGPLLKLGLKGAAKLLPQLLPSRQQ,1
GLPVCGETCFGGTCNTPGCSCSYPICTRN,1
TNKNDGKDMRKNAPKGAQ,0
FLPIVGKLLSGL,1
FWGHIWNAVKRVGANALHGAVTGALS,1
FLKALWNVAKSVF,1
SSKCSNCDCSDSSQCT,0
VISAIPPTLTSKIHFR,0
ILGIITSLLKSLGKK,1
VNLTVGNKNKSFT,0
GNDSVKDKMKGGFN,0
WYELTSAKTNESLPRSTRMYSGGNLK,0
PITSKYTDEQVETILTEIGAVL,0
SGPCCDRCR,0
EKKPPRPPQWAVGHFM,1
GIKHILFMAKTKLPRATCTAEIKENCDRKK,1
NRKYNFNDESS,0
CVISAGWNHKIRCKLTGNC,1
IVKVKTLTGKEISVELKESDLVYH,0
LYPSVDKLQ,0
AVPLIYNRPGIYVTKRPKGK,1
NIINKIFGIQ,0
STKNRTRRTTTRNIRF,0
FLPIAGKLLSGLSGL,1
SYYRSYYGGLGYGYG,0
ADADDDDDK,1
DTKCVCCQDGKQCPCAG,0
TNASMRKAFNYQEVS,0
FLGGILNTITGL,1
RNELFQQAKSFVQQAVM,0
QEYCELVR,0
LLWIALRKK,1
FFGWLIKPAIHAGKAIHGLIHRRRH,1
GMAKLLAKVLPHVVKLIK,1
ADMPSVEP,0
SGKLDAFLVLEQLRCNG,0
GKWMTLLKHILK,1
IRKFLIVLIIA,0
DGKEDLIWKLLSKAQEKFGKNKSR,1
CYSAAKYPGFQEFINRKYKSSRF,1
MVPVRCFT,0
ALWKNMLKGIGKLAGK,1
GIGSAILSAGKSIIKGLAKGLAEHF,1
EGSKRKHDSRRLQQEQE,0
FFGWLIKGAIHAPKAIHGLIHRRRH,1
GIGAVLIVLTTGLPALISWIKRKRQQ,1
GFFDRIKALTKNVTLELLNTITGKLPVTPP,1
DPNCSCTTGVSCA,0
CKAAFC,1
SCCGGNCGCGSGCKCVGCGGCKMYPDL,0
FLPLIGKILGTI,1
CWTKSIPPKPG,1
CLYCWDIEPS,0
IDPNYRSLPVVKEEQGVKIYGTY,0
FLPKLLAGLPSFLCLVFKKC,1
FFFHIVKGLFHAGRMIHGLV,1
FPPPGESAVDMSFFYALSNP,1
GLPVCGETCFGGTCNTPGCTCSYPICTRN,1
KWKLFKKIPKFLHLA,1
ITTLTCPRCRAETVWEGNPHRPFCSARCK,0
FLPLLLAGLPSFLCLVFKKC,1
GLLKRIKKLL,1
SDIADRVKKIVV,0
GFLEKLKKGAKDFASALVNSIKGT,1
KKVALGKIIENTVESKYKSN,0
GLPVCGETCTLGTCYTQGCTCSWPICKRN,1
NVSIPHSFTMTLKEINRS,0
FLGLIGSLL,1
AAEKFETSLKKLEEVVRKLEGGSL,0
GIMDSVKGLAKNLAGKLLDSLKCKITGC,1
GFMDTAKQVAKNVAVTLIDKLRCKVTGGC,1
FLSLIPHIVSGVASLAKHF,1
IVIDHEECIGCESCVELCPEVFAMIDGEE,0
SSQQQQRQQQQCPPQRAQQQQVKQPC,0
PLEVDELRKMD,0
VATVKDEHPTSEIDY,0
EGRERDHELRHRRHHHQSPK,1
KGIVGMLGKLF,1
CGYYGNYYGGRGYGCCGYGGLGYGYGG,0
KSWSLCTPGCARTGSFNSYCC,1
INLKAITALAKKLL,1
EITYILSKYFGSSRSNIY,0
HVCERHVGRKST,0
LFFKEKFYNELSYYRGGHKDL,0
RIVLVGPPGAGK,0
FLFRVASKVFPALIGKFKKK,1
FPVTWGWWKWWKG,1
AVGTVKWFN,0
FFPIVGKLLSGLSGL,1
FLKGIVGMLGKLF,1
PQMAPINWLILFIVFSITLVVFN,0
IYKVYYQNDQKRNPKREDT,0
EDKHGIKDKVAGKLKEVEGKITG,0
GRLQAFLAKMKEIAAQT,1
FLPLKKLRFGLL,1
ELCCDRIGCYTARCRKKRSCCL,1
GLKKIFKAGLGSLKKGIAAHVAS,1
CICINCNHIAECSTYHLIESRHK,0
PNSLFKKKLSPIKPGDPIDY,0
FALALKALKKLLKKLKKLAKKAL,1
SGSRLFFGVSTIVSI,0
GIWDTIKSMGKVFAGKILQN,1
VYARRRLSPIKPGEPIKY,0
FASLLGKALKALAKQ,1
GICRCICTRGFCRCICV,1
ALWKNMLKGI,1
KWKLFKKIFKCWRWQWRWKKLGA,1
SKGTPSMGKRQKRTHIACRRCGKISFHAQH,0
DSSWIELDEIGEDVAPIEHIAS,0
LEKCPHASVDCGASKI,0
LCHARLEVESKDPEAVVK,0
DCGMLQRIKVKQQWA,0
FKRLEKLFSKIQNDK,1
NSEKQS,0
GIMDTVKNAAKDLAGQLLDKLKCRITGC,1
ALWKTLLKKVLKA,1
SYKCAVCGKGSRSGN,0
CLICVLGEYIMTQREKDNNIKR,0
DIIGSGFIRFKYNYIIII,0
DSIHGHEVLNMMIESGEQYTHASLEA,0
FPFLKLSLKIPKSAIKSAIKRL,1
ALTCRFRIPVPS,0
ILGPVISTIGNALGGLLKNL,1
ALWKTLLKKV,1
AKRHHGLNCAKFH,1
DGYQLTFSNNKRSDKSIVS,0
FLPLIGAVLSGIL,1
GLVGTLLGHIGKAILG,1
GMASKAGSVAGKIAKFALGAL,1
SEIASRVKAIIVDKLGVEESEVTNE,0
FIGALLGPLLNLLK,1
NSIPVPTLTETSRSFIII,0
AAFRGCWTKNYSPKPCL,1
KKKKWKLFKKIGIGKFL,1
HFKGTLVNLAKKIL,1
RSRGFYEWLMTQRKPENADEVQE,0
FIKWKFRWWKWRK,1
RTRIKEFRAKFNMTQEEL,0
GLLGLLGSVVSHVVPAIVGHF,1
FLPLLLAGLPKFLCLVFKKC,1
TTSNTKVKLQLVRS,0
FMGSALRIAAKVLPAALCQIFKKC,1
GLNALKKVFQGIHEAIKKINNHVQ,1
EDEIELKTAPADFRFPTTNQTRHCF,0
CERHVGRKSTNNLNLTCQ,0
GLASFLGKALKAGLKIGSHLLGGAPQQ,1
FLALIGRVLSGIL,1
TYHKVSPD,0
SDIASRVKAIIVDKLGVDENEVVNE,0
GIMDTVKNAAKNLAGQLLDKLK,1
CKQSCSFGPFTFVCDGNTK,1
HFLGKLVNLAKKIL,1
GEKLKKIGQKIKKFFQKL,1
HFLGTKVNLAKKIL,1
QLFVRAQELHTLEVTGQETVA,0
KQEIHPEYHQATARCACGNE,0
IRVKIRVK,1
GFLEKLKTGAKDFASAFVNSIKGT,1
KKYQCIVCGWIYDEAEGWPQDGIA,0
QPFSLERW,1
KGNREVI,0
KVAKQEKKKKKTGRAKRR,1
SNKEITCIKPFKIIALILLIVLIINLS,0
NAKQTQIMGGGGRDED,0
MSSSQIIVCNKINIFVCKYNLLQINFTL,0
SDKKVTITQVRSM,0
IKRLNSWLRK,1
SRICEICGKGPSFGN,0
QITITGQHLDLTDSIKNYADEKIGR,0
TTIILNPNEPVE,0
ENFDKVKDIIVDRLGVDAEKVTED,0
FLPLIGRVLSGIA,1
IFGLLLHGAIHVGKLIHGLVRRH,1
VHVYKGLFLECDPPTKQFV,0
KWKSFIKKLTSVLKKVVTTAKPLISS,1
ALWKSLLKNVGKAAGKAALNAVTDMVNQ,1
AINPKSVQSLL,1
ALFSILRGLKKLGNMGQAFVNCKIYKKC,1
GLLDFAKHVIGIASKL,1
QASMQRASR,0
IIPIRCFTCGKEISSKWEP,0
SEEKLKAK,0
GMATKAGTALGKVAKAVIGAA,1
CFQWQRNMRAVR,1
AALKGCWTKSIPPKPCFGF,1
GFMDTAKNVAKNVAVTLIDKLRCKVTGGC,1
TSYTLSDVVPLKDVVPEWVRIGF,0
PRRVLQGVVISSKADKTVTVKVER,0
GRPRPFPGRPKPIFRPR,1
FLPGLIKVAVGVGSTILCKITKKC,1
HNFLNHGLSLNLVI,0
CFQWQRLMRKVR,1
TTKNRQIQNFTLNFGPQ,0
IGMAEKKVKVKTP,0
AFQWQRNMRKVR,1
IFNSTGKEKFIFSEP,0
INLKGLIKKVASLLT,1
TTSNSKVKLQLVRS,0
PQMAPISWLTLFFVFSITLVIFN,0
NMAKMIKVKQTKSA,0
LNIFNLVCICIHS,0
ERGRDRLHLRRTTEQHVP,0
GLVGTLLGHIGKAILS,1
CSKGGVGRGYGIG,0
TALAAGIAMLAG,0
DPNCSCATAGDSCT,0
HTKHYIEGYRYLIYIYLIGK,0
DAITQSPVDAVLPKHILDIWAIVLIILATI,0
FLPLLVGAISSILPKIF,1
FLPILGNLLSGLL,1
ALSILKGLEKLAKMGIALTNCKATKKC,1
IFAIDLIKSNCKR,0
TGELMLRLPCWSSFCEK,0
GFKDLLKKAAKALVKTVLF,1
QWFGPYPPVNYIN,0
HKKHKKHKKHKKHKKHKK,1
SSIWPPQKKVFTVGFITGGVTPVMVSFVWP,0
GFWGKLWKPVKKAI,1
SRRCEICGKGPWTGL,0
FLPFFASLLGKLL,1
AKKVFKRLRKLFKKI,1
GLLGKLLKIAAKVGKKLL,1
FLGSLIGAAIPAIKQLLGLKK,1
SIFSSLSSLSTGSLKSSVS,0
GVIDAAKKVVNVLKNLF,1
PQMAPISWLTLFFIFSITLVIFN,0
EPNPDEFFGLM,1
LQDDWQQSHLERR,0
DDKQLQAQA,0
GFKDLLKGAKKALVKTVLF,1
AKRHHGYKRK,1
FLPILGNLLNGLL,1
KLFKRIVKRILKFLRKLV,1
FLRSLLRGAKAIYRGARAGWRG,1
KRARTAYTSAQLVELEKEFHFNRYLCRPRR,0
DSHEKRHHGYKRKFHEKHHSHRGY,1
AFTRCRRSYSTEYSYGTCTV,1
TSVKTIAMLAML,0
FISGLIGGLMKAL,1
GMWSKILKHLIR,1
CFQAQRNMRKVR,1
PPRPLDVLNRSLKSPVIVRLKGGR,0
LTQIARNRGV,0
ELLKAVRLIK,1
GAPKGCWTKSYPPKPCK,1
ERAQCLRKGILSFERSLEQRS,0
TQRTLHGTCRKRRRVS,0
FGPVIGLLSGILKSLL,1
FPISTLLKWWKG,1
EEIPFENAMERLEEIVDLMNQP,0
DVPYDLTSYIRVLKLASTPSWEEFSQIAK,0
PLPKIEDARK,0
FLSTIWNGIKSLF,1
FLPLVGKILSGLI,1
INWKKIASIGKEVLKAL,1
SPSHFAILFIIVISLVPLHGYANG,0
IIGPVLGLVGSALGGLLKKI,1
DCCNEGACTKLDEDILDIPL,0
KWKKFIKSLTKSAAKTVVKTAKKPLIV,1
DPCECSKTGTCNCGTSCKCSNCQCACCKKS,0
GLLNVIKDTAQNLFAAALDKLKCKVTKCN,1
TIINSISN,0
SSSRFLILCIILISFFPLHECENG,0
GIQGLYQKRFCLFVCLERFQWRG,0
ILGPILGLVSNALGGLL,1
GAFGDLLKGVAKEAGLKLLNMAQCKLSGNC,1
PFRFGTQPRRFPVEGGDSSIGLEPGLS,0
CLGVGSCNNFAGCGYAIVCFW,1
CKINKQC,1
LQISGERNVEKEDKNDTWHRV,0
DLIWKLLSKAQEGFGKNKSR,1
EQRKCYFCGKMLEP,0
DPRECVCMSGGICM,0
NKVILSDGPNVFTGCKLTVHMQTG,0
ALWKSLLKNVGVAAGKAALNAVTDMVNQ,1
SETVVVRVKPGSRKGPLVETAD,0
TTELDPRLLSLLVCPVTKGPLTYDRETQE,0
SRKCDICGKGLVAGV,0
DAEDLARYYSALRHYINLITRQRY,1
IEKRKDRIVKRLNISISEETY,0
DPNCSCSTGSSCS,0
PLTVKCPICKT,0
TDEKCVRCGGDQLVEGA,0
GRGDTPRHPPSPA,0
VFAPGEKPGNE,0
GFWGKLLEGVKKAI,1
RTEQLTAKAM,0
EATKCFQWQREMRKKRGPPVSCIKR,1
NNQKKIKCPICG,0
NIKEEAIETEGIVKESLPNT,0
KWCFRVCYRGACYRRCR,1
ARKLMARKTPPL,0
FFYNVIKIYGNMAGRISK,1
ELRVKGRVRHTYIQCSNPIR,0
FLSLIPKIAGGIASLVKNL,1
FLRFIGSVIHGIGHLVHHIGVAL,1
GEFLKCGESCVQGECYTPGCSCDWPICKKN,1
IYKVFYQASND,0
KPINIQDQFLNQIRKENTYV,0
KIIFLIAI,1
NDNNSCKLTMLTRRLENMTQEYGQP,0
SFMSEAFKYLAASIAAGLAALAAA,0
IVRVCMGSSCHLKGSYEVVRRF,0
AFTRRRSYSTEYSYGTTV,1
ESTSIILRYYVAV,0
TNKNDSKDMRKNVSKGDN,0
LPPGGRLIISEAMAGGAKPDRACD,0
FLPVIAGVLSKLF,1
TLELEKEFHFNRYLTRRRR,0
GEKLKKIGQKIKNFFQKL,1
GWTVTVDTDKCTGD,0
QANSNKPNDNFYNSVDMQELSGETPVGW,0
GVVTDLLKTAGKLLGNLVGSLSG,1
GMASLLAKVLPHVVKLIK,1
CVWIPCISAAIGCSCKSKVCYRN,1
FFIRARFIGFLDVHGY,0
CGESCVWIPCLTSVFNCKCENKVCYHDKIP,1
FLPFLKSILGKIL,1
FLGAVLKVAGKLVPAAI,1
ALQGAKERAHQQ,1
FLPLLFGAISHLL,1
TVSIQMAGNLWKVHVKAGDQ,0
FSIARLLKWWKG,1
TLIKSITSINFK,0
IFKVLYQELPNEVPIRER,0
SGKSWVLISTTSPQSL,0
EATKCFAWQRNMRKVRGPPVSCIKR,1
NRSGKHLISSIILYPR,0
FQWQRNMRK,1
TSSGCPNFESLVR,0
ELIATAIIIGLG,0
GMASKAGSIVGKIAKIALGAL,1
FLGMLLHGVGHAIHGLIHGKQNVE,1
FKCRRWQWRMKKLGAPSITCVRRAF,1
EAPAEDLARYYSALRHYINLITRQRY,1
FAKKLAKKLKKLAKKLAK,1
DKTRAQEIISSPNMISVTYNGKEIYIENV,0
PNFFRNGCIALV,0
SIAETNTTTEVAAPKKKMCCACPETKKVRD,0
AYVLDEPK,1
GLLSNVAGLLKQFAKGGVNAVLNPK,1
GRSPRRRTPSPRRRRSQSPRRRR,1
EPNPDEFVGLM,1
GQSIYESGTSPTCASCHDRGTAGAPK,0
CFAWKRNMRKVR,1
SQKSYIVQLKDSVDPASMDKIKSD,0
GFKDLLKGAAKALVKTVKF,1
EIKVKTLTEKQIDIEIELTDTIERI,0
SLLVQV,0
FLPILGKLLSGLL,1
NPSRNPGHGDKPFEERKLVGKYIFP,0
KKLFKKILKKL,1
CRQSCSFGPLTFVCDGNTK,1
SEENKENGFNHVKTFT,0
GLPVCGETCTLGTCSTQGCTCSWPICKRN,1
NNSMISPSVVDLKAKTGDR,0
FFCFKGTPCG,1
NNRSAVRILRLP,0
KNWKKILKKIIKVVK,1
GKWSKILGHLIR,1
CGESCVWIPCLTSAIGCSCKSKVCYRNGIP,1
ATNIVGKVKWYN,0
AVEKINASSSLA,0
SSIDKRIKEIVAEQLGVDEGQVTN,0
GLMSVLGHAVGNVLGGLFKS,1
GIPCGESCVWIPCLTSAIGCSCKSKVCYKD,1
VTVKFKYKGEEKEVDI,0
ISDIILFGTLMVNAGAVLNFK,0
ENGASSEGRDPSAFLGEIIGAPVTVKL,0
FAKGIAGMAGKLF,1
ELSANHG,0
ALWKNMLKGIGKLAGKAALG,1
FLPIALKALGSIFPKIL,1
RRWQWR,1
PGIKLTPRDSFD,0
CGETCIWGRCYSENIGCHCGFGICTLN,1
PTRSTNPNKQPVELN,0
CGESCVWIPCISAAIGCSCKNKVCYRAIP,1
GNAGPLKLHTITK,0
AKKVFKRLEKLFSKI,1
GLPRKILAAIAKKK,1
FLPLIGRVASGIL,1
NIVIVQ,0
SYPKARIRRFFRQHCQRSLE,0
TEFGPSQPFKGAK,0
IWLTALKFLGKNLGKHLAKQQLAKL,1
LNIIATRSILFY,0
FFPFLLGALGSLLPKIF,1
FFGAIAAALPHVISAIKNAL,1
YIDATQYRNDDEFTQYAKGKV,0
ESILMIFAKLPEAYAP,0
GIGKHVGKALKGLKGLLKGLGES,1
RHVGRKSTNNLNLTCQW,0
FFGHIWHGARTLFRDVFA,1
QEMLIKLIKI,0
PACALNKKPAIG,0
DAPRIKKIVQKKLAG,1
ANRLLEAYKMLLKFLGNLR,1
FFPIVGKLLFGL,1
TEAEIKDKVYDIIVSKMGVNKDQIK,0
EEREGGFRKETVERLLRLHFRDGRTRV,0
GVVDILKGAGKDLLAHALSKLSEKV,1
RNAVKLLELSLIDDHFLRYRPSDAAQNHR,0
FLPWFSKFLGRIL,1
GWLDVAKKIGKAAFNVAKNFL,1
TDIVVVRVKPGSRKGPLVETGSD,0
SLEERVKEIIAEQLGVEKEKITPEA,0
GFLITTLIFVVV,0
SRRMGGGMPKINLSGAIP,0
TIVYCLTKLSNPSSSLRSSSDVSGN,0
CVVSSGWKWNYKIRCKLTGNC,1
NQGRIWTVVSPTVGLPL,0
IIGHLIKTALGFLGL,1
PIIGVPRCLIKPFSVPVTFPFS,0
GMASKAGAIAGKIAKVALKA,1
ILYPSVDDLLKQ,0
GNIKQTFIK,0
KKKKKKKKK,1
NCMFHQMQKRSTNTCCQNLQKILDHL,0
FIITGLVRGLTKLF,1
IRMRIRVLL,1
FLPIIASLLSKLL,1
ILGPVLGLDGNALGGLIKKI,1
CWTKSIPPKPC,1
FLPIVASLAANFLPKIICKITKKC,1
FKVKFKVKVK,1
SEKPLTKTDYLMRLRRCQT,0
TTTIDTNQWCSRFVKC,0
TMNKPKTNYAGYA,0
SYIEKLGDNMVKRLKILIDNEFS,0
GIMDTIKGAAKDLAGQLLDKLKCKITKC,1
GMASKAGSVLGKVAKVALKAAL,1
ELKTLREKSADEL,0
HPQTNQR,1
SGPITLPTLRMMLDYVDTPVLVKL,0
DYHHGVRVL,1
IKIKIKIK,1
PGIKVKESESFE,0
SDFTKFLTTAPVA,0
RRSFYSWLMTQRNPKSNE,0
FLPVLAGIAAKVVPALFCKITKKC,1
SQTLQQTGLFDDEHADIG,0
FFHHIFRGIVHVGKTIHRLVTGT,1
FFPLIPGVRCKILRTC,1
KKVVFWVKFK,1
PRAIRGVLIECDPSIKSI,0
VRILCDLIRWYQQGISAQRPFRVCR,0
ESMKMKLIVVLMVAIVAFSAVGNVAAQTEA,0
SAYRYANLTNTKYIPSVYAVMAT,0
FFLLSLIPSAISAIKKI,1
CNRNVITIPYEE,0
DAACAAHCLWR,1
RRQKRDMFERA,0
GKLFKKILKFL,1
IKLRNVLKYLFRIDVIKEDIL,1
FFLLPIPNDVKCKVLGICKS,1
SSYRCPVCEYVYD,0
FLPAIIGMAAKVLPAFLCKITKKC,1
FFSMIPKIAGGIASLVKNL,1
KLLQGRMTYRGDAHPHPRITPSLLANYVG,0
KYPKYP,1
GCRRLCYKQRCVTYCRGPPR,1
AIGHCLGATL,1
GGYKNFYGSALRKGFYEGEAGRAIRR,1
AKAWGIPPHVIPQIVPVRIRPLGGNV,1
GVLAAAIAIGLA,0
SDVAKRVKEIIAEQLGVDEAQAVS,0
GIGKFLHSAGKFGKAFLGEVMKS,1
DNRMVNHFVQEFKRKHKK,1
PQLNPAPWFMILS,0
EQLQRLKAEFQANRYITEQRRQSLAQELSL,0
DQDVAEEILNKEYEV,0
GKWLSLLKHILK,1
AGRLTGNKGGLGGT,1
KWRRWIRWL,1
GLWQLIKDKIKDAATGFVTGIQS,1
FLPVIAGLLSKLF,1
KKVVFKVKFK,1
FLKSNKIINGPTMYDQFFVFTATGTNNGRV,0
QVNDRVTVKTDGGPR,0
LFIWIKNNF,0
KLKLLLKLK,1
AAGMGFFGAR,1
GIGGALLSFGKSALKGLAKGLAEHF,1
NLSRRRVSPIKPGETIDY,0
RLKHNEMRS,0
KRGKQGGKVRAKAKTRSS,1
ITDEQLNTIALTFGFASIILIIIYHAISTN,0
AGLQFPVGRIGRLLRK,1
NTIEHRLMELEAKVAFQD,0
ELYREYPAWL,0
DDALRHLLRHLLRHL,1
SETEVVFDRRMLE,0
FLPLLAGLAAKWF,1
TTNIVGKVKWFN,0
PGVKAREQESFE,0
PVELKSFDE,0
IKWKRWWWR,1
IYKIFYQKDFD,0
LNIFSLICICLHS,0
TIEQGELVLNCIS,0
AWKVSVDVDTCIGDA,0
GKWMKLLKHILK,1
GAIAAGIAMFGA,0
LSNSLCPRLTNSLILSKLILVYQLF,0
EFKNQVYGIIAEVCQDDVVKENPEI,0
GFWGKLFKLGLHGIGLLHLH,1
EGSKRKHESRRPQQEQE,0
RGFRRR,1
SFYDEIELEDFTFDAGTNLYTFPCPC,0
MTRVQFKHHHHPD,0
KLGVPLKRA,1
KKLLKWLKKLL,1
PFRFGTQPRRFPVEGGDSSIELESGLS,0
LNIIWLITGI,0
NGFGRLEHFSGAIYEGHFKDNMFHGL,0
FKRIVQRIKDFLR,1
FFSLPVLTVLIPLVSLTG,0
CLGVGSCNDFAGCGYAIVCFW,1
FVIISLHNCVVISFVLFLFGG,0
FIQYLAPLIPHAVKAISDLI,1
FRLMLRLLRW,1
KLKKLLKKWLKLLKKLLK,1
FLPLIGRVLSGIL,1
SLKVDCPTCGTPVEWSPLS,0
ELDARMDDLEC,0
FLGAVLKVCKISKKCAGKLVPAAI,1
SQNNLKFTEFLSNVKSKAN,0
CKYKAQ,1
SDVNKKFDSKKDQLSGKAKE,0
CVYAYVRVRGVLVRYRRCW,1
EVKVYRVKGIFQRGKLKQPFTKEY,0
DNLENRVEELEM,0
NNKIKLNFNYVLVI,0
WDMIKNFFLFSSGVLQATT,0
EKHNNPGSFTINNNIHDALNSIDTIVKNNN,0
PFVTIQFLEGRTD,0
HATTVKNKITQRDNYKE,0
TQRTLRGTNRRRIRVS,0
AMPWRPATGLLPIKPTHIKPLCGDD,1
NFGIKPDVSSGPRKGG,0
GLFDIVKKIAGHIVSSI,1
CFQWLRNMRKVR,1
TEVRLNNQTLVRLEAPTPSWKWIKLSRT,0
GIPCGESCVWIPCLTSTVGCSCKSKVCYRN,1
GIGRIGKVHAANLIKIPKG,1
ACPIFTKIQGTYRGKAKCK,1
DLYPWFN,1
FNNKGRRNVRNNEVRRNVPVKEGE,0
GSKCCKTIHGGIFSKAEDTL,0
ALWKTLLKGAGKVFGHVAKQFLGSQGQPES,1
GLVSGLLNSVTGLLGNLAGGGL,1
NEIVAL,0
DVKPDRVIDARGSYCPGPLMELIKA,0
