RDPTGCEVDQVIMVKRHGERYPSPSAGK,0
IFFEV,0
KSLRPRCWIKIKFRCKSLKF,1
QELASFHSVSKGFMGECGFR,0
FLPMLAGLAANFLPKIICKITKKC,1
IKLSPETKDNLKKVLKGAIKGAIAVAKMV,1
GLFAVIKKVASVIKKL,1
KHTLPDLPYDFGALQPHISAEIM,0
APRKNVRW,1
MDILSISWAFLMVVFTFSLSLVVWGRSGL,0
PEATKCFQWQRNMRKVR,1
GTKRGKLCRISRLAL,1
AYELPELPYAYDA,0
ASIVKTTIKASKKLCRGFTLTCGCHFTGKK,1
KLKLLLLLKLK,1
FWATLAKGALKLIPTIANAFSSKS,1
MWPFPSDK,0
LENGLLRKPPMG,0
FKFRRWQWRMKKLGA,1
LLKELWTKIKGAGKAVLGKIKGLL,1
GIGGALLSVGKSALKGLTKGLAEHF,1
GVCRCLCRRGVCRCLCRR,1
RIKRFWPVVIRTVVAGYNLYR,1
MLSLIFYLRFPSYIRG,0
PAQPFRFPKHPQGPQTRPPI,1
MDITSIAWGALMVVFTFSLSLVVWGRSGL,0
KWKLFKKIPKFLH,1
GIFGKILGVGKKVLCGLSGWC,1
MSHDLDPTGTY,0
AFVQEPLPY,0
KWKSFIKKLTTAVKKVLTTGLPALIS,1
GVITDALKGAAKTVAAELLRKAHCKLTNSC,1
MTPHDEEVDSSD,0
MIYSTEVVNMNM,0
GIPCAESCVWIPCTVTALLGCSCSNKVCYN,0
VPSSFRTTITDAQLRG,0
RRWQWR,1
GLLKRIKTLL,1
AKSDVAELKPR,0
KWKLFKKI,1
TSRCIFYRRKKCS,1
ALWKNMLKGIGKLAGQAALGAVKTLVGAE,1
LKSELKEDKE,0
AKEKIHINIVVIGHV,0
KRFGRLAKSFLRMRILLPRRKILLAS,1
LKKLLKKLKKLLKK,1
GSTTAESAALR,0
KWKSFIKKLASKFLHSAKKF,1
MDILTLGWVSVLVLFTWSISMVVWGRNGF,0
MNLLVKCAGKIPALALTWTCRP,0
AGVPFNTKTPYGPT,0
GIGTKILGGVKTALKGALKELASTYAN,1
FQYDSQYDGF,0
ETFTVKMGGDAGTLQ,0
YSLQMGATAIKQVKKLFKKWGW,1
CFQWRRNMRKVR,1
FWGTLAKLALKAVPAVMGMIKKE,1
MLPRKYKPAYKKQAHRVKSNPQPAYTFQ,0
TSTLSWLDEITMEELERNPY,0
GFKNVALSTARGF,0
GLPICGETCFKTKCYTKGCSCSYPVCKRN,1
FIHHIIGWISHGVRAIHRAIHG,1
MDSVSVNQIL,0
GMATKAGTAFGKAAKAIIGAAL,1
VNWKKILKKIIKVVK,1
KSAAEVQNTQQAIIPAQEKANLGNQNIMA,0
CFQWKRNMRKVR,1
MYAFSYSTPRTLDEVSAAS,0
KWKSFLKTFKSASKTVLHTALKAISS,1
ETISFNFNQFQQND,0
TETQSFNFNVFEPEN,0
DTHKSEIAHRQPDLG,0
MMRLVIILIVLLLISFSAY,0
SNDVSWHEWKRMYNKEYNGA,0
GWKSVFRKAKKVGKTVGGLALDHYLG,1
APSQSTVTALLTSCVSYIDDQ,0
MSILPLVHAMANVRGDIEYLTEA,0
IPLDPVAGYKEPA,0
MLQMRATLAFLGQTLTYNTSCQRRQK,0
GYSSASKIIFGSGTRLSIRP,0
GPNGKSQSIIVGPWGDRVTN,0
LKLLKKLLKKLKKLL,1
GLLASLGKVFGGYLAEKLKPK,1
GSRYLCTPGSCWKLVCFTTTVK,1
GMFSVLKNLGKVGLGFVACKINKQC,1
IKWKKLLRAAKRIL,1
MAWTKPAYTDLRIGFEVTMYFASR,0
LKLKDILGKIKVILSHLNK,1
MTWTTPAYTELRLGFEITMYIANR,0
DEPDGVPTRQKQ,0
MNGRPSVFTSQDYLSDHLWRALNA,0
GLMDTVKNAAKNLAGQLLDRLKCKITGC,1
SISAMQFIQR,0
FLPLLLAGLPLKLCFLFKKC,1
RWWKIWVIRWWR,1
RQKDKRPYSERKNQYTGPQFLYPPERIPP,1
GIGGVLLGAGKATLKGLAKVLAEKYAN,1
MTTDD,0
GFKRIVQRIKDFLRNLV,1
SRLPPATRDKLADEITFFPA,0
KWKLFKKIGIGAVLKVLTTGLPALKLTLK,1
KFKKVIWKSFL,1
KCGVSIPYKISPSTDCSSVK,0
ALSVPVFAVAPLNKK,0
FKCRRWQWRMK,1
KRWRIRVRVIRK,1
TSAEVPATAQGVTHALEGTQ,0
SLGPAIKATRQVCPKATRFVTVSCKKSDCQ,1
GDCGCSGASSCTCASGQCTCSGCGK,0
KAWFVLSMRAVGGLFVDLWTSVAKTVKGWL,0
KRRGSVTTRYQFLMIHLLRPKKLFA,1
ENFAGGCIPGYMRTADGRCKPTY,0
FHPSLWVLIPQYIQLIRKILKSG,1
DVNGGWSCATTVDAKFRPNGCTD,0
AIGGLSRSFPVEAFE,0
MDTVSIAWAALMVIFTFSISLVVWGRNGL,0
SNTSHQDFHLFYGDNGMPVH,0
RKKRWWRRKK,1
RRRWWWRRWWRR,1
MQRPRPPRPLSYSRSSEEAFLEA,0
RKSAGKPKN,0
TQVTVEYVNEGGAMV,0
RCICTRGFCRCICTRGFC,1
GILLNTLKGAAKNVAGVLLDKLKCKITGGC,1
SVYYGSIEAGGTKFVLAIADEHFNI,0
FLPAVLRVAAKVGPAVFCAITQKC,1
AQTPVKVTVTGAAGQIGYALLFRI,0
KHSLPDLPYDYGA,0
GNRPVYIPPPRPPHPRL,1
LSCKRGTCHFGRCPSHLIKGSCSGG,1
GRADYNFGYGLGRGTRKFFNGIGRWVRKTF,1
GLHKVMREVLGYERNSYKKFFLR,1
KIWFQNRRMKWKK,1
AKKVFKRLEKLFSKIWNDK,1
AGLPPEEKPKLCDAACE,0
MSISFPKMQHLIVMTTIGDKKVNNNIILFL,0
MGIIAGIIKFIKGLIEKFTGK,0
VETDKATVGF,0
VEIIANDQGNR,0
ITIPPIVKNTLKKFIKGAVSALMS,1
WPVVIRTVVAGYNLYRAIKKK,1
GTGITEEFEEVPVQSRGFGILDVGYR,0
STDTQYFGPGTRLTVL,0
AGWGSIFKHIFKAGKFIHGAIQAHND,1
AFLTLTPGSHVDSYVEA,0
VTVYDAEGTKVQLDGSIRLVM,0
GFGMALKLLKKVL,1
ATQRLPPLSTEPNR,0
GSKKPVPIIYCNRRTGKC,1
NIWKKIFEKVKNLV,1
MSAWMSAGFS,0
KGAAKGLLEVASCKLSKSC,1
IVGGAECVPY,0
TRSSRAGLQFPVGRVHRLLRK,1
TKSPDCGGILSPSGLSYFA,0
FFPSIAGLAAKFLPKIFCSITKRC,1
ASITHVKNRGKYIYMHLKFRKTNVLI,1
RRWQWRMKKLGA,1
GKPICGETCAKGKCYTPKCTCNWPICYKN,0
IKIPPIVKDTLKKVAKGVLSTIAGALST,1
GLRRALLRLLRSLRRLLLRA,1
MTIDKNWLNRSNKDPGRSLRFTHQPV,0
GFGSFLGKALKAALKIGANVLGGAPQQ,1
ASNVPKELVEKGQNRV,0
KFADENFQLKH,0
GAPMFV,0
TRWLWLLRGGLKAAGWGIRAHLNRNQ,1
AEVLMDFPQLTMTLPDGREESVMKRTTLVA,0
LLKKLLRAASKALSLL,1
MIGIADVKLLNLGMLFPFVEVES,0
STAKSTA,0
ATVYNQDGTQVNVGGRVEVAL,0
MPEPAKSAPKKGSTRTAAKGGKKRRKSRK,0
HCLAIGRR,1
HSDAVFTDNYTRLRKQMAVKKYLNSILN,1
FIHHIIKGIFHIGKIIHSAINRRRH,1
LFSLVLAG,0
AKAVKPKTAKPKTAKPKTAKA,1
AVSLVLPQLK,0
FLPVVAGLAAKVLPSIICAVTKKC,1
MLTYTGTVINVQTFAAKPDP,0
SPCTCSTCNCAGACNSCSCTSCSH,0
LKLLKKLLKLLKKLGGK,1
SKTKRRSLLKRLGDGIRGFWNGFRGRK,1
EQSAGFREYIDFFDGYSLTY,0
RLCRIVVIRVCR,1
ALPNQQTVDYPSFKSNYNFEKPFLYLAR,0
TPNSYILQQFENPANPKLIVAIFPSFGER,0
SHYAEGPGKN,0
ESIASFQGVLDGKYD,0
MATPLVDPAK,0
MSEARNLFTTFGILAILLFFLYLIYAVL,0
FLGVVFKLASKVFPAVFGKV,1
FLPLIASVAANLVPKIFCKITKKC,1
GIGGALLSAGKSALKGLAKGLAEHF,1
DAAEPWQLGFQDAATPIMQGIIDLHH,0
MLKLHGFSVSNYYNMVKLALLEKG,0
GFKDLLKGAAKALVKTVLF,1
MEILTLGWVSLLVVFTWSIAMVVWGRNGL,0
MRNISLTTTIITTTDTTGNGAG,0
MKYINCVYNINYKLKPHSHYK,0
KFKVVTTFTVIQDIAQNVAGDAAT,0
KKWWKFIKKAVNSGTTGLQTLAS,1
MKKAWWKEGVVYQIY,0
SIITMTKEAKLPQSWKQIACRLYNTC,1
MWTKPKFEEMRLGFEVTLYISNR,0
SHDVNINIQFGFENPQQVVD,0
MKYFFMGISFMVIVWAGTFALMI,0
FFPLALLCKVFKKC,1
FLPGLIKAAVGIGSTIFCKISRKC,1
IAIFNAYTPLPFAD,0
VKAQEPVKGPVSTKPGSCPIILIRCA,1
PDPAKTAPKKGSKKAVTKA,1
FLGLIFHGLVHAGKLIHGLIHRNRG,1
ESKAAKAAKKAAKAKASE,1
TSSGCPNFESLVR,0
MAKEQQVQANDLQEKLIAVNRVAK,0
ALWKNMLKGIGKLAGKAALGAVK,1
KWKSFIKKLLSKFLHSAKKF,1
KKLKLAPAKLALLWKALALKLKKA,1
MEHSHWFRKMSSLHQEFVCFLFWPLT,0
FKVQNQHGQVVKIFHH,1
LLGDFFRKSKEKIGKEFKRIVQR,1
KKLKLALAKLALLWKALALKLKKA,1
LRLKKYKVPQL,1
MAAEINMVILAWDLCLLELPY,0
LKWLLKWLK,1
GLLSNVAGLLKQFAKGGVNAVLNPK,1
GFFGKMKEYFKKFGASFKRRFANLKKRL,1
TTVYDAEGSKVDFDGSLRIIV,0
KVTKSVKSIPVKI,1
METFCYMKWPVRHHKSRRVSH,0
AVPQSIDWRDYGAVNEVKNQNPCGSCW,0
FLGALFKVASKVLPSVFCAITKKC,1
MKTILRFVAGYDIASHKKKTGGYPWERGKA,1
ILKWKWPWWPWRR,1
TAANVKIFNTEEVQNFINLL,0
GIFTFEDESTTTVAPAKLYK,0
IKIPAVVKDTLKKVAKGVLSAVAGALTQ,1
RQWQSKIRR,1
AKAWGIPPHVIPQIVPVRIRPLCGNV,1
KAYSTPRCKGLFRALMCWL,1
LTYDEIQSKGGSTGYDNAVALPAGGR,0
GLFGLAKGSVAKPHVVPVISQLV,1
KWKLFKKIGIGKFLHSAKKF,1
QIIEANLALRR,0
TSTVFSDGQR,0
MAVKAISGCDKDQELI,0
MWYLLWFVGILLMCSLSTLVLVWLDPRLKS,0
RRRLCPIVIRVCRR,1
ALWKNMLKGIGKLAGQAALGAVKTLVGAES,1
FQWQRNIRKVR,1
MLRYLSLFAVGLATGYAWGWIDGLAASLTV,0
FLPGLIKVAVGVGSTILCKITKKC,1
FLFRVASKVFPALIGKFKKK,1
APLEDEDDLELLEKVKRDRKKRLERQGAIN,0
SIITTTKEAKLPQLWKQIACRLYNTC,1
SALVGCWTKSYPPKPCFGR,1
ATAVDFGPHGLLPIRPIRIRPLCGKDKS,1
SFQCELVFAK,0
RLCPRVRIRVCR,1
GLLRASSVWGRKYYVDLAGCAKA,1
ILPLLLGKVVCAITKKC,1
LPLLAGLAANFLPKIFCKITRK,1
MDVAEYAAHDATGLAELIREGQVSACEV,0
FKARRWQWRMKKLGA,1
INWKGIAAMKKLL,1
MPLEVLGHLSKAFLFLARNNEHSHKKYNQ,0
DTHFPICIFCCGCCHRSKCGMCCKT,1
GIPCGESCVYIPCLTSAVGCSCKSKVCYRN,0
TIMSHNVP,0
LKLKSIVSWAKKVL,1
SKSLFYQKQYDNINE,0
APIVSGGYDF,0
WKSDVRRWRSRY,1
YIQGYSGDVR,0
GLFKVLGSVAKHLLPHVVPVIAEK,1
ISRACLIMKVRRKK,1
GAFGNLLKGVAKKAGLKILSIAQCKLSGTC,1
KGLKKLLKLLKKLLKL,1
ALIFATLSAAYIGEALE,0
AVTSSVADTTTVVRDDF,0
LSLHEYMSMELLQEAGVSIP,0
GLGSVFGRLARILGRVIPKV,1
DVHSNTGIFGIHTS,0
SVFDEYLEKSKANK,0
KKLALALAKKWLPLAKKLALALAKK,1
GWLDVAKKKGKAAFNVAKNFI,1
FLPAVIRVAANVLPTAFCAISKKC,1
ALYLAIRKR,1
MKTNPL,0
ATAWDFGPHGLLPIRPIRIRPLCGKDKS,1
ENFAGGCTPGYQRTADGRCKATF,0
GRFRRLGRKFKKLFKKYGP,1
INWKKIASIGKEVLK,1
MWKKPAFIDLRLGLEVTLYISNR,0
AGQNTES,0
GWKKWFNRAKKVGKTVGGLAVDHYL,1
RELLMGIFEKNGTGKTAAFVIPLLQK,0
ARTQPGNIAPVGDFTLYPNAPRQGHIVA,0
CYCRIPACIAGERRYGTCIYQGRLWAFCC,1
RKTAGKPKN,0
WNLLRQAQEKFGKDKSP,0
LNLKGLIKKVASLLN,1
KSKEKIGKEFKRIVQRIKDFLRNLVPRTES,1
HSEPGGAY,0
ARTKQTARKSTGGKAPRKQLAT,1
MDIISLGWAGLMTMFTFSLALVVWARNGF,0
MVPYRNPRHQHVASVLRSGG,0
WKSYVRRWR,1
MLMYQTRRTYQNSNNIAVVHLLKPAWR,0
MADEALQHTFFA,0
PPHKKKLAVYPVFLFYLFLSWFSLIV,1
GVVDILKGAAKDLAGHLASKVMNKI,1
FLPKSLFTLVTDKSL,0
IKITTMLAKLGKVLAHV,1
AKKVFKRLEKLFSKIQNDK,1
WKQMSVW,0
IINDFTNLVNQVEPLK,0
ARLAKKALRRLAKKD,1
MNLNAYFEAYQAIFPFLLEAFLRKEQKV,0
FLSTLLKVAFKVVPTLFCPITKKC,1
MKIKFVFDLLTPDDILHPSNHVNLIIRPI,0
VATVSLPR,0
YGLAADHVLDAR,0
MDTPSRYWLTILSSRINS,0
KKLALKALLLWLKALLKLAKLALKK,1
MANIKSAIKRAKTSEK,0
CFQAQRNMRKVR,1
KWKSFLKTFKGAVKTVLHTALKAISS,1
GLLRRLRKKIGEIFKKYG,1
MDMVSLAWAALMVVFTFSLSLVVWGRSGL,0
LGSPFGGFDTLGSNR,0
LLAGLAANFLPKIFCKITRKC,1
GLKEIFKAGLGSLVKGIAAHVAN,1
RNCESLSHRFKGPCTRDSNC,1
MTASMRLK,0
SIKILKIYFIQGKRHWSF,1
RRLRTTTKLPPV,1
QPEATKCFQWQRNMRKVR,1
NYTIGNDNVLTEPLSEIKTAGLMYKMGVQ,0
ACYCRIPACLAGERRYGTCIYQGRLWAFCC,1
AYGESANVFGAP,0
LKLLKKLLKLLKKLGGGK,1
CFQWQRNMRAVR,1
AKDVRFGADVRALMLQGVDVLADA,0
SITKIKAREIL,0
KKLAKLALLKWLLALKKLALLALKK,1
MESIEQRVKKIVAEQLGVAEAEIKA,0
GLFSKFAGKGIKNFLNKGVKHIGKE,1
KKKSGVIPTVSHDCHMNTFQFMFTCCS,1
AIGSILGALAKGLPTLISWIKNR,1
NTEAFFGQGTRLTVV,0
FIHHIIGGLFSVGKHIHGLIHGH,1
AYVSQSGAPWGLGRISHK,0
FLGALIKGAIHGGRFIHGMIQNHH,1
MPIIGVPRCLENPFCAPAKFPLSVKKKIRI,0
NYIYSGHNYHQ,0
GLPTCGETCFKGKCYTPGCSCSYPICKKD,0
GWLDVAKKIGKAAFNVAKNFI,1
GFCWYVCYRNGVRVCYRRCN,1
GMNLVFVGAEVAPWSKTGGLGDVLA,0
KWKLFKKIPKFLHSAKKF,1
ILGKIWKGIKSLF,1
MFFSSKKCKTVSKTFRGPCVRNAN,1
LRKAQEKFGKNKSQSFQL,1
FLGGLMKAFPAIICAVTKKC,1
CWKWKWKWGSGWKWKWKWC,1
IGKKFKRIVQRIKDFLRNL,1
GLPVCGETCVGGTCNTPGCSCSWPVCTRN,0
KLWKLFKKIGIGAVLKVLTTGLPALKLTK,1
MRDVTVVATSKFNIVKNRIKAERWVKI,0
ARARLGVRRFRRKR,0
EQLIELVGPWKTVYIVHFNGET,0
MVTMVKKWLLLMTFMAGCRGMIY,0
MALPSALWWPG,0
HKQGDFVLRVGAASVVPNDS,0
NNQLNASHK,0
WKLFKKIPKFLHLAKKF,1
QLFQPPFR,0
KKIASIGKEVLKAL,1
RVKRFWPLVPVAINTVAAGINLYKAIRRK,1
GFMNTAKNVAKNVAVTLLDNLKCKITGGC,1
VNWKKILAKIIKVAK,1
LVVELAPMEIR,0
SIGAKILGGVKTFFKGALKELASTYLQ,1
GIGASILSAGKSALKGFAKGLAEHFAN,1
IEHNAEEIRKTAIRTAVQNTAQQTK,0
FFRHIKSFWKGAKAIFRGARQG,1
LKDAQSRITK,0
FIHHIIGGLFSVGKHIHSLIHGH,1
ALWKNMLKGIGKLAGQAALGAVKTLVGA,1
GFLGILFHGVHHGRKKALHMNSERRS,1
GVFDIIKGAGKQLIAHAMGKIAEKV,1
FKCFRWQWRMKKLGA,1
ARRRRRHASTKLKRRRRRRRHGKKSHK,0
GLPCGETCFTGKCYTPGCSCSYPICKKIN,0
FLPLLLAGLPKLLCFLFKKC,1
RRWVIWRR,1
GLPVCGETCTLGKCYTAGCSCSWPVCYRN,0
GILKKFMLHRGTKVYKMRTLSKRSH,1
FLPVIASVAAKVLPKVFCFITKKC,1
FLPAIIGMAAKVLPAFLCKITKKC,1
GSFVNPTTPIR,0
KKWQWKMKKLG,1
IVGGYECEAYSKPYQVSINLGY,0
FLPAIAGVAAKFLPKIFCAISKKC,1
GIPCAESCVYIPCTITALLGCKCQDKVCYD,0
PEWSKCYQWQRRMRKLGAPSITCVRRTSA,1
RLARIVKIRVAR,1
GLKEVAHSAKKFAKGFISGLTGS,1
KWCFCVCYRGICRCRCRG,1
MFFSSKKCKTVSKTFRGPCVRNA,1
GFWTTAAEGLKKFAKAGLASILNPK,1
FTPEDFISAPRRGEAIPDPKGELAVF,0
VDKGSYLPRPTPPRPIYNRN,1
FLPLKKLRFGLL,1
NIWKKIASIAKEVLKAL,1
GTGG,0
GLLGSIGNAIGAFIANKLKPK,1
MKFGLFFQNFLSENQSSE,0
SKYESEGVARSEELQEVHQAFADAGRKPI,0
GLGSLLGKAFKIGLKTVGKMMGGAPREQ,1
MDIVGITWAALMVVFTFSLSLVVWGRSGL,0
GRNGKSQSIIVGPWGDRVTN,0
KWKLFKKIEKVGQGIGAVLKVLTTGL,1
GIFLKVLGVGKKVLCGVSGLC,1
ITAGFISSSANTVYVKKGDVMVFPR,0
ALWKTLLKNVGKAAGKAALNAVTDMVNQ,1
VNSKKISPKSIKVSK,1
FIGPVLKMATSILPTAICKGFKKC,1
QRFSQPTFKLPQGRLTLSRKF,1
RGARIVVIRVAR,1
KWCRCVCRRGICYCRCRG,1
GWGDTFLKTMAKIAKVGPKLLHS,1
FLRSLLRGAKAIYRGARAGWRG,1
RIRFPWPWRWPWWRRVRG,1
YSSQLAQVQGLIGNVESQLAEIR,0
TRRKFWKKVLNGALKIAPFLLG,1
MRAKWRKKRTRRLKRKRRKVRARSK,0
VSSKYLSKALVKAGR,1
KTKKKFLKKT,1
GFRDGSADRISHGF,0
MRKEFHNVLSSGQLLADKRPARDYNRK,1
GIGGKILSGLKTALKGAAKELASTYLH,1
FKWRRWWWRMKKLWA,1
MGTTTMGVKLDDATRERIKSAASRID,0
GMFTNMLKGIGKLAGQAALGAVKTLA,1
MMKHVIILVILLVISFQAY,0
ANIVGGIEYSINNASICSVGFSVTR,0
MERQNVQQQRGKDQRPQRPGASNPRRPNQR,0
SNWLKLGKKMMSAL,1
RSITRPVLVRRRWRVRPVF,1
QYGRRCCNWGPGRRYCKRWC,1
DVTFSMLGANGATYYQFF,0
FLPIIAGMAAKVICAITKKC,1
FLSTLLNVASKVVPTLFCKITKKC,1
SKGKKANKDVELARG,1
ENFAGGCTPGYQRTADGRCKPTF,0
GPPVS,0
MHNSIAYDKDGNSTGQKYYAYG,0
VNWKKILGKIIKVAK,1
GIGKFLHSAGKFGKAFLGEVMKS,1
CVVSSGWKWNYKIRCKLTGNC,1
RLRRIVVIRVRR,1
PRRRTRRASRPVRRRRPRRVSRRRRARRRR,0
LRLDLSNLR,0
LGIYSDAGTQTCSK,0
YQWQRRMKLGAPSIT,0
FALESFWDGKGNASAHAMEMTK,0
AASKAAKTLAKLLSSLLKL,1
LCAAHCLAIGRR,1
GDACGETCFTGICFTAGCSCNPWPTCTRN,0
MSILPVIFLPIFFYSSFVQTFNASECIDKG,0
MAAACRCLSLLLLSTCVALLL,0
VVNGKPTRTNVGRMVSLKYRNKHI,0
MDIISLGWSSLLVVFTFSLSLVVWGRNGF,0
SGLLINQPKYSWLKELGL,0
FFHHIFRGIVHVGKTIHRLVTG,1
WNETSDKDLYTDSR,0
APQANSFYVGAKAGD,0
ALYLAIRRR,1
MDLIFPLVGSLLLVICVMVGVAFLTLL,0
SKCYQWQRRMRKLGAPSITCVRRTS,1
TRRFDDVLDEVKGFFEVH,0
AWLDKLKSLGKVVGKVGLGVVQNYLNPRQ,1
FLPLIAGVAASILPKIFCFITKKC,1
KFKKLFKKLSPVIGKEFKRIVERIKRFLR,1
EATKCFQWQRNMRKVR,1
RFRLPFRRPPIRIHPPPFYPPFRRFL,1
DLIWKLLSGAQEAFGANKSR,0
AGDKPGDALLDEWLG,0
FFGTLFKLGSKLIPGVMKLFSKKKER,1
DRYERGDVNLDLKGF,0
AALRGCWTKSIPPKPCSGKR,1
RIGVLLARLPKLFSLFKLMGKKV,1
GAFGNFLKGVAKKAGLKILSIAQCKLSGTC,1
AAKIILNPKFRCKAAFC,1
GLLRRLRDFLKKIGEKFKKIGY,1
ILPFVAGVAAEMMKHVYCAASKKC,1
RRLCRIVWVIRVCRR,1
SGNTIYFGEGSWLTVV,0
FFHHIFRGIVHVGKTIHKLVTGG,1
MKKCAFVSDFDGTISKQDFY,0
KFFRKLKKSVKKRAKEFFKKPRVIGVSIPF,1
AKKPVAKKAAGGVKKPK,1
RAVAVIIRLRRV,1
PAGHGARARTRDLFAR,0
GFAD,0
MKVFVLNGPNLGRLGKREPA,0
MVQRGSKVKILRPESYVYNEVGTVAS,0
MRLKELFDAQMEYFGEVFEKTEWPYW,0
AQLQNPVGYELQHK,0
FLPLFLPKIICVITKKC,1
KDALEHTGFAPK,0
MIRVARESFALVSVIGFVWMMCTVANLVA,0
GEYCGESCYLIPCFTPGCYCVSRQCVNKN,0
GIMDSVKNVAKNIAGQLLDKLKCKITGC,1
KIKWFKTMKSIAKFIAKEQMKKHLGGE,1
QVIAITGSASGIGAA,0
FKCRRWQWRMKKLGAPSITCVRRAF,1
ATKCFQWQRNMRKVR,1
HEPCGESCVFIPCITTVVGCSCKNKVCYD,0
TNEKLFFGSGTQLSVL,0
WRSLGRTLLRLSHALKPLARRSGW,1
GKITFYEDRNFQGRCYECSTDCPDLSPYFS,0
KWKSFIKKLTDKFLHSAKKF,1
CFALKKAMKKVR,1
KCFQWQRNMRKVR,1
AMPMLRL,0
LALKSGGWLRLFGLKDKKH,1
MIINHNMSAMFAQRTLGVTNNAIGKDME,0
GLGSLLGKAFKFGLKTVGKMMAGAPREQ,1
MIFDGKVAIITGGGKAKSIGYGIAVAYAK,0
VGGLIAYDNIEISQIPVGDGVTLC,0
KWKSFIKKSTSKFLHSAKKF,1
DAIWNLLRQAQEKFGKDKSP,0
AYNGPLA,0
GLRKRLRKARNKIKEKLKKI,1
FLNALKNFAKTAGKRLKSLLN,1
GIFPIFAKLLGKVIKVASSLISKGRTE,1
RFGRFLRKIRRFRPKVTITIQGSARFG,1
KWKSFIKKLPKAAKKVVTTAKKPLIV,1
LIGLVSKGTCVLVKTVCKKVLKQ,1
MAKINELLRESTTTNSNSIGR,0
LGALGCVFPELLSGNGVKFGYA,0
MGDCGCSGASSCNCGSGCSCSNCGSK,0
MALNLQDKQAIVAEVSEVAKGAL,0
MKKTTIIMMGVAIIVVLGTELGWW,0
FFPMLAGVAARVVPKVICLITKKC,1
GINTLKKVIQGLHEVIKLVSNHA,1
MGHLVLVRHYVLVLLLIELMQLLLGSLGLS,0
ALWLAIRRR,1
FLPAVLRVAAKIVPTVFCAISKKC,1
AKKVFKRLEKSFSKIQNDK,1
MSIADLKSRLIKASTS,0
MVKTVAVMVGSLRKDSLAHKLMKVLQK,0
GIPICGETCTIGTCNTPGCTCSWPVCTRD,0
GLPICGETCVGGTCNTPGCTCSWPVCTRN,0
MFAGLPSLSHEQQQKAVERI,0
KWKLFKKIPKFLHLAK,1
MLGFLPLP,0
AGLPTEEKPPLL,0
IGKEFKRIVQRIKDFLRNLVPRTES,1
FQWQRNMRK,1
QAKSQGGSN,0
AKCLRWQWEMRKYGG,1
VGLVFNPYNR,0
MRAKWRKKRVRRLKRKRRKVRARSK,0
FLPAIVGAAGKFLPKIFCAISKKC,1
MQWDEAIHGS,0
ALTEQASKVALTADL,0
LLKWLLKWLKK,1
KFFKKLKKSVKKHVKKFFKKPKVIGVSIPF,1
SHGKVETDEEFDARWVTYFS,0
CKRWWKWIRW,1
TIFLQQQQQQQQQQQ,0
LVLPEVYDQDGHPLRIGQRYIINNP,0
IWRIFRRIFRIFIRF,1
LPRRNRWSKIWKKVVTVFS,1
GLLGLGYGGY,0
TKCFQWQWNMRKVRG,1
WWSYVRRWRSR,1
AASKALRTASRLARSLLT,1
FKRIVQRIKDFLR,1
GIWGTLAKIGIKAVPRVISMLKKKKQ,1
MPKSPSKSSPRKGSPRKASPKRGGKGAKRA,0
MLYANPNTESSPVGFRKKYDNFI,0
SLEDIEHEVEELLR,0
VRRFGWWWGFLRR,1
MKRQDLPRSRSLRSCE,0
KWKLFKKIPLKKF,1
TLASAIASAR,0
RGGRLCYCRRRFCICV,1
VLYQAVNVFSMDVIDVNSAAPKTCD,0
ACEVTQLAVCASAILGGTKPSGECCGNL,0
FGLPMLSILPKALCILLKRKC,1
LLAILLLALLALRKKVLA,1
FMGSALRIAAKVLPAALCQIFKKC,1
KLKNFAKGVAQSLLNKASCKLSGQC,1
SMWSGMWRRKLKKLRNALKKKLKGE,1
DSTNTV,0
MLKYIYMHLSHKYNHILFTYNTRIIS,0
LKWLKKWLK,1
FIHHIIGGLFSAGKAIHRLIRRRRR,1
MNREEMHCDVVKI,0
EEQEQEQEQDTKMA,0
INFLKLGKKILGAL,1
MDIITLGWVGVLSVFTLSIAFVVWGRHGM,0
ITIPPIVKDTLKKFIKGAISGVM,1
FRGHAKGDKKNQKK,0
ADNPGDDGN,0
FKGGGPYGQGVTRG,0
GIFGKILGVGKKVLCGLSGMC,1
PAWLVDCPCVGDDISRLLTRGEK,0
AIMDTIKDTAKTVAVGLLNKLKCKITGC,1
IGKEFKRIVQRIKDFLRNL,1
FLPIVAKLLSGLLGRKKRRQRRR,1
RCRFCCRCCPRMRGCGICCRF,1
AGEPANNEDRFNY,0
MIINNNISALNANRQLNLTGNSMTK,0
MIFVATSLSCRWWWPVM,0
ALKDEFEEHAEKAKTLPENTSNENKLILYG,0
GWKDWLKKGKEWLKAKGPGIVKAALQAATQ,1
MAPPRTSTS,0
VNWKKVLGKIIKVAK,1
CFKFKFKFGSGFKFKFKFC,1
GPLQLSWNYNYGAAGK,0
YRRRRRRGRRGRRRRGRRRRSRGRRRAHGG,0
IGKKFKRIVKRIKKFLRKL,1
MSHTVKIYD,0
STAGDTHLGGEDF,0
YQWQRRMRKL,1
SALVGCWTKSWPPKPCFGR,1
TKPR,0
GNNRPVYIPQPRPPHPRL,1
DLIWKLLSAAQEAFGKNKSR,0
MNILHICVTSKWFNIDNKIVDHRP,0
VNWKKILKKIIKVAK,1
MLVLYRKRFSGFRFYFLSIFKYII,0
MNQKHLLRFIKKSYQVDADRVVYSTK,0
QVWYDREVTAFVEPG,0
LQLSYRPRVMIMAVMFVFCINKGYDIY,0
AAAPF,0
CFQWQRAMRKVR,1
MIKVPLPDVIFVAHRNKHTRQGNITQTKY,0
EAPVGFTPPELDPSTPSPIFGGSTGGLLR,0
PSYKLHYFDLRAAGE,0
GHKLGEFAPTRTFRGHKKEDKKVKR,0
DPMPAEDIVDLAYES,0
AKCLRWQWAMRKVGG,1
GIKDWIKGAAKKLIKTVASNIANQ,1
RLARIVVIRVRR,1
MSDIEQRIKQAVAEQLGMRAEEIKNE,0
CLRIGMRGRELMGGIGKTM,1
DQAAGVAAIIEIDNIFSESEVISK,0
RQLNPSSQELQSPQQSYLQQPYPQNPYL,0
NPTNLH,0
FRSGILKLASKIPSVLCAVLKNC,1
LKLLKKLLKLLKKLGK,1
IGKKFKRIVKRIKKWLRKL,1
MERQVL,0
MKWAAPIVSEICVGMEVTSYESAEIDTFN,0
RRWWWRWRRW,1
WQRRMRKLGAPSIT,1
RLCRIVPVIRVCR,1
DSDSAHLIG,0
FLPIIASVAANVFSKIFCAISKKC,1
MKTKFVFDLLAPDDILHPSNHVNLIIRLI,0
GLKDIFKAGLGSLVKGIAAHVAN,1
CYIQNCPRGGKRSYPDTAVPQCIPCGP,0
INWKKIFQKVKNLV,1
RGGRLCYCRPRFCVCVGR,1
MTDAQVFTILAIALVPAVMALLLGSALARS,0
LLSLALAALPKLFCLIFKKC,1
QKVAVRLKEVVYTLSPHQQN,0
FLPMLAGLAANFLPKLFCKITKKC,1
VLHTGYRKFLHRSKRFFHLR,1
KKLALLALKKWLPALKKLALLALKK,1
QKTLIFGHKNPDTDTI,0
RRIIIRWRRI,1
FIPGLRRLFATVVPTVVCAINKLPPG,1
FLPIIAGAAAKVVQKIFCAISKKC,1
AYSLQMGATAIKQVKKLFKKWGW,1
VGVKRRLKCLLSLRS,1
GFREVLKGAAKAFVKTVAGHIANI,1
IRWRIRVWVRRI,1
AEVYNKDGNKLDIYGKAVGLHYFS,0
MALNLQDKQAIVAEVSEVAKG,0
GLWKSLLKNVGKAAGKAALNAVTDMVNQ,1
SQTQSFNFNKFEQNK,0
GGYKNFYGSALRKGFYEGEAGRAIRR,1
LNLKGIFKKVASLLT,1
MIKSELVQIVAARNPHLYHRDVENIVNAFL,0
FLTGVLKLASKIPSVLCAVLKTC,1
RRRFPWVCWPFLRRR,1
MHLSTLPNVPWPNRSFTTKRPPLPNMSFSW,0
MFSLSNSQYTCQDYISDHIWKTSSH,0
GRREDDYDNLQL,0
MDILSLGWAALMASFTFSLSLVVWGRNGF,0
KLKNFAIGVAQSLLNKASCKLSGQC,1
MPNISEIIDSINRRSMAEIIT,0
MNSVQFKNHHHHHHPD,0
AIKVFHIVAETGIHARPAT,0
MVINNNISAINAQRTLKFRQVDLKK,0
MQLFHLCLIIFCSCPTVQASKLCLGWL,0
MSDELIHVVIALGLVISFGLGAITAGVLR,0
RVVRQWPIGRVVRRVVRRVVR,1
MIKSDQET,0
AKKPVAKKAAGGVKKPKK,1
GIPCGESCVWIPCISAAIGCSCKNKVCYRN,0
RGKRWWRRKK,1
QSPKDAYPYDISELVKDAYPYDISELVK,0
GLLNGLALRLGKRALKKIIKRLCR,1
AVPLIYKRPGVYVTKPKGK,1
VATFTLPDLPYDYGALEPAV,0
GIGAAILSAGKSALKGLAKGLAEHF,1
MKFLCWQKSIHGS,0
GLASFLGKALKAGLKIGSHLLGGAPQQ,1
ANQTYFNFQRFEETN,0
GNNRPVYIPQPRPPHPRI,1
FLPFIAGVAAKFLPKIFCAISKKC,1
TSHGGGKAGKSKLLDVNY,0
MKHIQIRNSDMDWHIAANNLG,0
TLISWIKNKRKQRPRVSRRRRRRGGRRRR,1
MWGLNRWLTFTMLILLITSHCCYWNKR,0
MLTVKIINGDGAIDKHLTLNEKEAFKKTI,0
TKCFQWQRNMRKVRGPPVSCIKRDS,1
FIFPKKNIINSLFGR,1
KWKSFIKKAKTSFLHSAKKF,1
KWKSFLKTFKKAVKTVLHTALKAISS,1
GIGGALLSAGKSALKGLAKGLAEHL,1
SKCYQWQRRMRKLGA,1
MKVYTDIFTRDEFLSDSYPM,0
GKPRPYSPRPTSHPRPIRV,1
FFGRLKSVWSAVKHGWKAAKSR,1
ASVVKTTIKASKKLCKGATLTCGCNITGKK,1
SVALQVTVDAVSGSAKEKITAAGTVTELV,0
MFHDLPGVK,0
GCSYSTRPYFLRWRLKFKSKVWCG,1
MIRQKIFVFIVKSRRNSICPAIRRKEDY,0
ACYCRIPACLAGERRYGTCFYLRRVWAFCC,1
RRRRRRRRHRRRRGRRGRRSRGRR,0
MPGLDSPAAVRRAAMDLLAR,0
EKCLRWQNEMRKVGGPPLSCVKKSS,0
VLLVTLTRLHQRGVIYRKWRHFSGRKYR,1
IWKLLSKAQEKFGKNKSRS,0
RPWAGNGSVHRYTVLSPRLKTQ,1
MKLAILGAGCYRTDAASGI,0
VPATIPLTITNDSGG,0
DSHAKRHHGYKRKFHEKHHSHRGYR,1
FRLSPAARNILEKHSLDASQGTATGPR,0
MKTFLRLYRSLINKVLHV,1
RNCESLSHRFKGPCTRDSN,1
MRFCWQKSIHGS,0
LLAAHLLAIGRR,1
KWKLFKKIPHLAKKF,1
AGEPKLDAGV,0
VRLRIRVAVIRA,1
VRPYLVAFYESH,0
KIWFQNKKMKWKK,1
NAPPNLTLR,0
LNLKALLAVAKKIL,1
ENFAVGCTPGYQRTADGRCKPTF,0
KRNGFRKFMRRLKKFFAGGGSSIAHIKLH,1
LKKISQRYQKFALPQY,1
GIFSSRKCKTVSKTFRGICTRNANC,1
KKLAKALKLLAPLWLKLAKALKKA,1
MPGIAFKGKDMVKAIQFLEIVVPCHCTT,0
MQLTPPEVEK,0
GLIKIVPAMICAVTKKC,1
ALKAALLAILKIVRVIKK,1
FIGALLRPALKLLAGK,1
VRRFPWWWPFLRR,1
KLLSKAQEKFGKNKSRSFQL,1
ALWLAIRKR,1
MKDTE,0
MLASGLLLVALLACLTVMVL,0
MRAKWRKKRVRRLKRKRRKTRARSK,0
FIYHSYK,0
WKKIASIGKEVLKAL,1
MRELIRLVSSAGTGHFYT,0
MDIVSLAWAGLMVVFTFSLSLVVWGRSGL,0
RKCLRWQWEMRKVGG,1
NPVVRITNGAIRGQN,0
PPCRGIFCRRVGSSSAIARPGKTLSTFITV,1
MKHIPFFFAFFFTFP,0
LQQAEARR,0
GFCRCLCRRGVCRCICTR,1
RIKRFWPVVIRTVVAGYN,1
VRLWIRVAVIRA,1
SHAKVETDEE,0
MRSFDQGSTRAPARERCRRQRPEGRSAQR,0
DITEVIAAGR,0
RRAAVVLIVIRR,1
GLPVCGETCFGGTCNTPGCSCTDPICTRD,0
MGSLESERFVVDVAASNLDK,0
GAFGNFLKGVAKKAGLKILSIAQCKLFGTC,1
VGKTWIKVIRGIGKSKIKWQ,1
IPAMEPAARVKRSPGYGGCSPRWACGGYG,1
CKPASIKIRLNSTADTGFYV,0
GIGGVLLSAGKAALKGLTKVLAEKYAN,1
LEDNGRTHWAVLVA,0
MKIILWAVLIIFLIGLLVVTGVFKMIF,0
RCVCTRGFCRCICLLGIC,1
RRRRRRRGHRGRRGRGGRRSRGRRRRAA,0
GSAIACGESCFKFKCYTPGCSCSYPICKKD,0
FFPIIAGMAAKLIPSLFCKITKKC,1
ALFSILRGLKKLGNMGQAFVNCKIYKKC,1
TDSIKETIKETVNHQAEWPY,0
GLASTLGSFLGKFAKGGAQAFLQPK,1
ELISNSSDALDKTNNSLTIIDSGIGMTK,0
TRTPVNVTVTGAAGQIGYAL,0
DAHNEDEEHAEGS,0
EVIAQLTMIAMIGIAGPMIIFLLAVRRGNL,0
IWRIFRRIFRIF,1
SGGGNVIMNQMNKRNHAKD,0
VNWKKVLAKIIKVAK,1
AKIIGIDGLTTNSWVAVLESDKVHV,0
TDMLAVSVSSTDAIGHKYGT,0
GLLSKVLGVGKKVLCGVSGLC,1
HFLGTLVNLAKKIL,1
KWKSFIKKLPSAAKKVVTTAKPLALIS,1
MDIISLGWAGVMTMFTFSLALVVWGRNGF,0
MRAKWRKKRMRRLKRKRRKMRQRSK,0
SDNNQQGKSAQQGGY,0
SGTSEKERESGRLLGVVKRLIVCFRSPFP,1
KKLALALKKPALLWKKLALALKKA,1
KFVRLKIYCRDKNKGRGISF,1
HAKDVVFGGEARARMVEGVNILANA,0
KRIGLIRLIGKILRGLRRLG,1
DEAVVHDSYAFDKNQLIPVGARAE,0
SLSIMEPIR,0
MTDTQVFVALLLALVPAVLAYRLGTELYR,0
FLPMLAGLAASMVPKLVCLITKKC,1
APRKNVRWCTISQPEWFKCR,1
MSWTKPAYTDLRIGFEVTMYFASR,0
SDTVDIYDAGKILERVII,0
GIPCAESCVYIPCTITALLGCSCKNKVCYN,0
GWASKIGQTLGKMAKVGLQELIQPK,1
TVLKTDAQCNCEAFKALSLP,0
KKLALAPKKLALLWKKLALALKKA,1
SEKITVFQKNFQVTENSSHFV,0
ARTGFGVLKPAMQGYPGLVLPR,0
DPAFRLPTTTRPRHYQAAIPDFSAGA,0
DVLELTDENFESRVSSDTG,0
RRWCFRVCYRGFCYRKCR,1
KFGKNKSRSFQL,0
GLKDKFKSMGEKLKQYIQTWKAKF,1
ENFVGGCTPGYQRTADGRCKPTF,0
MSQNTKGKLSLVGLSLMI,0
GFVALLKKLPLILKHLP,1
VVAFERAK,0
GFCRCICTRGFCRCICTR,1
FLSTALKVAANVVPTLFCKITKKC,1
PAWLVDCPCVGDDINRLLTRGEK,0
NVTELIGNTPLVELI,0
ALLDKLKSLGKVVGKVALGVVQNYLNPRQ,1
FLSLALAALPKLFCLIFKKC,1
MKKSIRRSGGKSKGARLWYVGGTQY,0
KCRRWQWRMKKLGAPSITCV,1
RATVAQPR,0
ELAKKALKALKKALKSAR,1
LGSAPITEEAIATPPSAETKLVPVGYGIKK,0
IANVFAVDIHPAAR,0
MAITAAASRLGTEPF,0
EGGGNRGDPSGVC,0
GAVGEIQILLNNIASQLNGDQKKADKV,0
GLLSGILGAGKHIVCGLTGCAKA,1
KGDIMVFPR,0
QWGRRCCGWGPGRRYCVRWC,1
MIEIRFHGRGGQGAV,0
LLMRKLIKGYGYLFGKGKRKKR,1
GTPCGESCVYIPCISGVIGCSCTDKVCYLN,0
AVLDTALSGIDKVLHGSIDAHKAD,0
FLPILAGLAANILPKVFCSITKKC,1
LPRHTLHCVAYHGYCFHSKV,1
ELVSNASDALDKLR,0
KKWQWRMKKLG,1
AEPRDQFK,0
KEKLKLKCKAPKCYNDKLACT,1
CVKCKCKCGSGVKVKVKVC,1
KAAAAKKSPKKPKKPAAAKK,1
MDFNISGIGNVS,0
LKLLKKL,1
APRKNLKW,1
MAAYLDPTGQY,0
ARAVGIDLGTTNAVVAVLEG,0
GIGGALLSAGKSALKGLAKGFAEHF,1
QRPYTQPLIYYPPPPTPPRIYRA,1
VVSQYHELVVQARLSEQELEFR,0
GFRDVLKGAAKQFVKTVAGHIANI,1
GFPTCGETCTLGTCNTPGCTCSWPICTRD,0
RLARIVVIRWAR,1
MNFKYIKKDG,0
YKDQGLEILAFPCNQFG,0
NEQSGKSQTVIVGSWGAKVS,0
GFKDWIKSAAKKLIKTVASNIANQ,1
LLKWLLKWLLK,1
MELILNKEYRLVIIVLISVYYRYRFFLLLF,0
PGLGFY,0
GPAAVVRLLGK,0
MINGWTGNILRINLTTGAIS,0
ALWKTIIKGAGKMIGSLAKNLLGSQAQPES,1
VQIFVRDNNVDQALKALK,0
ANVGFVIQLQARLRGFLVRQKFA,1
FKCRRWQWRMKALGA,1
HEDNAGIAVYWGQDAREGDLVTACN,0
FLPAIAGMAAKFLPKIFCAISKKC,1
FKLFKKIPKFLHLAKKF,1
TQAGSQNPNDLSPGP,0
MSAGVITGVLLVFLLLGYLVYALINAEAF,0
FNRGGYNFGKSVRHVVDAIGSVAGILKSIR,1
KQRSGESQNIIVGSWGAKVS,0
ITIPPIVKDTLKKFFKGGIAGVMGQ,1
MLKSEVSKQISMPLTAPAF,0
MSGCGCASTGTCHCGKDCTCAGCPHK,0
MDYLITFYHSPQTNS,0
MKATFVLHGWWRTS,0
APKKQLKW,1
FLPLVRVAAKLIPSVVCAISKRC,1
GTPCGESCVWIPCISSAVGCSCKNKVCYKN,0
LPASVDWRKEGAVLPIRHQGQCG,0
GLADYWRTAFRANFANLGPGIRCKSARC,1
EMLKKKKEVKMERKT,1
GFRDVLKGAAKAFVKTVAGHIANI,1
FLPAIVGAAAKFLPKIFCAISKKC,1
LGAEISSLTLEEAR,0
KWNSFIKKLTSKFLHSAKKF,1
SGANVLTFGAGSRLTVL,0
GIFSKLAGKKIKNLLISGLKG,1
VTVYDAEGTKVQIDGSLRVEL,0
MGWSLCFWHVSVRMTHDVVCYY,0
ALWKSLLKNVGKAAGKAALNAVTDMVNQ,1
MANTQNISIWWWAR,0
AALRGCWTKSIPPKPCPGKR,1
MNKQRFLFAAKISGIHFLLSLTVAALLAGL,0
ANPICPKIPNPTIRISGRNDLCVDVK,0
LFRKQLKW,1
FLPAIVGAAAKFLPKIFCVISKKC,1
ATCSASQLSPCLGAI,0
INWLKLGKKILGAI,1
AISGLTPCKESKQFAKREKQ,0
MQLVLAAKYIGAAIATIGLIGADDKTSNM,0
TTAPCKCWIGLRRCFK,1
ALWKTLLKGAGKVFGHVAKQFLGSQGQPES,1
AGLQFPVGRIGRLLRK,1
ADEGFSATVRNGAV,0
KWKSFIKKLTSVLKKVVTTAKPLISS,1
VSKIKKYLKYKDRI,1
RRFFFRFRRF,1
MNPCSSNCSCGASCTCSGCSSHKK,0
ANNAGARKAIRKIEARTEVN,0
LSLQEFLGLWR,0
GIGTKILGGLKTAVKGALKELASTYVN,1
AKSILLGEEGRHSMQAGVDKLANTVKVTLG,0
SITKIKAREILD,0
DLYGNIVLSGGSTMF,0
CFAWQRNMRKVR,1
CLGIGSCNNFAGCGYAVVCFW,0
AWLDKLKNLGKVVGKVALGVVQNYLNPRQ,1
FLPVLAGLTPSIVPKLVCLLTKKC,1
GIGTKIIGGLKTAVKGALKELASTYVN,1
MRFYFYSQAVDESGVTR,0
ETELAKKALKALKLKKLA,1
SSMKLSFRARAYGFRGPGPQL,1
GFKDWIKGAAKKLIKTVAANIANQ,1
RDVDVGSFLPKSPSDPSMVL,0
FIAGLNGLR,0
KRFRIRVRVIRK,1
KRKCPKTPFDNTPGAWFAHLILGC,1
MIKPDGVQRGLVGEIISRGDFAIDIGR,0
KKLALALKKLAPLWKKLALALKKA,1
MIAPIFAELAKTVGADKDGLPTLVAK,0
KLIPIASKTCPAGKNLCYKI,1
STDALSK,0
LTTKLWSSWGYYLGKKARWNLKHPYVQF,1
ASIIKTTIKVSKAVCKTLTCICTGSCSNCK,1
VNWKKILPKIIKVVK,1
FLPVIAGVAANFLPKLFCAISKKC,1
FFRLLFHGVHHVGKIKPRA,1
MAKEKIRIRLKAYDHR,0
KRIRFFERIRDRLRDLGNRIKNRIRDFFS,1
MERASKMPSSYLYDQ,0
FLPVIAGLAAKVLPKLFCAITKKC,1
KWKLFKKISKFLHLAKKF,1
MIIKTLKMSARKRN,0
RRWWRRWRRW,1
CFQWQANMRKVR,1
MKTISRQAYADMFGPTTGDRLRLADTELFL,0
KIAKVALKAL,1
INMKASAAVAKKLL,1
MAWKTPRYDETPVGMEINMYACAKRK,0
GMYTHEGSDP,0
MRKYEIMYIIRPDMD,0
ILKKWPWWPWRRK,1
MRILSIIRWTRMKKSSA,1
MTRVQFKQHHHHHHPD,0
GLRSKIWLWVLLMIWQESNKFKKM,1
FVGPVLKIAAGILPTAICKIYKKC,1
GKPICGETCFKGKCYTPGCTCSYPICKKN,0
FFGKVLKLIRKIF,1
GLKDWWNKHKDKIIAVAKEMGKAGLQAA,1
EHDPSAPGNGYC,0
MLVGKKVQTF,0
MVQLVDLARCVSF,0
RWFRIQLQIRRWRNRR,1
GFMDTAKNVAKNVAVTLIDKLRCKVTGGC,1
ELAKKALRALKKALKSAK,1
LCAARCLAIGRR,1
SEDETRLVKNLFSGYNKVVRPVNH,0
FFVLKFLLKWAGKVGLEHLACKFKNWC,1
KQIKIWFQNKKMKWKK,1
RKGWFKAMKSIAKFIAKEKLKEHL,1
KWKSFIKKLTSKFLHSKKKF,1
KAEEEVEKNKEEAEEEAEKKIAE,0
GIGGALLSAGKAALKGLAKVLV,1
MDIITFGWVAVAAFFALSIAFVVWGRNGM,0
GIGKFLKKAKKFGKAFVKILKK,1
INWLKLGKKIISAL,1
MKIIGLIGGIGSGKTTVAQLFVDEGFPLVD,0
GILDTIKNAAKTVAVGLLEKIKCKMTGC,1
YSLKKTSMKIIPFTRL,1
GLRRLFADQLVGRRNI,1
MTLIKYKRKNIQFYKKIIANGYAK,0
MWTKPAFEDIRLGFEITMYAAVE,0
LNLKGLFKKVASLLT,1
KWKSFIKKLTSKFLHSAKKN,1
SIITMTREAKLPQLWKQIACRLYNTC,1
NTGELFFGEGSRLTVL,0
IRRIIRKIIHIIKK,1
MKRNDKILHYRGLN,0
RIKRFWPVVIRTVVAGYNLYRAIKKK,1
KLGFENFLVKALKTVMHVPTSPLL,1
GVVDILKGAAKDIAGHLASKVMNKL,1
SNQPQHFGDGTRLSIL,0
MSDINAIRAPILMLAILPCVGDDIEVLR,0
MALPLLEYKPT,0
GVYVIEEDVATYTIK,0
MKPALRDFIAIVQERLASVTA,0
GFMGDTLKGIARNAALALMNAAQCKLSGKC,1
INWKKIASIGKEVLKAI,1
VSTAPYGAWQSPID,0
IGKKFKRIVQRIKKFLRNL,1
VGRKHSILNCIPYLKKKKIMRL,1
WKKIPKFLHLLKKF,1
GLMDTIKGVAKTVAASWLDKLKCKITGC,1
PVQSVFSATRCGAN,0
ENFKIKHTEPGLLSMANAGKN,0
MTAFASLREPLVLANLKIKVHIYRMKR,0
KWKLFKKIPKFLHL,1
AILELPQSPNVFHPEKPSAVG,0
AESEAGDASPLVTEVLIGSPPGYVGYTEGG,0
ARYGKSPYLYPLGY,0
RCVCRRGVC,1
YAEVPSPAAQAPTAD,0
CFQWQRNARKVR,1
MQYISLNTTIITTTETTGYGAG,0
CSVVDLAR,0
SWKSMAKKLKEYMEKLKQRA,1
RLARIVVIRVAR,1
RCICTTRTCRFPYRRLGTCLFQNRVYTFCC,1
VGTRVVRIEDQQLITQGGTYVEDL,0
RIISSVAVAVAGTA,0
VNWKKILGKIIKVVK,1
EEWQWEMEELG,0
DVPASIDWREYGYVTEVKD,0
KWFRVYRGIYRRR,1
IIYCNRRTGKCQRM,1
FKCRAWQWRMKKLGA,1
GLPRKILCAIAKKKGKCKGPLKLVCKC,1
GFGPAFHSVSNFAKKHKTA,1
MNIVDIAWAALMVVFTFSLSLVVWGRSGL,0
MIPAAFDYVAPSTVDEAVQAL,0
EATKCFQWQRAMRKVRGPPVSCIKR,1
MDIVNIAWAALMVVSTFSLTLVVWGRSGL,0
MFSPQ,0
MGAVAKFLGKAALGGAAGGATYAGLKKIFG,1
KKKKPLFGLFFGLF,1
IVRVAVALRRIR,1
FALGAVTKRLPSLFCLITRKC,1
ITIPPIVKDTLKKFFKGGIAGVMGKSQ,1
LAGLDTAIILIAFIITASVLAYV,0
EGLLQLPSDK,0
MSVSCWEFNAG,0
MARIAGVNIPTGKRVPI,0
SWASMAKKLKEYMEKLKQRA,1
GVPVCGETCFGGTCNTPGCSCDPWPVCSRN,0
RLSKKPGKVKE,0
GILDTLKQFAKGVGKFLVKGAAQ,1
GFMDTAKNAAKNVAVTLLDNLKCKITKAC,1
KLQLPTLDDPVPIGIAPAIT,0
FKCRRWQWRMKKLGAPSITCVRRAFAL,1
GHAKKDKKIQKK,0
VLADVYNVEPETLR,0
FLPMLAGLAANLLPKLFCKITKKC,1
FLPAIFRMAAKVVPTIICSITKKC,1
RQIKIWFQNRRLKWKK,1
YKARRWAWRWK,1
MMYLMPLLIVIVGCLALHCSDDDMPDGHA,0
RKCLRWQWAMRKVGG,1
MAIVGTIIKIIKAIIDIFAK,0
NTVKETIKYLKSLFSHAFEVVKT,1
FNAGGHINHSLFWQNLAPASSNEAK,0
KETWWETWWTEWSQPKKKRKV,1
FLPIVAGLAANFLPKIVCKITKKC,1
GFVALLKKLPLILKHLH,1
IIAGTARSMGITVEG,0
GIGAVLKVLTTGLPALISWIKRKRQQ,1
MPFKLFDVSKPIPERKEHTYVKHCGDP,0
RICRTRLTRRAGNSL,1
MCLGVPIKLSKLMKILFNLPQ,0
AVSNPEATKC,0
GLRKRLRKFRNKIKQKLKKI,1
RGLRRLGRKIAHGVKKY,1
GIPTCGETCTLGTCNTPGCTCSWPICTKN,0
RCLCRRGVCRCLCRRGVC,1
ECWMDGHCRLLCKDGEDSIIRCRNRKRCC,1
VFFAGP,0
KKCFRWQWRMKKLGA,1
MIGINVAIFTNVQRRTVS,0
AKTFKYIILG,0
MEFSPRAAELTTLLESRISNFYTNI,0
NYGYTFGSGTRLTVV,0
QERRQSPE,0
ALAQLLSLAR,0
MIYSTEVSNMAGV,0
QSAREQG,0
GIWGTALKWGVKLLPKLVGMAQTKKQ,1
KNLRRIIRKGIHIIKKYG,1
LLKKLLKWLKK,1
VDKGSYLPRPTSHPRPIRV,1
GFCRCLCRRGVCRCICTK,1
MKRIGVLTSGGDSPGMNAAIRAVVR,0
VTAKAVAAAEAASSAR,0
TFDVCYEQLFFVGGNWK,0
RMAGRNRTEFYKLLSRHELDANDFKE,0
FEDAKKVRFFKSNSETIK,0
RGGGLCYCRRRFCVCVGR,1
SGHTKIKVAVDT,0
TPLWSLMQDLMM,0
GIGTKILGGVKAALKGALKELASTYVN,1
ATNIPFKVHFRCKAAFC,1
TDPLWQLPGAHLEQYLS,0
MKIKFSRGARFSATFSFDKYPFLLYEVVR,0
MKYLAFLIKGKTTHFDVGK,0
MNKKSIRNVNLKGKRVFDRV,0
RPILIRVRRIRVI,1
SSNKLTTSWG,0
FFGPLIKIATGVLPNLICKALGKC,1
MYVLQEINPGITS,0
TKCFQWQRNMRKVRG,0
GFLGPLLKLGLKGVAKVLPHLIPSRQQ,1
TSSLFPHPRL,0
MLFKKISKFVGWLSGSSVGSITSKTHE,0
KFCPEGKCV,0
GLLKPLLKIAAKVGSNLL,1
FLPAVLKVAAHILPTAICAISRRC,1
KWKSFIKNLTKGGSKILTTGLPALIS,1
AIANAPLLDTTITDRVFFD,0
KWKSFLKTFKSALKTVLHTALKAISS,1
KWKSFLKTFKSLKKTVLHTALKAISS,1
SNTSHQDFHSFYGTNLMIGG,0
WQRRMKLGAPSIT,0
AAQEGETLTVEETV,0
RRLFRRILRYL,1
RGLRRLGRKIAHGVKKYGATVLRIIRIA,1
AWRWKAFRNCWRVRSSSL,1
QVHHQK,0
KCRQWQSKIRRTNPIFCIRR,1
LRWTPTPSYPRYPTRSRGSRWSR,1
WKSYVRRW,1
MKITPLGDNVVIKKLLATA,0
MADAAVHGHGDHHDTRGFFTRWFMS,0
AALKGCWTKSIPPKPCSGKR,1
VRLRIRVAVRRA,1
INLKALAALAKKIL,1
FLPGVLRLVTKVGPAVVCAITRNC,1
KFFKKLKNSVKKRAKKFFKKPKVIGVTFPF,1
APGDLLWSDEFDGAAGSAPNP,0
CLIMKVRRKK,1
RWAEIVCRSPSCNECCEWHTCFAPED,0
SNGSNIDVAGAVNTLVETAGKLFQ,0
MTSDYRVSPIKKSRPAMSK,0
DEQSGISQTVIVGPWGAKVS,0
CAKAKAKAGSGAKAKAKAC,1
TEIQSFNFNGFVPEN,0
AHCLAIGRK,1
MQTFSLLVAYKIFTDGTETKRVHASKAKHA,0
LLKLLKWLLKLLK,1
NPVDDHHDDHHDAPIVEHHD,0
FFPIIAGMAAKVICAITKKC,1
RFIYMKGFGKPRFGKR,1
GIGKFLHSAGKFGKAFIGEIMKS,1
DYPKLTFTTS,0
IAYKPE,0
TKKDGEEKVA,0
KWKFKKIGIGAVLKVLTTGLPALKLTLK,1
CFQWQRNMRKVRGPPVSCI,1
MIDDSQIFVALLFALVSAVLAIRLGKELYQ,0
MSGGYSNGFALLVVLFILLIIVGAAYIY,0
ATKGSSDNRVLTGV,0
RRWSFRVSYRGFSYRKSR,1
ILELAGNAARDNKKTRIIPRHLQL,1
RKCLRWQWEMRKYGG,1
RRWRIVVIRVRR,1
GVACGESCVYLPCFTVGCTCTSSQCFKN,0
QSHLSLCRWCCNCCNRYKGCGFCCKF,1
FFHHIFRGIVHVGKTIHKLVTG,1
RQIKIWFQNRRMKWKK,1
GIGGKILGGLKTALKGAAKELASTYLH,1
FFGHLYRGITSVVKHVHGLLSG,1
MTQRPWSKLQRKTHNIAALKIIARRSE,0
IVGGTEVTPGEIPYQLSFQD,0
KAEEEVEKNKEEAEEKAEKKIAE,0
TSRCYIGYRRKVVCS,1
GQNFTSDKDLYTDSR,0
RRLFRRILRWL,1
MHSNNSRQILIPHQNENMFLTELY,0
SKTPIRVAVTGAAGNIGYHLLFRIA,0
YGGSQGNLIFGKGTKLSVKP,0
VWLSALKFIGKHLAKHQLSKL,1
MTHIVRFIGLLLLNASSLRGRRVSGIQH,0
VIVKAIATLSKKLL,1
RLFRHAFKAVLRL,1
MFFKIDLKNHPYLIRLKKQEE,0
SALVGCGTKSYPPKPCFGR,1
FFPAILRVAAKVGPAVLCAITKKC,1
GRPNPVNNKPTPHPRL,1
KKVWFIFHVCPKLKQRIL,1
MKIADQFHDELCRLAAINFEAHVLHG,0
INWKKGKEVLKAL,1
GIFDKLKNFAKGVAQSLLNKASCKLSGQC,1
VTLDVED,0
GGCDGDRQDM,0
HEEQITQPSATNDEA,0
IGKLFKRIVKRILKFLRKL,1
FLSFPTTKTYFPHFDLSHGSAQVKGHGAK,1
SGSGVRSAKKGGKAQGGQAGVGYKGSTEPG,0
MELGLEPADDFKEKLIKLSA,0
MALNLQDKQAIVAEVSEVAK,0
GGGSNFGQFAGGLLDR,0
GVIKSVLKGVAKTVALGML,1
ETVPYMFEN,0
AKKVFKRLEKLFSKIQNWK,1
VTVVQYRSTNASSGYLNLRVYLLDTGLR,0
FIHHIIGGLISVGKHIHGLIHGH,1
LRNVEQQCRADALVERAQELIHGQQ,0
MKRISTTITTTITITTGNGAG,0
MERQVFIRLRHRLEADP,0
GVFCGEPCIKASCSIPGCECIAGLCYKN,0
ISVDELSNYNF,0
MFKMKFGDTLPRSDFGTGGNKQAPGLELG,0
MIREPRIREPRSLA,0
GMKCKFCCNCCNLNGCGVCCRF,1
GVFTFEDESTSTVAPAKLYK,0
SAVGRHGRRFGLRKHRKH,1
FENKVPEKQKLFQEDNGIPVHLKG,0
KWKLFKKIPLAKKF,1
GLTDQKSAPPGL,0
MRAKWRKKRMRRLKRKRRKMRARSK,0
CIKRDSP,0
GLMDTVKNVAKNLAGHMLDKLKCKITGC,1
AKAGVNKPELLP,0
FLPLLAGLAANFLPKIFCKITRK,1
GNNRPIYIPQPRPPHPRL,1
MFKPGYSEAKKPKITDEFSYKQT,0
VGKFPLLANSR,0
KGFMTPERAAEFNFR,0
SGKLWWRRKK,1
AFNLRNRNFLKLLDFTPREIQYMIDLAIDL,0
INWKKIFEKVKNLV,1
GIGSAILSAGKSIIKGLAKGLAEHF,1
IHSKPPREQL,0
NRFTARFRRTPWRLCLQFRQ,1
YRMWRWAWRWR,1
RIKRFWPVVIRTVVAGYNLYRAIK,1
GIGTKFLGGVKTALKGALKELAFTYVN,1
EYCGESCYLIPCFTPGCYCVSRQCVNKN,0
FWGHIWNAVKRVGANALHGAVTGALS,1
RGCYTRCWKVGRNGRVCMRVCT,1
FFGTALKIAANILPTAICKILKKC,1
KNGTVKWFNAEKGFGFITSED,0
FIGPVLKIAAGILPTAICKIFKKC,1
GVGSFIHKVVSAIKNVA,1
MHPVLRQMRPQQQAPSQQQPQKALLAP,0
KWKSFLKTFKSAGKTVLHTALKAISS,1
GLGSLLGKAFKFGLKTVGKMMGGAPREE,1
TMSLRFWRWKVR,1
LDVKKIICVACKIRPNPACKKICPK,1
ALVLIAFAQVLQQCP,0
KFFKRLLKSVRRAVKKFRKKPRLIGLSTLL,1
MQLFHLCLIISCSCPTVQASKLCLGWL,0
MVWLVWKRSTISRKNKKFFKTIFKKN,0
FLPILAGLAAKLVPKVFCSITKKC,1
HLRRINKLLTRIGLYRHAFG,1
LIAGLAANFLPQILCKIARKC,1
FFHHIFRGIVHVGRTIHRLVTGG,1
YRMWRWRWRWR,1
AAALSQAADNLR,0
RKVRGPPVSCIKRDSP,0
NGNLLGGLLRPVLGVVKGLTGGLGKK,1
GRFKRFRKKFKKLFKKLSPVIPLLHLG,1
FFHHIFRGIVHVGRTIHKLVTGG,1
LKKLLKKLLKW,1
INWKKIKSLIKAAMS,1
MDILTLGWVGLLGLFTYSIAMVVWGRHGM,0
RRWQRWMKKLG,1
EKAAAKSAAAKTLARR,1
GVSKILHSAGKFGKAFLGEINKS,1
RLKVIPEKLKDVKLVCTDVFGDN,0
SFDSSVLTK,0
SLFGTFAKMALKGASKLIPHLLPSRQQ,1
GLGSLLGKAFKFGLKTVGKMMGGAPREQ,1
VFEIAPSAK,0
NEQSGISQTVIVGPWGAQVT,0
FAHWPDLGPGSPSVKKHGKVIM,1
FMGGLIKAATKALPAAFCAITKKC,1
KWFKKIPKFLHLLKKF,1
FQWQRNMRKVRGPPVS,1
KWKKFIKSLTKSAAKTVVKTAKKPLIV,1
MSTDLKFSLVTTIIVLGLIVAVGLTAALH,0
FALALKALKKALKKLKKALKKAL,1
MKVKVDADACIGCGVCVELCP,0
IWGIGCNPCVGDEVAALLTRGEA,0
AFKLLGRIIHHVGNFVYGFSHVF,1
GLKDWWNKHKDKIIDVVKEMGKAGLQAA,1
MAATFALHGWWRTS,0
GKWMSLLKHILK,1
MTYQTAIDAVRELKA,0
RLWRIVVIRVAR,1
KWFKKIPKFLHLAKKF,1
GVQKSEVVITSA,0
FASLLGKLAKKLAKKALK,1
DGDDGDGD,0
RIWFQNRRMRWRR,1
RCFCRRGVC,1
KKLAKLALLKWLLALKLLALKALKK,1
GDAAAQPEK,0
YDASLKPNLQIPQKNIPNNDAVNIK,0
RRAAARAKKAG,0
GLSLSFAPK,0
ALRLAIRKR,1
MDIVSIGWAALMVVFTFSLSLVVWGRSGL,0
RWRFLRKISSVHMFSVKALDDFRQL,1
KWKKFIKKIGIGAVLKVLTTGLPALKLTKK,1
KWKSFLKTFKSLKKTVLHTLLKAISS,1
LKLSPETKDTLKKVLKGAIKGAIAIASLA,1
KWKLFKKIGIGAVLKVLTPGLPALKLTK,1
MWTKPAYTDLRIGFEVTMYFASR,0
FFFHIIKGLFHAGRMIHGLVNRRRHRH,1
VLLDGNGEVVQNGGTYYLLP,0
GLAANFLPKIFCKITRKC,1
MDILSLGWAALMAMFTFSIAMVVWGRNGF,0
QESGEVIIEIPR,0
MDIVSLAWAALMIVFTFSLSLVVWGRSGL,0
DSDSAFLIG,0
MDIVSLAWAVLMVVFTFSLSLVVWGRSGL,0
MDIVSIAWAALMVVFSFSLSLVVWGRSGL,0
FKWRRWQWRMKKLWA,1
GFGFVTFGNEK,0
MELCWLTTIHGS,0
KCDVDIRK,0
GLPVCGETCFGGTCNTPGCACDPWPVCTRD,0
RRLCRIVVIRVCRR,1
IVGGQEATPHTWVHQVALFI,0
TGRCATRESLSGVCEISGRLYRLCCR,1
GSKKPVPIIYCNRRTGKCQ,1
ENFSGGCVAGYMRTPDGRCKPTFYQ,0
MIYRELNRALAIL,0
LRHKVYGYCVLGP,1
AMASSLLSGWGGPTTLLVAPM,0
EDFDSQCVPTADPGPCKAYIPMWWYNVLS,0
GIPCAESCVYIPCTITALLGCKCKDQVCYN,0
AKKTILDLKD,0
CFQWQRNMRKVR,1
GKCNVLCQLKQKLRSIGSGSHIGSVVLPRG,1
LSAMLEDTENWLYEELSLTQDPVV,0
KKLKLALAKPALLWKALALKLKKA,1
GLPTCGETCFGGTCNTPGCTCDPWPVCTHN,0
KSKEKIGKEFKRIVQRIKDFLRNLVPR,1
WFRKQLKW,1
MDILTLGWVSVLTLFTYSIAMVVWGRHGM,0
AWLVTCP,0
WREMSVW,0
KWKLFKKIKFLHSAKKF,1
MKQGINGFARRGRL,0
FITLLLRKFICSITKKC,1
VGECVRGRCPSGMCCSQFGYCGKGPKYCG,1
GIMDTIKDTAKTVAVGLLNKLKCKITGC,1
KPTADFDYIVVGAGNAGNVVAYRTVQAL,0
NEVDIVGALNADLTQFL,0
KWKSFIKKLTSAAKKVLTTGLPALIS,1
VRFRIRVAVIRA,1
VDDTTPLSEETMMRIGGYMV,0
VIDDLKKVAKKVRRELLCKKHHKKLN,1
KYALMKKIAELIPNLKSRQVK,1
MNPNCARCGKIVYPTEKVNCLDKFWHKACF,0
MADAEDIQPLVCDNGTG,0
AEELVKPYNGDPFVGHLSTP,0
VDKPPYLPRPPPPRRIYNNR,1
MAILTLGWVSLLVVFTWSIAMVVWGRNGL,0
KSLRRVWRSWR,1
ISALFDEYEPLNDAD,0
QSHLSMCRYCCNCCRNNKGCGFCCKF,1
KIGAKIKIGAKIKIGAKI,1
MPGKVQDFFLCSLLLCIVSAGWCG,0
MKRSYKTLPTYFFSFFGPFKERAVFLLVL,0
IVGGTEVTPGEIPYQLSLQD,0
WFKKIPKFLHLAKKF,1
DKGRRRSKFVLHRRQCAN,1
GFKNVQLSTARGF,0
APRKNVRF,1
ANPTFGFTPLGLSSDAN,0
HFLGKLVNLAKKIL,1
MMKLVIILVVLLLLSFPTY,0
SPEFTV,0
ALGDQLLSVFVDHTLVDEVA,0
GMASKAGSVLGKITKIALGAL,1
GFKDWIKGAAKKLIKTVASSIANQ,1
LFGFLIKLIPSLFGALSNIGRNRNQ,1
AEYTLPDLGWDYAASGPG,0
AKLDFDRSKEHVNVGTIGVH,0
MDIISLAWAALMVVFTFSLSLVVWGRSGL,0
KAYSMPRCKGGFRAVMCWL,1
MSGYGTSFALIVVLFILLIIVGTAFVGGY,0
MLMPKRVKYRREHRGRMKGRAKAVRI,0
SFHVFPPWMCKSLKKC,1
SGTSPLLPAITFILD,0
IDWKKVDWKKVSKKTCKVMLKACKFL,1
GLPICGETCVGGTCNTPGCSCSWPVCTRN,0
DEPDGVPTTQKQ,0
GILDSLKNLAKNAGQILLNKASCKLSGQC,1
CFQWARNMRKVR,1
KNLRRIIRKIIHIIKKYG,1
AKPAKRVAVTGAAGQIAYSLL,0
GRTFFVGGNW,0
EQQQQQQPQNRRFRE,0
GSLCGDTCFVLGCNDSSCSCNYPICVKD,0
GLPTCGETCTLGKCNTPKCTCNWPICYKD,0
LRLKSIVSYAKKVL,1
GLPVCGESCFGGTCNTPGCACDPWPVCTRD,0
GVIAWELQHNEPGRKDSTAG,0
FKCRRWQWRMKKLAA,1
AGIGKIGDFIKKAIAKYKN,1
GIPCGESCVWIPCISSAIGCSCKNKVCYRN,0
RGLRRLGRKIAHGVKKYGPTVLRIIRIAG,1
LKCEWDGLVGTRGEIAKETIER,0
GSPMFV,0
VSSKYLSKVKVKAGK,1
RLARIVVIRVAG,1
SGKLYYRRKK,1
KKIEEEAAAAGATAE,0
MLMPKRTKYR,0
RHAGSAHTF,0
VKVYNQFGTKVELGVSMRIF,0
MHAISLHSLAYRRFARNVSLSMLLLMR,0
MYFHSFLDTFSKYLGSTSCPLLRLSR,0
AYGEAANVFGAPK,0
KKLGAPSITCVRRAFA,1
FLPGLIKAAVGVGSTILCKITKKC,1
MRWEKPSYNDMRFGFEVTMYIYNR,0
NLKAIAALAKKLL,1
VRLRIRVAVIRK,1
GTGLPMSERRKIMLMMR,1
LIKIVPAMICAVTKKC,1
EDSLSDWERVYLPIDPGVVL,0
MGQEQDTPWIL,0
GIGGALLSAGKSALKGLAKGLAEHFAS,1
VDPAQVSGSWRTAAIASD,0
KNWAVLVAGSNGWPNYRHHA,0
FLPLLAGLAANFFPKIFCKITRKC,1
MGKGDRRTRRGKIWRGTYGKYRPRKKK,0
FLPILAGLAAKIVPKLFCLATKKC,1
WLGSALKIGAKLLPSVVGLFQKKKK,1
GLPCGESCVFIPCITTVVGCSCKNKVCYND,0
QSHLSLCRWCCNCCRSNKGC,1
KWKLFKKIFKRIVQRIKDFLR,1
WKSYVRRWRSRY,1
GFIFHIIKGLFHAGKMIHGLV,1
KRRHWFPLSFQEFLEQLRRFRDQLPFP,1
ICIFCCGCCHRSKCGMCCKT,1
ANLDAIIKIQAWARMWAARRQYL,1
MDLITITWASVMVAFTFSLSLVVWGRSGL,0
GLPTCGETCTLGKCNTPKCTCNWPICYKN,0
KCRRRKVHGPMIRIRKKNL,1
ANQRLPPLSNDPDRCERAFVGNT,0
FQWQRNPRKVR,1
THRLRRWCRARGLAR,1
WAGGDASGE,0
RRRRSVQWCA,1
MLNERFSILVLLLILLTFSLG,0
GGLRSLGRKILRAWKKYGPQATPATRQ,1
SAPRGCWTKSYPPKPCK,1
NVCHGSDSVESANKEIDLWFK,0
KKLLKKLLKWL,1
VARGGKTKGRRG,0
GDDVKSACCDTCLCTKSNPPICRCVDIRET,0
MMWTKPEVTEMRFGFEVTMYVCNR,0
IWLTALKFLGKHAAKHLAKQQLSKL,1
CEGHSHDHGA,0
TSFTLYMR,0
AKLDETLTMLKALTDAKGVPGNEREARDVM,0
GFKDGAADRISHGF,0
MKAIFVLKGWWRTS,0
GFLGPLLKLGLKGAAKLLPQLLPSRQQ,1
SGLLMNFGEQHVNVAQ,0
GSAIRCGESCLLGKCYTPGCTCDRPICKKN,1
GLPICGETCFTGKCYTPGCTCSYPICKKN,0
AAKIKKGDNVVVLTG,0
KVVKQWPIGKVVKKVVKKVVK,1
GILDTLKQLGKAAAQSLLSKAACKLAKTC,1
AKKVFKRLEKLFSKIWNWK,1
GVWTTILGGLKKFAKGGLEALTNPK,1
RPRPNYRPRPIYRP,1
GIGGALLSAGKSALKGLAKGLVEHFAN,1
EWEEWLLA,0
YKARRWAWRMK,1
AAVPSGASTGVYEALELRFRAPVEPY,0
MAKLLRLDKKRNKFLCFV,1
FRIMRILRVLKL,1
EKCLRWQWRMRKYGG,1
MYSYIYKALLYHGYEKFDLDIWEYFNK,0
MKDVDQIFDALDCHILREYLILLFYD,0
FLPLLAGLAANFLPTIICKIARKC,1
FKCRRAQARMKKLGA,1
KWKSFLKTFKSAKKTVLHTALKLISS,1
KAKLFKKIGIGKFLHSAKKF,1
IQPKTKVIPYVR,1
DAIWNLLRQAQEKFGKNKSPK,1
MNQKFEAVNAIDRNVTDVADANDR,0
MIIGAVEAGGTKFVDGVGNEKGEIFER,0
GFMDTAKQVAKNVAVTLIDKLRCKVTGGC,1
YGIHCNTLL,0
LSVNYQWLVR,0
SEAENDLMNKLFTAYNPKVRPAEK,0
SGGGKEAAETFNRVESHPRPDA,0
IEPERQEEEEEETRQRVRRGQVRQQQQ,0
ANFPTVSLNTVGITRQIPQDFMNAV,0
GFKDWIKGAAKKLIKTVASNIANQ,1
MISDSQIFVALLFALVSAVLAIRLGTDLYQ,0
HEPCGESCVFIPCITTVVGCSCKNKVCYN,0
FLGSIIGALAKGLPSLIALIKK,1
GLPVCGESCFGGSCYTPGCSCTWPICTRD,0
FVLPFDVLDSGRDLDRGWPYA,0
RICRIIFLRVCR,1
SNMIEGVFAKGFKKASH,1
FLPIIAGIAAKFLPKIFCTISKKC,1
MVELKFLIAFFLAFTAGILAIKLGQALYDC,0
RRRCPIVVIRVCRR,1
GFKEVLKAGLGSLVKGIPAHVAN,1
EASGETFVAENDACKCGSDCKCNPCTCK,0
NDWRNAMYPVVPGHE,0
GNAPAADMVLKAPGDAKMTKTAVP,0
AWLDKLKSLGKVVGKVALGVAQNYLNPQQ,1
SMLSVLKNLGKVGLGFVACKINKQC,1
GLWSKIKETGKEAAKAAGKAALNKIAEAV,1
FWGFLGKLAMKAVPSLIGGNKSSSK,1
AFQTSFVFQRFYETN,0
INWKGIAAMAKKLL,1
ILGKIIKVVK,1
GFMATAKNVAKNMDVTLLDNLKCKITKAC,1
GWASKIGQTLGKIAKVGLKELIQPK,1
FSTKTRNWFSEHFKKVKEKLKDTFA,1
LLSTLTDTSIKEAVATDKAP,0
MSSSHIFIGETIGT,0
GIPCGESCVFIPCVTTVIGCSCKDKVCYNN,0
MAHDLP,0
EKGYNPYVR,0
ESQKVQGDVIGVDLGTTYSCVA,0
EQCGRQAGGATCPNNLCCSQYGY,0
VKTPITEAIAAADTQG,0
MCMLSWFISTSPLKEYCGGKRNLQRNNF,0
MPKIIEAVYENGVFKPLQKVDLREGERE,0
DFFFDFDR,0
MIFNDLIGNNNIGD,0
CSKGGVGRGYGIG,0
SVDGKEDLIWKLLSKAQEKFGKNKSR,1
LRAAHRLAIGRR,1
MFDKTRLPYVALDVL,0
YQWQRMRKLGAPSIT,0
LVDERMSTEGTGLSLGLSNN,0
YGLAGDHVLDAR,0
FFRNLWKGAKAAFRAGHAAWRA,1
MAEAFYILIGFLIMAAIIVMAVLYLENHS,0
YYEEYVDGQGMVVR,0
MKKPVLKPFASLEIKVDPPITIGETSLGLR,0
IGKLFKRIVQRILKFLRNL,1
MDLSRIPPQPKAGILNVLIEIPAGS,0
KWKLFKKILKFLHLAKKF,1
FAPCPK,0
FFGDFGNISSAAAITGNPK,0
FLPVIAGVAAKFLPKIFCAITKKC,1
VNFLLHKIYGNIRYS,1
RCVCRRGVCRCVCTRGFC,1
MADENTPVMPEEVPAVEGVGM,0
RAGLKFPVGRVHRLLR,1
KWKLFKKAVLKVLTT,1
MSKNTKSKNNGIRKYNAKTEVKLVYFK,0
FLPIIAGAAAKVVEKIFCAISKKC,1
FLSGILKLAFKIPSVLCAVLKNC,1
DVTFSLLGANTKSYAAFITNFRKDVASEKK,0
RRWVRRVRRWVRRVVRVVRRWVRR,1
KNWKKIASIGKEVLKAL,1
IIGGVESRPHSRPYMATLEIT,0
KCRRRKVHGPMIRIRKK,1
VTVYDAEGTKVQVDGSLRLVE,0
YRAWRWAWRWR,1
GMASKAGSVLGKLAKVAIGAL,1
SPPFTSDQDLYTDSR,0
FLPMLAGLAANFLPKIVCKITKKC,1
PAWLVDCPCVGDDVNFILTRGQK,0
FKAVRGERLVYSVKWEGGGKITTRIL,0
LRRLWLRANRL,1
MADAEDIQPLVCD,0
GAPKGCWTKSYPPQPCFGKK,1
FACRRWQWRMKKLGA,1
FLVMFLSG,0
MSKVIETKQQVVTEIADKLRA,0
APVAQEGN,0
SNWKKIASIGKEVLKAL,1
KRFWPVVIRTVVAGYNLYRAIKKK,1
LIVLTCRKKKKPF,1
FKCRRWQWAMKKLGA,1
MTLSLINRSTACIQAVEQKYCRVPLPENNR,0
FKCRRWQWRAKKLGA,1
AEAAAAPAPAAAPA,0
INWLRLGRRILGAL,1
FFGWLIKGAIHAGKAIHGLIHRRRH,1
FKCARWQWRMKKLGA,1
WGRKKRRQRRRPPQ,1
FLPFIARLAAKVFPSIICSVTKKC,1
GILTDTLKGAAKNVAGVLLDKLKCKITGGC,1
KKLKLALAKLAPLWKALALKLKKA,1
ENGQLDGVIDPK,0
LKKLLKKLKK,1
GVLSNVIGYLKKLGTGALNAVLKQ,1
EKCLRWQWRMRKVGG,1
MELSLLLFLALLLGLLLLLF,0
PGMGIYLPM,0
GLPVCGETCFGGTCNTPGCSCSYPICTRN,0
IILELAAVDSASGKLLINGNFK,0
GSVIGCGETCLRGRCYTPGCTCDHGICKKN,1
GFLSILKKVLPKVMAHMK,1
MQTLPKERRY,0
FLPLIASLAANFVPKIFCKITKKC,1
MTWSKPAYTDLRIGFEVTMYFASR,0
GTAWRWHYRARS,1
GCWSTVLGGLKKFAKGGLEAIVNPK,1
RYIRF,0
GIGGALLSAGKAALKGLAKGFAEHF,1
GIFGKILGAGKKVLCGLSGLC,1
QGLFTSDQDLYTDSR,0
GLKGLLGKALKGIGKHIGKAQGC,1
KWRRWVRWI,1
DPNATIIMLGTGTGIAPFR,0
KWKLFKKGIGAVLKV,1
RWGKWFKKATHVGKHVGKAALTAYL,1
MGQFFAYATVITVKENDHVA,0
MAPCSCKSCGTSCAGSCTSCSCGSCSH,0
IKRFWPVVIRTVVAGYNLYRAIKKK,1
LKKLLKKLKKLL,1
ASEALVEIKPGEIGMVSGIPDEHLRRFVVI,0
APKDDTWYTGAKLGWSQYHDT,0
PTHIKWGD,0
KKCKFFCKVKKKIKSIGFQIPIVSIPFK,1
GIPICGETCFFGKCNTPKCTCNKPLCYKN,0
FLIGMTHGLICLISRKC,1
FLPILASLAATLGPKLLCLITKKC,1
ESSLKKKALSKLSKLLKKG,1
AEVAPAPAAAAPAKAPKKKAAAKPKKAGPS,1
GFMDTAKNVAKNMAVTLLDNLKCKITKAC,1
MNNSCLSQSTQWWWRAN,0
GKPRPYLPRPTSHPRPIRV,1
LKIPGFVKDTLKKVAKGIFSAVAGAMTPS,1
FWPVVIRTVVAGYNLYRAIKKK,1
MKNLRNRSFLTLLDFSRQEVEFLLTLSEDL,0
AADIFAKFKTSMEVK,0
GWKSVFRKAKKVGKTVGGLALDHYL,1
GLLDTIKGVAKTVAASMLDKLKCKISGC,1
LRRIIRKIIHIIKK,1
INLKAIAALAKKLLG,1
GLWETIKNFGKKFTLNILHKLKCKIGGGC,1
RRWCFRVCYKGFCYRKCR,1
FKCRRWQWRMKKLGAPSITCVRRAE,1
ATCYCRTGRCATR,1
GFIVKRFKILV,1
GLLSGILGAGKHIVCGLSGLK,1
GMASKAGSVLGKVAKVALKAAL,1
RRQGPIFDTRPSPFNPNQPRPGPIY,1
SVVAAYMV,0
KIKIPWGKVKDFLVGGMKAV,1
SKCRQWQSKIRRTNP,1
KYPLEKFQNIG,0
VEWSDSERKTLVSVWGKI,0
ITAKPAKTPT,0
KWKLFKKIGAVLKVL,1
GVPICGETCVGGTCNTPGCSCSWPVCTRN,0
TKCFQWQRNMRKVRGPPVSCIKR,1
RWCFRVCYRGICYRKCR,1
ELIGAANRDTKSFSINRKDAKERVAKAAR,0
IGSFIINPR,0
FLPAIVGAAGQFLPKIFCAISKKC,1
MGIIAGIIKVIKSLIEQFTGK,0
GFWGKLFKLGLHGIGLLHLHL,1
GIPCGESCVYIPCITAAIGCSCKSKVCYRN,0
LYSLLTEK,0
PVVIRTVVAGYNLYRAIKKK,1
RALATQLPVIPRSQVTFLAPVTRPEK,0
LFKLLGKIIHHVGNFVHGFSHVF,1
GSKKPVPIIYCNRRTGKCQR,1
CFQWKRAMRKVR,1
RATVNGLPA,0
KFHEKHHSHRGY,1
ATVVAPKYTAIKPLGDRVLVK,0
KWKLFKKIPKFLHLA,1
GMWSKILGHLIR,1
NPIPILTPC,0
GDDVLSACCD,0
PAWLVDCPCVGDDVNRLLTRGER,0
GWFKKTFHKVSHAVKSGIHAGQRGCSALGF,1
QGYGFNEPEQTRNQGGSSWEAP,0
ISGLIYEETRIFLENVIR,0
FHPSLWVLIPQYIQLIRKILKS,1
MQWTKPAFTDLRIGFEVTMYFEAR,0
IWGIGCNPCVGDEVTALITRGEA,0
FFGSLLSLGSKLLPSVFKLFQRKKE,1
SHGKQETDEEFDANL,0
KWKSFIKKLTSKFLHSANKF,1
GIGGVLLSAGKAALKGLAKVLAEKYAN,1
ALLLAIRRR,1
KWKSFIKKLTSKFLHSADKF,1
FKCRRWAWRMKKLGA,1
RLARRVVIRVAR,1
HNKQEGRDHDKSKGHFHRVVIHHKGGKAH,1
KKLALKALKLWLLALKKLALLALKK,1
DFKDWMKTAGEWLKKKGPGILKAAMAAAT,1
SGGKKIKVDKPLGLGGGLTVDIDA,0
GIMDSVKGLAKNLAGKLLDSLKCKITGC,1
SCLEYGHSCWGAH,0
GLVGEIISRGDFAIDIGR,0
MEFVAKLFKFFKDLLGKFLGNY,0
RRARIVVIRVAR,1
APRRQLKW,1
GVLDILKGAAKDLAGHVATKVINKI,1
AKCLRWQWEMRKVGG,1
KKLAKAPKLLALLWLKLAKALKKA,1
VQLRIRVRVIRK,1
VNRKKILGKSIKVVK,1
FLPIIAGIAAKVFPKIFCAISKKC,1
KVHGSLARAGK,1
GLKKLLGKLLKKLGKLLLK,1
ATGWSAFFIDGKWTEAKK,0
GWRTLLKKAEVKTVGKLALKHYL,1
ALFSILRGLKKLGKMGQAFVNCEIYKKC,1
GLPVCGETCFGGTCNTPGCSCETWPVCSRN,0
FLPIIAGVAAKVLPKLFCAITKKC,1
GVLFASGQNLARTLIEFLLR,0
GAIKDALKGAAKTVAVELLKKAQCKLEKTC,1
NGKKKRKKPEKLCMKPGACSVIFDASVNE,1
MITDSQIFFALCIALTAAVLAIGLGRQLYV,0
CVKVSVKVGSGVKVSVKVC,1
MADIVSAGWAFLMVSFTFSLSLVVWGRSGL,0
AEYDVSDADIEAFYQ,0
LKLSPKTKDTLKKVLKGAIKGAIAIASMA,1
FLPLLLAGLPKLLCLFFKKC,1
KWKSFIKKLTSAAKKVVTTAKPLISS,1
GAFGDLLKGVAKEAGMKLLNMAQCKLSGKC,1
NAPWAQIDEV,0
KWKLFKKIGIGAVLKVLTTGLIALIS,1
GVPTVNAV,0
QWQRNMRKVR,0
INWLKLGKKMMSAI,1
MPLNIQNIIIIINSSLIIILFSSIFFFQLT,0
WWRELLKKLAFTAAGHLGSVLAAKQSGW,1
AVNIPFKVHFRCKAAFC,1
ENFSGGCIPGYMRTADGRCKPTY,0
AGECVQGRCPSGMCCSQFGYCGRGPKYCGR,1
GAGGALFVHRD,0
RGGRLCYCRGWICFCVGR,1
ALSILKGLEKLAKMGIALTNCKATKKC,1
SIPCGESCVYIPCITTIVGCSCKDKVCYKN,0
VSDVPNNDDRFTY,0
IWRIFRRIF,1
RKKWFW,1
MWLILFAIVATLGLMVADDNIWPDC,0
VDEQLPRTIMNIFEK,0
DSHAKRHHGYKRKFHEKHHSHRGY,1
YLGPTADSTMDQTFANN,0
MSSLWWCFVWLISIPVICLTFTFVMRLL,0
TVKVTVTGAAGQIGYALLFR,0
LTKKTKKQKRNLVGTT,1
IGKKWKRIVKRIKKFLRKL,1
RKVR,0
GLLDTIKNTAKNLAVGLLDKIKCKMTGC,1
GNPLKLFLPSTWVHFFKFLR,1
GTFIKQQRKQKQQRHHTSGTRKRMAK,1
YCNRRTGKCQRM,1
NPLFGIAGEDGPTGPSGIVGQ,0
AKCLRWQWRMRKYGG,1
ETFAKKALKALEKLLKKG,1
SFPFFPPGICKRLKRC,1
KWKSFINKLTSKFLHSAKKF,1
MSELSAAPLRPGKTQESEKGIYYAREGCVS,0
FFGHLFRGIINVGKHIHGLLSG,1
ADETCTDLTILTTQYIAGDFD,0
GVFGLLAKAALKGASKLIPHLLPSRQQ,1
GLWETIKNFGKKFTLNILHNLKCKIGGGC,1
GLWSKIKTAGKSVAKAAAKAAVKAVTNAV,1
MVYVMSMVSLLKRLLTVTRWKLQITG,0
LIAGLAANFLPKLFCKITK,1
GFRDVLKGAAKAFVKTVAGHIAN,1
FFPTIAGLTKLFCAITKKC,1
INSLKLGKKILGAL,1
RRWQWRMRRLG,1
IYSRLTVSPTGTLNR,0
FLPILASLAAKFGPKLFCLVTKKC,1
DVNWPLGWPVGGYPG,0
QSHLSLCRYCCNCCRNKGCGYCCKF,1
GIGRKFLGGVKTTFRCGVKDFASKHLY,1
QRFIHPTYRPPPQPRRPVIMRA,1
RWFKIQMQIRRWKNKK,1
VSVVGTVR,0
VPIIYCNRRTGKCQRM,1
MDPAGPDNDERFTYDYYRLRVVGLIVAAVL,0
TNDSAGDGTTTASVLAR,0
GNALGKEGLKAI,0
GIPCGESCVWIPCLTSAIGCSCKSKVCYRN,0
KIWVIRWR,1
MNERVKQVASALVDAIQKTLTEQRV,0
AAAAPPRRGPSGPDA,0
RIPSTEEVVVRTESG,0
FLPIIAGVAAKVLPKIFCAISKKC,1
MDIVSLAWAALMVVFSFSLSLVVWGRSGL,0
FLPFIAGMAAKFLPKIFCAISKK,1
RRWQWRMKKLG,1
DNPNHSR,0
EKCLRWQWAMRKYGG,1
MPVCTSRSLQGGKVDTHFPLHVLHSVACDV,0
CVKVQVKVGSGVKVQVKVC,1
RLRRIVVIRVAR,1
VIDVNDEW,0
MVGRYRFEFILIILILCALITARFYLS,0
FKCRRWQWRMKKLG,1
MKHSEKNEIASHELPTTPLDPVLAAGRES,0
KKLAKALKLPALLWLKLAKALKKA,1
QVRWWGRYWRRKWATCR,1
APYQKRNI,0
FKIPPIVKDTLKKFFKGGIAGVMGQ,1
RIKRFWPVVIRTVVAGYNLYRAI,1
IKWKAILDAVKKVL,1
RGDKDIFTVHDILKARGEI,0
ESLKARSLKKSLKLKKLL,1
AKKVSKRLEKLFSKIQNDK,1
GNPKVAHCASQIGRSTAWGAVSGA,1
FKCRRWQWRMKKLGA,1
KKCRRWQWRMKKLGA,1
ITIPPIVKDTLKKFIKGAISSVM,1
LGGLIKIVPAMICAVTKKC,1
YPCKLNLKLGKVPFHF,1
RPRCWIKIKFRCKSLKF,1
YEYSVYREIIGSGHIIAR,0
VGQDATISFK,0
LKLLKWLLKLL,1
RCLCRRGVC,1
GWGSFFKKAAHVGKHVGKAALTHYL,1
ATFDIVNQCTFT,0
KNVNSIVKIQAFFRARKAQDDYR,1
NGRRYTTYGCSPPVT,0
ANDLVDDK,0
GLNTLKKVFQGLHEAIKLINNHVQ,1
NVWKKVLGKIIKVAK,1
GIPCGESCVWIPCISAALGCSCKNKVCYRN,0
IFGLLLHGAIHVGKLIHGLVRRH,1
SPAGCRFCCGCCPNMRGCGVCCRF,1
LYGNLPF,0
MNRIGMITTIITTTITTGNGAG,0
MVKLRLKRCGRK,0
MAWKAPKIVEVPCGMEINMYVSATRK,0
MGQEQGIPWIL,0
ALWMTLLKKVLKAAAKAALNAVLVGANA,1
MAQDAITAV,0
AEVFKSEEGSVDFYGQLRPA,0
FWGAVWKILSKVLPHIPGTVKWLQEKV,1
GLWNSIKIAGKKLFVNVLDKIRSKVAGGS,1
ATTDSPATLTGVI,0
KIKFLKVLT,1
DFPIANGERQSPVDIDTKAVVQDPA,0
MGHP,0
YMVIQGEPGAVIRLGDYLIDQGL,0
AINSESGVRSVVPQPCNALPNQGPEK,0
GIMDTVKGVAKTVAASLLDKLKCKITGC,1
MRYISLNTTIITTTETTGYGAG,0
MAWNTPKVTEIPLGAEINSYVCGEKK,0
LDLTPGSHVDSYVEA,0
GMASLLAKVLPHVVKLIK,1
GIPCGESCVYIPCTVTALAGCKCKSKVCYN,0
DLIWKLLSKAQEKF,0
KWKLFKKVLKVLTTG,1
GKQYFPKVGGRLSGKAPLAAKTHRRLKP,1
INWLKAKKVAGMIL,1
QPPGGSKVILF,0
MTLDVFTKVVSQADSRG,0
LRPAILVRIK,1
EGFQLMDRGTFDEIGR,0
MKTKAAVLFETHKPFEIVELEL,0
MLYWLGILIAYADRRPDKVFTLIR,0
NGPNGKSQSIIVGPWGDRVTN,0
MPFSPDIAYSINYALGKYFFHRISHFLESA,0
APFSLATA,0
GLLLDTVKGAAKNVAGILLNKLKCKMTGDC,1
MKNRVYESLTTVFSVLVVSSFLYIWFATY,0
KSLVRRWRSRW,1
APKNIVLFGATGMTGQVTLGQALE,0
KRTKAPFSRVVKFSIDEIRN,0
LMDTVKNVAKNLAGHMLDKLKCKITGC,1
KWKSFLKTFKSAKKTVLHTALKAISS,1
RIRFPWPWRWPWWPPFRG,1
KSSAYSLQMGATAIKQVKKLFKKWGW,1
WFKKIPKFLHLLKKF,1
VLDIYEQKLGQTRVLDIYEQK,0
KKTWWKTWWTKWSQPKKKRKV,1
MRLSANRQGNTCAGRSVNA,0
MKLLCWQKSIHGS,0
YHYYNPEENHFCATWDASKP,0
KWKLFKKIPKFLHLAKK,1
VVKQGLLAGRIPGL,0
GMATKAGTALGKVAKAVIGAAL,1
FFGHLFKLATKIIPSLFQ,1
LKKWLKKWLKK,1
TKQTLKVLITGAAGQIGYSL,0
MDIISLGWVFLMVFFSFSLSLVVWARNGL,0
NNLDEIK,0
CSCRTSSCRFGERLSGACRLNGRIYRLCC,1
GIGKFLHSAKKFGKAFVGEIMNS,1
KWAVRIIRKFIKGFIS,1
FLPFLLSALPKVFCFFSKKC,1
GFPTCGETCTLGTCNTPGCTCSWPICTRN,0
MTRVQFKHHHHHHHPD,0
FLSLALAALPKFLCLVFKKC,1
RWAWRLMRKVR,1
GMWGSLLKGVATVVKHVLPHALSSQQS,1
SGLQLLDLSNNREVEML,0
MDLLSLGWSSLMVMFSFSLALVVWGRNGF,0
YYTVLFGVSRALGLPLERPK,0
MDILTLGWVSILALFTWSIAMVVWGRNGF,0
KWKLFKKIPKFLHLAKKF,1
MLHLIGFDKLYSYNMVKLALLEKGVPFTEV,0
GVIAAAKKVVNVLKNLF,1
AWLLAIRRR,1
KQSHKKGGHSFPKEKIS,1
VVYALKRNGRTLYGF,1
AVNIPFKVHLRCKAAFC,1
EQGGSQAGGSL,0
FFGHLFKLATKIIPSLFQRKKE,1
GIPCGESCVYIPCITTAIGCSCKNKVCYRN,0
FLPIIASVAAKLIPSIVCRITKKC,1
RLKLLLLLRLK,1
NWRKILGKIAKVAAGLLGSMLAGYQV,1
KLKKLLKKWLKLLKKLLK,1
GLFKVLGSVAKHLLPHVVPVIAEKL,1
FLPGLIKAAVGIGSTIFCKISKKC,1
YFDPFSLDVWDPFQA,0
IPWKLPATFRPVERPFSKPFCRKD,1
ATVYNNDGTQVDVGGRFDVALG,0
KWKLFKKIPFLHLAKKF,1
MHLNESLIYLFLETSCVAGAHFESLLD,0
KWKSFIKKLTSKALHSAKKF,1
RWCVYAYVRIRGVLVRYRRCW,1
VNSTYIGYAPIDDPK,0
MLRNRARRLDYKIMR,0
LCAAHCLAILRR,1
ISGKPARTPT,0
MDIVNIAWAALMVVSTSSLSPVAWGRSGL,0
KTKKKLLKKT,1
RDVAVGSFLPPS,0
TDVGFDGWR,0
KFFRKLKKSVKKRAK,1
NVQLDPFFQEQQQYYQQQQAFFL,0
KKLAKALKLLALLWLKLAKALKKA,1
GIPCAESCVYIPCLTSIGCSCKSKVCYRN,0
LKKLLKWLKKL,1
MLYPLSYMLLWTDSIVEQYKKFYLFRFDL,0
KNLRRITRKIIHIIKKYGPTILRIIRIIG,1
MLLVIGSKNLSSTNM,0
VGEAFWSAEEQK,0
FKGGGPYGQGVTRGQDLSGKDF,0
KDALEHTGFAPKKDGEEHVEWNYN,0
GIGSILGVIAKGLPTLISWIKNR,1
SIYVGNLSYD,0
MTRSLKKNPFVANHLLNKIDKLNT,0
GFMDTAKNVAKNMAGNLLDNLKCKITKAC,1
GWGSIFKHGRHAAKHIGHAAVNHYL,1
GWFKKAWRKVKNAGRRVLKGVGIHYGVGLI,1
NRQPSKYGLEETI,0
MWTKPSYTDLRIGFEVTLYFANR,0
GRFKRFRKKFKKLFKKLS,1
MTRVQFKHHHHPD,0
LDVELTVEERNLLSVGYKDSTLIMQLLR,0
MSKRVEVLLTQLPRPTA,0
MSIFRIHLDGNKKA,0
KIFGAIWPLALGALKNLIK,1
MQMQEKGWKIIIEEQ,0
RRWWRF,1
KADAVFAFQLR,0
GILSGVLGMGKKIVCGLRGLC,1
LSIRRLLAAGVLKQTKGVGA,1
MLIYYLQSEKVLFFLYIFLLNFKLRIL,0
GRRRRSVQW,1
RLSRIVVIRVCR,1
TWLKKRRWKKAKPP,1
SALAINQPNYSVLKELGLNED,0
GLFKVLGSVAKHLLPHVAPIIAEKL,1
MMKLLIIVVLLVISFPAY,0
QEDIEAGKQKSATCTACHGQEGNST,0
PIFTFASNVPADTITGFFL,0
KTKQQFLIKAQTQLFKVFGYTL,1
FFGHLFKLATKIIPSFFRRKNQ,1
FWGALAKGALKLIPSLVSSFTKKD,1
ENFAGGCATGFLRTADGRCKPTF,0
FKWRRWQWRMKKLGA,1
MLNAVDAKLTTDFGQR,0
AYAQWVIIII,0
AWVDWEDQILQDTVPLVNFVRMI,0
APLTNEYLNHLCHKC,0
GLLASLGKVLGGYLAEKLKPK,1
RNGCIVDPRCPYQQCRRPLYCRRR,1
AAVSLLQNKLAYDGFLSK,0
MGEVFAGGFALLVVLFILLIIIGASWLY,0
MSHIVRFTGLLLLNAFIVRGRPVGGIQH,0
KWKSFIKKLTSKFLHSAKKF,1
YEDAYALQYCPR,0
RVRRFWPLVPVAINTVAAGINLYKAIRRK,1
LFAKINGLKVGPLKIQIV,1
DRVYVHPFYL,0
LLGDFFRKAKEKIGKEFKRIVQR,1
AFELPALPYAKDALEPHISA,0
VSYNSKFLAATVQAEPVVLDA,0
CAQWQRNMRKVR,1
GFRDVLKGAAKEFVKTVAGHIAN,1
FGNQQQLKSVADIVINHR,0
GLNALKKVFQGIHEAIKLINNHVQ,1
MSIIILATISTTQENK,0
RDWRREQERRQERR,0
KLGEFSPTRTYRGHNKKDKKMQKK,0
NYPTQDSTMDKTFANNL,0
GIPVCGETCTLGTCYTAGCSCSWPVCTRN,0
YYHFWHRGVTKRSLSPHRPRHSRLQR,1
MAKA,0
FLGPIIKMATGILPTAICKGLKKC,1
HVDKKVADKVLLLKQLRIMRLLTRL,1
INIKDILAKLVKVLGHV,1
GWWRRTVDKVRNAGRKVAGFASKACGALGH,1
AAFRGCWTKNYSPKPCL,1
MTDAQVFTILAIALVPAVMAALLGSALARS,0
ELLSEINR,0
ALSILRGLEKLAKMGIALTNCKATKKC,1
RLKLLLRLK,1
FFPLIAGLAARFLPKIFCSITKRC,1
MIRIISRANSVTSSNEVNRLVTGQIPHD,0
ATYTLPEPPYDYAAL,0
DTVNAA,0
MLHCKGNNL,0
MRSYEMNIETAEELSAVNDILASIGEPPVS,0
GRRKRKWLRRIGKGVKIIGGAALDHL,1
IGKLFKRIVQRIKKFLRNL,1
MLGFLVLP,0
GAWKNFWSSLRKGFYDGEAGRAIRR,1
KRMLSNRESARRSRMRKQK,0
DSDSAQNLIG,0
FFGWLIRGAIHAGKAIHGLIHRRRH,1
VNWKKVLKKIIKVAK,1
MSPQTETKAKVGFQAGVKDYKLTYYT,0
GEAANVMGAPK,0
GLMDVFKGAAKNLLASALDKIRCKVTKC,1
MDPEPTPLPRWRIFLFR,0
SKDNYKNYIPLIVPFAT,0
KWKLFKKLKVLTTGL,1
MVLVKTIKKLDGFIECLLMLNYKFLY,0
MRRAVILVLDRAGPV,0
GDVVANPESVELK,0
GCYVNRSPYLKKFEVHYRADVKCG,1
EAEPKPFNPVCYEPKEVGPCKAYVP,0
GDDVKSACCDTCLCTKSNPPTCRCVDVGET,0
FASLLGKALKALLAKLAKQ,1
GWKKWLRKGAKHLGQAAIKGLAS,1
FLGGLFKLVPSVICAVTKKC,1
INLKAIAAFAKKLL,1
MRITVNVDGTSYTDEVEPRTLLVH,0
RRRQRRKKRGGGDTRLNTVWMW,1
WLKKLLKKLLK,1
QWGRRCCGWGPGRRYCRRWC,1
PSATYFVR,0
IVPFLLGMVPKLVCLITKKC,1
VAPIAKYLATALAKWALKQGFAKLKS,1
ATFDIQNNC,0
GFMDTAKNVAKNVAVTLLDKLKCKITGGC,1
KKMKDTDSEEEIREAFRVFDKDGNGFI,0
FLPAVLRVAAKVVPTVFCLISKKC,1
AAHCLAIGRR,1
LDEFRVYSDDANKYKISIPQD,0
AEVLMDFPQLTMTLPDGREESVMKLTTLVA,0
MRNIKVKPFLN,0
GKIIKLKASLKLL,1
LKRVWKRVFKLLKRYWRQLKKPVR,1
MDLIPDLAVETWLLLAVTLV,0
VSAKPARTPT,0
WKEMSVW,0
KNLRRITRKIIHIIKKYG,1
GLLDVVKGAAKNLLASALDKLKCKVTGC,1
FLPAVLLVATHVLPTVFCAITRKC,1
TKCFQWQWNMRKYRG,1
FKTWKRPPFQTSCWGIIKE,1
WKSYVRRWRSR,1
GLASTIGSLLGKFAKGGAQAFLQPK,1
LKKISQYYYQKFAWPQYL,1
SWFSRTVHNVGNAVRKGIHAGQGVCSGLGL,1
GWLRKLGAVLKVLTT,1
MNEQSMKPYVIGLDLGGTNSVFGIV,0
GLPTCGETCFKGKCYTPGCSCSYPICKKN,0
CAVVDVPFGGAKAGVK,0
AAKKLSKLLKTLLKLL,1
GEVFAFPR,0
GGLRSLGRKILRAWKKYGPIIVPIIRIG,1
FKCWRWQWRWKKLGA,1
FLFSLIPSAISGLISAFKGRRKRDLN,1
GIYCIFEGGTPDDR,0
GWKKWFNRAKKVGKTVGGLAVDHYLG,1
FIHHIFRGIVHAGRSIGRFLTG,1
GIMSSLMKKLAAHIAK,1
KKWKKFIKKIGIGAVLTTPGAKK,1
VTFVEGGPMKYSLIEGDALANK,0
MMISTFHDGQLRFSNVYRLTLMIFRL,0
MNRISTTTITTITITTGNGAG,0
KMDSRWRWKSSKK,1
GKGLEVIKWKLKHVIQL,1
FDKNQPWGVIRDLNVVNFKR,0
MNEAKSLFTTFLILAFLLFLLYAFYEAAF,0
MNRLLQRQLFLENLLVGVNSTFHQM,0
SVTP,0
FLGSLLGLVGKIVPTLICKISKKC,1
KWCFRVCYRGICYRRCR,1
YDGTNCKPGVCWEPKPGY,0
VRRFPFFFPFLRR,1
RLKLLLLRLK,1
YGGTPPFV,0
MRNAVSKAGIISRRRLLLFQFAG,0
EREQLRDQVYDAMAE,0
MDIVGIAWAALMVVFTFSLSLVVWGRSGL,0
ESLPLAAFHQVDVYTAK,0
RCVCTRGFCRCVCTRGFC,1
LKALKKLAKKLKKLA,1
MGGVGKTKRMRRLKRKRRKMRQRSK,0
GTRCGETCFVLPCWSAKFGCYCQKGFCYRN,1
GIPCAESCVWIPCTVTALLGCSCSNNVCYN,0
MSGRGKGGKGLGKGGAKR,0
GFMDTAKNVAKNVAVTLIDNLKCKITKAC,1
GALRGCWTKSYPPKPCK,1
MKLIAKTRILNTLVFSAAGK,0
ALYKKFKKKLLKSLKRLG,1
SIQVIVVTDGERGLIYPPLSNIR,0
GLPVCGETCFGGTCNTPGCSCDPWPMCSRN,0
TTAIEPFISLGDK,0
KLLKQWPIGKLLKKLLKKLLK,1
FMPILSCSRFKRC,1
ALVPLRLLLDHAAENG,0
GSFFATPDDRH,0
KWCRCVCRRGICRCRCRG,1
INLKAIAAMAKKLL,1
GRRRRSVQWCA,1
PHAYPFLSPEQKKEL,0
KLFKKIGIGAVLKVLTTGLPALKLTK,1
YPDGFDGEAV,0
MENEHQYSGARCSGQAAYVAKRQECAK,0
MRAKWRKKRMRGLKRKRRKMRQRSK,0
RWKRWWRRKK,1
SKCYQWQRRMRKLGAPSITCIRRTS,1
FLPFIAGMAANFLPKIFCAISKKC,1
MNKNELVSAVAERAGL,0
AESKKGFLPVIDKKDGYTFLYPFGGQEVSI,0
KWKSFLKTFKVAVKTVLHTALKAISS,1
IRNSLTCRFNFGICLPKRCPGRMRQIGTCF,1
RQIRIWFQNRRMRWRR,1
KKWWWKWKKW,1
LVSGCADLTALAAR,0
RIWVIRWR,1
FLKGVINLASKIPSMLCAVLKTC,1
GWKKWFTKGERLSQRHFA,1
SIITMTKEAKLPQLWKQIACRLYNTC,1
FSGGNCRGFRRRCFCTK,1
MLPSISFDYIKRPNIVLFSNVLSLSSNI,0
RRWQWRMKK,1
RKFHEKHHSHRGYR,1
GLWNSIKIAGKKLFVNVLDKIRCKVAGGC,1
KIAGKIAKIAGKIAKIAGKIA,1
KWKKFIKNLTKGGSKILTTGLPALIS,1
LALLKVLLRKIKKAL,1
QYRHRCCAWGPGRKYCKRWC,1
MATIYKVTLINETEG,0
GVTSNPAIFQKAISTSNAYNDQFR,0
PGGGVSGALSSLVQSLVR,0
GLWDTIKQAGKKIFLSVLDKIRCKVAGGC,1
RRWKIVVIRWRR,1
YQWQRRMRKLGAPSIT,1
ANLFTSDQDLYTDSR,0
KFFKKLKNSVKKRAKKFFKKPRVIGVSIPF,1
GIRCPKSWKCKAFKQRVLKRLLAMLRQHAF,1
KLKLFKKIGIGKFLHSAKKF,1
SLQAATEWLKANNQRGFLGEMGAGSNAD,0
FLPKLFAKITKKNMAHIR,1
WFDPLRITETTTGSVTLK,0
RIKRFWPVVIRTVVAGYNL,1
NLCASLRARHTIPQCKKFGRR,1
MLIGEAVLAVVTVAVVAYLTYVMMYPTRF,0
AWLDKLKSLGKVVGKVAIGVAQHYLNPQQ,1
VTVYENEGTKVDFDGNLRLLL,0
KRLFKKLLFSLRKY,1
VSWKKSLGKIIKVVK,1
AWQDLNAGW,0
GMASKAGAIAGKIAKVALKAL,1
LDVKKIICVACKIKPNPACKKICPK,1
MLSKSNNTLFNHDCSLSFCKEKVYSKLLV,0
IIGGYECKPHSQPWQAFLVDNK,0
VVSLSIPR,0
GIMDTVKNVAKNLAGQLLDKLKCKITAC,1
MNTQL,0
GICRCLCRRGVCRCICVL,1
EITKFPKDQQNLIGQG,0
GTLKGIPTDDEQATGLERRT,0
GWKKWLRKGAKHLGQAAIK,1
SGGEMSNMGHSMEE,0
GRRRRS,1
CFQWLRNMRKVR,1
PAQPFRIKKRQGPFERP,1
SPLEQFSILMLIPM,0
MFEISFYIALKNFNSLGILKMWRFI,0
GIPCGESCVWIPCLTSAVGCSCKSKVCYRN,0
MSRLFFVCRKVR,0
RRWYRWAWRMR,1
RCVCTRGFCRCVCRRGVC,1
ALLLAIRKR,1
AYGEGANVFGKRKETDQFFEISGDGWSGKL,0
KRIVQRIKDFLRNLVPRTES,1
RIKRFWPVVIRTVVAGYNLY,1
WKSYVRRWRS,1
KGRGKQGGKVRAKAKTRSS,1
MLLHRLSKFCKIERDIVYIS,0
SVTADNASETKVREIGQEKSS,0
KVFFEERFEDGWENRWVKKD,0
INLKAIAALAKKLF,1
AQENETNESGSID,0
DVAGLVPAKDSPAFQKRAAAAVNTTAD,0
MFSKLAQSSIKAMF,0
FVVETENQLMSQGGRYYILPVIYGKGGGLG,0
MRAKWKKKRMRRLKRKRRKMRQRSK,0
MREKWKKKRSRRLRRKRRKMRARSK,0
MDILSLGWAALMTMFTFSLALTVWARNGF,0
NLVSGLIEARKYLEQLHRKLKNCKV,1
GLPGYFGVN,0
RWRLVCFLCRRKKV,1
GFGKAFHSVSNFAKKHKTA,1
MNNSTKFCFSRFRTGN,0
MKKVHVLGAGTMGAGI,0
GFMDTAKNVFKNVAVTLLDKLKCKIAGGC,1
PVLQVVRDIHGDILTPDSRYIL,0
GFLSALKKYLPIVLKHV,1
HKMDLHWYLRTLEEVVIRALQRFQFR,1
MKKAERGASPKQIKPHRYYLLAVH,0
PQISRQEYGGLFGPT,0
FLGSLIGAAIPAIKQLLGLKK,1
VGHNADLQIKLSIRRLLAAGVLKQTKGVGA,1
GKAFDDGAFTGIREINLSINKETAIGD,0
ADAKS,0
SAIDPNPDTPDSE,0
GIPCAESCVYIPCTVTALLGCSCSNRVCYN,0
GFKDWIKGAAKKLIKTVASSIANE,1
GIKCRFCCGCCTPGICGVCCRF,1
ALPTYTPESPADATR,0
FLKAIKKFGKEFKKIGAKLK,1
TKSQTHVPIRPNKLVLKVQKDRATN,0
KWKSFIKKLPSAAKKVTTAAKPLTK,1
GIGTKILGGVKTALKGALKELASTYVN,1
MSKGYVWVVDDDSSIRWVMEKTSPLPT,0
RGGRLCYCRRRFCVCVGR,1
FLPLLAGVVANFLPQIICKIARKC,1
MTRRYWNIDLE,0
GLWSTIKQKGKEAAIAAAKAAGQAALGAL,1
IDWKKVDWKKVSKKTCKVMLKACKFLG,1
CFQWQRNMRKVA,1
MNRLKEIFQKEITPALVSKF,0
MKWETPTATDLRFGFEITMYVSAR,0
MENGKVHVASMSGLSMPHMNEMLEK,0
LKLLKKLLKLLKKL,1
RAGLQFPVGRLLRRLLRRLLR,1
GIGALSAKGALKGLAKGLAEHFAN,1
FFGSVLKVAAKVLPAALCQIFKKC,1
FLPIIASVAAKVFPKIFCAISKKC,1
ALVSADGDSWFAR,0
GLFGKSSVWGRKYYVDLAGCAKA,1
VNPIILGVLPKFVCLITKKC,1
YQWQRRMRLGAPSIT,1
RGRKSSRRKK,1
FLGGLMKIIPAAFCAVTKKC,1
TESLVLSPAPAKPKRA,0
RILTMTKRVKMPQLYKQIVCRLFKTC,1
GKGRWLERIGKAGGIIIGGALDHL,1
GIPCGESCVWIPCITSAIGCSCKSKVCYRN,0
RINKK,1
ALFEESTVSAEPR,0
YVPPVQKPHPNGPKFPTFP,1
LRPAVIVRTKAL,1
FFGRLKAVFRGARQGWKEHRY,1
MIDKAIIVLGALIALLELIRFLLQLLN,0
FKCRRWQWRMKKLGAPSITCVRRAFA,1
MDIVSIAWAALMVVFTFSLSLVVWGRSGL,0
GRPNPVNTKPTPYPRL,1
TRSRWRRFIRGAGRFARRYGWRIALGLVG,1
AQAATPAADGKKKISIDTR,0
LLLFLLKKRKKRKY,1
MSFSKFHCGKLMSLKLADLRTMFEALEK,0
MDIISIGWVSLMVVFTFSISLVVWGRSGL,0
KEEAKVLGTVIGIDLGTQYL,0
WLGSALKIGAKLLPSVVGLFKKKKQ,1
RPKHPIKHQGLPQEVLNENLLRF,1
TVAACNSPKVGLDSDAELVR,0
DSGSSRDPGASSGGC,0
SLGSGGSL,0
TKPTLLGLPLGAGPAAGPGKR,1
ASGENQAELKLATHNVYML,0
GWLDVAKKIGKAAFNVAKNFL,1
GIPCAESCVYIPCLTSAGCSCKSKVCYRN,0
RERSKGSKYLYVG,1
LVPLFLSKLICFITKKC,1
KFAKKFKWFAKAAFKFFKK,1
MITDSQVFIGLVIALVPAILAFKLGLSLYE,0
KNWAVLVAGSDGLPNYRHHADV,0
AYPAAHQGYPAHVGYARVGYGGYPSYGYPA,0
KWLKKLLKKLL,1
SKITDILAKLGKVLAHV,1
QCRRLCYKQRCVTYCRGR,1
GVFLDALKKFAKGGMNAVLNPK,1
LAKTVPLNDGTNFPIFGG,0
TPQIQKPAPQFSKTALLPDE,0
PFNVGGLDKFGTLN,0
KRWWKWWRRC,1
FAVGTESIAKTFSEALDTTKISDVLSK,0
NAIPGNYYRWPYAKVPYVID,0
MKAIMLVNFCDERGSGR,0
ACYCRIPACLAGERRYGTCFYMGRVWAFCC,1
SIGSAFKKALPVAKKIGKAALPIAKAALP,1
FLGPIIKIATGILPTAICKFLKKC,1
LGYITCPGSNLGTLR,0
FKCRRWQWR,1
SLKDKVKSMGEKLKQYIQTWKAKF,1
KWKSFLKTFKLAVKTVLHTALKAISS,1
QSHISLCRWCCNCCKANKGCGFCCKF,1
MEVGKLGKPYPLLNLAYVGV,0
GWLPTFGKILRKAMQLGPKLIQPI,1
AKTIAYDEEARRGLERGLNSLADAVKVT,0
RNEEERLINHLFKERGYNKELRPAQT,0
AKKVFKRLEKLFSKIYNYK,1
KQFRIRVRVIRK,1
INWKKIKSIIKAAMN,1
GLMDTIKGVAKNVAASLLEKLKCKVTGC,1
RRRRRYRYWRRGLTIQGRPKSLPLNTGD,1
MSGRGKGGKGLGKGGAKRHRKVLRD,0
LAGTVPLANK,0
TQSTGTSQTIAVGLWGGPDN,0
VKMELDGGVASNSR,0
LGTGLGVDQN,0
MKNPRVHEIATAMIDAVRKVLVDHQ,0
PAVVL,0
WRRRRRRR,1
TQSTGTSQTVEVGLWGGPDN,0
VRLRIRVRVIRK,1
LKLKSILGKLGVILSHLNK,1
PNYKLTYFNLRGRAEISRYLFAYAGIKY,0
RIIDLLWRVRRPQKPKFVTVWVR,1
TTPQEVLSRIKDQGIKLIDLKFI,0
FLPKMSTKLRVPYRRGTKDYH,1
FIGLLISAGKAIHDLIRRRH,1
KYYSRVRGGRSAVLSSLDK,1
MDKLAAGGLYLLFLLLAGIIVTH,0
GIPCGESCVFIPCISSVVGCSCKSKVCYLD,0
VRWRIRVAVIRA,1
DLIWKLLSKAQEKFGKNKSR,1
MNNPVCLDDWLIGFKSLCCTLAVIALLII,0
AHRFAAEDFGALDTA,0
VEWTDAERKAIASL,0
LAAGKVEDSD,0
ILQKAVLDCLKAAGSSLSKAAITAIYNKIT,1
VVDIVDTFRNNIQGATK,0
KSSTRGRKSSRRKK,1
MAKFELPNLPTADDAL,0
KLAGLAKKLAGLAKKLAGLAK,1
SALVGCWTKSWPPKPCFGRG,1
LGYLGTCPTNIGTGLR,0
MIPAQFTYRRVSSVDEALAAVAEHGD,0
SPTEQPYSSAAPLI,0
RFWPVVIRTVVAGYNLYRAIKKK,1
KKLLKWLKKLL,1
SIKDKICKIIQAQCGKKLPFT,0
MDILALGWVSVLALFTWSIAMVVWGRNGF,0
GWKDWLNKGKEWLKKKGPGIMKAALKAATQ,1
GVFCGELCIKASCSIPGCECIAGLCYKN,0
KFKSFIKKLTSKFLHSAKKF,1
GLPCGESCVFIPCITTVVGCSCKNKVCYNN,0
GPQQQHRL,0
MDSVTIAWAALMAISTFSLSLVVRGRSGL,0
FFGTALKIAANVLPTAICKILKKC,1
MDETIVTDKGVAEFSFFKF,0
NEESDLIADKFTNYNKLIRPAKH,0
HDVYGGDYRITGDDGHS,0
EELRPEVLPDVSE,0
RKCLRWQWAMRKYGG,1
SYNSPLHFGNGTRLTVT,0
SDLTWTYQSPGDPTNSKN,0
MRVNKESLQMNTYISLHGWWRTSLLRAV,0
GWASSIGSILGKFAKGGAQAFLQPK,1
RPEEIGAGDQGHMFG,0
KTVYQHQKAMKPWIQPKTKVIPYVRYL,1
QRPEYPVWREKGAV,0
AEVPMPLRQLTMTLPDGREESVMERTTLVA,0
MISDIQIMVALFAALFTGILALRLGTELYK,0
KQEGRDHDKSKGHFHMIVIHHKGGQAHHG,1
VEQDPYEIVIKQLERAAQYMEISE,0
GNGVVLTLTHECNLATWTKKLKCC,1
ADLIQRRQRSEFQSDIKGILYTVIKKNPDL,0
RSVQWCA,0
LRRLWLRANRLLRRLWLRANRL,1
DSSVLTSEYPR,0
ALLDKLKSLGKVVGKVALGVAQHYLNPQQ,1
FMGTALKIAANVLPAAFCKIFKKC,1
MWTKPSFTDLRLGFEVTLYFANR,0
FFRHIVGAISRIFGQKQRDMAD,1
ISAVKEMTVRDALNSA,0
SIGSALKKALPVAKKIGKIALPIAKAALP,1
RCVCTRGFCRCFCRRGVC,1
MLCPSYRRCPRVPP,1
KKLALKALKLWLLALLKLAKLALKK,1
ALWKTLLKKVLKA,1
KWKLFKKGAVLKVLT,1
FTLTNSDVLE,0
MKFNNAGAQGRDRGYIYSEPEFGRTRQVFY,0
AAPRGGKGFFCKLFKDC,1
GLFGKLIKKFGRKAISYAVKKARGKN,1
RAGLQWPIGRLLRRLLRRLLR,1
EATKCFAWQRNMRKVRGPPVSCIKR,1
GILSKLGKALKKAAKHAAKA,1
MRVKLFQLRGMLSGSRIL,0
GGLIKIVPAMICAVTKKC,1
VRRFAWWWAFLRR,1
FRGHDKKDKKIQKK,0
ILPWKWPWWPWRR,1
INWKKIASIGKEVLKAL,1
EATKCFQWQRNMRKVRGPPVSCIKR,1
APAHRSSTFPKWVTKTERGRQPLRS,1
PYLLNLPPEK,0
GIMDTIKNAAKDVVQSLLNKASCKLAKTC,1
RVKRVWPLVIRTVIAGYNLYRAIKKK,1
QKKPPRPPQWAVGHFM,1
MLNIALHGYSLSKSAMDSRLTRKQSKSCT,0
DMDDFGLGDFDDGR,0
MIASHLAFEKLSKLGSKHTML,1
GVTGFGFDLVRYLFAGVVDGR,0
GLWTTIKEGLKKFSLGVLDKIRCKIAGGC,1
MQVNLRCSE,0
SDCACLHALGHVAR,0
KRIVQRIKDFLR,1
RPWAWPRLMRKVR,1
MAWTAPKITEVPLGAEINSYVCGQKK,0
SLVSLNEPKDEIYMESQP,0
SPTVIALRVVEALSPR,0
PEWFKCRRWQWRMKKLGA,1
LNWGAILKHIIK,1
FWGALIKGAAKLIPSVVGLFKKKQ,1
FKSRRWQWRMKKLGAPSITSVRRAF,1
ITACLDPDGWKEPGPLPGISTK,0
LRWQNEMRKV,0
AYTVTLYLQG,0
MSIADLKSRLIKASTSKMTAEL,0
TFVSSQVSGPR,0
MRLNYSRCYYSSQRRRQSLPKRFPLI,0
WKLLSKAQEKFGKNKSR,1
FHGHTKDSKKNIKK,0
WKKIPKFLHLAKKF,1
FIFHIIKGLFHAGKMIHGLVTRRRH,1
VIEVVYLRTPFSAGNATT,0
MTTKFVFDLLAPDDILHPSNHVNLIIRPI,0
MRNLQPNMSRWAFFAKSVGTWNKSSCRS,0
MTRCISKKMLLEVDALSLIYSPHLYMS,0
MTDCRYLIKRVIKIIIAVLQLILLFL,0
KLILILSKTIPAGKNLFYKI,1
AFANTGVEIVSIDTYLFSLYDEDK,0
TEFGPSQPFKGAK,0
ALWKDLLKNVGKAAGKAVLNKVTDMVNQ,1
RIKRFWPVVIRTVVAGYNLYRAIKK,1
MDTVSLAWAALMVVFTFSLSLVVWGRSGL,0
GIFLDKLKNFAKGVAQSLLNKASCKLSGQC,1
EFSPTRKFGGHGDDKKKKK,0
KWKLFKKIGIGAVLKVLT,1
SYNEQFFGPGTRLTVL,0
CFQWQRNMAKVR,1
KLLKKLLKWLK,1
NPNPVPIPLVDIDYL,0
LCAAHCLAIRRR,1
NVWKKILGKIIKVAK,1
EKCLRWQWAMRKVGG,1
MTINFVFGFHIVTLSICQSF,0
AYGGDGGAYYEWSPA,0
TEFATNDGGQR,0
MPRKGPAPK,0
DDSMEEVVTVFIRTGSSLKA,0
QNARIAVVYFAGY,0
VNWKKILAKIIKVVK,1
MGIIYLILFLIVIYLLYRILDVLEQK,0
GSKKPVPIIYCNRRTGKCQRM,1
NLFRKLTHRLFRRNFGYTLR,1
LLRHVVKILEKYL,1
MVEYLVILSGMFGLALACFFGLRSIKLI,0
DRVYIHPF,0
MFFKWISKFIRRLSKCGIKSITSKAYK,0
KWKSFLKTFKSAKKTVLHTLLKAISS,1
MSYIVRFTGLLLLNAFIVRGRPVGGIQH,0
MDIINIAWAALMVIFTFSLSLVVWGRSGL,0
MNAAIFRFFFYFST,0
MRFLFFLPPSFITSFLYLALYSFPVPYCII,0
VAIIIYSMYGHIAKYGNFPGQWK,0
AVGNEVFANR,0
DIIMSTNTFSEEAEALLKEALETYLKEFA,0
AKCRRWQWRMKKLGA,1
FFHHIFRGIVHVGKTIHKLVTGT,1
SKCYQWQWRMRKLGA,1
HRHQGPIFDTRPSPFNPNQPRPGPIY,1
AEPVEPWS,0
LDVELTVEER,0
GLPICGETCFFGKCNTPKCTCINPICYKN,0
ATSAAQGAALDESVRKVLKP,0
VNSKKISGKSIKVSK,1
VLYSPDTKVPR,0
FLGGLIKIVPAMICAVTKK,1
FIVPSIFLLKKAFCIALKKC,1
ILGKIWKIKKLF,1
APRKNVKW,1
SNVYRPPPYRPVYRPLRRPGYRPGK,1
SDNSVVLRYGDGEYSYPVVD,0
QETQYFGPGTRLLVL,0
NKLAYNMGHYAGKATIFGLAAWALLA,1
GIGKHVGKALKGLKGLLKGLGES,1
AEKLEPVLPLIV,0
NALSMPRNKCNRALMCFG,1
HVVAAITALKERGGSSHQALKKYKAAN,0
LLKWLKKWLKK,1
FLPIVASLAANFLPKIICKITKKC,1
MREAICIHIGQAGYQIGNACSQLFC,0
MSQASSSPGEGPSSEAAAISEAEAASGS,0
ADPPIHIASL,0
FLPLLAGLAANFLPKIFCKITKKC,1
GKYTCGETCFKGKCYTPGCTCSYPICKKD,0
GLFKVLGSVAKHLLPHVAPVIAEK,1
ACYCRIPACIAGERRYGTCIYQGRLWAFCC,1
AIPWIWIWRLLRKG,1
RIKRFWPVVIRTVVAGYNLYRA,1
VDQHQKAMKPWTQPKTNAIPYVRYL,1
LAHQKPFIRKSYKCLHKRCR,1
MDIVSLAWAALMVVFTFSLSLVVWGRSGL,0
ANFLPKIFCKITRKC,1
MLDIISLGWGSLLAIFSFSIALVVWGRNGF,0
MISDTQIFVALILALFSFVLAIRLGTSLY,0
THILLLRLRKKVMS,1
AWLLAIRKR,1
AGEDVSHELEEKEKALANHSE,0
GFMSKVANFAKKFAKGGVNAIMNQK,1
VSDSQNSQDGLDPE,0
AFQWQRNMRKVR,1
GHAKGDKKVSKK,0
KKLALHALKKWLHALKKLAHLALKK,1
FLGGLMKAFPALICAVTKKC,1
GIGGKILGGLRTALKGAAKELAATYLH,1
AKCLRWQWAMRKYGG,1
ARQLNPSDQELQSPQQLYPQQPYPQQPY,0
GVPICGETCTLGTCYTAGCSCSWPVCTRN,0
QWFGPYPPVNYIN,0
GLKEIFKAGLGSLVKGIAAHVAS,1
GAPICGESCFTGKCYTVQCSCSWPVCTRN,0
KAVVLGKAGGTAELPCQASQ,0
MPGKVQDFFLCSLLLRIVSAGWCD,0
FLSLIPKIATGIAALAKHL,1
CVTGAPGCVGGGRL,0
RLLLVMIGLRSKIKWHSGI,1
MLLLKHGRIEILDQNTMYG,0
GLLSGILGAGKHIVCGLSGLR,1
KKKSGVIPTVSHDCHMNSFQFVFTCCS,1
GIGTKFLGGVKTALKGALKELASTYVN,1
PAWLVDCPCVGDDVNRLLARGEK,0
CFAWQRAMRKVR,1
TEVTFKVGEGSSGKS,0
LLKWLKK,1
FYEKEGLPAFPMGK,0
GVWSTVLGGLKKFAKGGLEAIVNPK,1
GHNKKDKKMQKK,0
INWKKIASIGKEVLKA,1
TTKPVPSGSPWYGPDRVKNRELEVIHSR,0
SIVPLGLPVPIGPIVVGPR,0
ALWMTLLKKVLKAAAKALNAVLVGANA,1
WTTIVKVSKAVCKTGTCICTTSCSNCK,1
IIGLVSKGTCVLVKTVCKKVLKQG,1
MNVQFTVNGRAASIDVPPNTLLVQ,0
MKIFLYLLRKKIAEVWIFQNPANFLSL,0
KCFQWQRNMRKVRGPPVSCI,1
GVFCGEACAQASCSIAGCECIAGLCYKN,0
FLPVLTGLTPSIVPKLVCLLTKKC,1
KMLGVVAKKPMSDYE,0
FKCRRWQWRMKKLWA,1
TRRTAFLFDELSLWHSASQYALILPVGG,0
GATAIKQVKKLFKKWGW,1
ACYCRIPACFAGERRYGTCFYLGRVWAFCC,1
RKCLRWQWRMRKVGG,1
MAHSS,0
AAGGVKKPKKAAAAKKSPKKPKKPAAA,1
MYKLLIINP,0
KWKLFKKIGIGAVLKVLTTG,1
SVFAFQDESTSTIAQARLFI,0
GFLGPLLKLGLKGVAKVIPHLIPSRQQ,1
SSEAAPEEKVAILGA,0
GKPICGETCFKGKCYTPGCTCSYPICKKD,0
SNMIEGVFAKGFKKASHLFKGIG,1
FASLLGKALKALAKQ,1
RSVCRQIKICRRRGGCYYKCTNRPY,1
MWISYLGFLIFYFILAAASYKILKRIKWI,0
MTKDEPLEGNVGVLT,0
LKTVYQHQKAMKPWIQPKTKVIPYVRYL,1
GVVDILKGAAKDLAGHLATKVMNKL,1
MSQSKYRQL,0
GIGGALLSAGKSALKGLAKGLAEHFAN,1
PVLAAASWALFNIGRLALQQFNKIASR,0
GIPCGESCVWIPCISSAIGCSCKSKVCYRN,0
AAKPLDKSSSSLHHGYSKVHVP,0
LFEENGGAL,0
FLPIIASVAAKVFSKIFCAISKKC,1
LWTRDYAGVYEAIRGFDWSQDAK,0
LEEQSFSFTKFSTDQQNLILQAHY,0
KLIFILSKTIPAGKNLFYKI,1
AHCLAIGRR,1
MWTKPAYTDLRIGFEVTMYFANR,0
RICRIVVIRCIR,1
VKKVAIIGAGVSGLASIRS,0
MQNQRIRIR,0
MHIVVCIKQVPDSAQIRV,0
MKYNPRVSSNRRKS,0
SIPCGESCVWIPCTITALAGCKCKSKVCYN,0
SFKKGLFLGTILGGA,0
FKCRRWQWRMAKLGA,1
GIGKHVGKALKGLKGLLKGLGEC,1
KKDLTEVTHKVYFDVEIDGKPAGRIVMGLF,0
AWLDKLKSIGKVVGKVAIGVAKNLLNPQ,1
RLSRIVVIRVSR,1
MKTKFVFDLLTPDDILHPSNHVNLIIRPI,0
MITDFQVYIALMAALLASVLAIRLGATLYQ,0
SASPGLPKGEKEQQEAIEHIDE,0
FLPLLAGLAANFLPKIFCKITRKC,1
GLPICGETCVGGSCNTPGCSCSWPVCTRN,0
FKCRRWQARMKKLGA,1
GILDTLKQFAKGVGKWLVKGAAQ,1
MMIPGHFDYHRPKSV,0
GKPICGETCFKGKCYTPGCTCSYPVCKKN,0
MDTKLGLVEEEAAN,0
GAARKSIRLHRLYTWKATIYTR,1
VELQNRLSDESQ,0
GSGASGSMPATTS,0
IFGSLFSLGSKLLPSVFKLFSRKKQ,1
MEFGNLTNLDVA,0
CVKVRVKVGSGVKVRVKVC,1
SNTKQPTPLGGVIFA,0
VGECVRGRCPSGMCCSQFGYCGKGPKYCGR,1
RCVCRRGVCRCVCRRGVC,1
ADLFLR,0
LGICFASMPR,0
LLKWLKKL,1
GIGSAILSAGKSALKGLAKGLAEHFAN,1
KRLRRVWRRWR,1
WKRAQWQRNWRKVAG,0
AALKGCWTKSIPPKPCFGKR,1
KWKLFKKIGIGAVLKVLTTGLPALIS,1
SAIWFWMTPQSPK,0
FMGGLIKAATKIVPAAYCAITKKC,1
MAIIIGLEFAQLPMSFGAKYE,0
MNRVQFNHHHHHHPD,0
NVRFDLSGATSSSYKTFIKN,0
GKPTCGETCFKGKCYTPGCTCSYPLCKKD,0
KWKLFKKIPLHLAKKF,1
MSDINTARLPLSSPMLLPCVGDDILMV,0
SHGKQETDEEFDARWVTYFNKSDI,0
KWCRCVCRRGICRCRCRK,1
MTKNKFVLLRYLCLFCTNIDQIDFNSVLK,0
VGSRYLCTPGSCWKLVCFTTTVK,1
GVWSTILGGLKKFAKGGLDAIVNPK,1
KDDHCKDLGSIDDDE,0
ILPIRSLIKKLL,1
GIGKFLHSAGKFGKAFVGEIMKS,1
DMYSDNLGLCDN,0
GLKDWVKIAGGWLKKKGPGILKAAMAAATQ,1
MNNTEFYDRLGVSKDASQDEIKKA,0
AKKVFKRLEKLFSKIFNFK,1
YGEPKLDAGV,0
AYERQFYPGATSVAENNIGH,0
EWKLPDLIINHITLTRRNCNKYRCG,1
FLPLAVSLAANFLPKLFCKITKKC,1
KWKSFLKTFKSLKKTVLHTALKLISS,1
IDASTATGDSPVFTATIK,0
MDILSLGWSALMVVFTFSLALVVWGRNGF,0
AADDVTVVIGSAAPMSGPQ,0
VQPPHSHGDNFYIWT,0
MVDKFNNSDC,0
GYGFLTTDD,0
SAVGRHSRRFGLRKHRKH,1
KIIKVVK,1
FKARRWAWRMK,1
QSHLSLCRWCCNCCHNKGCGFCCKF,1
GFIMEFAENLILRRMEDPK,0
KEQPEFVPY,0
DVSFSLSGGGTASYEK,0
SPVISYDKT,0
INLKAITALAKKLL,1
ILAWKWAWWAWRR,1
MNLVDIAILILKLIVAALQLLDAVLKYLK,0
MDIVSLGWAFLMVVFSFSLSLVVWGRNGL,0
WKVFKSFIKKASSFAQSVLD,1
MTATILVADDDAAIRTVLNQALSRAG,0
LKWLKKLLKKL,1
MKFYTIKLPKFLGGIVRAMLGSFRKD,0
CRFCCRCCPRMRGCGLCCRF,1
GVSKILHSAGKFGKAFLGEIMKS,1
IFHHIFKGIVHVGKTIHRLVTG,1
KKLFKKILKYL,1
SIFVLPDLPYAKDALPKISAKTFDFGK,0
MEPDPTPLPRRRLKLFR,0
VNWKKSLGKSIKVVK,1
KAYSMPRCKYLFRAVLCWL,1
KPVPIIYCNRRTGKCQRM,1
YLTCNLR,0
CFQWQRNMRKAR,1
MNFFLRWCYAVAI,0
GYIAYVHQNELVKR,0
VDSEDLIEAFKIYVEDDNEHLQGSVD,0
SNGYRPAYRPAYRPSYRPGK,1
MEIDVLGWVALLVVFTWSIAMVVWGRNGL,0
GIFGKILGVGKKVLCGLSGVC,1
AVKPKTAKPKTAKPKTA,1
SYEQYFGPGTRLTVT,0
KWCFCVCYRGICYCRCRG,1
ALWKNMLKGIGKLAGKAALGAVKKLVGAES,1
GSNIEVMLGLPNSDVK,0
MTLRHYFFLQDYKRNVENLPFYKNQATLQ,0
AVHGQFATL,0
ILKLFKRIVKRILKFLRKL,1
FKCRRFQFRMKKLGA,1
GFMDTAKNVAKNVAATLLDKLKCKITGGC,1
CFQWQRRMRKVR,1
INWLKLGKKLLSAL,1
PKPPDRG,0
KTGVNKPELLPKEETTVIDV,0
KWKSFLKTFKAAVKTVLHTALKAISS,1
VARGWKRKCPLFGKGG,1
MFLGPGGAGGQAFDQAR,0
DDNGKPYVLPSVRTCGFDFTGAVEDISK,0
RWFKIQLQIRRWKNKK,1
SGKRWWRRKK,1
NPKVAHCASQIGRSTAWGAVSGA,1
MVKTPITEAIAAADTQGRFLS,0
AIFILAS,0
FLPALIGIAAKALPSLLCKITKKC,1
GRKKGVQFDEGAPDDFDPNNPYKKDVAFL,0
LNLTKWLGKLGVILSHLNK,1
GFLGPLLKLAAKGVAKVIPHLIPSRQQ,1
FSLFFPYAALKWLRKLLKK,1
VYQHQKAMKPWIQPKTKVIPYVRYL,1
SATAAREEYQRKRSQFIEIG,0
ILGKILKGIKKLF,1
LLGDFFRKSKEKIGKEFKRIVQRIKDFLR,1
YKAWRWAWRWK,1
MNVSQIYARNGELFSGRICKQKRQ,0
AMAGTATVQGQGTR,0
GWRLLLKKAEVKTVGKLALKHYL,1
MFTFAILLLCVQGCLIQ,0
THPSVLPFIKQLIGTMDSVRGLPR,0
AEEQSFSSTKFSTDQPNLILQGDA,0
EKTLARTAAKTALKK,1
MNQKHLLRFIKKSYRVDADRVVYDAK,0
FRWWHR,1
LKKLLKWLLKLLK,1
PNIQTKIIEQIWKEHIFQGTVVK,0
YGLAADNVLDAR,0
MIYDSQVYTVLLIALLASVLAIRLGSTLYQ,0
FKCRRWQWRMKKAGA,1
RWCVYAYVRVRGVLVRYRRCW,1
RRWQWRMKKL,1
KGARQAWKDYKYNRNMQKMNQGYGQQGG,1
GIPCGESCVWIPCLTSAIGCSCKSKVCYRD,0
MKRISTTITTTITTTITITITTGNGAG,0
GLKDIFKAGLGSLVKNIAAHVAN,1
GLFGKSSVVGRKYYVDLAGCAKA,1
EEVQETVNLKYEYSVYR,0
RNKLAYNMGHYAGKATIFGLAAWALLA,1
SKCRQWQWKIRRTNP,1
LSAGPNGGSIAKLSVK,0
LIRCSRTCLQYKTSRFMRW,1
FFPLIPGVRCKILRTC,1
KRFWQLVPLAIKIYRAWKRR,1
VSTLLPVVAAEEPA,0
PAKQVAFAEHAREKMLRGVNVLA,0
RWRWWRWRR,1
KTHYPTNAWKSLWKGFWESLRYTDGF,1
INLLKIAKGIIKSL,1
CVISAGWNHKIRCKLTGNC,1
SIFAFQDESPSAIAQAKLFK,0
FLGGLIKIVPAMICAVTKKC,1
SMISVLKNLGKVGLGFVACKVNKQC,1
IKIPAFVKDTLKKVAKGVISAVAGALTQ,1
NKLKPSQWISL,0
MAYRGFKTSRVVKHRVRRRWFNHRRRYR,0
IWNKIAKSIGKVLEKAL,1
GILMDTFKGAAKNVAGFLLDKLKCKISGGC,1
STIVCVSLRICNWSLRFCPSFKVRCPM,1
FLPVLAGIAAKVVPALFCKITKKC,1
GIPCGESCVYIPCLTSAIGCSCKSKVCYRN,0
RRRSVQWCA,1
WLRRIGKGVKIIGGAALDHL,1
VSGVADER,0
TKCFQWQRNMRKVR,1
LVRGCWTKSYPPKPCFVR,1
MLVGMTEMVN,0
CEHSHDGA,0
NSTMNSLLQLGR,0
GIPCGESCVFIPCISSVVGCSCKSKVCYRN,0
ALLDKLKSLGKVVGKVAIGVAQHYLNPQ,1
RGLRRLGRKIAHGVKKYGPTVKRIKRKA,1
GALVAAYGLYDGFLTL,0
SGSIIHSMEANVGYSPDKSQNMVLMGGLK,0
GLPVCGETCFGGTCNTPGCTCSYPICTRN,0
DLAGEIHGLSNVK,0
WKWWQWQRNWRKVWG,1
FLSTLLNVASNVVPTLICKITKKC,1
AAVTCIFMTLFGLSLGFALLKVQGE,0
FLGAIAGVAAKFLPKVFCFITKKC,1
VNWKKILPKIIKVAK,1
CYSAAKYPGFQEFINRKYKSSRF,1
FALGAVTKLLPSLLCMITRKC,1
KKLALALAKKWLALAKKLALALAKK,1
ALLDKLKSLGKVVGKVAIGVAQHYLNPQQ,1
FIVPSIFLLKKAFCIALKKNC,1
GIGSMLLGLAKNVGMSLLNKAQCKISGKC,1
ALRLAIRRR,1
FLPMLAGLAASMVPKFVCLITKKC,1
MPSQKSPTKRSPTKRSPQKGGKGAKR,0
EATKCFQWKRNMRKVRGPPVSCIKR,1
LAEQAERYEEMVEFMEK,0
IKIMDILAKLGKVLAHV,1
RKCLRWQWRMRKYGG,1
FKRIVQRIKDFLRNLV,1
KIANGSGSEQDIAEAKI,0
FLPAVIRVAANVLPTVFCAISKKC,1
CPPLC,0
APRKQLKW,1
FKCRRFQWRMKKLGA,1
GLFGKILGVGKKVLCGLSGMC,1
INLKAIAPLAKKLL,1
IEMAEGGNDNIGNESIK,0
ACYCRIPACLAGERRYGTCFYRRRVWAFCC,1
AKNIQYFGAGTRLSVL,0
ILGIITSLLKSLGKK,1
DDLFNINAGIVKLFGVTTLDVVR,0
GIGASILSAGKSALKGLAKGLAEHFAN,1
FLPLIAGVAANFLPKIFCLISKKC,1
CFQWQRLMRKVR,1
IWSFLIKAATKLLPSLFGGGKKDS,1
AHQLPMGTLCNFYEWYRRDD,0
ISAEAPLYAEVGMPALSPTMT,0
MVPVPVHHMADELLRNGPDTVI,0
SIGAKILGGVKTFFKGALKELAFTYLQ,1
EKDCYHERDC,0
GRFRRLRKKTRKRLKKIGKV,1
GLPVCGETCVTGSCYTPGCTCSWPVCTRN,0
MDSKAVLKGMLEKAYRIEAGFEKRG,0
FLPLVRGAAKLIPSVVCAISKRC,1
ASEDTAEAAAPSA,0
IKIPSFFRNILKKVGKEAVSLIAGALKQS,1
GLFKVLGSVAKHLLPHVAPVIAEKL,1
DILRG,0
VNWKKILGKI,1
FFFHIIKGLFHAGRMIHGLV,1
SRDIVSVYDD,0
NWKKIASIGKEVLKAL,1
MINQVSVYRQPPVLSGCRQVKTI,0
VVGGEVARAHSWPWQISLQY,0
MKKARRSPSRRKGARLWYVGGSQF,0
FQWQRNMRKVR,1
MQWTTPSYTDLRFGFEITMYIANR,0
AIEVQTVTLIPGD,0
AKCLRWQWRMRKVGG,1
MKLCWQKSIHGS,0
YGEPIGVETLTK,0
ENFAGGCATGYLRTADGRCKPTF,0
KKWLKKWLK,1
KWLKKWL,1
RKCNFLCKLKEKLRTVITSHIDKVLRPQG,1
GLFLDTLKGLAGKLLQGLKCIKAGCKP,1
IFGSLFSLGSKLLPTVFKLFSRKKQ,1
ARRRRRSSRPQRRRRRRRHGRRRRGRR,0
AEFGPSQPFKGAK,0
GWKDWAKKAGGWLKKKGPGMAKAALKAAMQ,1
KRKKHRCRVYNNGMPTGMYRWC,1
GWFKKAWRKVKNAGRVLKGVGIHYGVGLIG,1
LLKELWTKMKGAGKAVLGKIKGLL,1
RIWVIWRR,1
HYQEVPRQIQEKLIKGQ,0
NVQLDPFFQEQQQYYPQQQAFFLLQQQQN,0
MYIFITHFFTEYVILKYLLPI,0
MKLRKILKSMFNNYCKTFKDVPPGNMFR,0
MDIVSFAWAALMVVFTFSLSLVVWGRSGL,0
GIKDWIKGAAKTLIKTVASHIANQ,1
MITVPHVVNLNLTGQWRENGGQI,0
FLPIIAGVAAKVFPKIFCAISKKC,1
GPQQENMMEE,0
GVTFHDDDLIPF,0
FLPAVLRVAAQVVPTVFCAISKKC,1
HEEAELD,0
AIFIFIRWLLKLGHHGRAPP,1
CFAWKRNMRKVR,1
RRWWWR,1
GLLGSIGKVLGGYLAEKLKPK,1
RQRVEELSKFSKKGAAARRRK,1
VVYTLKRNGRTLYGF,1
VNQSETPVKHIGKVF,0
KWKSFIKKLTSKFLHLAKKF,1
KLLKWLLK,1
FKCRRWQFRMKKLGA,1
AQGDNPDKDTDGN,0
SHGSHETDEEF,0
FWGALAKGALKLIPSLFSSFSKKD,1
IWLTALKFLGKNLGKHLAKQQLAKL,1
GSVIKCGESCLLGKCYTPGCTCSRPICKKD,1
INLKAIAALVKKLL,1
MIYDSQIYTVLCIALLAGILAIRLGSTLYE,0
SPKKTKPVKPKKVA,1
KWKSFKKKLTSKFLHSAKKF,1
MADQLTEEQIAEF,0
INLKILARLAKKIL,1
LPSIGHYY,0
MVSEAIAALKEREGSSEFAIGKKKE,0
SAKDVKFGDSARSMMIAGVNVIAD,0
RRTVKSAPQ,0
KKLALLALKKWLLALKKLALLALKK,1
GLWNSIKIAGKNLFVNVLDKIRCKVAGGC,1
GVIPCGESCVFIPCINKKKCSCKNKVCYRD,0
KLLKWLKKLLK,1
MDPTVGWIALLAFFVVSIALVVWGRNGF,0
EVEMLGDELRTLNQNLGLMR,0
AVWMTRSCVIWKR,1
RGRKSSRRK,1
AQNVIAPNTLSNSIRMLGSQSPLIQAYG,0
EQGVGGDDGL,0
FFSN,0
VSGSGIMAKRVVVDA,0
KWFKIQLQIKKWKNKK,1
AKELLDSDGIILRNGANYYI,0
GLFKTLIKGAGKMLGHVAKQFLGSQGQPES,1
SVFAFENEQSSTIAPARLYK,0
KSCCRNTTARNCYNVCRIPG,1
NVWKKILGKIIKVVK,1
SIPASQKANLGNQMIMAVACYQN,0
QKAASRLLRALSKLLEAF,1
KCRRWQWRMKKLGA,1
SRATWARVRRLGLYG,1
GIFTFEDESTSTVAPAKLYK,0
AGVWTVWGTI,0
FLPLIAGLAANFLPKIFCAITKKC,1
GLLSALRKMIPHILSHIKK,1
ACHAHCQSVGRRGGYCGNFRMTCYCY,1
LPTGPNNPTTLDNSSII,0
EQATLIDFGKLNADIVPDKNGGMTQ,0
ELPGLPKGEKEQQEAIEHIDEV,0
GWGDTFGKVLKNFAKVAGVKAAK,1
MQLFHLCLVISCSCPTVQASKLCLGWL,0
LVVYPWTKM,0
KLQELRMWSMLKKWILMFILDFPTR,0
VNWKKVLPKIIKVAK,1
AESGFQPVVDRKGD,0
FFPIVAGVAGQVLKKIYCTISKKC,1
ANNPGARKAIRKIEARTEVN,0
SVLGKSVAKHLPHVVPVIAEKT,1
RRRRRFRRVIRRIRLPKYLTINTE,1
MKAPSGAFLLGVYSMDTHILR,0
VNWKKILGKSIKVSK,1
DLARNLGLVDIDDEYDEDSDKEKPIFNV,0
GLRSKIKEAAKTAGKMALGFVNDMA,1
WIGRW,0
RPDKPRPYLPRPRPPRPVR,1
KWKSFLKTFKSAAKTVLHTALKAISS,1
NSTMDSLLQLGR,0
FKCRRWQWRMKK,1
GLPVCGETCFGGRCNTPGCTCSYPICTRN,0
GLWDSIKIAGKKLFVNVLDKIRCKVAGGC,1
INLKAIAALAKKLL,1
KKISQRYQKFALPQYLKTVYQHQK,1
LGEFAPTRTYRGHDKKDNKKDNKKGQKK,0
MKRGYEVVRDPHLNK,0
KEEQIGKSSTRGRKSSRRKK,1
ALQFIQNTASGALYYNTKTHKYQYQQTSGA,1
INWLKLGKKMMSAL,1
KIKWFKTMKSLAKFLAKEQMKKHLGE,1
QKIAEKFSGTRRG,1
GLPVCGETCVGGTCNTPGCTCSWPVCTRD,0
FYSAPTRDNVFEL,0
YSLQMGATAIKQVKKLFKKKGG,1
MRKPSAFHACNIIFLPLVKCASATIMLN,0
MMKLVIILIVLLLVSFAAY,0
GIGGALLSAAKVGLKGLAKGLAEHFAN,1
MIERELGNWKDFIEVMLRK,0
MALNLQDKQAIVAEVSEVAKGALS,0
NEQSGKSQTVIVGPWGAQVST,0
QAVLGAGLPCNTTTSPIIKVCASGMK,0
MDLSFTLSVVTA,0
FEDGKKVRFFKSNKETIK,0
MDIVSLTWAALMVVFTFSLSLVVWGRSGL,0
CRRWQWRMKKLGAPSITCV,1
CKCRRRKVHGPMIRIRKK,1
MDIVSLAWASLMVVFTFSLSLVVWGRSGL,0
GICRCICTRGFCRCICVL,1
MKNSVAEH,0
EEEDKKEDVGTVVGI,0
FIRWRFRWWRWRR,1
MTPPENKNLVQENKELIQEVLKA,0
RLCRIVWVIRVCR,1
ANEAKVVLVADNVQGDN,0
VPPVYADLGKGARDLFSKGYNYGFSKL,0
AFRKQLKW,1
ITIPPIIKDTLKKFFKGGIAGVMGKSQ,1
FLKGCWTKWYSLKPKCPF,1
GLPVCGETCAFGSCYTPGCSCSWPVCTRN,0
KWKSFLKTFKSAVKTVLHTALKAISS,1
GLWNTKLEAGLLFAMGKLDLKRCLKAGGC,1
FLPILASLAAKLGPKLFCLVTKKC,1
PQTETKASVGFKAGVK,0
SGKLCCRRKK,1
IALQSPAGAARIRDYLYNELSK,0
LGSLDEYAR,0
SKDNQKNYIPLIVPFAT,0
EDKYTDKYDNINLDE,0
MLSKGVLSARLFNLIYG,0
MRDKWRKKRVRRLKRKRRKMRARSK,0
GIGAKILGGVKTALKGALKELASTYVN,1
RKLRRLKRKIAHKVKKY,1
LLKWLKKLLKK,1
ERSAAKSAARSLARR,1
FFHHIFRGIVHVGKTIHRLVTGT,1
DSTNY,0
RDSNVTILPLRNMKD,0
AEPNVTVTGAAGQIGYALLFRI,0
INWLKLGKKILGAL,1
SFSESLAAAR,0
SMLSVLKNLGKVGLGLVACKINKQC,1
FLGLLFHGVHHVGKWIHGLIHGHH,1
GLFGKLIKKFGRKAISYAVKKARGKH,1
QKALAKLAKKALKALAKQ,1
CTMLNVLTGTQEGLR,0
SGADTTFLTK,0
LVTLVFV,0
KKLALALKKLALLWKKLALALKKA,1
TWLPAVIKIQAHWRGYRQRKIYL,1
KKSCHTGLKKSAGWVIPIGTLVKNGIIVR,1
KWCFRVCYRGICYRKCR,1
VHWSAEEKQL,0
CRRWQWRMKKLGA,1
FFHHIFRGIVHVGKTIHRLVTGG,1
GIPCAESCVYIPCITAALGCSCKNKVCYRN,0
MVGNFPGANYSRDTRRAEIDIQIDIQKI,0
KWKSFIKKLTKKFLHSAKKF,1
FENKVPEKQKLFQEDNGIPVVLKGGVADA,0
FIKRIARLLRKIF,1
MENVMSWFNIDFEIKSDNNIDKTLL,0
DDIKLSQQYDVLDLFKYMHQ,0
VIGGTNASPGEIPWQLSQQRQSGSW,0
KKFFLKVLTKIRCKVAGGCRT,1
ACYCRIPACLAGERRYGTCFYLGRVWAFCC,1
MLHHMTSRANLLLLRRGGSQRS,0
MCDILLNVLNIVFIGIAIILVIIC,0
LLGDFFRKVKEKIGKEFKRIVQR,1
FLPFIAGMAAKFLPKIFCAISKKC,1
GGLRSLGRKILRAWKKYG,1
WKIFKLKLRMLW,1
DEPDGVPTHQKQ,0
VVAAGANPVLITRDLVNVLEDAIR,0
FVLPLVMCKILRKC,1
INWKKLGKKILGAL,1
GLPTCGETCFGGTCNTPGCSCSSWPICTRD,0
KWLRRVWRWWR,1
MSDTATRVQKIVVEHLGVESDKVTQE,0
KALKKLLKLASSLLTAL,1
FLGSLLGLVGKVVPTLFCKISKKC,1
RNMRKVR,0
DFIGSSTNVIMVASTTLMLF,0
KKKSFIKLLTSAKVSVLTTAKPLISS,1
GLFRALLRLLRSLWRLLLRA,1
LENRVAEKQKLFQEDNGLPVHLKGGATDN,0
GIINTLQKYYSRVRGGR,1
MVKIGINEFGRIGRLAFRRIYEL,0
ISDFDEYEPLNDADNNEVLDF,0
GIPCGESCVWIPCISSALGCSCKNKVCYRN,0
KLLKWLLKL,1
FTAASQTLEAGR,0
GLVPCGETCFTGKCYTPGCSCSYPICKKN,0
KKLLKWLLKLL,1
IGKKFKRIVQRIKKFLRKL,1
VRYADENVRTKEAKKK,0
GLARIVVIRVAR,1
FVSTYK,0
KLSPSLGPVSKGKLLAGQR,1
MEFVAKLFKFFKDLLGKFLGNN,0
LGALFRVASKVFPAVISMVK,1
