GLIGSIGKALGGLLVDVLKPKLQAAS,1
MESAQAVAEPLDLVRLSLDEIVYVKLRGDRELNGRLHAYDEHLNMVLGDAEEIVTIFDDEETDKDKALKTIRKHYEMLFVRGDSVILIAPPRN,0
MKFNDLEVGKEDRPMTPPFIKSVDVLWNPFEDLVPRRLPDAPPAQKDERKRARAAGGRTTEGRARS,0
GLFDVIKKVASVIGGL,1
GSNFCDSKCKLRCSKAGLADRCLKYCGICCEECKCVPSGTYGNKHECPCYRDKKNSKGKSKCP,1
MSFAQFFVACCLAIVLLAVSNTRAAVQGPPLCQSGIVEEMPPHIRKVCQALENSDQLTSALKSYINNEASALVANSDDLLKNYNKRTDVDHVFLRFGKRR,0
FLGAIAAALPHVINAVTNAL,1
RECKAQGRHGTCFRDANCVQVCEKQAGWSHGDCRAQFKCKCIFEC,1
MRTPMLLALLALATLCLAGRADAKPGDAESGKGAAFVSKQEGSEVVKRLRRYLDHWLGAPAPYPDPLEPKREVCELNPDCDELADHIGFQEAYRRFYGPV,0
MKVLILIMIIASLMIMGVEMDRDSCVDKSRCAKYGYYQECQDCCKNAGHNGGTCMFFKCKCA,0
NIQIICCKHTPACCT,0
MRYDNVKPCPFCGCPSVTVKAISGYYRAKCNGCESRTGYGGSEKEALERWNKRTTGNNNGGVHV,0
GVLDIFKDAAKQILAHAAEKQI,1
MLTIETSKKFDKDLKILVKNGFDLKLLYKVVGNLATEQPLAPKYKDHPLKGGLKDFRECHLKPDLLLVYQIKKQENTLFLVRLGSHSELF,0
MKFVIVLACLLAVVFANEEADVVKSDSEVNLLDFNYAYELSNHIRAVQTGALKEHDNWVVSGEYEYVAPNGKTVKVVYTADETGYHPKVVEA,0
ARLKKCFNKVTGYCRKKCKVGERYEIGCLSGKLCCAN,1
MKIFFAILLILAVCSMAIWTVNGTPFAIKCATNADCSRKCPGNPPCRNGFCACT,0
AKYTGKCTKSKNECKYKNDAGKDTFIKCPKFDNKKCTKDNNKCTVDTYNNAVDCD,1
FLPIASLLGKYL,1
CSCADMTDKECLYFCHQDVIW,0
MSIEIDSEQGVCSVEIEGSRHRAPVDSLRIGTDAEARLSVLYIDGKRLHISEEDAQRLVVAGAEDQRRHLMADD,0
MNTATGFIVLLVLATVLGAIEAEDAVPDFEGGFASHAREDTVGGKIRRSSVCIPSGQPCPYNEHCCSGSCTYKENENGNTVQRCD,0
MEFVAKLFKFFKDLLGKFLGNN,0
SVMGTVKDLLIGAGKSAAQSVLKSLSCKISNDC,1
PKRKSATKGDEPARRSARLSARPVPKPAAKPKKAAAPKKAVKGKKAAENGDAKAEAKVQAAGDGAGNAK,1
ENDHRMPNNLNRPNNLSKGGAKCGAAIAGGLFGIPKGPLAWAAGLANVYSKCN,1
RLCRIVVIRVCR,1
KGIGSALKKGGKIIKGGLGALGAIGTGQQVYEHVQNRQ,1
LVLKYCPKIGYCSNTCSKTQIWATSHGCKMYCCLPASWKWK,1
ITPATPFTPAIITEITAAVIA,1
GVGDLIRKAVSVIKNIV,1
LPVNEAQCRQVGGYCGLRICNFPSRFLGLCTRNHPCCSRVWV,1
MATEYRTASWKLWLILDPRRVLTALFVYLTVIALLIHFGLLSTDRLNWWEFQRGLPKAASLVVVPPAVG,0
GFKLKGMARISCLPNGQWSNFPPKCIRECAMVSS,1
MVSSAGLSLTLVAALCALVAPALSSIVSTEGPLPLLREESRINFWNAACAARGVPVDQPTAAAVTFYICLLAVLVVALGYATRTCTRMLHASPAGRRV,0
GIPCAESCVWIPCTVTALVGCSCSDKVCYN,1
MHPLVDELTLSRYLTHGTSVLSSSLYSVAFFLFFFPNFLFFCSCPNHKWVSLPFIGMDILEALCFYREGKIRNIFEIGGLLLQSFYN,0
MYYVIFAQDIPNTLEKRLAVREQHLARLKQLQAENRLLTAGPNPAIDDENPSEAGFTGSTVIAQFENLQAAKDWAAQDPYVEAGVYADVIVKPFKKVF,0
FFSLLPSLIGGLVSAIK,1
MIKQLQHALELQRNAWNNGHENYGASIDVEAEALEILRYFKHLNPAQTALAAELQEKDELKYAKPLASAARKAVRHFVVTLK,0
MRLWFCLSFLIILCVEHFPGTLAVERNVPESEEKTEQFLRDLFEISRLQRRPAGFTPFRGKFHSQSLRGLSETKRIYNAIWPCKHCNKCKPGLLCKK,0
ATCDLLSAFGVGHAACAAHCIGHGYRGGYCNSKAVCTCRR,1
MASRNSVTGFALFSFVFAVILSLAGAQSLAPAPAPTSDGTSIDQGIAYLLMVVALVLTYLIHPLDASSSYSFF,0
GRPNPVNNKPTPHPRL,1
AFVKGSAQRVAHGY,0
ECNIGDICVVHGDCSECKCSDGRAAKCDREHGEPPHCSCSHR,0
ACWKANSCPGSAFESKDRLRSFALLYCRYNYKPPYGQGAFGYASAVSTHGWETEAQCINTFEQIITSCHGQSNGGTLELNSGRLSLAFGNCEEL,0
RGFRKHFNKLVKKVKHTISETAHVAKDTAVIAGSGAAVVAAT,1
KTCENLADTFRGPCFATSNC,1
RWCVYAYVRVRGVLVRYRRCW,1
MVLNPSKYQDTRTWKMTPAMIRARKPFFKGNMLGLTLLLGVTGSVYYYTYHFLHKDNDFADVPIPPIDPQELEALKKEYEAKKKA,0
MKFFAIAALFAAAAVAQPLEDRSNGNGNVCPPGLFSNPQCCATQVLGLIGLDCKVPSQNVYDGTDFRNVCAKTGAQPLCCVAPVAGQALLCQTAVGA,0
SDSKIGNGCFGFPLDRIGSVSGLGCNRIMQNPPKKFSGE,0
FLSLIPHIVSGVASIAKHF,1
FFGSVLKLIPKIL,1
GRDYRTCLTIVQKLKKMVDKPTQRSVSNAATRVCRTGRSRWRDVCRNFMRRYQSRVTQGLVAGETAQQICEDLRLCIPSTGPL,1
VVCACRRALCLPLERRAGFCRIRGRIHPLCCRR,1
TCEPSGKPCRPLMRIPCCGSCVRGKCA,0
MKIILWAVLIIFLIGLLVVTGVFKMIF,0
FFRLLFHGVHHVGKIKPRA,1
GLLPCAESCVYIPCLTTVIGCSCKSKVCYKN,1
MEKKEFHIVAETGIHARPATLLVQTASKFNSDINLEYKGKSVNLKSIMGVMSLGVGQGSDVTITVDGADEAEGMAAIVETLQKEGLAE,0
MSLRNISMITKNLQTTAKCYVPKSSPTSTTIPVIRDASTTQCRRITTVINITSLKGYSPSPRTVHDKPIVICTDNEEVETVSEHVKV,0
KVSGGEAVAAIGICATASAAIGGLAGATLVTPYCVGTWGLIRSH,1
SWLSKTYKKLENSAKKRISEGIAIAIQGGPR,1
MGELPIAPIGRIIKNAGAERVSDDARIALAKVLEEMGEEIASEAVKLAKHAGRKTIKAEDIELARKMFK,0
SSFSPPRGPPGWGPPCVQQPCPKCPYDDYKCPTCDKFPECEECPHISIGCECGYFSCECPKPVCEPCESPIAELIKKGGYKG,1
VGSRYLCTPGSCWKLVCFTTTVK,1
GLFDIIKKVASVVGGL,1
MAVKIRLTRLGSKRNPFYRIVVADARSPRDGRIIEQIGTYNPTSANAPEIKVDEALALKWLNDGAKPTDTVHNILSKEGIMKKFDEQKKAK,0
ARRRHSMKKKRKSVRRRKTRKNQRKRKNSLGRSFKQHGFLKQPPRFRP,0
FQILNSSELTTGETGYIPSNY,0
MDSLRKMLISVAMLGAGAGVGYALLVIVTPGERRKQEMLKEMPLQDPRSREEAARTQQLLLATLQEAATTQENVAWRKNWMVGGEGGAGGRSP,0
LLGDFFRKSKEKIGKEFKRIVQRIKDFLRNLVPRTES,1
DSIRDVSPTFNKIRRWFDGLFK,1
TSRCIFYRRKKCS,1
RVPPYLGRDCKHWCRDNNQALYCCGPPGITYPPFIRKHPGKCPSVRSTCTGVRSSRPKFCPHDDACEFRSKCCYDACVKHHVCKTVEFY,1
MDILKLSDFIGNTLIVSLTEDRILVGSLVAVDAQMNLLLDHVEERMGSSSRMMGLVSVPRRSVKTIMIDKPVLQELTANKVELMANIV,0
MSYDKVSQAKSIIIGTKQTVKALKRGSVKEVVVAKDADPILTSSVVSLAEDQGISVSMVESMKKLGKACGIEVGAAAVAIIL,0
MNVDHEVNLLVEEIHRLGSKNADGKLSVKFGVLFRDDKCANLFEALVGTLKAAKRRKIVTYPGELLLQGVHDDVDIILLQD,0
MRRSVLVVFLVLAVTNVAVEAISRRGSFLAGGLLGLGLGAAASRGFGFPGYYGGYYGGGYYPMGGYYPMGGYYPMGGFYPSYHTFGGYYG,0
GLNTLKKVFQGLHEAIKLINNHVQ,1
FIGTALGIASAIPAIVKLFK,1
CVISAGWNHKIRCKLTGNC,1
ENFFKEIERAGQRIRDAIISAAPAVETLAQAQKIIKGGD,1
MAKKSMIQRELKRQKLVMKYATKRAALKEQIKQTTFLKEKLSLHRKLQQLPRNSSAVRLHNRCMITGRPKGYFRDFGLSRHVLREMAHQGLLPGVCKSSW,0
MSGFSVYVGNAPFQTTEDDLGNYFSQAGNVSNVRIVCDRETGRPRGFAFVEFTEEAAAQRAVDQFNGVDFNGRALRVNLAQNRNN,0
GLPICGETCVGGTCNTPGCSCSWPVCTRN,1
MVGRYRFEFILIILILCALITARFYLS,0
QKLCERPSGTWSGVCGNNNACKNQCINLEKARHGSCNYVFPAHKCICYFPC,1
MLKLICIAFLVTVLTLVAGQDSLDPAEFGCADDVNQAELLKNNDICLQCEDLHKEGVVFSLCKTNCFTTEYFQHCVKDLEEAKKEPPE,0
MTIAPITGTIKRRVIMDIVLGFSLGGVMASYWWWGFHMDKINKREKFYAELAERKKQEN,0
MANKVIQLQKIFQSSTKPLWWRHPRSALYLYPFYAIFAVAVVTPLLYIPNAIRGIKAKKA,0
QLGLQDPPHMVADLSKKQGPWVEEEEAAYGWMDF,0
FFPLLFGALSSHLPKLF,1
MSFNGISIRVITSYFLFFLDNLSKIKFSRLFSFKYRDFCDSCPLDIIIINASIRCLRSVFDFLHILTPRLNGKTTKKPKRNLRTQRVFDEKLHSHNASPN,0
GLLRASSVWGRKYYVDLAGCAKA,1
MAEDVRAEIVASVLEVVVNEGDQIDKGDVVVLLESMKMEIPVLAEAAGTVSKVAVSVGDVIQAGDLIAVIS,0
MKRLIAAAALTLFCAGLAVAHDKVVVLEAKNGNVTFDHKKHAGVKGECKACHETEAGGKIAGMGKDWAHKTCTGCHKEMGKGPTKCGECHKK,0
KKKKPLFGLFFGLF,1
QAIGPPYGLCFQCNQKTSSDCTEARRCSPFHEKCYTLYQPDENWMKSSGLSHFGCGKQCPTAGPEGRVTCCLTPRCN,0
SVDMVMKGIKLWPL,0
VTCYCRSTRCGFRERLSGACGYRGRIYRLCCR,1
MLFYSFFKSLVGKDVVVELKNDLSICGTLHSVDQYLNIKLTDISVTDPEKYPHMLSVKNCFIRGSVVRYVQLPADEVDTQLLQDAARKEALQQKQ,0
ALYKKFKKKLLKSLKRL,1
GKLQAFLAKMKEIAAQTL,1
AVQKVDGEPRAHLGALLARYIQQARKAPSGRMSVIKNLQNLDPSHRISDRDYMGWMDF,0
GWKSVFRKAKKVGKTVGGLALDHYL,1
SAFTVWSGPGCNNRAERYSKCGCSAIHQKGGYDFSYTGQTAALYNQAGCSGVAHTRFGSSARACNPFGWKSIFIQC,1
MPSVRSVTCCCLLWMMFSVQLVTPGSPGTAQLSGHRTARFPRPRICNLACRAGIGHKYPFCHCRGKRDAVSSSMAV,0
CTFTLPGGGGVCTLTSECIC,1
GLLGLLGSVVSHVVPAIVGHF,1
MTCGIENSYKSAEKKKKYRSFRFFESRDYSELCIIVGTYY,0
MLRRKPTRLELKLDDIEEFENIRKDLETRKKQKEDVEVVGGSDGEGAIGLSSDPKSREQMINDRIGYKPQPKPNNRSSQFGSLEF,0
MAKQTNKTASGTSTQHVKQQNAQASKNNFGTEFGSETNVQEVKQQNAQAAANKSQNAQASKNNFGTEFASETSAQEVRQQNAQAQAKKNQNSGKYQG,0
VTCNIGEWVCVAHCNSKSKKSGYCSRGVCYCTN,1
ATNIPFKVHFRCKAAFC,1
GIGAVLKVLTTGLPALISWIKRKRQQ,1
VCSCRLVFCRRTELRVGNCLIGGVSFTYCCTRV,1
MSGTIPHFWAQPFRYIRWSAREKPAYFYSCVIAGLGPVFLTVVPPVRKYFGDVNPAPIPVTYPIPTGPRKQLTGYDDDTEEA,0
MAHENVWFSHPRRYGKGSRQCRVCSSHTGLIRKYGLNICRQCFREKANDIGFNKFR,0
MVAPTLTARLYSLLFRRTSTFALTIVVGALFFERAFDQGADAIYEHINEGKLWKHIKHKYENKE,0
MGSLWSKISQLFVDAFTEFLVSVVDIAIFLAILFGFTVAGWLLVFLLRVVCSALLRSRSAIHSPELSKVL,0
FLGALAKIISGIF,1
FMPILSCSRFKRC,1
CSTNTFSLSDYWGNKGNWCTATHECMSWCK,1
ATAVDFGPHGLLPIRPIRIRPLCGKDKS,1
MVNRIELSRLIGLLLETEKRKNTEQKESGTNKIEDKVTLSKIAQELSKNDVEEKDLEKKVKELKEKIEKGEYEVSDEKVVKGLIEFFT,0
MSHTVKIYDTCIGCTQCVRACPTDVLEMVPWDGCKAAQVASSPRTEDCVGCKRCETACPTDFLSIRVYLGAETTRSMGLAY,0
GMWSKILGHLIR,1
MKSVELGPRARRDLTKLRRWLLNRAPSAADRAIDLILSRAEQLAQHSDLGRRKSQNMRELYVSFGAHGYVLQYRVYPDAVVIARIRHSLERR,0
MAKKSMIIKQKRTPKFKVRAYTRCERCGRPHSVYRKFKLCRICFRELAYKGQLPGIKKASW,0
RVCMKGSQHHSFPCISDRLCSNECVKEEGGWTAGYCHLRYCRCQKAC,1
GLFDIVKKVVGALGSL,1
KPCCSIHDSSCCGI,0
INLKALAALAKKIL,1
MRACLKCKYLTNDEICPICHSPTSENWIGLLIVINPEKSEIAKKAGIDIKGKYALSVKE,0
IATQCRIRGGFCRVGSCRFPHIAIGKCATFISCCGRAY,1
GLLGPLLKIAAKVGSNLL,1
GSIPCEGSCVFIPCISAIIGCSCSNKVCYKN,1
VQETQKLAKTVGANLEETNKKLAPQIKSAYDDFVKQAQEVQKKLHEAASKQ,1
MEKLKEFLKGVRDELKRVVWPSRELVVKATISVIIFSLAIGVYLWILDLTFTKIISFILSLRGSL,0
MEQKTLQVEGMSCQHCVKAVETSVGELDGVSAVHVNLEAGKVDVSFDADKVSVKDIADAIEDQGYDVAK,0
YGPGDGHGGGHGGGHGGGHGNGQGGGHGHGPGGGFGGGHGGGHGGGGRGGGGSGGGGSPGHGAGGGYPGGHGGGHHGGYQTHGY,1
DQYKCLQHGGFCLRSSCPSNTKLQGTCKPDKPNCCKS,1
IWLTALKFLGKHAAKHLAKQQLSKL,1
AAEFPDFYDSEEQMGPHQEAEDEKDRADQRVLTEEEKKELENLAAMDLELQKIAEKFSQR,1
MTFYNFIMGFQNDNTPFGILAEHVSEDKAFPRLEERHQVIRAYVMSNYTDHQLIETTNRAISLYMAN,0
VDKPDYRPRPWPRNMI,1
RESPSSRMECYEQAERYGYGGYGGGRYGGGYGSGRGQPVGQGVERSHDDNRNQPR,1
GAFGNFLKGVAKKAGLKILSIAQCKLSGTC,1
MSENRHENEENRRDAAVAKVQNSGNAKVVVSVNTDQDQAQAQSQDGED,0
ILGPVLGLVSDTLDDVLGIL,1
MANKLTAVIVVALAVAFMVNLDYANCSPAIASSYDAMEICIENCAQCKKMFGPWFEGSLCAESCIKARGKDIPECESFASISPFLNKL,0
KIKWFKTMKSIAKFIAKEQMKKHLGGE,1
EIRLPEPFRFPSPTVPKPIDIDPILPHPWSPRQTYPIIARRS,1
PIEVNDDCMACEACVEICPDVFEMNEEGDKAVVINPDSDLDCVEEAIDSCPAEAIVRS,0
MNQGKVWRVVKPTVGVPVYLGAVAVTALILHGGLLAKTDWFGAYWNGGKKAAAAAAAVAPAPVAAPQAPAQ,0
VTCDILSVEAKGVKLNDAACAAHCLFRGRSGGYCNGKRVCVCR,1
MNKLAILAIIAMVLFSANAFRFQSRIRSNVEAKTETRDLCEQSALQCNEQGCHNFCSPEDKPGCLGMVWNPELCP,0
KFFRKLKKSVKKRAKEFFKKPRVIGVSIPF,1
LVATGMAAGVAKTIVNAVSAGMDIATALSLFSGAFTAAGGIMALIKKYAQKKLWKQLIAA,1
MFRTLKASQKRSLVNLMFGTTALFATATVIFPSLLPCPAMKNPYLDTQSDPGYEELPENSRVIVIDQQSPKSSLVASKQNNPPSKS,0
MQFSIATIALFLSSAMAAPYSGNSNSDSYDPCTGLLQKSPQCCNTDILGVANLDCHGPPSVPTSPSQFQASCVADGGRSARCCTLSLLGLALVCTDPVGI,0
GWKIGKKLEHHGQNIRDGLISAGPAVFAVGQAATIYAAAK,1
GCWSTVLGGLKKFAKGGLEAIVNPK,1
FALGAVTKLLPSLLCMITRKC,1
MGGSSEQERLLVSIDEKRKLMIDAARKQGFTGHDTIRHSQELDCLINEYHQLMQENEHSQGIQGLVKKLGLWPRRDVMPAYDANK,0
GFGMALKLLKKVL,1
GFGCNGPWDEDDMQCHNHCKSIKGYKGGYCAKGGFVCKCY,1
TPFKLSLHL,1
MKLTCVLIIAVLFLTAYQLATAASHAKGKQKHRALRPADKHFRFTKRCNNRGGGCSQHPHCCSGTCNKTFGVCL,0
NEEEKVKWEPDVP,0
MNHLQQRQLFLENLLVGVNNMFHQMQKRPVNTCCRSLQKILDHLILLQTIHSPAFRLDQMQLRQMQTLACLWIHQYNHDHQVTLGAIKWISPLIKELK,0
CYSAAKYPGFQEFINRKYKSSRF,1
WLNALLHHGLNCAKGVLA,1
TESYFVFSVGM,1
LRQSQFVGSR,1
RGGRLCYCRRRFCVCVGR,1
GADFQECMKEHSQKQHQHQG,1
GRFKRFRKKFKKLFKKLSPVIPLLHLG,1
MSNGTNIDVAGAINTLAETFGKLFQMQIDVANTALKALADVAEPLGKTATDLIGSFTGAATQVLQSVSSAIAPKK,0
IIGLVSKGTCVLVKTVCKKVLKQG,1
FKVQNQHGQVVKIFHH,1
DSHAKRHHGYKRKFHEKHHSHRGY,1
GTWDDIGQGIGRVAYWVGKALGNLSDVNQASRINRKKKH,1
MFTVFLLVVLATTVGSFTLDRASDGRDAAANDKASDLIALTARRDPCCYHPTCNMSNPQICG,0
QIVDCWETWSRCTKWSQGGTGTLWKSCNDRCKELGRKRGQCEEKPSRCPLSKKAWTCICY,1
GKWGWIYITILFADVGGFKSSRHPEERRVQERRFKRITRGPD,1
MNLTVNGKPSTVDGAESLNVTELLSALKVAQAEYVTVELNGEVLEREAFDATTVKDGDAVEFLYFMGGGK,0
RGGRLCYCRGWICFCVGR,1
TITLSTCAILSKPLGNNGYLCTVTKECMPSSCN,1
MLFHVKMTVKLPVDMDPAKATQLKADEKELAQRLQREGTWRHLWRIAGHYANYSVFDVSSVEACNDTLMQLPLFPYMDIEVDGLCRHPSSIHSDDR,0
MGECPHLVDVRLGHRSLATGPEQSDICHTGSEARWTTTWYGSLSFSRHKYKMLADLTPGVEMSCRHWARWLTPVIPALWKAEAGGLPELRSSRPAWTTW,0
MAKEFGIPAAVAGTVINVVEAGGWVTTIVSILTAVGSGGLSLLAAAGRESIKAYLKKEIKKKGKRAVIAW,1
DKLIGSCVWGATNYTSDCNAECKRRGYKGGHCGSFWNVNCWCEE,1
ITSVSWCTPGCTSEGGGSGCSHCC,1
SDASEPAPACVVMYESWRYTTAANNCADTVSVSVAYQDGATGPCATLPPGAVTTVGEGYLGEHGHPDHLALCPSS,0
GLFSILRGAAKFASKGLGKDLTKLGVDLVACKISKQC,1
MSTLGILLPIALLLPLANPAENGDGQAMPRTRNLRSLSFGRTLRRLEKRGCDPTDGCQTTVCETDTGPCCCKPNFTCQISNSGTKSCSCSGQPSDCPV,0
GFKDLLKGAAKALVKTVLF,1
MPTKRFDKKHWKMVVVLLAICGAMLLLRWAAMIWG,0
SWKSMAKKLKEYMEKLKQRA,1
LKCYGIFRKIMTCPQGQNICEKFAYSPMHNGWMYSWGCTSNCHKGPLDKCCSTDLCNY,0
MTDSEHVGKTCQIDVLIEEHDERTRAKARLSWAGRQMVGVGLARLDPADEPVAQIGDELAIARALSDLANQLFALTSSDIEASTHQPVTGLHH,0
GSQLVYREWVGHSNVIKGPP,1
MSNMMNKFAEKLQGNDDSHQKGKNAKSSNKERDDMNMDMGMGHDQSEGGMKMGHDQSGTKMNAGRGIANDWKTYENMKK,0
MALPLKSLSRGLASAAKGDHGGTGARTWRFLTFGLALPSVALCTLNSWLHSGHRERPAFIPYHHLRIRTKPFSWGDGNHTFFHNPRVNPLPTGYEKP,0
GILSTFKGLAKGVAKDLAGNLLDKFKCKITGC,1
GLFPKFNKKKVKTGIFDIIKTVGKEAGMDVLRTGIDVIGCKIKGEC,1
GIGDPVTCLKSGAICHPVFCPRRYKQIGTCGLPGTKCCKKP,1
MPTKPPYPREAYIVTIEKGKPGQTVTWYQLRADHPKPDSLISEHPTAQEAMDAKKRYEDPDKE,0
HPHVCTSYYCSKFCGTAGCTRYGCRNLHRGKLCFCLHCSR,1
MRVIRMTNYEAGTLLTCSHEGCGCRVRIEVPCHCAGAGDAYRCTCGDELAPVK,0
MTEQQWNFAGIEAAASAIQGNVTSIHSLLDEGKQSLTKLAAAWGGSGSEAYQGVQQKWDATATELNNALQNLARTISEAGQAMASTEGNVTGMFA,0
MSKHKHEWTESVANSGPASILSYCASSILMTVTNKFVVNLDNFNMNFVMLFVQSLVCTVTLCILRIVGVANF,0
GNNRPVYIPQPRPPHPRI,1
GCASRCKAKCAGRRCKGWASASFRGRCYCKCFRC,1
KWKLFKKIEKVGQNIRDGIIKAGPAVAVVGQATQIAK,1
MNLTPREKDKLLIAMAAMVARRRLERGVKLNHPEAIALVSDFVVEGARDGRTVAELMEAGAHVITREQVMDGVAEMIRDIQVEATFPDGTKLVTVHEPIR,0
VQESADGYRMQHFRWGQPLP,0
MAQEQTKRGGGGGEDDDLPGASAAGQERREKLTEETDDLLDEIDDVLEENAEDFVRAYVQKGGQ,0
FGGFTGARKSARKLANQ,0
MAVSNNNNNNNSKERTQNIKEVEEKLGENPKITLKGGGKTKIMDFEQLRKPHCVRPSARFPVEDTAGGLLRTGGHRPQISDEEVSKRHHEQSHGQEDH,0
VNYGNGVSCSKTKCSVNWGQAFQERYTAGINSFVSGVASGAGSIGRRP,1
MADKTIFNDHLNTNPKTNLRLWVAFQMMKGAGWAGGVFFGTLLLIGFFRVVGRMLPIQENQAPAPNITGALETGIELIKHLV,0
MDRNSNPNRQPVELNRTSLYLGLLLVAVLGILFSSYFFN,0
IIGHLIKTALGMLGL,1
MLSRRTKTIVVCTLVCMARLNVYVPDELAERARARGLNVSALTQAAISAELENSATDAWLEGLEPRSTGARHDDVLGAIDAARDEFEA,0
EQCREEEDDR,1
MAQHSKYSDAQLSAIVNDMIAVLEKHKAPVDLSLIALGNMASNLLTTSVPQTQCEALAQAFSNSLINAVKTR,0
QVYKGGYTRPIPRPPPFVRPLPGGPIGPYNGCPVSCRGISFSQARSCCSRLGRCCHVGKGYS,1
GIWGTLAKIGIKAVPRVISMLKKKKQ,1
FIFPKKNIINSLFGR,1
FWGHIWNAVKRVGANALHGAVTGALS,1
QEAQSVACTSYYCSKFCGSAGCSLYGCYLLHPGKICYCLHCSR,1
ILGTILGLLKSL,1
GIPCGESCVWIPCISAAIGCSCKSKVCYRN,1
FLPPSPWKETFRTS,1
MEVSQAASGTDGVRERRGSFEAGRRNQDEAPQSGMNGLPKHSYWLDLWLFILFDLALFVFVYLLP,0
KRGFGKKLRKRLKKFRNSIKKRLKNFNVVIPIPLPG,1
GIGKHVGKALKGLKGLLKGLGES,1
MQIFVKTLTGKTITLEVEPSDTIENVKAKIQDKEGIPPDQQRLIFAGKQLEDGRTLSDYNIQKESTLHLVLRLR,1
HGVSGHGQHGVHG,1
PKDSMLLLQVPVY,0
EQCREEEDDR,1
MTATEVKAKILSLLDEVAQGEEIEITKHGRTVARLVAATGPHALKGRFSGVAMAAADDDELFTTGVSWNVS,0
SNDSLWYGVGQEMGKQANCITNHPVKHMIIPGYCSKILG,1
VAIALKAAHYHTHKE,1
DKLIGSCVWGAVNYTSDCNGECKRRGYKGGHCGSFANVNCWCET,1
LICHRVHGLQTCEPDQKFCFRKTTMFFPNHPVLLMGCTSSCPTEKYSVCCSTDKCNK,0
FFPLALLCKVFKKC,1
EKKPPRPPQWAVGHFM,1
LNLKGIFKKVASLLT,1
MDRIIRGKRDHILHCPLAAYSSNPRKYPYVKNSLRQDSLWSRGSATFPVTLWSKVILK,0
FRSSEQSCKRQLQQVNLRHCENHIDQRIQQQQEEEED,0
AYSYVSEYKRLPVYNFGL,0
GDPTFCGETCRVIPVCTYSAALGCTCDDRSDGLCKRN,1
MSESELGRKWDRCLADAVVKIGTGFGLGIVFSLTFFKRRMWPLAFGSGMGLGMAYSNCQHDFQAPYLLHGKYVKEQEQ,0
MGKIFDQEKRLEGTWKNSKWGNQGIIAPVDGDLKMIDLELEKKMTKLEHENKLMKNALYELSRMENNDYATWVIKVLFGGAPHGAK,0
QQDYTGAHMDF,0
MLKRFPTPILKVYWPFFVAGAAVYYGMSKAADLSSNTKEFINDPRNPRFAKGGKFVEVD,0
MVTIRLARHGAKKRPFYQVVVADSRNARNGRFIERVGFFNPIASEKEEGTRLDLDRIAHWVGQGATISDRVAALIKEVNKAA,0
MAKRCEVCGKAPRSGNTVSHSDKKSGRWFRPNLQKVRVVLPDGTIKRMRVCTSCLKSGKVKKYVGQVSEV,0
MKLLAATVLLLTICSLEGALVRRQAKEPCVESLVSQYFQTVTDYGKDLMEKVKSPELQAEAKSYFEKSKEQLTPLIKKAGTELVNFLSYFVELGTQPATQ,0
MADQLLRKKRRIFIHSVGAGTINALLDCLLEDEVISQEDMNKVRDENDTVMDKARVLIDLVTGKGPKSCCKFIKHLCEEDPQLASKMGLH,0
VAKCTEESGGKYFVFCCYKPTRICYMNEQKCESTCIGK,1
SLWETIKNAGKGFIQNLDKIR,1
SAVGRHGRRFGLRKHRKH,1
GLPVCGETCVGGTCNTPGCTCSWPVCTRN,1
TCRYWCKTPENQTYCCEDEREIPSKVGLKPGKCPPVRPVCPPTRGFFEPPKTCSNDGSCYGADKCCFDRCLGEHVCKPIQTRG,1
MAVSVLRLTVVLGLLVLFLTCYADDKPDKPDDKPDDSGKDPKPDFPKFLSLLGTEIIENAVEFILRSMSRSTGFMEFDDNEGKHSSK,0
IIPLPLGYFAKKT,1
ERPPGFSPFR,1
DGNDGQAELIAIGSLAGTFISPGFGSIAGAYIGDKVHSWATTATVSPSMSPSGIGLSSQFGSGRGTSSASSSAGSGS,1
GPVGLLSSPGSLPPVGGAP,1
RFRLPFRRPPIRIHPPPFYPPFRRFL,1
RICRCICGRRICRCICGR,1
MVQRCLVVALLVVVVAAALCSAQLNFTPNWGTGKRDAADFGDPYSFLYRLIQAEARKMSGCSN,0
MRHHQNMHYAPQQQPVYVQQPPPRRESGGCCRTCCHFLCCLCLINLCCDVF,0
GGLRSLGRKILRAWKKYGPIIVPIIRIG,1
MLKFAVLCFLVIMASTFAQKCGDQVCGAGTCCAEYPEIHCKRVGQLYDICVDSEATKDSGNHLFFCPCDEGMYCDMNSWSCQKKTSGRSE,0
FGPGCGPSTFSCTSPQKILPGSSVSFPSGYSSIYLTTESGSASVYLDRPDGFWVGGADSRGCSNFGGFNGNGDSKVGNWGDVPVAAWACN,0
MARARKGALVQCDPSIKALILQIDAKMSDIVLEELDDTHLLVNPSKVEFVKHELNRLLSKNIYNPMDEEENQ,0
MFYLTLESYLVLSHLHGSIAYFTNYTIKSRSSYLHLKICTENVAVNMFKKVYLKQKSKEVYLNQSKKSHFQMAIKHVLHRISA,0
SEDDGSVSPESQEMSYLELPLPSISPLIYAPVCVEDSNSDFYLFVNECEVRKCGCEAGFVYTFVPREMCKATTSLCPMQTKSS,0
MPRSPLIVAVVAAALFAIVRGRDPLLDAMRREGAMDFWSAGCYARGVPLSEPPQALVVFYVALTAVMVAVALYAYGLCFRLMGASGPNKKESRGRG,0
MKVLYFAEIKDILQKAQEDIVLEQALTVQQFEDLLFERYPQINNKKFQVAVNEEFVQKSDFIQPNDTVALIPPVSGG,0
MASKGLQDLKQQVEGTAQEAVSAAGAAAQQVVDQATEAGQKAMDQLAKTTQETIDKTANQASDTFSGIGKKFGLLK,0
QQCGRQAGNRRCANNLCCSQYGYCGRTNEYCCTSQGCQSQCRRCG,1
FLPVLTGLTPSIVPKLVCLLTKKC,1
MKNAVLVFLLLSVFALSVNAYGYGCGWYGCPYGSKCICPYYGKCYCVPVYGKNCYIYGCPYPKVCVYGVCKWRYKY,0
GIRNTVCFMQRGHCRLFMCRSGERKGDICSDPWNRCCVSSSIKNR,1
MPTLDALTPIFRQVFDDDSIVLTRETSANDIDAWDSLSHMNLIVSLEVHYKIKFALGELQKLKNVGDLADLVDKKLARK,0
MLQFEKLQYSRLPQKKLAKISGGFNRGGYNFGKSVRHVVDAIGSVAGIRGILKSIR,0
FLFSLIPSAISGLISAFKGRR,1
GMSGYIQGIPDFLKGYLHGISAANKHKKGRLGY,1
MRVFALTLSLLLVWLLYTLMWGKNGVMDFRAVQAEIEVQQQVNANLHLRNQEMFAEIDDLRQGLDAIEERARNELGMVKDGETFYRIIGEESRQ,0
KYYGNGVSCNKKGCSVDWGKAIGIIGNNSAANLATGGAAGWKS,1
MMHFQLAGSGVMSAFYPHESELSRRVKQLIRAAKKQLEALCAMK,0
SDEKASPDKHHRFSLSRYAKLANRLANPKLLETFLSKWIGDRGNRSV,1
GLGSILGKILNVAGKVGKTIGKVADAVGNKE,1
SPPSEQLGKSFNF,1
GLVPNLLNNLGL,0
DCSQDCAACSILARPAELNTETCILECEGKLSSNDTEGGLCKEFLHPSKVDLPR,0
ISLEICAIFHDN,1
MAKGYWIAQVDVRDSERYKDYVSTAKPAFERFGANFLARGGSVTELEGTARARNVVIEFPSVQHAIDCYNSPEYQAAAKIRQEVADAEMMIVEGI,0
MEEELRRETLKWLERIEERVKEIEGDEGFMRNIEAYISDSRYFLEKGDLVRAFECVVWAWAWLEIGLEVGKLHETA,0
FLGGILNTITGLL,1
GWINEEKIQKKIDEKIGNNILGGMAKAVVHKLAKGEFQCVANIDTMGNCETHCQKTSGEKGFCHGTKCKCGKPLSY,1
QTCVSCVNFGNGFCGDNCGNSWACSGC,0
MSKVCEISGKRPIVANSIQRRGKAKREGGVGKKTTGISKRRQYPNLQKVRVRVAGQEITFRVAASHIPKVYELVERAKGLRLEGLSPKEIKKELLKLL,0
MVPLKISTLESQLQPLVKLVATETPGALVAYARGLSSADRSRLYRLLRSLEQAIPKLSSAVVSATTLAARGL,0
YGQSTHAVIYAQGYTYSSDWR,1
RCTCTTIISSSSTF,1
ACQCPDAISGWTHTDYQCHGLENKMYRHVYAICMNGTQVYCRTEWGSSC,1
GICRCICGRGICRCICGR,1
MNVTVSIPTILRPHTGGQKSVSASGDTLGAVISDLEANYSGISERLMDPSSPGKLHRFVNIYVNDEDVRFSGGLATAIADGDSVTILPAVAGG,0
MAAKNSEMKFAIFFVVLLTTTLVDMSGISKMQVMALRDIPPQETLLKMKLLPTNILGLCNEPCSSNSDCIGITLCQFCKEKTDQYGLTYRTCNLLP,0
HTPTPTPICKSRSHEYKGRCIQDMDCNAACVKESESYTGGFCNGRPPFKQCFCTKPCKRERAAATLRWPGL,1
MDSIATNTHSSSIVNAYNNNPTDVVKTQNIKNYTPKVPYMCVIA,0
MAHKCASAKLLSGIMALLFNGKSLLRPICLHVHNHLVSNSDTNIVWP,0
GLFDIIKKIAESI,1
LCLDQKPEMEPFRKDAQQALEPSRQRRWLHRRCLSGRGFCRAICSIFEEPVRGNIDCYFGYNCCRRMFSHYRTS,1
GLKKLLGKLLKKLGKLLLK,1
EPNPNEFFGLM,1
NPANPLNLKKHHGVFCDVCKALVEGGEKVGDDDLDAWLDVNIGTLCWTMLLPLHHECEEELKKVKKELKKDIENKDSPDKACKDVDLC,1
MKLLFAIVALLALAFLCADISAVKTSWPELVGETLEEAKAQILEDRPDAVIKVQPEHSPVTYDYRPSRVIIFVNKDGNVAETPAAG,0
MAYKIADSCVSCGACASECPVNAISQGDSIFVIDADTCIDCGNCANVCPVGAPVQE,0
GILSLFTGGIKALGKTLFKMAGKAGAEHLACKATNQC,1
LKCHKAQFPNIETQCKWQTLCFQRDVKPHPSSMIVLRGCTSSCGKGAMCCATDLCNGPSTPST,0
GIRCPKSWKCKAFKQRVLKRLLAMLRQHAF,1
RRWVRRVRRWVRRVVRVVRRWVRR,1
MAKKKSKLEIIQAILEACKSGSPKTRIMYGANLSYALTGRYIKMLMDLEIIRQEGKQYMLTKKGEELLEDIRKFNEMRKNMDQLKEKINSVLSIRQ,0
GGCCSYPPCAVSNPQHC,0
AFPPPNVPGPRFPPPNFPGPRFPPPNFPGPRFPPPNFPGPRFPPPNFPGPPFPPPIFPGPWFPPPPPFRPPPFGPPRFP,1
ANTAFVSSAHNTQKIPAGAPFNRNLRAMLADLRQNAAFAG,1
MQDLEIFLSIFAFIFVFYFGAHRTVMNRNKSDVPYLQ,0
MRPRDQGFLVLGFTYSVLLISLATFYWLRNNDSFLHYWCVLLLCPATLWLWALIAWCDSEMFASSKDE,0
RRLRPRRPRLPRPRPRPRPRPRSLPLPRPKPRPIPRPLPLPRPRPKPIPRPLPLPRPRPRRIPRPLPLPRPRPRPIPRPLPLPQPQPSPIPRPL,1
MTELAQLQASAEQAAALLKAMSHPKRLLILCMLSGSPGTSAGELTRITGLSASATSQHLARMRDEGLIDSQRDAQRILYSIKNEAVNAIIATLKNVYCP,0
ITSISLCTPGCKTGALMGCNMKTATCNCSIHVSK,1
MYCLQWLLPVLLIPKPLNPALWFSHSMFMGFYLLSFLLERKPCTICALVFLAALFLICYSCWGNCFLYHCSDSPLPESAHDPGVVGT,0
SGFVLKGYTKTSQ,1
MDKTTVYLPDELKAAVKRAARQRGVSEAQVIRESIRAAVGGAKPPPRGGLYAGSEPIARRVDELLAGFGER,0
MGGRRRKKRTNDTKHVRFAAAVEVWEADDIERKGPWEQVAVDRFRFQRRIASVEELLSTVLLRQKKLLEQQ,0
FMPIIGRLMSGSL,1
MSQSRPLALLVVAALVAAAVLVAAAEAQQADGNKLEGLADALKYLQELDRYYSQVARPRFGKRAELRPDVVDDVIPEEMSADKFWRRFARRR,0
DGVKLCDVPSGTWSGHCGSSSKCSQQCKDREHFAYGGACHYQFPSVKCFCKRQC,1
RSALSCQMCELVVKKYEGSADKDANVIKKDFDAECKKLFHTIPFGTRECDHYVNSKVDPIIHELEGGTAPKDVCTKLNECP,1
GLLGLLGSVVSHVLPAITQHL,1
GLFDIVKKIAGHIVSSI,1
GIPCAESCVWIPPCTITALMGCSCKNNVCYNN,1
MKTLRLNNVTLEMAAYQEESEPKRKIAFTLNVTSETYHDIAVLLYEKTFNVEVPERDLAFRGEMTNYSTSLTNLYEPGAVSEFYIEITEIDKNADS,0
MDINNKARIHWACRRGMRELDISIMPFFEHEYDSLSDDEKRIFIRLLECDDPDLFNWLMNHGKPADAELEMMVRLIQTRNRERGPVAI,0
WNPFRKLYRKECNDVTSCDTVSGVKTCTKKNCCHRKFFGKTILKAPECTVIS,1
MPAYVFSKESFLKFLEGHLEDDVVVVVSSDVTDFCKKLSESMVGEKEYCFAEFAFPADIFDADEDEIDEMMKYAIVFVEKEKLSEAGRNAIR,0
GLFDIVKKVVGAIGSL,1
MNRFLTSIVAWLRAGYPEGIPPTDSFAVLALLCRRLSHDEVKAVANELMRLGDFDQIDIGVVITHFTDELPSPEDVERVRARLAAQGWPLDDVRDREEHA,0
DYHHGVRVL,1
FLPKMSTKLRVPYRRGTKDYH,1
MGRVIRTRPVSGDLDRVFRDVCENNGVKVASAQLNRIESVFHRLSAFPRLGRDRSDLRPGLRTFSVKPWQVLYRLNGEDVVILRILDGRMNLAAQLGKKT,0
MEKLTILLLVAAVLMSTQAQNQEQRQQAKINFLSKRKPSAERWRRDCTSWFGRCTVNSECCSNSCDQTYCELYAFPSFGA,0
KVFLGLK,1
GFWKKVGSAAWGGVKAAAKGAAVGGLNALAKHIQ,1
MNVKGKVILSMLVVSTVIIVFWEFINSTEGSFLWIYHSKNPEVDDSSAQKGWWFLSWFNNGIHNYQQGEEDIDKEKGREETKGRKMTQQSFGYGTGLIQT,0
MNVSSRTVVLINFFAAVGLFTLISMRFGWFI,0
MESVAKPATTKEGSAKQAAIVVGVLALGWFAIQVAFIPLFNKVRGGGSDKKDDDVNAFTPDT,0
MQVSTAALAVLLCTMALCNQFSASLAADTPTACCFSYTSRQIPQNFIADYFETSSQCSKPGVIFLTKRSRQVCADPSEEWVQKYVSDLELSA,0
MNLEPPKAEIRSATRVMGGPVTPRKGPPKFKQRQTRQFKSKPPKKGVQGFGDDIPGMEGLGTDITVICPWEAFNHLELHELAQYGII,0
GIPCGESCVWIPCISAALGCSCKNKVCYRN,1
MVQNDFVDSYDVTMLLQDDDGKQYYEYHKGLSLSDFEVLYGNTADEIIKLRLDKVL,0
GKFSVFGKILRSIAKVFKGVGKVRKQFKTASDLDKNQ,1
KSCCRSTQARNIYNAPRFAGGSRPLCALGSGCKIVDDKKTPPND,1
MLQARIEEKQKEYELICKLRDSSNDMVQQIETLAAKLETLTDGSEAVATVLNNWPSIFESIQIASQHSGALVRIPPSTSNTNASATEQGDVEEV,0
FVDLKKIANIINSIFGK,1
GSEIQPR,1
FCTMIPIPRCY,1
SGQSWRPQGRF,0
FLPLLLAGLPLKLCFLFKKC,1
MRSVNFDPDAWEDFLFWLAADRKTARRITRLIGEIQRDPFSGIGKPEPLQGELSGYWSRRIDDEHRLVYRAGDDEVTMLKARYHY,0
DSHEERHHGRHGHHKYGRKFHEKHHSHRGYRSNYLYDN,1
AANFGPSVFTPEVHETWQKFLNVVVAALGKQYH,1
GVVDILKGAGKDLLAHLVGKISEKV,1
GWLKKIGKKIERVGQHTRDATIQTIGVAQQAANVAATLK,1
ILQKAVLDCLKAAGSSLSKAAITAIYNKIT,1
MDPERIPYNSLSDSDATGKRKKGGEKSAKKRLVASHAASSVLNKKRNEGSASHGGTWVIVADKVEVSINFNF,0
CIPKWNRCGPKMDGVPCCEPYTCTSDYYGNCS,0
GLFDIVKKVVGTLAGL,1
ATRVVYCNRRSGSVVGGDDTVYYEG,1
MDKITNTYSALLSSITNFKNRNIRAYFKRKAFDEYLECVNGVRPVEKYLKDNEELKGVMDRQSVIYNFYED,0
GFVDFLKKVAGTIANVVT,1
LSKFGGECSLKHNTCTYLKGGKNHVVNCGSAANKKCKSDRHHCEYDEHHKRVDCQTPV,1
GSIPCGESCVFIPCISSVIGCACKSKVCYKN,1
FIFHIIKGLFHAGKMIHGLVTRRRH,1
FELLPSQDRSCCIQKTLECLENYPGQASQRAHYCQQDATTNCPDTYYFGCCPGYATCMSINAGNNVRSAFDKCINRLCFDPGH,0
ERILDLRKTKKSCKNGEVLGCVSGHGPPGCSENECGMGPRPKACFFDCHYGCWCTGKLYRRKRDRKCVPKHECLL,1
QLKKCWNNYVQGHCRKICRVNEVPEALCENGRYCCLNIKELEAC,1
FFGHLFKLATKIIPSLFQ,1
GFGKAFHSVSNFAKKHKTA,1
MEIFIEVFSHFLLQLTELTLNMCLELPTGSLEKSLMISSQVLQIPVANSTKQR,0
MALTLYQRDDCHLCDQAVEALAQARAGAFFSVFIDDDAALESAYGLRVPVLRDPMGRELDWPFDAPRLRAWLDAAPHA,0
GIWSSIKNLASKAWNSDIGQSLRNKAAGAINKFVADKIGVTPSQAASMTLDEIVDAMYYD,1
MEKYLLLLLLGIFLRVGFLQALTCVSCGRLNSSGICETAETSCEATNNRKCALRLLYKDGKFQYGFQGCLGTCFNYTKTNNNMVKEHKCCDHQNLCNKP,0
DGDDYKFGHFRWSVPL,0
SNTRNFVLRDEEGNEHGVFTGKQPRQAALKAANRGDGTKSNPDVIRLRERGTKKVHVFKAWKEMVEAPKNRPDWMPEKISKPFVKKEKIEKIE,0
GKVWDWIKSAAKKIWSSEPVSQLKGQVLNAAKNYVAEKIGATPT,1
MKTSVLLVILGIAAITVQCTASESVEQDSLRTFVDAVLGWNAEMASEARCGGWMAKCADSDDCCETFHCTRFNVCGK,0
MKVTDVRLRKIQTDGRMKALVSITLDEAFVIHDLRVIEGNSGLFVAMPSKRTPDGEFRDIAHPINSDMRQEIQDAVMKVYDETDEVVPDKNATSEDSEEA,0
MPKIIEAVYENGVFKPLQKVDLKEGERVKIKLELKVEPIDLGEPVSVEEIKKIRDGTWMSS,0
MYIDITIDLKHYNGSVFDLRLSDYHPVKKVIDIAWQAQSVSMPPREGHWIRVVNKDKVFSGECKLSDCGITNGDRLEIL,0
MAASSRAQVLSLYRAMLRESKRFSAYNYRTYAVRRIRDAFRENKNVKDPVEIQTLVNKAKRDLGVIRRQVHIGQLYSTDKLIIENRDMPRT,0
AVDFSSCARMDVPGLSKVAQGLCISSCKFQNCGTGHCEKRGGRPTCVCDRCGRGGGEWPSVPMPKGRSSRGRRHS,1
MESTISLKVNKGKGKGSKGASSSDDKSKFDVVKEWTNWSLKKAKVVTHYGFIPLVIFVGMNSDPKPHLFQLLSPV,0
SNRSPSLRLRF,0
MELFIPCPERLKKMMLKEELRKELLILRCLYHPTIQIMLPTLGTLGTEKRKEKYALSLFEPILNCVGSAKTSG,0
CSNLSTCVLGKLSQDLHKLQTFPRTNTGAGVP,0
RFIPPILRPPVRPPFRPPFRPPFRPPPIIRFFGG,1
MKLCMTLLITAIAVVTFVVATQEESAEFNEVEESREDNCIAEDYGKCTWGGTKCCRGRPCRCSMIGTNCECTPRLIMEGLSFA,0
MDHSLNSLNNFDFLARSFARMHAEGRPVDILAVTGNMDEEHRTWFCARYAWYCQQMMQARELELEH,0
DTHFPICIFCCGCCHRSKCGMCCKT,1
LMCTHPLDCSN,1
SLSRFLSFLKIVYPPAF,1
MATPTQSPTNVPEETDPFFYDYATVQTVGMTLATIMFVLGIIIILSKKVKCRKADSRSESPTCKSCKSELPSSAPGGGGV,0
MRRRYRVVVERDEEGYFVAHVPELHAHTQAQSFEELLRRLQEAIAVSLEEERAEVVGLEGALEIEAA,0
MAMKIDPELCTSCGDCEPVCPTNAIAPKKGVYVINADTCTECEGEHDLPQCVNACMTDNCINPAA,0
SPSNSKCPDGPDCFVGLM,0
KLAKLAKKLAKLAK,1
APVPGLSPFRVV,0
FLPAIAGILSQLF,1
MTLTKSAVLILVLLLAFDNFADVQPGLITMGGGRLSNLLSKRVSIWFCASRTCSTPADCNPCTCESGVCVDWL,0
MERKKLIAKFVEIASEKMGKDLETVDEENTFKELGFDSIDVIDLVMFFEDEFALRIEDEEISKIRKVKDLIDIVIKKLEEIDDEVSEG,0
VEVATVKNCGKKLLATPR,0
FFRHLFRGAKAIFRGARQGWRAHKVVSRYRNRDVPETDNNQEEP,1
ILGPVLGLVGNALGGLIKNE,1
QWGYGGYGRGYGGYGGYGRGYGGYGGYGRGYGGYGRGMYGGYGRPYGGYGWGK,1
GSSSGLISMPRV,0
YNRLCIKPRDWIDECDSNEGGERAYFRNGKGGCDSFWICPEDHTGADYYSSYRDCFNACI,0
HADGIYTSDVASLTDYLKSKRFVESLSNYNKRQNDRRM,0
GVIDAAKKVVNVLKNLF,1
NIVDVPCRDDYYRDSSGNGVYDQLGGCGAA,0
GGTIFDCGESCFLGTCYTKGCSCGEWKLCYGTN,1
DGQSIYESGTSPTCASCHDRGTAGAPKINEPGDWDGIDLDAEALVDSTMDGKGAMPAYDGRADRDEVKEAVEYMLSTIE,0
VGIGGGGGGGGGGSCGGQGGGCGGCSNGCSGGNGGSGGSGSHI,1
MDLIIKEKRDNPILKRKEIKYVLKFDSSRTPSREEIKELIAKHEGVDKELVIVDNNKQLTGKHEIEGYTKIYADKPSAMLYEPDYELIRNGLKQKEAK,0
MRKEFHNVLSSGQLLADKRPARDYNRK,1
FLPLILRKIVTAL,1
GIGKFLHSAKKFGKAFVGEIMNS,1
GLFKVLGSVAKHLLPHVVPVIAEK,1
GIPCGESCVFIPCLTTVAGCSCKNKVCYRN,1
FLISIPYSASIGGTATLTGTA,0
YASPKCFRYPNGVLACT,0
GIPCGESCVWIPCISSAIGCSCKSKVCYRN,1
MSKDKKNKVEQLEPVDLFERTKLEDTQVLNDVELDDIKKLEELKKELENTFEPRTRIEIKREIKELERKLRRNR,0
SIGTAVKKAVPIAKKVGKVAIPIAKAVLSVVGQLVG,1
MRELLRTNDAVLLSAVGALLDGADIGHLVLDQNMSILEGSLGVIPRRVLVHEDDLAGARRLLTDAGLAHELRSDD,0
GKGRKMKGKKRRRGRRALRKGGRRRRRRRGRKGRKGKKGRKGRRRRRRARKGRKGRRRRTRRRRTKRSRRAGKRRRRGGKRGRRTRRRRRR,0
ITKDFDALMKYIKRI,0
MAKLAICILVFALFALALSARVPREESNPAQEFLTKAQGDFNEFIEKLKALDAKKVEGLFKDGLNTVQEGLQKLNETFLQAPAAST,0
FLPIIAGIAAKFLPKIFCTISKKC,1
GWKDWAKKAGGWLKKKGPGMAKAALKAAMQ,1
GAWKNFWSSLRKGFYDGEAGRAIRR,1
MKLAVVTGQIVCTVRHHGLAHDKLLMVEMIDPQGNPDGQCAVAIDNIGAGTGEWVLLVSGSSARQAHKSETSPVDLCVIGIVDEVVSGGQVIFHK,0
GVIEEYLEKSKTNKELNDKKRLATTGANFARAYTVEFGSCKFPENFTGCQDLAKQKKVPFLSDDLDLECEGKDKYKCGSNVFWKW,0
NLPIVERPVCKDSTRIRITDNMFCAGYKPDEGKRGDACEGDSGGPFVMKSPFNNRWYQMGIVSWGEGCDRDGKYGFYTHVFRLKKWIQKVIDQFGE,1
GIWDTIKSMGKVFAGKILQNL,1
GLLSVLGSVVKHVIPHVVPVIAEHL,1
MIHLGHILFLLLLPVAAAQTTPGERSSLPAFYPGTSGSCSGCGSLSLPLLAGLVAADAVASLLIVGAVFLCARPRRSPAQEDGKVYINMPGRG,0
ACYCRIGACVSGERLTGACGLNGRIYRLCCR,1
MAVTYEKTFEIEIINELSASVYNRVLNYVLNHELNKNDSQLLEVNLLNQLKLAKRVNLFDYSLEELQAVHEYWRSMNRYSKQVLNKEKVA,0
VNPIILGVLPKFVCLITKKC,1
MSRAALPSLENLEDDDEFEDFATENWPMKDTELDTGDDTLWENNWDDEDIGDDDFSVQLQAELKKKGVAAN,0
GTACGESCYVLPCFTVGCTCTSSQCFKN,1
RCVCTRGFCRCVCRRGVC,1
RRCICTTRTCRFPYRRLGTCIFQNRVYTFCC,1
MQAFNTDVRNRIIKLVKGILEQNALAADVTPQAKLVDVGLTSMDMVNLMLGVEAEFDFTIPQSEITPENFQSVETLERMVMTQLQPATAA,0
GSIPCGESCVFIPCISAIIGCSCSSKVCYKN,1
SASVLKTSIKVSKKYCKGVTLTCGCNITGGK,1
KSCCPNTTGRNIYNTCRFAGGSRERCAKLSGCKIISASTCPSDYPK,1
GLRKKFRKTRKRIQKLGRKIGKTGRKVWKAWREYGQIPYPCRI,1
MLNIFSLICLNSALYSSSFFFGKLPEAYAFLSPIVDFMPVIPLFFFLLAFVWQAAVSFR,0
GICRCICGRRICRCICGR,1
SFCIPFKPCKSDENCCKKFKCKTTGIVKLCRW,0
MEIRILKSESNYLELEIEGEDHTLGNLIAGTLRRISGVSFASYYQPHPLSDKIIVKILTDGSITPKDALLKAIENIRGMTSHYIDEIKGLTK,0
DVKGMKKAIKGILDCVIEKGYDKLAAKLKKVIQQLWE,1
FLIGMTHGLICLISRKC,1
MKLCLTFLLVLMILASVTGEKSSKHTLSRAARVKNRGPSFCKADEKPCKYHADCCNCCLGGICKPSTSWIGCSTNVFLTR,0
RTCLISPSSTSQTCPKGQDICFTKAFCDRWCSSRGPVIEQGCAATCPEFTSRYKSLLCCTTDNCNH,0
GICCGVSFCYPC,0
MNVAHYRGYEIEPGHQYRDDIRKYVPYALIRKVGVPDRTPIPATYPEFYDLEADAERVSIACAKIIIDSHLDRHDQGLADLG,0
MFSTKMFVVFVAVCICVTQSIRFGMGKVPCPDGEVGYTCDCGEKICLYGQSCNDGQCSGDPKPSSEFEEFEIDEEEK,0
MKAIMLVNFCDERGSGR,0
MHTNWQVCSLVVQAKSERISDISTQLNAFPGCEVAVSDAPSGQLIVVVEAEDSETLIQTIESVRNVEGVLAVSLVYHQQEEQGEETP,0
RPWAGNGSVHRYTVLSPRLKTQ,1
MITAFVLIRPRGNRVQALGEAIAELPQVAEVYSVTGPYDLVALVRLKDVEELDDVVTQGILSLEGVERTETLLAFRAYPRRLLDQGFALGQG,0
MGQEQDTPWILSTGHISTQKREDGQQTPRLEHHNSTRLMDHCQKTMNQVVMPKQIVYWKQWLSLRSPTPVSLKTRVLKRWRLFSKHEWTS,0
MNSKALPRQINNLEVGVYECEIHLKFRLIEEKSLLSDREQLLQVLLDALTEGSDDFLETLQASVKAQEVSEFKASPQMRRQLMRLRNAAENPPT,0
YRGGYTGPIPRPPPIGRPPLRLVVCACYRLSVSDARNCCIKFGSCCHLVK,1
APAGLVAKFGRPIVKKYYKQIMQFIGEGSAINKIIPWIARMWRT,1
ALWKDILKNVGKAAGKAVLNTVTDMVNQ,1
MKKRSVSGCNITILAVVFSHLSAGNSPCGNQANVLCISRLEFVQYQS,0
TYMPVEEGEYIVNISYADQPKKNSPFTAKKQPGPKVDLSGVKAYGPG,1
MTLTMSTVVFFSLILLTLGLQPKDKDEGVMGRSRLGKRGLLMRSLDEELKSNDCPEYCPHGNECCEHHECRYDPWSRELKCLDSR,0
MEFLMVDVIIYTRPGCPYCARAKALLARKGAEFNEIDASATPELRAEMQERSGRNTFPQIFIGSVHVGGCDDLYALEDEGKLDSLLKTGKLI,0
RTKRRIKLIKNGVKKVKDILKNNNIIILPGSNEK,1
GFSSIFRGVAKFASKGLGKDLARLGVNLVACKISKQC,1
VLLFLFQAAPGSADAPFADTAACRSQGNFCRAGACPPTFAASGSCHGGLLNCCAK,1
MKLTCVVIVAVLFLTAWTFVMADDSRYGLKDLFPKARHEMKNPEASKLNKRDECFSPGTFCGIKPGLCCSAWCYSFFCLTLTF,0
MDRKLLHLLCSPDTRQPLSLLESKGLEALNKAIVSGTVQRADGSIQNQSLHEALITRDRKQVFRIEDSIPVLLPEEAIATIQIANFPDK,0
DAEFRHDSGYEVHHQKLVFFAEDVGSNKGAIIGLMVGGVVIA,1
MVFQLVCSTCGKDISHERYKLIIRKKSLKDVLVSVKNECCRLKLSTQIEPQRNLTVQPLLDIN,0
AERVGAGAPVYL,1
MHDIWVITTSPACFEILYKYCKQKGRARMGGLIVKIIRFNHASV,0
FLPIIAGMAAKVICAITKKC,1
FFHLHFHY,1
GIGGVLLSAGKAALKGLAKVLAEKYAN,1
MASKNLFVLFFIFALFAANIAALQCPKNSEVRNSPCPRTCNDPYGQNSCITVIRETCHCKGELVFDSDSICVPISQC,0
HAEHKVKIGVEQKYGQFPQGTEVTYTCSGNYFLM,1
RRWCFRVCYRGFCYRKCR,1
MEQVADFDTIYQAMIQISVVLCFALGIIAGGQR,0
GLFSKFVGKGIKNFLIKGVKHIGKEVGMDVIRVGIDVAGCKIKGVC,1
GLRKRLRKFRNKIKEKLKKIGQKIQGFVPKLAPRTDY,1
FLSAITSLLGKLL,1
MATYKVTLINEEEGINAILEVADDQTILDAGEEAGLDLPSSCRAGSCSTCAGKLVSGAAPNQDDQAFLDDDQLAAGWVMTCVAYPTGDCTIMTHQESEVL,0
ADTLACRQSHQSCSFVACRAPSVDIGTCRGGKLKCCKWAPSS,1
GLLNGLALRLGKRALKKIIKRLCR,1
MKKAYPVINRVECKACERCIIACPRKVLYMSNKINERGYHYVEYRGEGCNGCGNCYYTCPEINAIEVHIERCEDGDTDG,0
MTINYQFGDVDAHGAMIRAQAGLLEAEHQAIVRDVLAAGDFWGGAGSVACQEFITQLGRNFQVIYEQANAHGQKVQAAGNNMAQTDSAVGSSWA,0
FLPVLAGVLSRA,1
MHDFWVLWVLLEYIYNSACSVLSATSSVSSRVLNRSLQVKVVKITN,1
MKENKLDYIPEPMDLSLVDLPESLIQLSERIAENVHEVWAKARIDEGWTYGEKRDDIHKKHPCLVPYDELPEEEKEYDRNTAMNTIKMVKKLGFRIEKED,0
GKWMSLLKHILK,1
FIGKLISAASGLLSHL,1
ILPWKWPWWPWRR,1
TTPACFTIGLGVGALFSAKFC,1
GFMKYIGPLIPHAVKAISDLI,1
MNTDQQKVSEIFQSSKEKLQGDAKVVSDAFKKMASQDKDGKTTDADESEKHNYQEQYNKLKGAGHKKE,0
LPRDTSRCVGYHGYCIRSKVCPKPFAAFGTCSWRQKTCCVDTTSDFHTCQDKGGHCVSPKIRCLEEQLGLCPLKRWTCCKEI,1
KTCENLANTYRGPCFTTGSCDDHCKNKEHLRSGRCRDDFRCWCTRNC,1
FIHHIFRGIVHAGRSIGRFLTG,1
TDPLWQLPGAHLEQYLS,0
MVIGMKFTVITDDGKKILESGAPRRIKDVLGELEIPIETVVVKKNGQIVIDEEEIFDGDIIEVIRVIYGG,0
GLLSGTSVRGSI,1
KDRPKKPGLCPPRPQKPCVKECKNDDSCPGQQKCCNYGCKDECRDPIFVG,1
MMIDKLSGLDPVQNLRASCASEHVARAPAGDEITVSAEAQKKAELYLALEAVRSAPDVREYKIAAAEQKLADPAYLERALSHVVERFLEEQNL,0
SDPFFRFGKQQVATDDSGELDDEILSRVSDDDKNI,0
MKVTVDQDLCIACGTCIDLCPSVFDWDDEGLSHVIVDEVPEGAEDSCARESVNECPTEAIKEV,0
GWTLNSAGYLLGPHAIDNHRSFNEKHGIA,0
GCKGFLVKCDSNSECCKTAIVKGKKKQLSCLCGAWGAGCSCSFRCGNRC,0
FVLPLVMCKILRKC,1
GEFLKCGESCVQGECYTPGCSCDWPICKKN,1
GWLRKAAKSVGKFYYKHKYYIKAAWQIGKHAL,1
LICYVSKDGETATCPPGQKCEKYAVSASHTGHWFYMYDCTSTCHIGPYNVCCSTDLCNR,0
GKIPVKAIKKGGQIIGKALRGINIASTAHDIISQFKPKKKKNH,1
GLPQDCERRGGFCSHKSCPPGIGRIGLCSKEDFCCRSRWYS,1
LLGMIPLAISAISALSKL,1
MFSLSNSQYTCQDYISDHIWKTSSH,0
SCASRCKGHCRARRCGYYVSVLYRGRCYCKCLRC,1
NFLGTLINLAKKIM,1
MPCSCKKYCDPWEVIDGSCGLFNSKYICCREK,1
FLPLLAGLAANFLPTIICKISYKC,1
MLPKATVKRIMKQHTDFNISAEAVDELCNMLEEIIKITTEVAEQNARKEGRKTIKARDIKQCDDERLKRKIMELSERTDKMPILIKEMLNVITSEL,0
GLFDIVKKVVGAFGSL,1
YPPKPESPGEDASPEEMNKYLTALRHYINLVTRQRY,1
RICHSQMSSQPPTTTFCRVNSCYRRTLRDPHDPRGTIIVRGCGCPRMKPGTKLECCTSDKCNV,0
PYDRISNSAFSDF,0
GLPVCGETCFGGTCNTPGCSCTWPICTRD,1
LKLKSIVSWAKKVL,1
VGRFRRLRKKTRKRLKKIGKVLKWIPPIVGSIPLGCG,1
LPNVLTQVSGPWK,0
GGKCTVDWGGQGGGRRLPSPLFCCYKPTRICYLNQETCETETCP,1
MSFSSLYKTFFKRNAVFVGTIFAGAFVFQTVFDTAITSWYENHNKGKLWKDVKARIAAGDGDDDDE,0
AFLQPSHHDADE,0
GLFKVLGSVAKHLLPHVAPVIAEK,1
SYSMEHFRWGKPV,1
SFGLCRLRRGFCARGRCRFPSIPIGRCSRFVQCCRRVW,1
GLPRKILCAIAKKKGKCKGPLKLVCKC,1
MDSEVQRDGRILDLIDDAWREDKLPYEDVAIPLNELPEPEQDNGGTTESVKEQEMKWTDLALQYLHENVPPIGN,0
DNYWCPQSGEAFECFESDPNAKFCLNSGKTSVVICSKCRKKYEFCRNGLKVSKRPDYDCGAGWESTPCTGDNSAVPAVF,0
MNSVTKISTLLIVILSFLCFVEGLICNSCEKSRDSRCTMSQSRCVAKPGESCSTVSHFVGTKHVYSKQMCSPQCKEKQLNTGKKLIYIMCCEKNLCNSF,0
KIPCGESCVWIPCVTSIFNCKCKENKVCYHD,1
TNWKKIGKCYAGTLGSAVLGFGAMGPVGYWAGAGVGYASFC,1
GKREKCLRRNGFCAFLKCPTLSVISGTCSRFQVCCKTLLG,1
WEETKECAFTEFFKLAPLASNPALSVCQDASGWQMLPPAGYPTPEQLKLMCGTAECFTLIDAIKALNPNDCILVFGDVRLNVKKLVTEFEPSCF,0
MKSVILTGLLFVLLCVDHMTASQSVVATQLIPINTALTPAMMEGKVTNPIGIPFAEMSQIVGKQVNTPVAKGQTLMPNMVKTYVAGK,0
EEERICPLIWMECKRDSDCLAQCICVDGHCG,0
MDDETLRLQFGHLIRILPTLLEFEKKGYEPSLAEIVKASGVSEKTFFMGLKDRLIRAGLVKEETLSYRVKTLKLTEKGRRLAECLEKCRDVLGS,0
MAATKEAKQPKEPKKRTTRRKKDPNAPKRGLSAYMFFANENRDIVRSENPDVTFGQVGRILGERWKALTAEEKQPYESKAQADKKRYESEKELYNATRA,0
MADLFDGMKRRMDALIAERFGMKVNINGTDCIVVESDFLAELGPVEGNGKNVVVFSGNVIPRRGDRVVLRGSEFTVTRIRRFNGKPQLTLEENNGGKGA,0
GIFLKVLGVGKKVLCGVSGLC,1
AIPCGESCVWIPCISTVIGCSCSNKVCYR,1
GTVTAFSPFDARADAEALRKAMKTPAEVQNIK,0
HSHACTSYWCGKFCGTASCTHYLCRVLHPGKMCACVHCSR,1
LVAYGIAQGTAEKVVSLINAGLTVGSIISILGGVTVGLSGVFTAVKAAIAKQGIKKAIQL,1
MLGMIRWVVEGTLVAMLLSAIRRETGMIFFYNQYQLGGWIHRYLSWGEMCYTRTLKMVKRSKFFRKQLNEDGFGRINDSGPKRRGRDQSQYSSRFVELD,0
HHQELCTKGDDALVTELECIRLRISPETNAAFDNAVQQLNCLNRACAYRKMCATNNLEQAMSVYFTNEQIKEIHDAATACDPEAHHEHDH,1
QDKCKKVYENYPVSKCQLANQCNYDCKLDKHARSGECFYDEKRNLQCICDYCEY,1
ATPATPTVAQFVIQGSTICLVC,1
MKLLQGRMTYRGDAHPHPRITPSLLANYVGNFKGFAMWHATGKIIHVPVRHQTGMHFCI,0
MTPLWRIMGTKPHGAYCQNHYECSTGICRKGHCSYSQPINS,1
MKKMLLATALALLITGCAQQTFTVQNKPAAVAPKETITHHFFVSGIGQKKTVDAAKICGGAENVVKTETQQTFVNGLLGFITLGIYTPLEARVYCSQ,0
KRRGSVTTRYQFLMIHLLRPKKLFA,1
MKTSGVFLLLSLALFCFFSGVFGQGAQVDCAEFKDPKVYCTRESNPHCGSDGQTYGNKCAFCKAVMKSGGKINLKHRGKC,0
TCESPSHKFKGPCATNRNCES,1
SCVDFQTKCKKDSDCCGKLECSSRWKWCVYPSPF,0
GSCSCSGTISPYGLRTCRATKTKPSHPTTKETHPQTLPT,1
KWCFRVCYRGICYRRCR,1
MKTIHNARYQALLDLLLEARSAAGITQKELAARLGRPQSFVSKTENAERRLDVIEFMDFCRGIGTDPYALLSKLEAMTPS,0
GIGRKFLGGVKTTFRCGVKDFASKHLY,1
DIQIPGIKKPTHRDIIIPNWNPNVRTQPWQRFGGNKS,1
MFEQRVNSDVLTVSTVNSQDQVTQKPLRDSVKQALKNYFAQLNGQDVNDLYELVLAEVEQPLLDMVMQYTRGNQTRAALMMGINRGTLRKKLKKYGMN,0
MNQPIELSLEQQFSIRSFATQVQNMSHDQAKDFLVKLYEQMVVREATYQELLKHQWGLDSGSTPA,0
ATYNGKCYKKDNICKYKAQSGKTAICKCYVKKCPRDGAKCEFDSYKGKCYC,1
MATRREKIIELLLEGDYSPSELARILDMRGKGSKKVILEDLKVISKIAKREGMVLLIKPAQCRKCGFVFKAEINIPSRCPKCKSEWIEEPRFKLERK,0
MALTCRLRFPVPGFRGRMHRRRGMAGHGLTGGMRRAHHRRRRASHRRMRGGILPLLIPLIAAAIGAVPGIASVALQAQRH,0
GIAEFLNYIKSKA,0
MNIYTFDFDEIESQEDFYRDFSQTFGLAKDKVRDLDSLWDVLMNDVLPLPLEIEFVHLGEKTRRRFGALILLFDEAEEELEGHLRFNVRH,0
GIFSSRKCKTPSKTFKGYCTRDSNCDTSCRYEGYPAGD,1
MAMTNEEKVLAIREKLNIVNQGLLDPEKYKNANEEELTDIYDFVQSRERLSPSEVTAIADALGQLRHD,0
MAKFSAIITDKVGLHARPASVLAKEASKFSSNITIIANEKQGNLKSIMNVMAMAIKTGTEITIQADGNDADQAIQAIKQTMIDTALIQG,0
VFQFLGKIIHHVGNFVHGFSHVF,1
HSDAVFTDNYTRLRKQMAVKKYLNSILN,1
MNLNGLPASTNVIDLRGKDMGTYIDANGACWAPDTPSIIMYPGGSGPSYSMSSSTSSANSGS,1
GLLSFLPKVIGVIGHLIHPPS,1
RICSRDKNCVSRPGVGSIIGRPGGGSLIGRPGGGSVIGRPGGGSPPGGGSFNDEFIRDHSDGNRFA,1
FFPIVAGVAGQVLKKIYCTISKKC,1
FSKYERQKDKRPYSERKNQYTGPQFLYPPERIPPQKVIKWNEEGLPIYEIPGEGGHAEPAAA,1
MTRFVLFLSCFFLIGMVVECKDGYLMGPDGCKLDCLMRKGTFCAETCSLRKGKDGYCYAWLACYCYNMPDWVKTWERATNTCGKGK,0
GLLSVLGSVAKHVLPHVVPVIAEKL,1
SLLGTVKDLLIGAGKSAAQSVLKGLSGKLSKDC,1
FFPNVASVPGQVLLKKIFCAISKKC,1
AAGMGFFGAR,1
KAVAAKKSPKKAKKPATPKKAAKSPKKVKKPAAAAKKAAKSPKKATKAAKPKAAKPKAAKAKKAAPKKK,1
SDQGDVAEPKMHKTAPPFDFEAIPEEYLDDES,0
NKGCATCSIGAACLVDGPIPDFEIAGATGLFGLWG,1
MVRANKRNEALRIESALLNKIAMLGTEKTAEAVGVDKSQISRWKRDWIPKFSMLLAVLEWGVVDDDMARLARQVAAILTNKKRPAATERSEQIQMEF,0
MSFQLTLFSMLFLLIAVVVGQPIQSQNGDLKMQAVQDNSPLNMEAFNDDSALYDYLEQSDPSLKSMEKRWANQVRFGKRASWASSVRFG,0
MKFMLNLYVLGIMLTLLSIFVRVMESLGGLLESPLPGSSWITRGQLANTQPPKGLPDHPSRGVQ,0
AWKLFDDGV,1
MDVLTVVVSTADLHLANLQEVKRRRRRSHVRNRRARGYKSPSERARSIARLFQMLPFHGVDPVDWFPDVVRSPSVTSLVSYESFDDTDWFAGNEWAEGSF,0
MVLRQLSRKASVKVSKTWSGTKKRAQRILIFLLEFLLDFCTGEDSVDGKKRQRHSGLTEQTYSALPEPKAT,0
MKTALPLLLLTCLVAAVQSTGSQGCPTYVSEKCTARLQECSNNQQQEPLQNCTAVHADCVVQATEDCQREQSQLNHDHLNNHTTTQQP,0
GIPCGESCVFIPCITSVAGCSCKSKVCYRN,1
MKNIVPDYRLDMVGEPCPYPAVATLEAMPQLKKGEILEVVSDCPQSINNIPLDARNHGYTVLDIQQDGPTIRYLIQK,0
CGDINAPCQSDCDCCGYSVTCDCYWSKDCKCRESNFVIGMALRKAFCKNK,0
MRTTLQIDDDVLEDARSIARSEGKSVGAVISELARRSLRPVGIVEVDGFPVFDVPPDAPTVTSEDVVRALEDDV,0
GGTIFDCGETCFLGTCYTPGCSCGNYGFCYGTN,1
GIPCGESCVFIPCITGAIGCSCKSKVCYRN,1
MKKFIFATIFALASCAAQPAMAGYDKDLCEWSMTADQTEVETQIEADIMNIVKRDRPEMKAEVQKQLKSGGVMQYNYVLYCDKNFNNKNIIAEVVGE,0
MIDENNDVSEEALSSDIKKLKEKHDMLDKEISQLIAEGYRVIELEKHISLLHEYNDIKDVSQMLLGKLAVTRGVTTKELYPDFDLNLND,0
SFLSTFKELAINAAKNAGQSILHTLSCKLDKTC,1
MESSRKSYVLMLFLAFVIMNVCSVSGEPKDGEIAGFEMEEARYDACVNACLEHHPNVRECEEACKNPVPP,0
ADRGWIKTLTKDCPNVISSICAGTIITACKNCA,1
KHFGKDSNFPFGT,0
VWPLGLVICKALKIC,1
MCVCAIPFFEFFLPFIPHYAFLLFVSSVRFTVNERCYYLVCVLKLNCAFFFMVMIFELKRVCVSYLDRSRKIQIVSFFPFITIIFFHS,0
MPSNGIVRSWRRAMATMNVSLPDAMREWVEGQTQSGRYHNASEYVRDLIRRDQERADKIAHLQRLIDEGLDSGVGERSLHEIRAEARRRAGVDHEL,0
GWMSKIASGIGTFLSGMQQ,1
GEYCGESCYLIPCFTPGCYCVSRQCVNKN,1
DEAQFKECYDTCHKECSDKGNGFTFCEMKCDTDCSVKDVKEKLENYKPKN,0
GLFDIIKKIAESF,1
GNAACVIGCIGSCVISEGIGSLVGTAFTLG,1
MKNYSFYQFVMTVRGRHDDKGRLAEEIFDDLAFPKHDDDFNILSDYIETHGDFTLPMSVFDDLYEEYTEWLKF,0
MKYCLLCLVVALSGCQTNDTIASCKGPIFPLNVGRWQPTPSDLQLRNSGGRYDGA,0
MFAVMRIDNDDCRSDFRRKMRPKCEFICKYCQRRFTKPYNLMIHERTHKSPEITYSCEVCGKYFKQRDNLRQHRCSQCVWR,0
FFPIGVFCKIFKTC,1
KLSYDDKVFENVEFTPRL,0
FLPVIAGVAANFLPKLFCAISKKC,1
RCVCRRGVCRCVCRRGVC,1
QKACTMDYFPVCCQIVLGGGAYTAGNPCSCQGFVASKGTCDNPYPCPCTTEAQFPVCCTTQWGLVSATGNCACGCMGGVPVSDGPCPEVY,0
DLLEALSQDQKLLMAKFLPHIYAELANREGNWHEDAALRPLHDHDYPGWMDF,0
MQTVIFGRSGCPYCVRAKDLAEKLSNERDDFQYQYVDIRAEGITKEDLQQKAGKPVETVPQIFVDQQHIGGYTDFAAWVKENLDA,0
MMFLRKVEGPRSVTLPDGSIMTRADLPPANTRRWVASRKIAVVRGVIYGLITLAEAKQIYGLSDEEFNSWVSALAEHGKDALKVTALKKYRQL,0
KFCEKPSGTWSGVCGNSGACKDQCIRLEGAKHGSCNYKPPAHRCICYYEC,1
MASAIVLINTDAGGEDEVFERLKSMSEVTEVHVVYGVYDIVVKVEADSMDKLKDFVTNTIRKLPKVRSTLTMIIVEGKSLVKK,0
FLGGLMKAFPALICAVTKKC,1
MKFFLMCLIIFPIMGVLGKKNGYPLDRNGKTTECSGVNAIAPHYCNSECTKVYYAESGYCCWGACYCFGLEDDKPIGPMKDITKKYCDVQIIPS,0
FAEPLPSEEEGESYSKEPPEMEKRYGGFM,1
PDPGQPWQVKAGRPPCYSIPCRKHDECRVGSCSRCNNGLWGDRTCR,1
EPHPDEFVGLM,1
MRILYLLFSVLFLVLQVSPGLSLPQRDMFLCRIGSCHFGRCPIHLVRVGSCFGFRSCCKSPWDV,1
GLPTCGETCFGGTCNTPGCTCDPWPVCTHN,1
FKLGSFLKKAWKSKLAKKLRAKGKEMLKDYAKGLLEGGSEEVPGQ,1
QKNDKKDRFYGLM,0
DPVTYIRNGGICQYRCIGLRHKIGTCGSPFKCCK,1
MGIFNGIIEFLSNINFEVIAQLTMIAMIGIAGPMIIFLLAVRRGNL,0
ATCYCRTGRCATRESLSGVCEISGRLYRLCCR,1
FLLFPLMCKIQGKC,1
NNKCDLEFASSECQMRYQDCGEASNCTALIEECKTSLQEECDQASSESSSTTIRPE,0
CLGIGSCNDFAGCGYAVVCFW,1
MFLLVFLCCLHLVISSHTPDESFLCYQPDQVCCFICRGAAPLPSEGECNPHPTAPWCREGAVEWVPYSTGQCRTTCIPYVE,0
MITKYFSKVIVRFNPFGKEAKVARLVLAAIPPTQRNMGTQIQSEIISDYNKVKPLVKVTYKDKKEMEVDPSNMNFQELANHFDRHSKQLDLKHMLEMH,0
GASCGETCFTGICFTAGCSCNPWPTCTRN,1
GVTITVKPPFPGCVFYECIANCRSRGYKNGGYCTINGCQCLR,1
GLLASLGKVFGGYLAEKLKPK,1
MIRVGLILCCIFIVGVFEASSADDILTAHNLIKRSEVKPPSSSEFVGLMGRSEELTRRLIQHPGSMSETSKRGPPKKGDFNPNELKPESNIC,0
MLQSLIKKVWIPMKPYYTQAYQEIWVGTGLMAYIVYKIRSADKRSKALKASSAAPAHGHH,0
MSLEEWIKADSLEKADEYHKRYNYAVTNPVRRKILRMLDKGRSEEEIMQTLSLSKKQLDYHLKVLEAGFCIERVGERWVVTDAGKIVDKIRG,0
RPKHPIKHQGLPQEVLNENLLRF,1
ALPKKLKYLNLFNDGFNYMGVV,1
MSTPLTLIATITAAPGHAEALERELRALVAPSRAEAGCLQYDLHQDRHDSHLFYMIEQWRDDAALERHQNTEHFLRFSRGNEALLQNVKIDQLYRLA,0
MGKRFSESAAKKAAGLARKRDQAHAKQRAQMEQLEAEEASKWEQGSRKENAKKLEEEQKRQEKARAKKERDALLTAEEEQLGKGGKGKRKMK,0
MCTAHQHHAETTTAPDNAGLSFHVEDMTCGHCAGVIKGAIEKTVPGAAVHADPASRTVVVGGVSDAAHIAEIITAAGYTPEARA,0
VGKTWIKVIRGIGKSKIKWQ,1
MGLEDEQRMLTGSGDPKEEEEEEEELVDPLTTVREQCEQLEKCVKARERLELCDERVSSRSQTEEDCTEELLDFLHARDHCVAHKLFNSLK,0
LVQRGRFGRFLKKVRRFIPKVIIAAQIGSRFG,1
MVFYLKVKVEDFGFREDMGLNYVRYRVSGLDEELTEKLIERLDEDTERDDGDLIITVFYEREYFPFGSEESKVKMADFIAREEIEMMVFLSSVLED,0
YSRCQLQGFNCVVRSYGLPTIPCCRGLTCRSYFPGSTYGRCQRY,1
MATTYEEFSAKLDRLGEEFNRKMQEQNAKFFADKPDESTLSPEMKEHYEKFERMIKEHTEKFNKKMHEHSEHFKQKFAELLEQQKAAQYPSK,0
MATFPPATSAPQQPPGPEDEDSSLDESDLYSLAHSYLGGGGRKGRTKREAAANTNRPSPGGHERKLVTKLQNSERKKRGARR,0
MMAMSILEDPEFVKLRQFKGKVNFNLVMQILDEIELDLRGSDNIKTSIIYVYSSHLDEIRKNKEFYDMIAEILQRYYKKIGIENVNQLILTTIK,0
SRRCPGKNAWPELVGKSGNMAAATVERENRNVHAIVLKEGSAMTKDFRCDRVWVIVNDHGVVTSVPHIT,0
YKQCHKKGGHCFPKEKICLPPSSDFGKMDCRWRWKCCKKGSG,1
MSGGTPYIGSKISLISKAEIRYEGILYTIDTENSTVALAKVRSFGTEDRPTDRPIAPRDETFEYIIFRGSDIKDLTVCEPPKPIM,0
FLPLVGKILSGLI,1
MKVMIRKTATGHSAYVAKKDLEELIVEMENPALWGGKVTLANGWQLELPAMAADTPLPITVEARKL,0
ISWPSYPGSEGIRSSNCQKKLNCGTKNIATKGVCKAFCLGRKRFWQKCGKNGSGSKGSKVCNAVLAHAVEKAGKGLIAVTDKAVAAIVKLAAGIA,0
GSGPTYCWNEANNPGGPNRCSNNKQCDGARTCSSSGFCQGTSRKPDPGPKGPTYCWDEAKNPGGPNRCSNSKQCDGARTCSSSGFCQGTAGHAAA,0
GSSGMISFPRT,0
MRITIKRWGNSAGMVIPNIVMKELNLQPGQSVEAQVSNNQLILTPISRRYSLDELLAQCDMNAAELSEQDVWGKSTPAGDEIW,0
LRDLVCYCRTRGCKRRERMNGTCRKGHLMYTLCCR,1
GWANTLKNVAGGLCKITGAA,1
EQCGRQAGGKLCPNNLCCSQYGWCGSSDDYCSPSKNCQSNCKGGG,1
MTGPKQQPLPPDVEGREDAIEVLRAFVLDGGLSIAFMRAFEDPEMWGLLLVDIARHAARSYARESEYTEDEALERIVEMFEAELSRPTDTGATTERTQ,0
GFCRCLCRRGVCRCICTR,1
CCMALCSRYHCLPCC,0
GIFSNMYARTPAGYFRGPAGYAAN,1
MKGQMIICLVLIALCMSVVVMAQNLRAEELEKANPKDERVRSFERNQKRACKDYLPKSECTQFRCRTSMKYKYTNCKKTCGTC,0
SIITMTKEAKLPQLWKQIACRLYNTC,1
MSTGPTAATGSNRRLQQTQNQVDEVVDIMRVNVDKVLERDQKLSELDDRADALQAGASQFETSAAKLKRKYWWKNCKMWAIGITVLVIFIIIIIVWVVSS,0
GLLDIVKKVVGAFGSL,1
ILPILGNLLNSLL,1
EGTWQHGYGVSSAYSNYHHGSKTHSATVVNNNTGRQGKDTQRAGVWAKATVGRNLTEKASFYYNFW,1
QQWPPGHHIPP,0
GRCVCRKQLLCSYRERRIGDCKIRGVRFPFCCPR,1
MFTINAEVRKEQGKGASRRLRAANKFPAIIYGGKEAPLAIELDHDKVMNMQAKAEFYSEVLTIVVDGKEIKVKAQDVQRHPYKPKLQHIDFVRA,0
SPPNQPSIMTFDYAKTNK,1
QAPWPDTISPP,0
ATYDGKCYKKDNICKYKAQSGKTAICKCYVKVCPRDGAKCEFDSYKGKCYC,1
MHTTRLKRVGGSVMLTVPPALLNALSLGTDNEVGMVIDNGRLIVEPYRRPQYSLAELLAQCDPNAEISAEEREWLDAPATGQEEI,0
GIHDILKYGKPS,1
RIGVLLARLPKLFSLFKLMGKKV,1
FLRFIGSVIHGIGHLVHHIGVAL,1
VIPFVASVAAEMMQHVYCAASKKC,1
MKASIALQVLPLVQGIDRIAVIDQVIAYLQTQEVTMVVTPFETVLEGEFDELMRILKEALEVAGQEADNVFANVKINVGEILSIDEKLEKYTETTH,0
GSGVSNGGTEMIQLSHIRERQRYWAQDNLRRRFLEK,0
QSHLSLCRWCCNCCRSNKGC,1
DCLSGRYKGPCAVWDNETCRRVCKEEGRSSGHCSPSLKCWCEGC,1
WNPFKKIANRNCYPKTTCETAGGKKTCKDFSCCQIVLFGKKTRAKCTVVTS,1
MKFLLFLSVALLLTSFIETEAGPVNEAGVERLFRALVGRGCPADCPNTCDSSNKCSPGFPG,0
MINKTTIKTVLITLGVLAAVNKVSALRSVKRLIS,0
RQRDPQQQYEQCQKHCQRRETEPRHMQTCQQRCERRYEKEKRKQQKRYEEQQREDEEKYEERMKEEDN,1
MAEMKTADIRAMSEDQMDDAILSLKKERFNLRFQRATGQLENTSRLREARRDIARIKTIAAQKRAGKTK,0
AKSKDDSKPAPPKRPLSAFFLFKQHNYEQVKKENPNAKITELTSMIAEKWKAVGEKEKKKYETLQSEAKAKYEKDMQAYEKKYGKPEKQKKIKKNKKGSK,0
MKKFRWVVLVVVVLACLLLWAQVFNMMCDQDVQFFSGICAINQFIPW,0
MEAREVEEMRRSRLLTLGGIGYTAVIALAALVLVMGALGLVLKVAAAAGALPSEVAKVANALPGLKASVDANPAAGSLSSVSVST,0
MAYTSHLSSKTGLHFGRLSLRSLTAYAPNLMLWGGASMLGLFVFTEGWPKFQDTLYKKIPLLGPTLEDHTPPEDKPN,0
AVRIGPCDQVCPRIVPERHECCRAHGRSGYAYCSGGGMYCN,1
PVFGHADLPAPDDT,0
MSRDELRIVLGAMIPNMEEGFEIKTRDGAILRVDPEWECCKEFKDGLKAEIIKQLKSKPAVVFGYS,0
MLIDFCCSYIAGTHGRERAPSFTGTFVSHVSGENNCRPRRSEITQPCASGTEKKHFAATEKPCTNSLEGSRKDFLSLPLGHSYLFLFCFWRMICSEPKL,0
EYHLMNGANGYLTRVNGKTVYRVTKDPVSAVFGVISNCWGSAGAGFGPQH,1
VKVGINGFGRIGRLVTRAAFHGKKVEVVAIND,1
AACARFIDDFCDTLTPNIYRPRDNGQRCYAVNGHRCDFTVFNTNNGGNPIRASTPNCKTVLRTAANRCPTGGRGKINPNAPFLFAIDPNDGDCSTNF,1
MTTVGVSLFRRSPEKITMKIATFLGLSFLLIASYVLICEAQHPGFQELLILEENMRDPENSKERSCAKPRENCNRMNILCCRGECVCPTFGDCFCYGD,0
MSTYDEIEIEDMTFEPENQMFTYPCPCGDRFQIYLDDMFEGEKVAVCPSCSLMIDVVFDKEDLAEYYEEAGIHPPEPIAAAA,0
MSPKVIAICLVALLLPISISHGGRIGPIEPSKASSKVVERGNYDGRVEGCEEDDCLVERLLVAHLDYIYTQGKHN,0
MEAVRAYELQLELQQIRTLRQSLELKMKELEYAEGIITSLKSERRIYRAFSDLLVEITKDEAIEHIERSRLVYKREIEKLKKREKEIMEELSKLRAPLS,0
SDCNINSNTAADVILCFNQVGSCALCSPTLVGGPVP,1
PDPAKTAPKKGSKKAVTKA,1
MTSALTQGLERIPDQLGYLVLSEGAVLASSGDLENDEQAASAISELVSTACGFRLHRGMNVPFKRLSVVFGEHTLLVTVSGQRVFVVKRQNRGREPIDV,0
VTSKSLCTPGCITGVLMCLTQNSCVSCNSCIRC,1
IKITTMLAKLGKVLAHV,1
YNIPLGWGRRDMPGCLGVLGNRDLYDDVSRICSDCQNVFRDKNVESKCRSDCFSTSYFETCIMALDLAEKISDYKLHASILKE,0
MMRVLIVTAVFTFFLVLTSSGHDEDNEQRNILEGMFLDRAIETPKGLEEKRACGILHDNCVYVPAQNPCCRGLQCRYGKCLVQVGR,0
MALINPQFPYAGPVPIPGPAPTETMPLLNYRVEGRIAGIQQARQFMPFLQGPHRAVAEQTYHAIGTGIQMGQTFNQPLINTQEG,0
QWPDPSSDIPP,0
MPVINIEDLTEKDKLKMEVDQLKKEVTLERMLVSKCCEEFRDYVEERSGEDPLVKGIPEDKNPFKELKGGCVIS,0
KSCCKNTTGRNIYNTCRFAGGSRERCAKLSGCKIISASTCPSDYPK,1
GAARKSIRLHRLYTWKATIYTR,1
MLGQSSLVGYSNTQAANRVFVYEVSGLRQTDANENSAHDIRRSGSVFIKVPYARMNDEMRRISRLGGTIVNIRPYQADSNEQN,0
KTCENLADTY,1
CYCRIPACIAGERRYGTCIYQGRLWAFCC,1
GFLGPLLKLAAKGVAKVIPHLIPSRQQ,1
MPMLEVFYSGDRPPDRTRKQAFAAEASAIFQRVIGTPPGRLQLIIQIVSPENTLAVIDLDRPDSDTTAEPDQQ,0
IDWKKLLDAAKQIL,1
EVERKHPLGGSRPGRCPTVPPGTFGHCACLCTGDASEPKGQKCCSN,1
MKTRKIPLRKSVVSNEVIDKRDLLRIVKNKEGQVFIDPTGKANGRGAYIKLDNAEALEAKKKKVFNRSFSMEVEESFYDELIAYVDHKVKRRELGLE,0
MRVEALGKVAPLPQAQTPVSLNEASLEELMALPGIGPVLARRIVEGRPYARVEDLLKVKGIGPATLERLRPYLRP,0
LAHQKPFIRKSYKCLHKRCR,1
QTLLQELPIPP,0
MMSFQKIYSPTQLANAMKLVRQQNGWTQSELAKKIGIKQATISNFENNPDNTTLTTFFKILQSLELSMTLCDAKNASPESTEQQNLEW,0
QTSLTDFYHSKVYLSPGSRSLGLPK,0
LTCEIDRSLCLLHCRLKGYLRAYCSQQKVCRCVQ,1
GLPVCGETCVGGTCNTPGCGCSWPVCTRN,1
LLKELWTKIKGAGKAVLGKIKGLL,1
FLPLIGKILGTIL,1
RCICTRGFCRCICTRGFC,1
GLGSLLGKAFKIGLKTVGKMMGGAPREQ,1
MALNRGDKVRIKRTESYWYGDVGTVASVEKSGILYPVIVRFDRVNYNGFSGSASGVNTNNFAENELELVQAAAK,0
MSATIPARDLRNHTAEVLRRVAAGEEIEVLKDNRPVARIVPLKRRRQWLPAAEVIGELVRLGPDTTNLGEELRETLTQTTDDVRW,0
MFGYRSLLVLLVTLSLCLLLQSSHCSAVRTYGNDLDARARREIISLAARLIKLSMYGPEDDSFVKRNGGTADALYNLPDLEKIGKR,0
MKTGYKVMLGALAFVVTNVYAAEIMKKTDFDKVASEYTKIGTISTTGEMSPLDAREDLIKKADEKGADVVVLTSGQTENKIHGTADIYKKK,0
MDGIKYAVFTDKSIRLLGKNQYTSNVESGSTRTEIKHWVELFFGVKVIAMNSHRLPGKSRRMGPIMGHTMHYRRMIITLQPGYSIPPLRKKRT,0
SPRVSRRYGRPFGGRPFVGGQFGGRPGCVCIRSPCPCANYG,1
SGERPWKCCDLQTCTKSIPAFCRCRDLLEQCSDACKECGKVRDSDPPRYICQDVYRGIPAPMCHEHQ,0
GEILCNLCTGLINTLENLLTTKGADKVKDYISSLCNKASGFIATLCTKVLDFGIDKLIQLIEDKVDANAICAKIHAC,1
GPDSCNHDRGLCRVGNCNPGEYLAKYCFEPVILCCKPLSPTPTKT,1
MKKRIIAAALLATVASFSTLAAEQVSKQEISHFKLVKVGTINVSQSGGQISSPSDLREKLSELADAKGGKYYHIIAAREHGPNFEAVAEVYNDATK,0
MVHYEVVQYLMDCCGITYNQAVQALRSNDWDLWQAEVAIRSNKM,0
MEHNLSPLQQEVLDKYKQLSLDLKALDETIKELNYSQHRQQHSQQETVSPDEILQEMRDIEVKIGLVGTLLKGSVYSLILQRKQEQESLGSNSK,0
MRIKGVVLSYRRSKENQHNNVMIIKPLDVNSREEASKLIGRLVLWKSPSGKILKGKIVRVHGTKGAVRARFEKGLPGQALGDYVEIV,0
GIACGESCVFLGCFIPGCSCKSKVCYFN,1
QAFQTFKPDWNKIRYDAMKMQTSLGQMKKRFNL,1
MAARTVAVAAALAVLLIFAASSATVAMAGRPTPTTSLDEEAAQAAAQSEIGGGCKEGEGEEECLARRTLTAHTDYIYTQQHHN,0
GLRSKIWLWVLLMIWQESNKFKKM,1
NRWWQGVVPTVSYECRMNSWQHVFTCC,1
EEAIDAQALVDQNCTGCHGSEVYTRDERRVESLDALHGQVRMCEQNLELTWFDDQVDAVTTLLNREYYNFEP,0
MSGHALAARTLLAAADELVGGPPVEASAAALAGDAAGAWRTAAVELARALVRAVAESHGVAAVLFAATAAAAAAVDRGDPP,0
MNNPMEEQQSALLGRIISNVEKLNESITRLNHSLQLINMSNMNVELASQMWANYARNVKFHLEETHTLKDPI,0
SLEIDELARFAVDEHNKKQNALLEFGKVVNTKEQVVAGKMYYITLEATNGGVKKTYEAKVWVKPWENFKELQEFKPVDAATS,0
MIRSELIAKIAEENPHLFQRDVEKIVNTIFEEIIEAMARGDRVELRGFGAFSVKKRDARTGRNPRTGTSVAVDEKHVPFFKTGKLLRDRLNGGEE,0
MVVLKVTLLEGRPPEKKRELVRRLTEMASRLLGEPYEEVRVILYEVRRDQWAAGGVLFSDKEGT,0
SKGKKANKDVELARG,1
MADQLTLEIISAINKLVKAENGERTSVALGEITTDTELTSLGIDSLGLADVLWDLEQLYGIKIEMNTADAWSNLNNIGDVVEAVRGLLTKEV,0
GLPVCGETCFGGTCNTPGCTCDPWPVCTRN,1
MSTGNESYNLRYPKGFKGYPYNMYKLEGYGTPKGYITLIGVVATLTVSGLFFAKTRSNKREYPTHNKEWRAKTLAYAKETNADPIYQLPKDKI,0
RRWCFRVCYKGFCYRKCR,1
GSSGLIPMGRT,0
ALWKTMLKKLGTMALHAGKAALGAAADTISQGTQ,1
LTCFNDFSPTAHTVEDCQRGITTCYMKTWRVHRETVIERGCGCPKVKPGIRLKCCTGNTCNY,0
GLWQKIKSAAGDLASGIVEGIKS,1
GLFDIVKKIAGHIASSI,1
MLRTTFLRTPRQLMRKSPRASFSIVTRAAFPHLKNNQDEAEKKEQGLFDSNKKRLDTLEHGKNPDYKQPGMEDLKKKGDDARIEQNRPDDGVY,0
GIMDTVKNAAKDLAGQLDKLKCRITGC,1
QRPYTQPLIYYPPPPTPPRIYRA,1
VPVPQLQPQNPSQQQPQEQVPLVQQQQFPGQQQPFPPQQPYPQPQPFPSQQPYL,0
GVPICGETCTLGTCYTAGCSCSWPVCTRN,1
DEKGPKWKR,1
MAYTGLTVPLIVMSVFWGIVGFLVPWFIPKGPNRGVIITMLVTCSVCCYLFWLIAILAQLNPLFGPQLKNETIWYLKYHWP,0
MDLVEKVKELCLELEEENLAKAIERFITLTHGIEKTRGEAFAKASIYGFLEGILTTLKMKYSNEKIETLLNEVKTAREETEALLRKPRPPLLVDNDL,0
MCTTLFLLSTLAMLWRRRFANRVQPEPSGADGAVVGSRSERDLQSSGRKEEPLK,0
MYVCLCNGISDKKIRQAVRQFSPHSFQQLKKFIPVGNQCGKCVRAAREVMEDELMQLPEFKESA,0
CAKHSETCKNGNCCTCTQYRGKDEPMACRRGTHGQRCQCVMKIMKH,0
MKGETPVNSTMSIGQARKMVEQLKIEASLCRIKVSKAAADLMTYCDAHACEDPLITPVPTSENPFREKKFFCALL,0
RLKELITTGGQKIGEKIRRIGQRIKDFFKNLQPREEKS,1
GHHPHGHHPHGHHPHGHHHPH,1
RIIDLLWRVRRPQKPKFVTVWVR,1
MYVTIVYASVKTDKTEAFKEATRMNHEQSIREPGNMRFDILQSADDPTRFVLYEAYKTRKDAAAHKETAHYLTWRDTVADWMAEPRKGVIYGGLYPTGDD,0
RQRVEELSKFSKKGAAARRRK,1
MTHHTEVFEGGTIDIEDDTSLTINGKEISYVHDAVKNKWSSRYLPYTQYDSLLDLARAIIRDTVEFSGVKE,0
MTVTGQVKWFNNEKGFGFIEVPGENDVFVHFSAIETDGFKSLEEGQKVSFEIEDGNRGPQAKNVIKL,0
MQSVITDVTGQLTAVQADITTIGGAIIVLAAVVLGIRWIKAQFF,0
AAPSKATVGESGIITPGGRLIQLPHGVSIILEGPSAALLSNGDFVTYESS,0
MAKGKDVRVKVILECTGCVRKSVNKGSRGVSRYITQKNRHNTPSRLELRKFCPYCYKHTIHGEIKK,0
MQTQEQSQKKKQKAVFGIYMDKDLKTRLKVYCAKNNLQLTQAIEEAIKEYLQKRNG,0
FLSLIPHAINAVSAIAKHN,1
IFGSIYHRKCVVKNRCETVSGHKTCKDLTCCRAVIFRHERPEVCRPQT,1
GLFDVIKKVASVIGLASP,1
DLRFLYPRGKLPVPTPPPFNPKPIYIDMGNRY,1
GYGCPFNQYQCHSHCSGIRGYKGGYCKGTFKQTCKCY,1
APECGERASGKRCPNGKCCSQWGYCGTTDNYCGQGCQSQCDYWRCGRDFGGRLCEEDMCCSKYGWCGYSDDHCEDGCQSQCD,0
GVIPCGESCVFIPCISTLLGCSCKNKVCYRN,1
FKRIVQRIKDFLR,1
GVLSNVIGYLKKLGTGALNAVLKQ,1
MVNLLQIVRDHWVHVLVPMGFVIGCYLDRKSDERLTAFRNKSMLFKRELQPSEEVTWK,0
FLPAIFRMAAKVVPTIICSITKKC,1
LTTKLWSSWGYYLGKKARWNLKHPYVQF,1
QWIPGQSCTNADCGEGQCCTGGSYNRHCQSLSDDGKPCQRPNKYDEYKFGCPCKEGLMCQVINYCQKK,0
MKLCILLVVLLITVVRAEEDILENEAEDISPAIKERSARGCIGRNESCKFDRHGCCWPWSCSCWNKEGQPESDVWCECSLKIGK,0
KSCCPNTTGRNIYNACRLTGAPRPTCAKLSGCKIISGSTCPSDYPK,1
GFTQGVRNSQSCRRNKGICVPIRCPGSMRQIGTCLGAQVKCCRRK,1
MSANGAVWGRVRSRLRAFPERLAACGAEAAAYGRCVQASTAPGGRLSKDFCAREFEALRSCFAAAAKKTLEGGC,0
MASEMIVDHRQKAFELLKVDAEKILKLIRVQMDNLTMPQCPLYEEVLDTQMFGLSREIDFAVRLGLVDEKDGKDLLYTLERELSALHDAFTAK,0
TAGPAIRASVKQCQKTLKATRLFTVSCKGKNGCK,1
MMPVILLLLLSLAIRCADGKAVQGDSDPSASLLTGDKNHDLPVKRDCTTCAGEECCGRCTCPWGDNCSCIEWGK,0
MADLKPSLTGLTEEEAKEFHGIFVTSTVLYLATAVIVHYLVWTARPWIAPIPKGWVNLEGVQSALSYLV,0
MDGMGTLTRYLEEAMARARYELIADEEPYYGEIPDLPGVWATGKSLKECEANLQAALEDWLLFLLSRGETPPPLGEVRIELPHGEAA,0
ILCINVAGRRIC,0
KPYCSCKWRCGIGEEEKGICHKFPIVTYVCCRRP,1
MSSQQETNDKSNTQGHPETDPEGKTGTDTGNTEDSPPDTDNVPITDDAIMDDVMDEDVKEEDIDYSWIEDMRDEDVDAEWLFELIDECNGWPD,0
GGCCSHPACQNNPDYC,0
MGLKLDLTWFDKSTEDFKGEEYSKDFGDDGSVMESLGVPFKDNVNNGCFDVIAEWVPLLQPYFNHQIDISDNEYFVSFDYRDGDW,0
RFIYMKGFGKPRFGKR,1
VTIFVALYDYEAAVQFNSVQDLTAPEAALFSDVWSFGILEVLEQVEPQYTPGANT,0
MALVLVKYGTDHPVEKLKIRSAKAEDKIVLIQNGVFWALEELETPAKVYAIKDDFLARGYSEEDSKVPLITYSEFIDLLEGEEKFIG,0
TCSYTMEA,1
FIGAIARLLSKIFGKR,1
VLPLISMALGKLL,1
KRRHWFPLSFQEFLEQLRRFRDQLPFP,1
MDLNLRHAVIANVTGNNQEQLEHTIVDAIQSGEEKMLPGLGVLFEVIWQHASESEKNEMLKTLEGGLKPAE,0
FFHHIFRGIVHVGKTIHRLVTG,1
MNFLKNGIAKWMTGAELQAYKKKYGCLPWEKISC,1
MQNTTHDNVILELTVRNHPGVMTHVCGLFARRAFNVEGILCLPIQDSDKSHIWLLVNDDQRLEQMISQIDKLEDVVKVQRNQSDPTMFNKIAVFFQ,0
MQPITTASTQATQKDKSSEKKDNYIIKGLFWDPACVIA,0
EVKYDPCFGHKIDRINHVSNLGCPSLRDPRPNAPSTSA,0
NPLIPAIYIGATVGPSVWAYLVALVGAAAVTAANIRRASSDNHSCAGNRGWCRSKCFRHEYVDTYYSAVCGRYFCCRSR,1
IYWIADQFGIHLATGTARKLLDAMASGASLGTAFAAILGVTLPAWALAAAGALGATAA,1
LGPALITRKPLKGKP,0
LLGDFFRKSKEKIGKEFKRIVQR,1
GFFSTVKNLATNVAGTVIDTLKCKVTGGCRS,1
RYHMQCGYRGTFCTPGKCPYGNAYLGLCRPKYSCCRWL,1
KCKWWNISCDLGNNGHVCTLSHECQVSCN,1
FRWWHR,1
MRTTVTVDDALLAKAAELTGVKEKSTLLREGLQTLVRVESARRLAALGGTDPQATAAPRRRTSPR,0
MMTQGAVLGLIREGVFQVVLLVAPVLCTALVVGLIVAIFQAVTSIQEQTLTFVPKMLTILGMIALLGGWMLTMLQNYTVRLFDIIPQLVRSGPV,0
MNNQVEPRKLVVYGREGCHLCEEMIASLRVLQKKSWFELEVINIDGNEHLTRLYNDRVPVLFAVNEDKELCHYFLDSDVIGAYLS,0
TRSSRAGLQFPVGRVHRLLRK,1
MAKAANMIKVEQIGSPIRRHHSQRETLIGLKLNKIGRVAELQDTPEVRGMIGKVQHLVRVVDEK,0
PITYLDAILAAVRLLNQRISGPCILRLREAQPRPGWVGTLQRRREVSFLVEDGPCPPGVDCRSCEPGALQHCVGTVSIEQQPTAELRCRPLRPQ,1
ALFSILRGLKKLGNMGQAFVNCKIYKKC,1
FLSFPTTKTYFPHFDLSHGSAQVKGHGAK,1
GFGCPGNQLKCNNHCKSISCRAGYCDAATLWLRCTCTDCNGKK,1
VNWKKVLGKIIKVAK,1
DFGCARGMIFVCMRRCARMYPGSTGYCQGFRCMCDTMIPIRRPPFIMG,1
MELVRIFKEHNVFGWISVGTAVLSLLLLNLAIISNVTFYSYQMLPFAMAAVPFGVVELFIKRGRTGPGLLGVILNLFVIICVYTIVSVDTNLQFGF,0
GFWGSLWEGVKSVV,1
MANEGDVYKCELCGQVVKVLEEGGGTLVCCGEDMVKQ,0
SDDKCQGRPMYGCREDDDSVFGWTYDSNHGQCWKGSYCKHRRQPSNYFASQQECRNTCGA,0
SETGNTVTVKGFSPLR,0
KKIATTVGEARLSGINYRHPDSALVSYPVAAAAPLGRLPAGNYRIAIVGGGAGGIAALYELGRLAATLPAGSGIDVQIYEADPDSFLHDRPG,0
DSMGAVKLAKLLIDKMKCEVTKAC,1
MATRFMTDPHAMRDMAGRFEVHAQTVEDEARRMWASAQNISGAGWSGMAEATSLDTMAQMNQAFRNIVNMLHGVRDGLVRDANNYEQQEQASQQILSS,0
FLGSIVGALASALPSLISKIRN,1
MKISEEEVRHVAKLSKLSFSESETTTFATTLSKIVDMVELLNEVDTEGVAITTTMADKKNVMRQDVAEEGTDRALLFKNVPEKENHFIKVPAILDDGGDA,0
ECTKLLGGCTKDSECCPHLGCRKKWPYHCGWDGTF,0
NRWGDTVLSAASGAGTGIKACKSFGPWGMAICGVGGAAIGGYFGYTHN,1
LAGYTGIASGTAKKVVDAIDKGAAAFVIISIISTVISAGALGAVSASADFIILTVKNYISRNLKAQAVIW,1
MAPLKMLALVTLLLGASLQHIHAARGTNVGRECCLEYFKGAIPLRKLKTWYQTSEDCSRDAIVFVTVQGRAICSDPNNKRVKNAVKYLQSLERS,0
GTCKAECPTWEGICINKAPCVKCCKAQPEKFTDGHCSKILRRCLCTKPC,1
LTCVTSKSIFGITTENCPDGQNLCFKKWYYIVPRYSDITWGCAATCPKPTNVRETIRCCETDKCNE,0
MSLPLNPKPFLNGLTGKPVMVKLKWGMEYKGYLVSVDGYMNMQLANTEEYIDGALSGHLGEVLIRCNNVLYIRGVEEEEEDGEMRE,0
FLGVVFKLASKVFPAVFGKV,1
GLFDIIKNIVSTL,1
GFLDIINKLGKTFAGHMLDKIKCTIGTCPPSP,1
MAENSILTSLLPLVVLFAIFYFLVIRPQQKQAKAHKQMLESLQKGDKIITNGGLICEVVKPEEDFIKVKLNEDNVTAKISREFIAKKIDA,0
MPHSHLHLDPKVREEARRRLLSAKGHLEGILRMLEDEKVYCVDVLKQLKAVEGALDRVGEMVLRAHLKDHVATAHERGDVEEIVEELMEALKYR,0
MNDDEDRAQLKARLWIRVEERLQQVLSSEDIKYTPRFINSLLELAYLQLGEMGSDLQAFARHAGRGVVNKSDLMLYLRKQPDLQERVTQE,0
MKVFSFTVVVVMILSLSAFVLAGDEGDVMKKIVAMEEAVEERACLAEYQKCEGSTVPCCPGLSCSAGRFRKTKLCTK,0
MEKYCELIRKRYAEIASGDLGYVPDALGCVLKVLNEMAADDALSEAVREKAAYAAANLLVSDYVNE,0
FLPIVGKLLSGLSGLL,1
RKKWFW,1
SHERAVKYLNSEKKADYQVVDDEIE,0
MGWTVTVDTDKCTGDGECVDVCPVEVYELQDGKAVPVNEEECLGCESCVEVCEAGAITVEEN,0
RGGGLCYCRRRFCVCVGR,1
MVDCQKEACNLQSCIQRNQYNQGNCEKFVNDLLLCCKRWYDKNSLTGNEAPHTCPELKPLLRQLSSRNLT,0
SIGAKILGGVKTFFKGALKELASTYLQ,1
GKVKVGVNGFGRIGRLVTRAAFNSGKVDIVA,1
MSNVNTGSLSVDNKKFWATVESSEHSFEVPIYAETLDEALELAEWQYVPAGFEVTRVRPCVAPK,0
GTFPCGESCVFIPCLTSAIGCSCKSKVCYKN,1
RPKPQQFFGLM,1
MINRTDCNENSYLEIHNNEGRDTLCFANAGTMPVAIYGVNWVESGNNVVTLQFQRNLSDPRLETITLQKWGSWNPGHIHEILSIRIY,1
MSESSARTEMKISLPENLVAELDGVAMREKRSRNELISQAVRAYVSERTTRHNRDLMRRGYMEMAKINLNISSEAHFAECEAETTVERLVSGG,0
ERGSRGQRCGPGEVFNQCGSACPRVCGRPPAQACTLQCVSGCFCRRGYIRTQRGGCIPERQCHQR,1
TTHSGKYYGNGVYCTKNKCTVDWAKATTCIAGMSIGGFLGGAIPGKC,1
MITPRNIFRHELIGLSVRIARSVHRDIQGISGRVVDETRNTLRIEMDDGREITVPKGIAVFHFRTPQGELVEIDGRALVARPEERIKKKFRKP,0
MQMPRRFNTYCPHCNEHQEHEVEKVRSGRQTGMKWIDRQRERNSGIGNDGKFSKVPGGDKPTKKTDLKYRCGECGKAHLREGWRAGRLEFQE,0
SVINFGWMSSVTSTSTRYNGYGYGFGGSTPVD,0
MKFLYGVILIALFLTVMTATLSEARCGPCFTTDPQTQAKCSECCGRKGGVCKGPQCICGIQY,0
MGIRHIALFRWNDTVTPDQVEQVITALSKLPAAIPELKNYAFGADLGLAAGNYDFAVVADLDGEDGFRAYQDHPDHRAALAIIAPMLADRVAVQFAL,0
MQTHVRRVALQALRPCLRAGLMAPKFPVRFATTAVSGELLTKTPYTRPGYAAQWTCLVVLFLKNQLLMRLFFAFVAYVVAMKVFGARFHVDHDEDATPAE,0
KRKCPKTPFDNTPGAWFAHLILGC,1
ALFEESTVSAEPR,0
VRRFPWWWPFLRR,1
ITCQQVTSELGPCVPYLTGQGIP,1
MAEEHEKGVPMVLAPQMGAIDATVESIRYRAQLIARNQKLDSGVAATGIIGFAAGFLFSLLMVIVLPVAVGL,0
FTPSVSFSQNGGVVEAAAQRGYIYKKYPKGAKVPNKVKMLVNIRGKQTMRTCYLMSWTASSRTAKYYYYI,1
RGGRLCYCRRRFCICV,1
MPSGNQEPRRDPELKRKAWLAVFLGSALFWVVVALLIWKVWG,0
MLNPPLNQLTSQIKSKYLIATTAAKRAREIDEQPETELLSEYHSFKPVGRALEEIADGKIRPVISSDYYGKE,0
SLNTKNDFMRF,0
SSMKLSFRARAYGFRGPGPQL,1
MECYRCGVSGCHLKITCSAEETFCYKWLNKISNERWLGCAKTCTEIDTWNVYNKCCTTNLCNT,0
MKNIAMKTTVVLTILLLSVLTAINADTMKKRSDYCSNDFCFFSCRRDRCARGDCENGKCVCKNCHLN,0
FREIKGYEYQLYVYASDKLFRADISEDYKTRGRKLLRFNGPVPPP,0
DIDITGCSACKYAAGQVCTIGCSAAGGFICGLLGITIPVAGLSCLGFVEIVCTVADEYSGCGDAVAKEACNRAGLC,1
MRFIILGVLFIAVASMILSNGVMAQSRDFSISEREIVASLAKQLLRVARMGYVPEGDLPRKRNAELINSLLGVPRVMSDAGRR,0
DLVSLSGAHTFGRSRNRFF,0
MHPDLSPHLHTEECNVLINLLKECHKNHNILKFFGYCNDVDRELRKCLKNEYVENRTKSREHGIAMRKKLFNPPEESEK,0
GLLKRIKTLL,1
MGKKKNKKTEVQQPDPMRKNWIMENMDSGVIYLLESWLKAKSQETGKEISDIFANAVEFNIVLKDWGKEKLEETNTEYQNQQRKLRKTYIEYYDREMK,0
FNRGGYNFGKSVRHVVDAIGSVAGILKSIR,1
MLILDGDLLKDKLKLPVIDNLFGKELLDKFQDDIKDKYGVDTKDLKILKTSEDKRFYYVSVDAGDGEKCKFKIRKDVDVPKMVGRKCRKDDDDDDGY,0
MVTIVWKESKGTAKSRYKARRAELIAERRSNEALARKIALKLSGCVRADKAASLGSLRCKKAEEVERKQNRIYYSKPRSEMGVTCVGRQKIKLGSKPLI,0
AACSDRAHGHICESFKSFCKDSGRNGVKLRANCKKTCGLC,1
CCKQSCTTCMPCCW,0
MKLSCLSLALAIILILAIVHSPNMEVKALADPEADAFGEANAFGEADAFAEANADVKGMKKAIKEILDCVIEKGYDKLAAKLKKVIQQLWE,0
ALIGPSGAILDDGTQVQFSKAGVTVLLEGPSGYVFSDGTLVQKKS,0
MAKTAAALHILVKEEKLALDLLEQIKNGADFGKLAKKHSICPSGKRGGDLGEFRQGQMVPAFDKVVFSCPVLEPTGPLHTQFGYHIIKVLYRN,0
HRHQGPIFDTRPSPFNPNQPRPGPIY,1
ATTGCSCPQCIIFDPICASSYKNGRRGFSSGCHMRCYNRCHGTDYFQISKGSKCI,1
NGPNGKSQSIIVGPWGDRVTN,0
FLKPLFNAALKLLP,1
AIKLVQSPNGNFAASFVLDGTKWIFKSKYYDSSKGYWVGIYEVWDRK,1
MNYALKGQGRTLYGF,0
VDKGSYLPRPTPPRPIYNRN,1
NLAKGKEESLDSDLYAELRCMCIKTTSGIHPKNIQSLEVIGKGTHCNQVEVIATLKDGRKICLDPDAPRIKKIVQKKLAGDES,1
SKCKCSRKGPKIRYSDVKKLEMKPKYPHCEEKMVIITTKSVSRYRGQEHCLHPKLQSTKRFIKWYNAWNEKRRVYEE,1
MKTQVLALFVLCVLFCLAESRTTLNKRNDIEKRIECKCEGDAPDLSHMTGTVYFSCKGGDGSWSKCNTYTAVADCCHQA,0
AGWGSIFKHIFKAGKFIHGAIQAHND,1
FLPILASLAAKFGPKLFCLVTKKC,1
GKNPTLQCMGNRGFCRPSCKKGEQAYFYCRTYQICCLQSHVRISLTGVEDNTNWSYEKHWPRIP,1
MAMQDFRPGVYRHYKGDHYLALGLARADETDEVVVVYTRLYARAGLPMSTRLLRIWNETVDTGAGPQPRFAYVGHVTPEQG,0
DIVMTQSPGTLSVSPGERAT,0
SVAGRAQGM,1
VTCDVLSFEAKGIAVNHSACALHCIALRKKGGSCQNGVCVCRN,1
MSDFNLVGVIRVMPTDPDVNLDELEEKLKKVIPEKYGLAKVEREPIAFGLVALKFYVLGRDEEGYSFDEVAEKFEEVENVESAEVETVSRI,0
MPSVVGNLVVQNSNGSFNLGDFYNVSPKENTKAYNGSGASNVGFVVNTFNGVSATNTFDSDVADQDQIGTA,0
MDLELKELQSKMKEMYFEKDSQRGIYATFTWLVEEVGELAEALLSNNLDSIQEELADVIAWTVSIANLEGIDIEEALKKKYKL,0
EADEPLWLYKGDNIERAPTTADHPILPSIIDDVKLDPNRRYA,1
RCLCRRGVCRCLCRRGVC,1
KVVHLRPRSSFSSEDEYQIYLRNVSKYIQLYGRPRF,0
GFGALFKFLAKKVAKTVAKQAAKQGAKYVVNKQME,1
MSQLMGIITRLQSLQETAEAANEPMQRYFEVNGEKICSVKYFEKNQTFELTVFQKGEKPNTYPFDNIDMVSIEIFELLQ,0
MNYLITISLALLLMTGVASGVRDGYIADAGNCGYTCVANDYCNTECTKNGAESGYCQWFGRYGNACWCIKLPDKVPIKVPGKCNGR,0
HKTDSFVGLM,1
MADLRKAARGRECQVRIPGVCNGNPETSVLAHIRLTGLCGTGTKPPDLIATIACSACHDEIDRRTHFVDAGYAKECALEGMARTQVIWLKEGVIKA,0
GLVTSLIKGAGKLLGGLFGSVTGGQS,1
FSFKRLKGFAKKLWNSKLARKIRTKGLKYVKNFAKDMLSEGEEAPPAAEPPVEAPQ,1
MNTFYDVQQLLKTFGHIVYFGDRELEIEFMLDELKELYMNHMIEKEQWARAAAVLRKELEQTKNGRDFYKG,0
GLFTLIKGAAKLIGKTVPKKQARLGMNLWLVKLPTNVKT,1
MAITEFDTSLPSIRQLQNLIKQAAPVEIKLVTGDAITGRVLWQDPTCVCIADENSRQTTIWKQAIAYLQPKG,0
MATFPIMSNFERDFVIQLVPVDTEDTMDQVAEKCAYHSINRRVHPQPEKILRVRRHEDGTLFPRGMIVSDAGLRPTETLDIIFMDN,0
RRWWRF,1
MKLSELQSHIKEFDYAPEQSEHYFFKLIEEVGELSESIRKGKSGQPTLDELKGSVAEELYDVLYYVCALANIHGVNLEKTHELKEVLNKVKYNR,0
FLSLLPSIVSGAVSLAKKL,1
MSFYRAQHRILPRVIRRAPHIRPRSQARAAAAEPSRFFSRPWSSPSGRERKDRGERRAAAMRAKWKKKRMRRLKRKRRKMRQRSK,0
MKRTWQPNRRKRAKTHGFRARMRTPGGRKVLKRRRQKGRWRLTPAVRKR,0
INWLKLGKAIIDAL,1
YENPYGCPTDEGKCFDRCNDSEFEGGYCGGSYRATCVCYRT,1
INVLGILGLLGKALSHL,1
LIDHLGAPRWAVDTILGAIAVGNLASWVLALVPGPGWAVKAGLATAAAIVKHQGKAAAAAW,1
MTEETITIDSISNGILNNLLTTLIQDIVARETTQQQLLKTRYPDLRSYYFDPNGSLDINGLQKQQESSQYIHCENCGRDVSANRLAAHLQRCLSRGARR,0
MENKKSHYFYVLLCQDGSFYGGYTTEPERRLTEHNSGTGAKYTRLAKRRPVIMIHTEKFETRSEATKAEAAFKKLTRKQKEQYLKTFH,0
MQEKLDLVIEGGAVINGLGG,0
IPWKLPATFRPVERPFSKPFCRKD,1
MSYIPGQPVTAVVQRVEIHKLRQGENLILGFSIGGGIDQDPSQNPFSEDKTDKVNGWDMTMVTHDQARKRLTKRSEEVVRLLVTRQSLQKAVQQSMLS,0
YLAFRCGRYSPCLDDGPNVNLYSCCSFYNCHKCLARLENCPKGLHYNAYLKVCDWPSKAGCT,1
ALKAALLAILKIVRVIKK,1
GLLQTIKEKLESLESLAKGIVSGIQA,1
FLPIIAGAAAKVVQKIFCAISKKC,1
MFRSTSHVRTESAARYVNRLCKHWGHKFEVELTPERGFIDFGDSNCELLAHPDHVLMILNSPDEDSLAHMQNVVADHLQRMANSESLEIAWQPAES,0
SVRTQDNAVNRQIFGSNGPYRDFQLSDCYLPLETNPYCNEWQFAYHWNNALMDCERAIYHGCNRTRNNFITLTACKNQAGPICNRRRH,1
MTKEKISVTVDAAVLAAIDADARAAGLNRSEMIEQALRNEHLRVALRDYTAKTVPALDIDAYAQRVYQANRAAGS,0
TCLARDELCGASFLSNFLCCDGLCLLICV,0
IPPFIKKVLTTVF,1
MPSTPEEKKKVLTRVRRIRGQIDALERSLEGDAECRAILQQIAAVRGAANGLMAEVLESHIRETFDRNDCYSREVSQSVDDTIELVRAYLK,0
GFSPNLPGKGLRIS,1
MGHLVLVRHYVLVLLLIELMQLLLGSLGLS,0
MQTNVPKFTAVAEQVSAVLSQYGITGPNRAIYQGFGLKVARALNRLGGGPALVNMINGLKAYYISAFNANPTVLDAVTDIITGSPTGYVSGGSGHHHHHH,0
GLWSKIKEAAKAAGKAALNAVTGLVNQGDQPS,1
GLLNTFKDWAISIAKGAGKGVLTTLSCKLDKSC,1
GLFLDTLKGAAKDVAGKLLEGLKCKIAGCKP,1
MSDAFTDVAKMKKIKEEIKAHEGQVVEMTLENGRKRQKNRLGKLIEVYPSLFIVEFGDVEGDKQVNVYVESFTYSDILTEKNLIHYLD,0
EFRGSIVIQGTKEGKSRPSLDIDYKQRVYDKNGMTGDAYGGLNIRPGQPSRQHAGFEFGKEYKNGFIKGQSEVQRGPGGRLSPYFGINGGFRF,1
MRTTIRIDDELYREVKAKAARSGRTVAAVLEDAVRRGLNPPKPQAAGRYRVQPSGKGGLRPGVDLSSNAALAEAMNDGVSVDAVR,0
VTCELLMFGGVVGDSACAANCLSMGKAGGSCNGGLCDCRKTTFKELWDKRFG,1
MASVVIRNLSEATHNAIKFRARAAGRSTEAEIRLILDNIAKAQQTVRLGSMLASIGQEIGGVELEDVRGRNTDNEVSL,0
MKTLVLFIIFGLAALFLLSSANELEETERGCGLLMDACDGKSTFCCSGYNCSPTWKWCVLDCPNLFLLPPTKTLC,0
GLPDGVEDLPKAEDDHAHDYVNDAADTDHARFQEGQLCENCQFWVDYVNGWGYCQHPDFTDVLVRGEGWCSVYAPA,0
MKLLFLNIIVVRRHLHCKSYRLSPWYIYIYGDYLLYTTEIPYKPFTRQP,0
GLFDIAKKVIGVIGSL,1
MPIIGVPRCLENPFCAPAKFPLSVKKKIRI,0
NRWYCNSAAGGVGGAAGCVLAGYVGEAKENIAGEVRKGWGMAGGFTHNKACKSFPGSGWASG,1
EEVFDDTDVGDELTNALESVLTDLKDKRDAEEPSAFMTRLRRQVAQMHIWRAVNHDRHHSTGSGRHSRFLTRNRYRYGGGHLSDA,0
MFLQTLRLTMPRMFLHMKPSPITITRACTVPSLLSVAAPQPALVAANRPLVFNRGFKVRTSVKKFCSDCYLVRRKGRVYIYCKSNKKHKQRQG,0
GLKDIFKAGLGSLVKGIAAHVAN,1
MTVATDNNPTPEAVADLKKKVRKLNSKAGQMKMDLHDLAEGLPTDYENLVETAEKTYEIFRELDQLKKKLNIWEETLK,0
GTGLPMSERRKIMLMMR,1
SEETAALPTADDGGTGPLRAAVMAAI,0
MYYALLTLFVIIAVVLIISTLLQKGRGDVGAAFGGGMGQSIFGVGGVETILTKATYWLGALFLVLALLLSVIPKEKGSVVEKSVQTEQSEGKGTTQESGK,0
GMATKAGTALGKVAKAVIGAAL,1
MATTMAKLITLVVLAILAFVEVSVSGYKTSISTITIEDNGRCTKSIPPICFPDGRP,0
SRWPSPGRPRPFPGRPKPIFRPRPCNCYAPPCPCDRW,1
SPAGCRFCCGCCPNMRGCGVCCRF,1
QARPPHPPIPP,0
MLLLRITMLEGRSTEQKAELARALSAAAAAAFDVPLAEVRLIIQEVPPTHWTVGGISMAELRQQASTSTQGQ,0
DWECLPLHSSCDNDCVCCKNHHCHCPYSNVSKLEKWLPEWAKIPDALKRCSCQRNDKDGKINTCDKYKN,0
MPQKYRLLSLIVICFTLLFFTWMIRDSLCELHIKQESYELAAFLACKLKE,0
ILGIITSLLKSLGKK,1
KRFGRLAKSFLRMRILLPRRKILLAS,1
MSHTIRDKQKLKARASKIQGQVVALKKMLDEPHECAAVLQQIAAIRGAVNGLMREVIKGHLTEHIVHQGDELKREEDLDVVLKVLDSYIK,0
SRSGRGSGKGGRGGSRGSSGSRGSKGPSGSRGSSGSRGSKGSRGGRSGRGSTIAGNGNRNNGGTRTA,1
LYENKPRRPYIL,1
MLLPATMSDKPDMAEIEKFDKSKLKKTETQEKNPLPSKETIEQEKQAGES,0
FFPIVGKRLYGLL,1
SILPTIVSFLSKFL,1
MDQFLVQIFAVIHQIPKGKVSTYGEIAKMAGYPGYARHVGKALGNLPEGSKLPWFRVINSQGKISLKGRDLDRQKQKLEAEGIEVSEIGKIALRKYKWQP,0
KQQLATEAESAGPIL,1
STPACAIGVVGITVAVTGISTACTSRCINK,1
MAATQEEIIAGLAEIIEEVTGIEPSEVTPEKSFVDDLDIDSLSMVEIAVQTEDKYGVKIPDEDLAGLRTVGDVVAYIQKLEEENPEAAAALREKFAADQ,0
GLWSKIKEVGKEAAKAAAKAAGKAALGAVSEAV,1
KDLHTVVSAILQAL,1
FPPPGESAVDMSFFYALSNP,1
MKCFAQIVVLLLVIAFSHGAVITGVCDRDAQCGSGTCCAASAFSRNIRFCVPLGNNGEECHPASHKVPYNGKRLSSLCPCNTGLTCSKSGEKFQCS,0
MLVVIMFFIAFAFCSWLSYSYLRPYISTKELNKSR,0
QAVFFTYPVPAAKDAPTLKTVTGQDIPTAVHIPNTPQFVYTYPFNPVTPYTIPFNYHGFPFVRAPLRPQSEVTPAAEEGNAVVET,0
KSCCPNTTGRNIYNTCRFGGGSREVCARISGCKIISASTCPSDYPK,1
MESRLLDILVCPVCKGRLEFQRAQAELVCNADRLAFPVRDGVPIMLEAEARSLDAEAPAQPS,0
GCTPEYCSMWCKVKVSQNYCVKNCKCPGR,0
MTQSVLLPPGPFTRRQAQAVTTTYSNITLEDDQGSHFRLVVRDTEGRMVWRAWNFEPDAGEGLNRYIRTSGIRTDTATR,0
MKTYQEFIAEARVGAGKLEAAVNKKAHSFHDLPDKDRKKLVSLYIDRERILALPGANEGKQAKPLNAVEKKIDNFASKFGMSMDDLQQAAIEAAKAIKDK,0
MAPLHHILVLCVGFLTTATAEAPQEHDPFTYDYQSLRIGGLIIAGILFILGILIVLSRRCRCKFNQQQRTGEPDEEEGTFRSSIRRLSTRRR,0
MEIMDEIKVNLQKEVSLEEAERYAKNIASKYGDGILLSVHDSKTGYRAPEVYCCGEKPWEVYACNRGANLKISVNQFEFYFRIEVEGQAKY,0
MKKVIMALGVLAFANALMATDVKALAKSCAACHGVKFEKKALGKSKIVNMMSEAEIEKDLMDFKSGANKNPIMSAQAKKLSDEDIKALAKYIPTLK,0
MANIKSQIKRIRTNERRRLRNQSVKSSLRTAIRGFREAVDAGDKDKASELLHATSRKLDKAASKGVIHPNQAANKKSALALALNKL,0
GSKKPVPIIYCNRRTGKCQRM,1
GIFPKIIGKGIKTGIVNGIKSLVKGVGMKVFKAGLNNIGNTGCNEDEC,1
MRALLARLLLCVLVVSDSKGLVSTIESRTSGDGADNFDVVSCNKNCTSGQNECPEGCFCGLLGQNKKGHCYKIIGNLSGEPPVVRR,0
FVQWFSKFLGRIL,1
VNWKKILGKIIKVAK,1
AKKVFKRLEKLFSKIQNDK,1
GLFGVLGSIAKHVLPHVVPVIAEK,1
MSTSTSCPIPGGRDQLPDCYSTTPGGTLYATTPGGTRIIYDRKFLLECKNSPIARTPPCCLPQIPGVTTPPTAPLSKLEELKEQETEEEIPDDAQFEMDI,0
GLLSVLGSVAKHVLPHVVPVIAEHL,1
WLGSALKIGAKLLPSVVGLFQKKKK,1
GETFDKLKEKLKTFYQKLVEKAEDLKGDLKAKLS,1
ALWKNMLKGIGKLAGQAALGAVKTLVGAE,1
AFTCHCRRSCYSTEYSYGTCTVMGINHRFCCL,1
SLGPAIKATRQVCPKATRFVTVSCKKSDCQ,1
MLLLSAVKTLLLAWLGIVLVFMSIIKSAMLDFLQEAGKLEGIETYKKEAQTSFMAPSWALGHLMGRK,0
TPGGIDFISGGPHVAQDVLNAIKNFFK,1
GKVWDWIKSTAKKLWNSEPVKELKNTALNAAKNLVAEKIGATPS,1
AEDGDAKTDQAEKAEGAGDAK,0
MNKSPIEEEFDLRKQHQKLLKKNCQKEIEDFVKCATGRTFSVTWKCRSENKTMKDCLTKAADEISEWQIRSEYNKAKQESFIGKQDEKK,0
FGFLPIYRRPAS,0
MKTHVKKDLDKGWHMLIQEARSIGLGIHDVRQFLESETASRKKNHKKTVRQD,0
GIFPKIIGKGIVNGIKSLAKGVGMKVFKAGLNNIGNTGCNNRDEC,1
GIPCGESCVFIPCISSVIGCSCSSKVCYRN,1
FLSIIAKVLGSLF,1
MCIGVPGQIRTIDGNQAKVDVCGIQRDVDLTLVGSCDENGQPRVGQWVLVHVGFAMSVINEAEARDTLDALQNMFDVEPDVGALLYGEEK,0
MISVCFVFPHSLALDFKSRCKKNRTKLCSAYYVSQVLRICKEMPYRDLILFSTVRKGVYMRLYY,0
EFTNVSCTTSKECWSVCQRLHNTSRGKCMNKKCRCYS,1
MALIMTQQNNPLHGITLQKLLTELVEHYGWEELSYMVNINCFKKDPSIKSSLKFLRKTDWARERVENIYLKLQRHKERNQ,0
MGNDSVKDKMKGGFNKAKGEVKDKVGDMADRTDMQAEGKKDKAKGEIQKDIGKAKDKFSDKD,0
MNATIREILAKFGQLPTPVDTIADEADLYAAGLSSFASVQLMLGIEEAFDIEFPDNLLNRKSFASIKAIEDTVKLILDGKEAA,0
PNWTKIGKCAGSIAWAIGSGLFGGAKLIKIKKYIAELGGLQKAAKLLVGATTWEEKLHAGGYALINLAAELTGVAGIQANCF,1
MKILEKALLENDSAAEEESRNLRTKRCARKRAWCEKTENCCCPMKCIYAWYNGQSSCDHTISTIWTSCPK,0
AITAICDAGDYALVPQPGFPHYETVCKAYDFYNCRPENDWEADLYLYNHIGECIGLAPT,0
SWLSKTAKKLENSAKKRISEGIAIAIQGGPR,1
MEISLKPIIFLVVFIIVGIALFGPINSVVNNVTTSGTYTTIVSGTVTTSSFVSNPQYVGSNNATIVALVPLFYILVLIIVPAVVAYKLYKEE,0
MPGKKARKNAQPSPARAPAELEVECATQLRRFGDKLNFRQKLLNLISKLFCSGT,0
MATSTSTNPNTLLPLELIDKCIGSKIWVIMKNDKEIVGTLTGFDDYVNMVLEDVVEYENTADGKRMTKLDTILLNGNHITMLVPGGEGPEI,0
EDCIAVGQLCVFWNIGRPCCSGLCVFACTVKLP,0
SADEQKLRERFEALDKDKSGTLSVDELYEGVHAVHPKVSRNDIVKIIEKVDTNKDGQVSWQEFIEAFKRLADLKL,0
MILIQNAEFELVHNFKDGFNEEAFKARYSDILNKYDYIVGDWGYGQLRLKGFFDDQNQKATFETKISTLDEYIYEYCNFGCAYFVLKRIRK,0
MPKLAVVLLVLLILPLSYFDAAGGQAVQGDWRGNRLARDLQRGGRDDESECIINTRDSPWGRCCRTRMCGSMCCPRNGCTCVYHWRRGHGRSCPG,0
MIILSNKPNIRGIKNVVEDIKYRNQLIGRDGRLFAGLIATRISGIAIGFLLAVLLVGVPAMMSILGVI,0
MRFYIGLMAALMLTSILRTDSASVDQTGAEGGLALIERVIRQRDAADVKPVARTNEGPGRDPAPCCQHPIETCCRR,0
MLVAYICHVKRLQIYIDEDVDRALAVEARRRRTSKAALIREYVAEHLRQPGPDPVDAFVGSFVGEADLSASVDDVVYGKHE,0
MSVDLKQQLELADYLGALAVWCIFFGVLFILSVIFNFVCIKKDDDVTALERWGYKKNIDMKLGPHRRSMVARQIPQTVVADH,0
MSALTVDDLKKLLAETAGEDDSVDLAGELDTPFVDLGYDSLALLETAAVLQQRYGIALTDETVGRLGTPRELLDEVNTTPATA,0
MKFLAVLVLLGVSIFLVSAQNPTTAAPADTYPATGPADDEAPDAETTAAATTATTAAPTTATTAASTTARKDIPVLPKWVGDLPNGRVCP,0
GLPTCGETCTLGTCYVPDCSCSWPICMKN,1
RTCMIKKEGWGKCLIDTTCAHSCKNRGYIGGNCKGMTRTCYCLVNC,1
MPLKPEEHEDILNKLLDPELAQSERTEALQQLRVNYGSFVSEYNDLTKSHEKLAAEKDDLIVSNSKLFRQIGLTDKQEEDHKKADISETITIEDLEAK,0
MGSMILDITGNSMSAIVKVVSNIIRPLVLKNFII,0
GLPVCGETCVGGTCNTPGCACSWPVCTRN,1
SIVPIRCRSNRDCRRFCGFRGGRCTYARQCLCGY,1
AAPRGGKGFFCKLFKDC,1
MSGHTSVSFLLLSIVALGMVATVICSCDSEFSSEFCERPEESCSCSTHTCCHWARRDQCMKPQRCISAQKGNGRRRLIHMQK,0
GEDEYAEGIREYQLIHGKI,0
AAKPMGITCDLLSLWKVGHAACAAHCLVLGDVGGYCTKEGLCVCKE,1
MMASTSNDEEKLISTTDKYFIEQRNIVLQEINETMNSILNGLNGLNISLESSIAVGREFQSVSDLWKTLYDGLESLSDEAPIDEQPTLSQSKTK,0
APPPGYAMESDSFS,1
DDMTMKPTPPPQYPLNLQGGGGGGSGDGFGFAVQGHQKVWTSDNGRHEIGLNGGYGQHLGGPYGNSEPSWKVGSTYTYRFPNF,1
MLNVSMITKWFTESTCKSLLTNTDTMLPNHRKLNQELRNWKNCPFWSHLNKTKPLISNSLNVINCLHQLSNCKTFPLVMMKTTYY,0
KRDPDWRREQQRREQQRRRREQQQQRRERQQRGERD,0
MSGRRSRSRQSSGTSRISEDQINDLIIKLQQLLPELRDSRRSDKVSAARVLQDTCNYIRNLHREVDDLSERLSELLANSDTAQAALIRSLLTQ,0
CLGVGSCNDFAGCGYAVVCFW,1
DVSGTVCLSALPPEATDTLNLIASDGPFPYSQDGVVFQNRESVLPTQSYGYYHEYTVITPGARTRGTRRIITGEATQEDYYTGDHYATFSLIDQTC,0
GKNGVFKTISHECHLNTWAFLATCCS,1
KTCMTKKEGWGRCLIDTTCAHSCRKYGYMGGKCQGITRRCYCLLNC,1
MAIRRLVLDVLKPIRGTSIVDLAERISKLDGVEGVNISVTDMDVETMGLMIIIEGTSLNFDDIRKMLEEEGCAIHSIDEVVSGNRIIEGKIKDDL,0
VNWKKILGKIIKVVK,1
EGGGNRGDPSGVC,0
ANDTEDIGKGSDIEIIKRTEDKTSNKWGVTQNIQFDFVKDRNYTVHEIKVKGQN,0
MKFLVNVALVFYGRVHFLHLCVHFLHLWAPEPEPAPEAEAEADAEADPEAGIGAVLKVLTTGLPALISWIKRKRQQG,0
METPLDLLKLNLDERVYIKLRGARTLVGTLQAFDSHCNIVLSDAVETIYQLNNEELSESERRCEMVFIRGDTVTLISTPSEDDDGAVEI,0
MRSSSKKKIDISNHELVPKHEILQLEEAYKLVKELGIKPEQLPWIRASDPVAKSIGAKPGDIIKITRKSPFTGESVTYRYVITG,0
FLPIIAGVAAKVLPKIFCAISKKC,1
DEVDPDGKVLNSLIDTLMHLQKEFANLKYAFLTVHKARSFGSGSERLYVTNKEIKNFEPLGDI,0
MKKTLMLLAMVVALVILPFFINHGGEYGGSDGEAESQIQAIAPQYKPWFQPLYEPASGEIESLLFTLQGSLGAAVIFYILGYCKGKQRRDDRA,0
NPKVAHCASQIGRSTAWGAVSGA,1
MSEHNFTDNLRWTSEAKTKLKNIPFFARSQAKARIEQLARQAEQDIVTPELVEQARLEFGQ,0
MSQHLVPEAKNGLSKFKNEVANEMGVPFSDYNGDLSSRQCGSVGGEMVKRMVEKYEQSMK,0
GETDPNTQLLNDLGNNMAWGAALGAPGGLGSAALGAAGGALQTVGQGLIDHGPVNVFIPVLIGPSWNGSGSGYNSATSSSGSGS,1
MQPAARLLSRSVWKGPNIVPLPIREAMTKGTPIRTNARAATILPQFVGLKFQIHNGKEYVPIEISEDMVGHKLGEFAPTRKRFSYTQTKNK,0
MKLAKKDWFFIVLIVVVVGVFWAISGEVRTKKVPLDTNHKRFYDAFAQGAGKLDLDRQCVECHHEKPGGIPFPKNHPVKPADGPMRCLFCHKFK,0
GSPYEPSLKDSFADSLTGKDQIQPEAFLTSGADLRNNLIDLLRPVEVYTTEDSDEEW,0
QQDYGTGWFDF,0
FLPAIVGAAAKFLPKIFCAISKKC,1
MTSLLTTPSPREELMTTPILQPTEALSPEDGASTALIAVVITVVFLTLLSVVILIFFYLYKNKGSYVTYEPTEGEPSAIVQMESDLAKGSEKEEYFI,0
GRRKRKWLRRIGKGVKIIGGAALDHL,1
GVNMYIRQIYDTCWKLKGHCRNVCGKKEIFHIFCGTQFLCCIERKEMPVLFVK,1
GILKKFMLHRGTKVYKMRTLSKRSH,1
GLADFLNKAVGKVVDFVKS,1
MPSQMEHAMETMMFTFHKFAGDKGYLTKEDLRVLMEKEFPGFLENQKDPLAVDKIMKDLDQCRDGKVGFQSFFSLIAGLTIACNDYFVVHMKQKGK,0
MRTFTLIAILTCAVLVIFHVSAAEELEAQDVIQPEDIFTGVATLEEDRIFECSFSCDIKKNGKPCKGAGEKKCSGGWRCKMNFCVKF,0
MRIAKIGVIALFLFMALGGIGGVMLAGYTFILRAG,0
AGRGKQGGKVRAKAKTRSSRAGLQFPVGRVHRLLRKGNY,1
MGFTDETVRFKLDDGDKRQISETLTAVYHSLDEKGYNPINQIVGYVLSGDPAYVPRYNDARNQIRKYERDEIVEELVRYYLQGNGIDVK,0
MIPAVVLLLLLLVEQAAALGEPQLCYILDAILFLYGIVLTLLYCRLKIQVRKAAITSYEKSDGVYTGLSTRNQETYETLKHEKPPQ,0
QRFIHPTYRPPPQPRRPVIMRA,1
MQSMICSSEHENLTCKYWPVSFLASWCENGSGTLMQKDGSLLYAVKNFSHIFEKKIFHTNL,0
MNDTYQPINCDDYDNLELACQHHLMLTLELKDGEKLQAKASDLVSRKNVEYLVVEAAGETRELRLDKITSFSHPEIGTVVVSES,0
MKYFVVFCVLIIAVAAFTSAAEDGEVFEENPLEFPKTIQKRCISARYPCSNSKDCCSGNCGTFWTCYIRKDPCSKECLAP,0
MVTVYSKNNCMQCKMVKKWLSEHEIAFNEINIDEQPEFVEKVIEMGFRAAPVITKDDFAFSGFRPSELAKLA,0
KPAWCWYTLAMCGAGYDSGTCDYMYSHCFGVKHSSGGGGSYHC,1
GWFDVVKHIASAV,1
GDVNWVDVGKTVATNGAGVIGGAFGAGLCGPVCAGAFAVGSSAAVAALYDAAGNSNSAKQKPEGLPPEAWNYAEGRMCNWSPNNLSDVCL,1
MSLVSDEEWVEYKSKFDKNYEAEEDLMRRRIYAESKARIEEHNRKFEKGEVTWKMGINHLADLTPEEFAQRCGKKVPPN,0
KRGPNCVGNFLGGLFAGAAAGVPLGPAGIVGGANLGMVGGALTCL,1
NKLAYNMGHYAGKATIFGLAAWALLA,1
ACDTATCVTHRLAGLLSRSGGVVKNNFVPTNVGSKAF,1
KYYGNGLSCNKSGCSVDWSKAISIIGNNAVANLTTGGAAGWKS,1
MMKIQIYGTGCANCQMLEKNAREAVKELGIDAEFEKIKEMDQILEAGLTALPGLAVDGELKIMGRVASKEEIKKILS,0
GWASKIGQTLGKIAKVGLKELIQPK,1
MAQKFTILFTILLVVIAAQDVMAQDATLTKLFQQYDPVCHKPCSTQDDCSGGTFCQACWRFAGTCGPYVGRAMAIGV,0
FGLPMLSILPKALCILLKRKC,1
SHQDCYEALHKCMASHSKPFSCSMKFHMCLQQQ,1
ACNFQSCWATCQAQHSIYFRRAFCDRSQCKCVFVRG,1
GIPCGESCVFIPCITAAIGCSCKSKVCYRN,1
MAYLKIVLVALMLVLAVSAMRRPDQQDQDISVAKRVACKCDDDGPDVRSATFTGTVDLGSCNSGWEKCASYYTVIADCCRKPRG,0
FISAIASMLGKFL,1
FTLKKSQLLLFFLGTINFSLCEEERNAEEERRDYPEEKDVEVEKR,1
MGKKSKATKKRLAKLDNQNSRVPAWVMLKTDREVQRNHKRRHWRRNDTDE,0
MSEVASRELRNDTAGVLRRVRAGEDVTITVSGRPVAVLTPVRPRRRRWLSKTEFLSRLRGAQADPGLRNDLAVLAGDTTEDLGPIR,0
MVKVKSKNSVIKLLSTAASGYSRYISIKKGAPLVTQVRYDPVVKRHVLFKEAKKRKVAERKPLDFLRTAK,0
GIKCRFCCGCCTPGICGVCCRF,1
IFGAIAGLLKNIF,1
TDIRTGLTDEECQEIHEMNMLGMHAYWSIGLIANALAYAWRPFHQGRAGNRLEDHAPDYVRSALT,0
MTQHKSSMVYIPTTKEAKRRNGKSEGILNTIEEVVEKLYWTYYIHLPFYLMASFDSFFLHVFFLTIFSLSFFGILKYCFL,0
ASEPTALGLPRIFPGLM,0
VIPFVASVAAEMMHHVYCAASKRC,1
ECELAKVDGGYTPKNCAMAVGGGMLSGAIRGGMSGTVFGVGTGNLAGAFAGAHIGLVAGGLACIGGYLGSH,1
TSYGNGVHCNKSKCWIDVSELETYKAGTVSNPKDILW,1
MGRMHGTLAKAGKVRKQTPKVEKKDKPRKTPKGRSYKRILYNRRYAPHILATDPKKRKSPNWHAGKKEKMDAAANPVKKD,0
MADVTGIALGMIETRGLVPAIEAADAMTKAAEVRLVGRQFVGGGYVTVLVRGETGAVNAAVRAGADACERVGDGLVAAHIIARVHSEVENILPKAPQA,0
VGALAVVVWLWLWLW,1
MHTTLFFSNRTQAVRLPKSISFPEDVKHVEIIAVGRSRIITPVGESWDSWFDGEGASTDFMSTREQPAVQEREGF,0
FGESCIAGRFIVPLGQQVTDQRDCALYKCVNYNKKFALETKRCATVNLKSGCKTVPGGAGAAFPSCCPMVTCK,0
RRRPRPPYLPRPRPPPFFPPRLPPRIPPGFPPRFPPRFP,1
FVPYNPPRPYQSKPFPSFPGHGPFNPKIQWPYPLPNPGH,1
HNKQEGRDHDKSKGHFHRVVIHHKGGKAH,1
GWKKWLRKGAKHLGQAAIKGLAS,1
MQPQESHVHYSRWEDGSRDGVSLGAVSSTEEASRCRRISQRLCTGKLGIAMKVLGGVALFWIIFILGYLTGYYVHKCK,0
IDWKKVDWKKVSKKTCKVMLKACKFLG,1
MATMENKVICALVLVSMLALGTLAEAQTETCTVAPRERQNCGFPGVTPSQCANKGCCFDDTVRGVPWCFYPNTIDVPPEEECEF,0
MSNPPTPLLADYEWSGYLTGIGRAFDDGVKDLNKQLQDAQANLTKNPSDPTALANYQMIMSEYNLYRNAQSSAVKSMKDIDSSIVSNFR,0
FLPLLASLFSRLL,1
MDPEPTPLPRWRIFLFR,0
AHMDCTEFNPLCRCNKMLGDLICAVIGDAKEEHRNMCALCCEHPGGFEYSNGPCE,0
MKQSEFRRWLESQGVDVANGSNHLKLRFHGRRSVMPRHPCDEIKEPLRKAILKQLGLS,0
GFFKKAWRKVKHAGRRVLDTAKGVGRHYVNNWLNRYR,1
GLLGTLGNLLNGLGL,1
MADYNIPHFQNDLGYKIIEIGVKEFMCVGATQPFDHPHIFIDMGSTDEKICPYCSTLYRYDPSLSYNQTNPTGCLYNPK,0
QIINNPITCMTNGAICWGPCPTAFRQIGNCGHFKVRCCKIR,1
KPENENEEALHE,0
AEVNPPEAFNQDVDTYLKIFRNGRYPLDKMAVICSQTGFKLDK,0
KSSAYSLQMGATAIKQVKKLFKKWGW,1
NFLGTLVNLAKKIL,1
VTSYTLNEVVPLKDVVPEWVRIGFSATTGAEFAAHEVLSWSFHSELGGTSASKQS,0
GLKDKFKSMGEKLKQYIQTWKAKF,1
GICACRRRFCPNSERFSGYCRVNGARYVRCCSRR,1
MAMTVKKDNNEVRIQWRVADIKIPTSEIKNITQDQDIHAVPKLDSKDVSRIGSTFGKTNRVIIDTEDHEYIIYTQNDQKVYNELTK,0
GVIPCGESCVFIPCISSVLGCSCKNKVCYRD,1
MAEVKVKLFANLREAAGTPELPLSGEKVIDVLLSLTDKYPALKYVIFEKGDEKSEILILCGSINILINGNNIRHLEGLETLLKDSDEIGILPPVSGG,0
ECADVYKECWYPEKPCCKDRACQCSLGMNCKCKATLGDIF,0
FLFPLITSFLSKVL,1
MSGMEWFPLLGLANRARKVVSGEDLVIKEIRNARAKLVLLTEDASSNTAKKVTDKCNYYKVPYKKVESRAVLGRSIGKEARVVVAVTDQGFANKLISLLD,0
GLWNSIKIAGKKLFVNVLDKIRCKVAGGCKTSPDVE,1
GIFSSRKCKTPSKTFKGICTRDSNCDTSCRYEGYPAGDCKGIRRRCMCSKPC,1
FLPGVLRLVTKVGPAVVCAITRNC,1
GLGSVFGRLARILGRVIPKVAKKLGPKVAKVLPKVMKEAIPMAVEMAKSQEEQQPQ,1
MIKVLFFAQVRELVGTDATEVAADFPTVEALRQHMAAQSDRWALALEDGKLLAAVNQTLVSFDHPLTDGDEVAFFPPVTGG,0
GGAPATSANAAGAAAIVGALAGIPGGPLGVVVGAVSAGLTTGIGSTVGSGSASSSAGGGS,1
FLPFLAKILTGVL,1
GLLDFVTGVGKDIFAQLIKQI,1
MSDGKKTKTTVDIYGQHFTIVGEESRAHMRYVAGIVDDKMREINEKNPYLDINKLAVLTAVNVVHDYVKLQEKCEKLERQLKEKD,0
MATVKVTLVKSLNGRLANHKACVKGLGLRRINHTVEVQDTPENRGMINKAYYLLRVEG,0
DEGGTQYTPRL,0
MTLAYYGQPVKMCHILPPLRSLPVLVGKKKLKKKKSQTTNNHVIFLFTLFIKLLKTHNRMSL,0
APPGARPPPGPPPPGPPPPGP,1
GFFGKMKEYFKKFGASFKRRFANLKKRL,1
ISDFDEYEPLNDADNNEVLDF,0
GSIPCGESCVFIPCISAVIGCSCSNKVCYKN,1
MVAKQRIRMANEKHSKNITQRGNVAKTSRNAPEEKASVGPWLLALFIFVVCGSAIFQIIQSIRMGM,0
MEVLNKQNVNIIPESEEVGGWVACVGACGTVCLASGGVGTEFAAASYFL,0
METPVVQPRDWTCWSCLVCAACSVELLNLVTAATGASTAS,0
EGPVGLADPDGPASAPLGAP,1
KIGAKIKIGAKIKIGAKI,1
MGNKQAKAPESKDSPRASLIPDATHLGPQFCKSCWFENKGLVECNNHYLCLNCLTLLLSVSNRCPICKMPLPTKLRPSAAPTAPPTGAADSIRPPPYSP,0
MVGEMPALKDLVLQLEPSVLDLDLYCYEEVPPDDIEEELVSPQQPYAVVASCAYCEKLVRLTVLADHSAIRQLEELLLRSLNIVCPLCTLQRQ,0
ILGLLKGISALLS,0
MKFALFSVLVVLLIATFVAADECPRICTADYRPVCGTPSGGRRSANRTFGNQCSLNAHNCLNKGDTYDKLHDGECK,0
IPAMEPAARVKRSPGYGGCSPRWACGGYG,1
DHYNCVSSGGQCLYSACPIFTKIQGTCYRGKAKCCK,1
YRQSMNNFQGLRSFGCRFGTCTVQKLAHQIYQFTDKDKDNVAPRSKISPQGY,1
MGLCFPCPAESAPPSPSPEEKRAKLAEAAERRQKEAASRGILDIQSVEAKKKKKEQLEKQMETSGPPAGGLRWTVS,0
FLSHIAGFLSNLF,1
MSSLSTSDLASLDDTSKKEIATFLEGENSKQKVQMSIHQFTNICFKKCVESVNDSNLSSQEEQCLSNCVNRFLDTNIRIVNGLQNTR,0
AALKGCWTKSIPPKPCFGKR,1
GLLDLAKHVIGIASKL,1
GCFEDWSRCSPSTSRGTGVLWRDCDSYCKVCFKADRGECFDSPSLNCPQRLPNNKQCRCINARTAKDNRNPTCWA,1
TTLTLHNLCPYPVWWLVTPNNGGFPIIDNTPVVLG,1
CSCRTSSCRFGERLSGACRLNGRIYRLCC,1
QYRHRCCAWGPGRKYCKRWC,1
MKLSEVRKQLEEARKLSPVELEKLVREKKRELMELRFQASIGQLSQNHKIRDLKRQIARLLTVLNEKRRQNA,0
FELDRICGYGTARCRKKCRSQEYRIGRCPNTYACCLRKWDESLLNRTKP,1
GLFSVLGAVAKHVLPHVVPVIAEK,1
NEMGGPLVVEARTCESQSHKFKGTCLSDTNCANVCHSERFSGGKCRGFRRRCFCTTHC,1
FLPVLAGIAAKVVPALFCKITKKC,1
MNVGDRVRVTSSVVVYHHPEHKKTAFDLQGMEGEVAAVLTEWQGRPISANLPVLVKFEQRFKAHFRPDEVTLIED,0
RGGRLCYCRPRFCVCVGR,1
GPMGWVPVFYRF,0
SISCGESCAMISFCFTEVIGCSCKNKVCYLN,1
MSSTNETNQVLQRLNSLKIVETPKEQHEFGKRECYSLDSKKYSLVPATPSSSGHGKFQTELKKRRKNKLNRMYTYEADKNFIKARKSLNF,0
NLVSGLIEARKYLEQLHRKLKNCKV,1
MNFKWSRRSLRVSVLTFSPRPSCHHITGCHWRVAVNVLRCYIRISAVQASKPVQCIRATGSGGACLSVCPAGEL,0
ILGKIWEGIKSLF,1
KWKIFKKIEKVGRNIRNGIIKAGPAVAVLGEAKAL,1
FRGLAKLLKIGLKSFARVLKKVLPKAAKAGKALAKSMADENAIRQQNQ,1
DDTPSSRCGSGGWGPCLPIVDLLCIVHVTVGCSGGFGCCRIG,1
MKYVALAFVLSLVILQISAQGGGLTSLLLQKEYMPDSWFDYKLAQMILGGPTGRKSRTQSGRNQRKSNSDSWLWLALAN,0
MAVYRCGKCWKTFTDEQLKVLPGVRCPYCGYKIIFMVRKPTIKIVKAI,0
MMGLSLASAVLLASLLSLHLGTATRGSDISKTCCFQYSHKPLPWTWVRSYEFTSNSCSQRAVIFTTKRGKKVCTHPRKKWVQKYISLLKTPKQL,0
QNNICKTTSKHFKGLCFADSKCRKVCIQEDKFEDGHCSKLQRKCLCTKNC,1
MQKKEKIIENLEKAGNTFHLIIKCNTIARILKNLSTYAILLNSNILEEHVDLLLIYLSTQRMWKLNNLKKTLQYKGSKKK,0
LKIPGFVKDTLKKVAKGIFSAVAGAMTPS,1
DDDDDD,1
ANKCIIDCMKVKTTCGDECKGAGFKTGGCALPPDIMKCCHNC,1
QRFSQPTFKLPQGRLTLSRKF,1
MPHNEYYNDDGELDRETCPRCGDTVLAEHEDRQHCGKCGYTEWK,0
MKVLFAKTFVKDLKHVPGHIRKRIKLIIEECQNSNSLNDLKLDIKKIKGYHNYYRIRVGNYRIGIEVNGDTIIFRRVLHRKSIYDYFP,0
MKFATFAFTLCVVISLSVLVLADEEEKDFLMNLIQPLKESEERQFCGTNGKPCVNGQCCGALRCVVTYHYADGVCLKMNP,0
IIEKLVNTALGLLSGL,1
CLAGRLDKQCTCRRSQPSRRSGHEVGRPSPHCGPSRQCGCHMD,1
VFQFLGRIIHHVGNFVHGFSHVF,1
FKCRRWQWRMKKLGAPSITCVRRAF,1
FIGPIISALASLFG,1
QERRAMGFVGMR,0
MIRLTIEETNLLSIYNEGGKRGLMENINAALPFMDEDMRELAKRTLAKIAPLTENEYAELAIFAADEV,0
MIKVTKDLVLHLENLARLELSEDQRESLMKDFQEILDYVELLNEVDVEGVEPMYTPVEDSAKLRKGDPRFFEMRDLIKKNFPEEKDGHIKVPGIHR,0
YDLSKNCRLRGGICYIGKCPRRFFRSGSCSRGNVCCLRFG,1
GLVDVLGKVGGLIKKLLPG,1
KRGLWESLKRKATKLGDDIRNTLRNFKIKFPVPRQG,1
ILGPVISTIGGVLGGLLKNL,1
MKLTLFILIVFVVLANVYAAGISERNIIGGRVIKLCGGGAQKCCDREPRCDPCRKCVQSFHSGVYMCSDKKSNCS,0
MKDPKTLLRVSIIGTTLVALCCFTPVLVILLGVVGLSALTGYLDYVLLPALAIFIGLTIYAIQRKRQADACCTPKFNGVKK,0
MIQRDIEYSGQYSKDVKLAQKRHKDMNKLKYLMTLLINNTLPLPAVYKDHPLQGSWKGYRDAHVEPDWILIYKLTDKLLRFERTGTHAALFG,0
VSGQAQLEQLASVAAGARYLKNKCNRSDLPADEAINRAAINVGKKRGWANIDANLLSQRSAQLYQQLQQDSTPEATKCSQFNRQLAPFIDSLR,0
MSILFLAIPLTIFVLFVAPIWLWLHYSNRQQSGAQLSHQDMQRLSQLTDDARRMRERIQALEEILDAEHPNWRQS,0
MRVSYNKLWKLLIDRDMKKGELREAVGVSKSTFAKLGKNENVSLTVLLAICEYLNCDFGDIIEALPETPDKERDS,0
GVLDAFRKIATVVKNVV,1
MSANQEEDKKPGDGGAHINLKVKGQDGNEVFFRIKRSTQLKKLMNAYCDRQSVDMNSIAFLFDGRRLRAEQTPDELDMEDGDEIDAMLHQTGGSGGGATA,0
VAGALGVQTAAATTIVNVILNAGTLVTVLGIIASIASGGAGTLMTIGWATFKATVQKLAKQSMARAIAY,1
MVCVPCIIIPLLLYIWHKFVQPILLRYWNPWEKKDDDGNVIKKGPDFPFECKGGVCPFVPGGKKTENVSDDDAEESENPPLNATAMAAETEVDESKKEI,0
VSCGDVTSSIAPCLSYVMGRESSPSSSCCSGVRTLNGKASSSADRRTACSCLKNMASSFRNLNMGNAASIPSKCGVSVAFPISTSVDCSKIN,1
RLLDDTPEVKVLGAVADAIETPKAEPCIDLDVAGEATFAREDDLPDYVLYAEVTFHEICRDGGSESEGKNGSQMRLIADVGPESATVAK,0
QPFIPRPIDTCRLRNGICFPGICRRPYYWIGTCNNGIGSCCARGWRS,1
MQYAIAGWPVAGCPSESLLERITRKLRDGWKRLIDILNQPGVPKNGSNTYGYPD,0
MAVFKVFYQHNRDEVIVRENTQSLYVEAQTEEQVRRYLKDRNFNIEFITKLEGAHLDYEKENSEHFNVEIAK,0
MNKMQGKKKKKEEEEEEERIIPPELWKLIIEQYKRQLAKTDVMKVSETVKLHEEKIKEKVPTDHIIHAQKPNAWVEETKKSGGCLLV,0
EASSSSDDNVCCNGCLCDRRAPPYFECVCVDTFDHCPASCNSCVCTRSNPPQCRCTDKTQGRCPVTECRS,0
GEPEVAKWAEGLREKAASN,0
PSCVCSGFETSGIHFC,1
NALSMPRNKCNRALMCFG,1
MAEPGIDKLFGMVDSKYRLTVVVAKRAQQLLRHRFKNTVLEPEERPKMRTLEGLYDDPNAVTWAMKELLTGRLFFGENLVPEDRLQKEMERLYPTEEEA,0
RPKCCCVCGVVGRKCCSTWDKCHPVHLPCPSS,0
SLWETIKNAGKGFILNILDKIRCKVAGGCKT,1
MAVETLYRSTRDLETTFVDRKLADAHDQMLELAELLTDVLIKNVPGLSEKHAEDASIYMAKNRAVFAAAFKNNATALSELSEPAESEG,0
MDEILKQYMVLYKKMSNMINGPDYPGKEKDIQHQKDQIEVYEKQLQQGFSTDYDYDVFADSVIKCAYGDMTLEDLEAVYYGLTTPFF,0
MVIIKLNANKNMPVLAVEKPQEIHKEELSDHHQSNGFTSLDLEMIELENFVLHCPLPEENLAG,0
GLLSRLRDFLSDRGRRLGEKIERIGQKIKDLSEFFQS,1
MSGREGGKKKPLKQPKKQAKEMDEEDKAFKQKQKEEQKKLEELKAKAAGKGPLATGGIKKSGKK,0
GIINTLQKYYCRVRGGRCAVLSCLPKEEQIGKCSTRGRKCCRRKK,1
GLFSKFAGKGIVNFLIEGVE,1
GVPCGESCVFIPCITGVIGCSCSSNVCYLN,1
MAGMMKKQVVTALMLALVVLAAAPGGARAACQASQLAVCASAILSGAKPSGECCGNLRAQQGCFCQYAKDPTYGQYIRSPHARDTLTSCGLAVPHC,0
KIPCGESCVWIPCLTSVFNCKCENKVCYHD,1
MPAIVGPIAINSISGGVVNFGDSFYLSPKSSSKSALGSGAGNTGDFLLLNNAVNATNYIDPDVNDQDMVGNG,0
MSNQTCVENEVCEACGCAGEIGFIIREGDDVAEVSLFGSDKAHLEGKLAEYISLAKQVYANVEYEVAPVADNATELHARFKFEVSAEKLIFELKTRALAR,0
MVENPMVINNWHDKLTETDVQIDFYGDEVTPVDDYVIDGGEIILRENLERYLREQLGFEFKNAQ,0
INWKKIASIGKEVLKAL,1
MVTVRYYATLRPITKKKEETFNGISKISELLERLKVEYGSEFTKQMYDGNNLFKNVIILVNGNNITSMKGLDTEIKDDDKIDLFPPVAGG,0
RARAPHKAWYNCMTDAGISGAIAGAVAGCAATIEIGCVEGAIAGIGPSGIASMIAALWTCRSKY,1
MEDLLGLLLSETGLLAIIYLGLSLAYLLVFPALLYWYLQKRWYVASSVERLVMYFLVFLFFPGLLVLSPVLNLRPRRQAA,0
FKCRRWQWRM,1
YSGKDCLKDMGGYALAGAGSGALWGAPAGGVGALPGAFVGAHVGAIAGGFACMGGMIGNKFN,1
DVQCGEGHFCHDQTCCRASQGGACCPYSQGVCCADQRHCCPVGF,1
GGGARSGDDVVAKYCNACHGTGLLNAPKVGDSAAWKTRADAKGGLDGLLAQSLSGLNAMPPKGTCADCSDDELKAAIGKMSGL,0
AAPLVAETDANAKSLGYVADTTKADKTKYPKHTKDQSCSTCALYQGKTAPQGACPLFAGKEVVAKGWCSAWAKKA,0
GLPVCGETCAGGTCNTPGCSCSWPICTRN,1
MEDKYILLSAVETFKSRLEELLMQSAKVQKQTMLRKELASSMNDMASTVQEALNKKKSS,0
VTCFCKRPVCDSGETQIGYCRLGNTFYRLCCRQ,1
AMVGT,1
RGLRRLGRKIAHGVKKYGPTVLRIIRIAG,1
LSCDEGMLAVGGLGAVGGPWGAAVGVLVGAALYCF,1
KSCCPNTTGRNIYNTCRLTGSSRETCAKLSGCKIISASTCPSNYPK,1
QDLPPLDPSAEQAQALNYVKDTAEAADHPAHQEGEQCDNCMFFQADSQGCQLFPQNSVEPAGWCQSWTAQN,0
GKLNLFLSRLEILKLFVGAL,1
MRIGIIFPVVIFITAVVFLAWFFIGGYAAPGA,0
RVKRFWPLVPVAINTVAAGINLYKAIRRK,1
GFWGKLFKLGLHGIGLLHLHL,1
MSLLTEVETPIRNEWGCRCNDSSDPLVIAANIIGILHLILWILDRLFFKCIYRRFKYGLKRGPSTEGVPESMREEYRKEQQNAVDVDDGHFVNIELE,0
MMLGNKRMGLCGLTLALSLLVCLGILAEGYPSKPDNPGEDAPAEDMARYYSALRHYINLITRQRYGKRSSPETLISDLLMRESTENAPRTRLEDPSMW,0
GIGGKILSGLKTALKGAAKELASTYLH,1
FFFLSRIF,1
GTNASMRKAFNYQEVSKTAGKNCANCAQFIPGASASAAGACKVIPGDSQIQPTGYCDAYIVKK,0
MLAKIKAMIKKFPNPYTLAAKLTTYEINWYKQQYGRYPWERPVA,1
FIGAILPAIAGLVHGLINR,0
GLFVGVLAKVAAHVVPAIAEHF,1
MAISKASIVVLMMVIISVVASAQSEAPAPSPTSGSSAISASFVSAGVAAVAALVFGSALRI,0
MKKLLAMTAVAALTMSVNVSAQDAEAIYNKACTVCHSMGVAGAPKSHNTADWEPRLAKGVDNLVKSVKTGLNAMPPGGMCTDCTDEDYKAAIEFMSKAK,0
KSCCRNTVARNCYNVCRIPGTPRPVCAATCDCKLITGTKCPPGYEK,1
AGEDVSHELEEKEKALANHSE,0
KSCCPNTTGRNIYNTCRLGGGSRERCASLSGCKIISASTCPSDYPK,1
PDITKLNIKKLTKATCKVISKGASMCKVLFDKKKQE,1
GLLDGLLGTLGL,0
GFGCPLNQGACHNHCRSIGRRGGYCAGIIKQTCTCYRK,1
MQPIQIAIVALVVAIIIAIVVWSIVIIEYRKILRQRKIDRLIDRLIERAEDSGNESEGEISALVEMGVEMGHHAPWDVDDL,0
MRAVTRNKIVNNLYFSTFLIAFASVAIGSVLPCPAHSVDSDSPAVQQHKLQLAHEQELKRKDALSKKI,0
MTVKTGIAIGLNKGKKVTSMTPAPKISYKKGAASNRTKFVRSLVREIAGLSPYERRLIDLIRNSGEKRARKVAKKRLGSFTRAKAKVEEMNNIIAASRRH,0
MIVRVCMGSSCHLKGSYEVVRRFQELQKKYNFKLYGSLCFGNCSQGVCVEIDGRLFSRVTPENAEEILKKVLQNG,0
INLLKIAKGIIKSL,1
MSWLNFLKYIAKYGKKAVSAAWKYKGKVLEWLNVGPTLEWVWQKLKKIAGL,1
MQYTPDTAWKITGFSREISPAYRQKLLSLGMLPGSSFNVVRVAPLGDPIHIETRRVSLVLRKKDLALLEVEAVSC,0
MGNLISTSCFNSKEKFRSQISDYSTWYPQPGQHISIRTFRELNPAPTSSPTSTRTETQLNGGNSRSTVEVLEEVNRQLTTHMPRR,0
MPKEITDIKKFMKLWQNNKDTPATAGAKKVVYVKTNKRITKFKLRGKKYLYTFKTADPKIAKGIKDAIPATYSKIEIKGKNTKKATKRS,0
FLPILINLIHKGLL,1
GGYYCPFFQDKCHRHCRSFGRKAGYCGGFLKKTCICV,1
MRQRGQEHLPTSVKSEPRACNNPTVAENRRVPSGLAAVIRNLTALWNPSLGVSERRGGDWEPSRIPRLWARVGWIQLPG,0
MYKVKVYVSLKESVLDPQGSAVQHALHSMTYNEVQDVRIGKYMELTIEKSDRDLDVLVKEMCEKLLANTVIEDYRYEVEEVVAQ,0
VVKCSYRLGSPDSQCN,1
MKLFLLLVISASMLIDGLVNADGYIRGSNGCKVSCLLGNEGCNKECRAYGASYGYCWTWKLACWCQGLPDDKTWKSESNTCGGKK,0
KECMTDGTVCYIHNHNDCCGSCLCSNGPIARPWEMMVGNCMCGPKA,0
MVDAITVLTAIGITVLMLLMVISGAALIVKELNPNDIFTMQSLKFNRAVTIFKYIGLFIYIPGTIILYATYVKSLLMKS,0
MAPPPACRSPMSPPPPPLLLLLLSLALLGARARAEPAGSAVPAQSRPCVDCHAFEFMQRALQDLRKTACSLDARTETLLLQAERRALCACWPAGH,0
EELRPEVLPDVSE,0
GIGASILSAGKSALKGLAKGLAEHFAN,1
GLPVCGETCVGGTCNTPGCSCSWPVCTRN,1
RDGYPLASNGCKFGCSGLGENNPTCNHVCEKKAGSDYGYCYAWTCYCEHVAEGTVLWGDSGTGPCRS,0
INMKASAAVAKKLL,1
IFGAILPLALGALKNLIK,1
MKMRSQLLIVLQEHLRNSGLTQFKAAELLGVTQPRVSDLMRGKIDLFSLESLIDMITSIGLKVEINIKDAA,0
RVRRFWPLVPVAINTVAAGINLYKAIRRK,1
KCWNLRGSCREKCIKNEKLYIFCTSGKLCCLKPKFQPNMLQR,1
SMWSGMWRRKLKKLRNALKKKLKGEK,1
MAELNVEIVSEERSIWSGAASAVSARTVNGEIGILPGHTPMLAVLGDGEVVVRTTDGGTVTAQAHGGFFSVDHDRVVIAATSARLGDAAAA,0
KLCGETCFKFKCYTPGCSCSYPFCK,1
MKLTCVVIVAVLLLTACQLLTADDSRGTQKHRSLRSTTKVSKATDCIEAGNYCGPTVMKICCGFCSPFSKICMNYPQN,0
AQEPVKGPVSTKPGSCPIILIRCAMLNPPNRCLKDTDCPGIKKCCEGSCGMACFVPQ,1
GVIPCGESCVFIPCISAAIGCSCKNKVCYRN,1
GWFKKTFHKVSHAVKSGIHAGQRGCSALGF,1
FFHHIFRGIVHVGKTIHKLVTG,1
MKTGADRFLEELPEVAESFKNFREAVRSEGKLTEREKLLISVACSVAVRCDACTRRHAEEALEAGITEGELAEAAAVAALIRAGSAMNTASAIFRD,0
QPPTPPEHRFPGLM,0
GVITDALKGAAKTVAAELLRKAHCKLTNSC,1
MSKYAWYTRVTDTLHRLTVLTLVGGTLYMSGGLAYTLYMNGKKYEQQVTQQKALEEDNQQLQSPTAPPTE,0
MATFQTDADFLLVGDDTSRYEEVMKTFDTVEAVRKSDLDDRVYMVCLKQGSTFVLNGGIEELRLLTGDSTLEIQPMIVPTTE,0
AREASKSLIGTASCTCRRAWICRWGERHSGKCIDQKGSTYRLCCRR,1
AKCIKNGKGCREDQGPPFCCSGFCYRQVGWARGYCKNR,1
MNYLETQLNKKQKQIQEYESMNGNLIKMFEQLSKEKKNDETPKKISSTYIKELKEYNELRDAGLRLAQIIADEKQCKIKDVFEEIGYSMKD,0
MAQDIISTIGDLVKWIIDTVNKFTKK,0
FLPIIAGAAAKVVEKIFCAISKKC,1
MKMLKEKAGALAGQIWEALNGTEGLTQKQIKKATKLKADKDFFLGLGWLLREDKVVTSEVEGEIFVKLV,0
GRRRRSVQWCAVSQPEATKCFQWQRNMRKVRGPPVSCIKRDSPIQCIQA,1
MSNVYWPLYEVFVRGKQGLSHRHVGSLHAADERMALENARDAYTRRSEGCSIWVVKASEIVASQPEERGEFFDPAESKVYRHPTFYTIPDGIEHM,0
MTKLAQWLWGLAILGSTWVALTTGALGLELPLSCQEVLWPLPAYLLVSAGCYALGTVGYRVATFHDCEDAARELQSQIQEARADLARRGLRF,0
VGIGTPIFSYGGGAGHVPEYF,1
ECGTLFSGCSTHADCCEGFICKLWCRYERTW,0
APPPGLSAGV,1
MKQTDIPIWERYTLTIEEASKYFRIGENKLRRLAEENKNANWLIMNGNRIQIKRKQFEKIIDTLDAI,0
GLFLDTLKGAAKDVAGKLEGLKCKITGCKLP,1
GTPGFQTPDARVISRFGFN,1
WRSLGRTLLRLSHALKPLARRSGW,1
FLGALIKGAIHGGRFIHGMIQNHH,1
MKRFLFLLLTISLLVMVQIQTGLSGQNDTSQTSSPSASSNISGGIFLFFVANAIIHLFCFS,0
GNANSNYEGGGSRSRNTGARNSLGRNAPTHIYSDPSTVKCANAVFSGMVGGAIKGGPVGMTRGTIGGAVIGQCLSGGGNGNGGGNRAGSSNCSGSNVGGTCSR,1
DWTAWSALVAAACSVELL,1
RHRHCFSQSHKFVGACLRESNCENVCKTEGFPSGECKWHGIVSKCHCKRIC,1
MTTIPAIGILPIDFLTILLLFSFISHSVCVEFAEDAGELDKSNAFRRQVPQWAVGHFMGKRSLSDDTEQATMYSSRFVESTS,0
VIDDLKKVAKKVRRELLCKKHHKKLN,1
MKSKISEYTEKEFLEFVEDIYTNNKKKFPTEESHIQAVLEFKKLTEHPSGSDLLYYPNENREDSPAGVVKEVKEWRASKGLPGFKAG,0
MSDEKTQLIEAFYNFDGDYDGFVSVEEFRGIIRDGLPMTEAEITEFFEAADPNNTGFIDYKAFAAMLYSVDES,0
GIPCGESCVFIPCLTSAIDCSCKSKVCYRN,1
MALNIKDPSVHQAVKQIAKITGESQARAVATAVNERLARLRSDDLAARLLAIGHKTASRMSPEAKRLDHDALLYDERGLPA,0
FGSFIPCAHKGEPCTICCRPLRCHEEKTPTCV,0
AVLLKGPSGVLFEDGQKRLLPPGVEIVLLTESGAVLSNGENVQF,0
MMFEFNMAELLRHRWGRLRLYRFPGSVLTDYRILKNYAKTLTGAGV,0
GLICESCRKIIQKLEDMVGPQPNEDTVTQAASQVCDKLKILRGLCKKIMRSFLRRISWDILTGKKPQAICVDIKICKEKTGLI,1
GFFALIPKIISSPLFKTLLSAVGSALSSSGEQE,1
MRIDKFLQSVGLVKRRVLATDMCNVGAVWLNGSCAKASKEVKAGDTISLHYLKGIEEYTILQIPALKNVPRKDTHLYIAPKTKE,0
MASIEIPLHEIIRKLERMNQKKQAQRKRHKLNRKERGHKSPSEQRRSELWHARQVELSAINSDNSSDEGTTLCRFDTFGSKSDAICDRSDWCLDQ,0
MRATAIVLLLALTLATMFSIECAKQTKQMVDCSHYKKLPPGQQRFCHHMYDPICGSDGKTYKNDCFFCSKVKKTDGTLKFVHFGKC,0
MAKHLKFIARTVMVQEGNVEGAYRTLNRILTMDGLIEDIKRRRYYEKPCRRRQRESYETCRRIYNMEMARKINFLMRKNRADPWQGC,0
MNTQELCKIFVAREYPLVVVPFIYFVLFLHQKYHTTLNYVWYPTCSKRIWVREKGRKCSFFFFSKVPRSDGFANNRCQRK,0
MTDVLVVLKVFPDSDEVNLDNLYTDISSKLPKEYKIIRKETEPIAFGLNALILYVQMPEQTEGGTDNLEEVVNNIQGVSHAEVVGITRLGF,0
MKKKPVAQLERQHSLLENPCAYGLLSQFQAAIVVNCFTLNKII,0
GFPCGESCVFIPCISAAIGCSCKNKVCYRN,1
MKIPVLPAVVLLSLLVLHSAQGATLGGPEEESTIENYASRPEAFNTPFLNIDKLRSAFKADEFLNWHALFESIKRKLPFLNWDAFPKLKGLRSATPDAQ,0
SLGSFLKGVGTTLASVGKVVSDQFGKLLQAGQG,1
MEHKEVVLLLLLFLKSGQGEPLDDYVNTQGPSLFSVTKKQLGAGSREECAAKCEEDKEFTCRAFQYHSKEQQCVIMAENRKSSIIIRMRDAVLFEK,0
GIFSKLGRKKIKNLLISGLKNVGKEVGMDVVRTGIDIAGCKIKGEC,1
PKVSPRWPPIPP,0
MLFFPWWVYLCIVGIIFSAYKLVAAAKEEEKVDQAFIEKEGQIYMERMEKERERRSSQQHEEENQNHSIA,0
MPLVGFMKEKKRATFYLYKNIDGRKLRYLLHKLENVENVDIDTLRRAIEAEKKYKRSITLTEEEEVIIQRLGKSANLLLNCELVKLDEGERA,0
MYKLTVFLMFIAFVIIAEAQLTFTSSWGGKRAMTNSISCRNDEAIAAIYKAIQNEAERFIMCQKN,0
DAECEICKFVIQQVEAFIESNHSQAEIQKELNKLCSSVPSITQTCLSIARMVPYIIKKLEEHNSPGQVCQGLHLCKSS,1
SPRPDDKKNQGSASVDVQNERGEGTKVDARVRQELWRSDDGRTRAQAYGHWDRTYGGRNHGERSYGGGMRIEHTWGN,1
APGNKAECEREKGYCGFLKCSFPFVVSGKCSRFFFCCKNIW,1
GLFSVVTGVLKAVGKNVAKNVGGSLLEQLKCKKISGGC,1
ASFPWSCPSLSGVCRKVCLPTELFFGPLGCGKGFLCGVSHFL,1
DAGNRIAAPACVHFTADWRYTFVTNDCSIDYSVTVAYGDGTDVPCRSANPGDILTFPGYGTRGNEVLGAVLCATDGSA,0
GIVDFAKKVVGGIRNALGI,1
MIAQSTRLAAAVSSSAASAGVSRIAASAMASTIFKRSPGNSFNSFKEYRENAKTYGPLSASLATRRHLAHAPKL,0
LICYNQLGTKPPTTETCGDDSCYKMIWTYDGVIRRGCGCFTPRGDMPRPRCCKSDKCNL,0
MTPFWRGVSLRPIGASCRDDSECITRLCRKRRCSLSVAQE,1
MEKKDLSLSVTLIDVYCSISLYCSNSTSGYFSTNNGKASAKSVRFPTGSGNGIYPPLKWTNLFCNFILIAPGLFNSSSFNVIKKGTPNNIAFL,0
MIIPIRCFSCGKVIGDKWDTYLTLLQEDNTEGEALDKLGLQRYCCRRMILTHVDLIEKLLCYNPLSKQKNL,0
NLCERASLTWTGNCGNTGHCDTQCRNWESAKHGACHKRGNWKCFCYFDC,1
MEEKPKGALAVILVLTLTILVFWLGVYAVFFARG,0
SLLSLIRKLIT,1
GRILSFIKGLAEHL,1
GCCSDPRCKHQC,0
MDVKPDRVIDARGSYCPGPLMELIKAYKQAKVGEVISVYSTDAGTKKDAPAWIQKSGQELVGVFDRNGYYEIVMKKVK,0
MDLETLRARREAVLSLCARHGAVRVRVFGSVARGEAREDSDLDLLVAFEEGRTLLDHARLKLALEGLLGVRVDIVSERGLAPRLREQVLREAIPL,0
GLLSGILGAGKHIVCGLSGPCQSLNRKSSDVEYHLAKC,1
MSSENMDITENIQNEQNKDFDDIDFERRRRLLTLQISKSMNEVVNLMSALNKNLESINGVGKEFENVASLWKEFQNSVLQKKDREMLDAP,0
MASKSGKTGSSGRFGARYGRVSRRRVAEIESEMNEDHACPNCGEDRVDRQGTGIWQCSYCDYKFTGGSYKPETPGGKTVRRSIRAALSEDEE,0
ALLGDFFRKSKEKIGKEFKRIVQRIKDFLRNLVPRTES,1
QLKVDLWGTRSGIQPEQHSSGKSDVRRWRSRY,1
PTLVYFPVRGRAEAMVRLLL,0
MAQIIFNEEWMVEKALMARTGLGARQIESYRQGAWIEGVHFKRVSPSGEKTLRGTTWYNYPEINKFIRDS,0
ADAPPPAFNQCKACHSIDAGKNGVGPSLSGAYGRKVGLAPNYKYSPAHLASGMTIDDAMLTKYLANPKETIPGNKMGAAFGGLKNPADVAAVIAYLKTVK,0
FLPGLIAGIAKML,1
YVSCLFRGARCRVYSGRSCCFGYYCRRDFPGSIFGTCSRRNF,1
GCCPFPACTHTIICRCC,0
ACYCRIPACIAGERRYGTCIYQGRLWAFCC,1
ALWMTLLKKVLKAAAKALNAVLVGANA,1
MDCVLRSYLLLAFGFLICLFLFCLVVFIWFVYKQILFRTTAQSNEARHNHSTVV,0
RSGRGECRRQCLRRHEGQPWETQECMRRCRRRG,1
MVATNRCCVFALLVALLLIHSLAEAGKGKEVLGKIKNKLVEVKEKIKAGWDKLTSKSEYACPVIDKFCEDHCAAKNAIGKCDDFKCQCLNS,0
GLFVGLAKVAAHNNPAIAEHFQA,1
MRLSVCLLLLTLALCCYRANAVVCQALGSEITGFLLAGKPVFKFQLAKFKAPLEAVAAKMEVKKCVDTMAYEKRVLITKTLGKIAEKCDR,0
MAAALALVAGVLSGAVLPLWSALPQYKKKITDRCFHHSECYSGCCLMDLDSGGAFCAPRARITMICLPQTKGATNIICPCRMGLTCISKDLMCSRRCHMI,0
CRQSCSFGPFTFVCDGNTK,1
MSESLSWMQTGDTLALSGELDQDVLLPLWEMREEAVKGITCIDLSRVSRVDTGGLALLLHLIDLAKKQGNNVTLQGVNDKVYTLAKLYNLPADVLPR,0
FLPKLFAKITKKNMAHIR,1
GILLDKLKNFAKTAGKGVLQSLLNTASCKLSGQC,1
KRFKKFFKKLKNSVKKRAKKFFKKPRVIGVSIPF,1
NKELDPVQKLFVDKIREYRTKRQTSGGPVDAGPEYQQDLDRELFKLKQMYGKADMNTFPNFTFEDPKFEAVEKPQS,0
MKNEGEKEGLNISRCRVCKPGSTLINKTGGWRNFRPVYIYEKCTKCGICHIVCPDMSVKPRENGFFEYDYDYCKGCGICANECPADAIEMILEEK,0
HPLKQYWWRPSI,1
GLGKAQCAALWLQCASGGTIGCGGGAVACQNYRQFCR,1
FLPVILPVIGKLLSGIL,1
MHLWQLVLLVILFFGAAFGADLEGSGSGDVSTDAKEAILNAQTLLDAVSSDGSGADVEASGEDVQTFFF,0
GLGGAKKNFIIAANKTAPQSVKKTFSCKLYNG,1
IPCGESCVWIPCITAIAGCSCKNKVCYT,1
LKCHNTQLPFIYKTCPEGKNLCFKATLKKFPLKIPIKRGCADNCPKNSALLKYVCCSTDKCN,0
GLLSVLGSVAQHVLPHVVPVIAEHL,1
SGVGDGVDVVSAIEGAAGPIAAIGGAVLTVMVGIKVYKWVRRAM,0
GLTPNMNSLFF,0
SSLLEKGLDGAKKAVGGLGKLGKDAVEDLESVGKGAVHDVKDVLDSV,1
MLIRRLKDARLRAGISQEKLGVLAGIDEASASARMNQYEKGKHAPDFEMANRLAKVLKIPVSYLYTPEDDLAQIILTWNELNEQERKRINFYIRKKAK,0
ILPILSLIGGLLGK,1
MNKMAMIDLAKLFLASKITAIEFSERICVERRRLYGVKDLSPNILNCGEELFMAAERFEPDADRANYEIDDNGLKVEVRSILEKFKL,0
FLPLIGRVLSGIL,1
RSVCRQIKICRRRGGCYYKCTNRPY,1
MKIKLTVLNEFEELTADAEKNISGGRRSRKNGIGYAIGYAFGAVERAVLGGSRDYNK,0
MQKDLHPKAVPCKIIYQGQVVMETMSTRPEIHVDVWSGVHPFWTGEERFLDTEGRVDKFNKRFGDSYRRGSKK,0
DAPGHPGKHYLQVNVPSDVRTIGVAGGGVQQCFRVTPGAWNDTRALVSNGAQVEVWGYTVADCANRTTANQKYYDKAAAPSDSSTYFWFTLKNLRV,1
VVCACRRALCLPRERRAGFCRIRGRIHPLCCRR,1
RKCLIKYSQANESSKTCPSGQLLCLKKWEIGNPSGKEVKRGCVATCPKPWKNEIIQCCAKDKCNA,0
MKTTLIAAAIVALSGLAAPALAYDGTKCKAAGNCWEPKPGFPEKIAGSKYDPKHDPKELNKQADSIKQMEERNKKRVENFKKTGKFEYDVAKISAN,0
MSEPGDLSQTIVEEGGPEQETATPENGVIKSESLDEEEKLELQRRLVAQNQERRKSKSGAGKGKLTRSLAVCEESSARPGGESLQDQTL,0
MKLCATFLLVLVTLPLVTGEKSSERSLSGAILRGVRRTCSRRGHRCIRDSQCCGGMCCQGNRCFVAIRRCFHLPF,0
CVHWQTNTARTSCIGP,1
VFIDILDKVENAIHNAAQVGIGFAKPFEKLINPK,1
GIGTKILGGVKTALKGALKELASTYAN,1
MNATIFALLLLLNLAMYNAAEQSSETDMDDTLLIPEINRGRCIEEGKWCPKKAPCCGRLECKGPSPKQKKCTRP,0
GSIPACGESCFKGKCYTPGCSCSKYPLCAKN,1
TICYNHLTRTSETTEICPDSWYFCYKISLADGNDVRIKRGCTFTCPELRPTGIYVYCCRRDKCNQ,0
MPKYYEDKPQGGACAGLKEDLGACLLQSDCVVQEGKSPRQCLKEGYCNSLKYAFFECKRSVLDNRARFRGRKGY,0
DCYCRIPACIAGERRYGTCIYQGRLWAFCC,1
SSSGWLCTLTIECGTIICACR,1
MSYEKEFLKDFEDWVKTQIQVNQLAMATSQEVAQEDGDERAKDAFIRYESKLDAYEFLLGKFDNYKNGKAFHDIPDELFGARHY,0
MACCAPRCCSVRTGPATTICSSDQFCRCGVCLPSTCPHDISLLQPTFCDNSPVPYHVPDTYVPTCFLLNSSHPTPGLSGINLTTFIQPGCENACEPRC,0
FFGWLIKGAIHAGKAIHGLIHRRRH,1
MAAEPLTELEESIETVVTTFFTFARQEGRKDSLSVNEFKELVTQQLPHLLKDVGSLDEKMKSLDVNQDSELKFNEYWRLIGELAKEIRKKKDLKIRKK,0
FNKLKQGSSKRTCAKCFRKIMPSVHELDERRRGANRWAAGFRKCVSSICRY,1
GASGLIPVMRN,0
KWKLFKKIPKFLHLAKKF,1
MSELFSVPYFIENLKQHIEMNQSEDKIHAMNSYYRSVVSTLVQDQLTKNAVVLKRIQHLDEAYNKVKRGESK,0
MAPVHVLCCVSVLLATFYLTPTESAGSLVSYTPNSCCYGFQQHPPPVQILKEWYPTSPACPKPGVILLTKRGRQICADPSKNWVRQLMQRLPAIA,0
SFPFFPPGICKRLKRC,1
MKAGIHPNFKKATVKCACGNEFETGSVKEEVRVEICSECHPFYTGRQKFASADGRVDRFNKKYGLK,0
AGDIEAGKAKAAVCAACHGQNGISQVPIYPNLAGQKEQYLVAALKAYKAGQRQGGQAPVMQGQATALSDADIANLAAYYASLPADGQG,0
MNIDEIERKIDEAIEKEDYETLLSLLNKRKELMEGLPKDKLSEILEKDRKRLEIIEKRKTALFQEINVIREARSSLQKNIWTRGDTLGRG,0
YVPPVQKPHPNGPKFPTFP,1
MPNSNGPLSNSGGKLQNDPRDRGTSPPQRAIADYDDGESVHLTLDPSVQDGRFHPRFSGLTGTVVGTQGDAFKVEVNDGGMDKTLIVGAAHLRTQRQEE,0
ELPKLPDDKVLIRSRSNCPKGKVWNGFDCKSPFAFS,1
MCSNEKARDWHRADVIAGLKKRKLSLSALSRQFGYAPTTLANALERHWPKGEQIIANALETKPEVIWPSRYQAGE,0
GIPCAESCVWIPCTVTALIGCGCSNKVCYN,1
FLIGMTQGLICLITRKC,1
LQDAALGWGRRCPQCPRCPSCPSCPRCPRCPRCKCNPK,1
RSNKGFNFMVDMIQALSK,1
FIITGLVRGLTKLF,1
MSKVKIELFTSPMCPHCPAAKRVVEEVANEMPDAVEVEYINVMENPQKAMEYGIMAVPTIVINGDVEFIGAPTKEALVEAIKKRL,0
MATGTSKAKPSKVNSDFQEPGLVTPLGTLLRPLNSEAGKVLPGWGTTVLMAVFILLFAAFLLIILEIYNSSLILDDVSMSWETLAKVS,0
RVCFAIPLPICH,1
MGIIAGIIKVIKSLIEQFTGK,0
IPCGESCVWIPCISGMFGCSCKDKVCYS,1
GDEKRPWECCDIAMCTRSIPPICRCVDKVDRCSDACKDCEETEDNRHVCFDTYIGDPGPTCHDD,0
MKGSAFAIILGLVVLCACSFAEDEQDQFASPNELLRSMFLESRHELIPEVEGRYCQKWMWTCDSERKCCEGYVCELWCKYNLG,0
MKPSTNRMLTRIKSVYMFIQEKGLVTTQELVDEFGITPRTIQRDLNVLAYNDLVHSPSRGKWETTRKKVKITS,0
MPGKIAVEVAYALPEKQYLQRVTLQEGATVEEAIRASGLLELRTDIDLTKNKVGIYSRPAKLSDSVHDGDRVEIYRPLIADPKELRRQRAEKSANK,0
MAAAAAIRGVRGKLGLREIRIHLCQRSPGSQGVRDFIEKRYVELKKANPDLPILIRECSDVQPKLWARYAFGQEKNVSLNNFSADQVTRALENVLSSKA,0
GILDTLKQFAKGVGKDLVKGAAQGVLSTVSCKLAKTC,1
GLFDIIKKVASVIGGL,1
GILDTIKSIASKVWNSKTVQDLKRKGINWVANKLGVSPQAA,1
KTYYGTNGVHCTKKSLWGKVRLKNVIPGTLCRKQSLPIKQDLKILLGWATGAFGKTFH,1
GLFGKLIKKFGRKAISYAVKKARGKH,1
MTKLEDHLEGIINIFHQYSVRVGHFDTLNKRELKQLITKELPKTLQNTKDQPTIDKIFQDLDADKDGAVSFEEFVVLVSRVLKTAHIDIHKE,0
MALTDTQVYVALVIALLPAVLAFRLSTELYK,0
HVDKKVADKVLLLKQLRIMRLLTRL,1
KSCCRNTWARNCYNVCRLPGTISREICAKKCDCKIISGTTCPSDYPK,1
KRDPQQREYEDCRRRCEQQEPRQQHQCQLRCREQQRQHGRGGDMMNPQRGGSGRYEEGEEEQS,1
ETESTPDYLKNIQQQLEEYTKNFNTQVQNAFDSDKIKSEVNNFIESLGKILNTEKKEAPK,1
KWKLFKKIKFLHSAKKF,1
FWGALAKGALKLIPSLFSSFSKKD,1
KRFHSVGSLIQRHQQMIRDKSEATRHGIRIITRPKLLLAS,1
MEQITLSFPASRALSGRALAGVVGSGDMEVLYTAAQSATLNVQITTSVDNSQARWQALFDRLNLINGLPAGQLIIHDFGATPGVARIRIEQVFEEAAHA,0
MSGNPGSSLSALRPTPPERGSFPLDHDGECTKYMQEYLKCMQLVQNENAMNCRLLAKDYLRCRMDHQLMDYDEWSHLGLPEDAPGNNGKTIKDATDNK,0
MKTDFNQKIEQLKEFIEECRRVWLVLKKPTKDEYLAVAKVTALGISLLGIIGYIIHVPATYIKGILKPPTTPRV,0
EKKCPGRCTLKCGKHERPTLPYNCGKYICCVPVKVK,1
MLELLKSLVFAVIMVPVVMAIILGLIYGLGEVFNIFSGVGKKDQPGQNH,0
MCYGHNQSLSSRSSLRRRSHDGEDDSVVDDLRDRLAETEARLRRARAREAELSRRLEHMKRFVSVMEIIETFLERRFQEQKDRIARLFSPVSTK,0
MGANKTLNMKKRFGRKIKQNRPLPNWYRYKSDTNIRYNSKRRNWRRTKLKIY,0
FFSASCVPGADKGQFPNLCRLCAGTGENKCA,1
MTMDQGLNPKQFFLDDVVLQDTLCSMSNRVNKSVKTGYLFPKDHVPSANIIAVERRGGLSDIGKNTSN,0
GSVLNCGETCLLGTCYTTGCTCNKYRVCTKD,1
MLLYLYILYIALKTVSHLFFCNPCFRNLSVGDMLNPRLSLSFFTNHLLCPEAPLIIRGKGSYSAVGNFFSRKK,0
MKSIVFVALFGLALLAVVCSASEDAHKELLKEVVRAMVVDKTDAVQAEERECRWYLGGCSQDGDCCKHLQCHSNYEWCIWDGTFSK,0
MTVLHVQEIRDMTPAEREAELDDLKTELLNARAVQAAGGAPENPGRIKELRKAIARIKTIQGEEGDLQENE,0
MPHVICEPCIGVKDQSCVEVCPVECIYDGGDQFYIHPEECIDCGACVPACPVNAIYPEEDVPEQWKSYIEKNRKLAGLE,0
TWLKKRRWKKAKPP,1
GYEDEDEDRPFYALGLGKRPRTYSFGL,0
KPWRFRRAIRRVRWRKVAPYIPFVVKTVGKK,1
MQKATVLLLALLLLLPLSTAQDAEGSQEDAAQREVDIATRCGGTGDSCNEPAGELCCRRLKCVNSRCCPTTDGC,0
MNRPVFLVLLLTGFLCIAAQEANVAHHYCGRHLANTLADLCWDTSVEKRSESSLASYSSRGWPWLPTPNFNKRAIKKRGVVDECCIQPCTLDVLATYC,0
MALSIKHPEADRLARALAARTGETLTEAVVTALRERLARETGRARVVPLRDELAAIRHRCAALPVVDNRSAEAILGYDERGLPA,0
SCIDIGGDCDGEKDDCQCCRRNGYCSCYSLFGYLKSGCKCVVGTSAEFQGICRRKARQCYNSDPDKCESHNKPKRR,0
MNNSNNLDYFTLYIIFSIAFMLITLLVILIAKPSTGLGEVLVTINLLNALVWLAINLVNRLRERLVNHRDQQ,0
KSLRPRCWIKIKFRCKSLKF,1
GFLSILKKVLPKVMAHMK,1
DYDWSLRGPPKCATYGQKCRTWSPRNCCWNLRCKAFRCRPR,1
MPKIKTVRGAAKRFKKTGKGGFKHKHANLRHILTKKATKRKRHLRPKAMVSKGDLGLVIACLPYA,0
KGAPCAKKPCCGPLGHYKVDCSTIPDYPCCSKYGFCGSGPQYCG,1
MPTQEAKAHHVGEWASLRNTSPEIAEAIFEVAGYDEKMAEKIWEEGSDEVLVKAFAKTDKDSLFWGEQTIERKNV,0
GDACGETCFTGICFTAGCSCNPWPTCTRN,1
LLPIVGNLLKSLL,1
GLFDIVKKIAGHIAGSI,1
MGGISIWQLLIIAVIVVLLFGTKKLGSIGSDLGASIKGFKKAMSDDEPKQDKTSQDADFTAKTIADKQADTNQEQAKTEDAKRHDKEQV,0
RICYTHKSLQAKTTKSCEGNTCYKMFIRTSREYISERGCGCPTAMWPYQTECCKGDRCNK,0
MVDLKQQLQWIDYLGVVAVWLCFFGAILVISITCILWCCVSKDDDPTVFAKYGFGPQPRIPSQRLAAQEAKAE,0
SGRGKTGGKARAKAKTRSSRAGLQFPVGRVHRLLRKGNYAHRVGAGAPVYL,1
KQIMTQFFNFARSPAVKD,1
MDQETRDQMKNAAAEAKDNVHDKIQELKDDVGNKAAEVRDAVSSTVESIKDKLSGGS,0
MKWVQKAIKRPGRVHRYLMRLYGKRAFTKDGDIKASYLDKAIKHVKKAKIPKEKKRSLLSALLLAKRLKRMHRK,0
MKLLPLLFVILIVCAILPDEASCDQSELERKEENFKDESREIVKRSCKKECSGSRRTKKCMQKCNREHGHGR,0
MREYPVKKGFPTDYDSIKRKISELGFDVKSEGDLIIASIPGISRIEIKPDKRKILVNTGDYDSDADKLAVVRTYNDFIEKLTGYSAKERKKMMTKD,0
MKTFSVAVAVAIVLAFICTQESSALPVTGVEELVELVSSDDPVADHQELPVELGERLFNIRKKRASPKCTPYCYPTRDGVFCGVRCDF,1
AVSCFKACMKKRGIPFVCSVDC,0
MAWKVSVDQDTCIGDAICASLCPDVFEMNDEGKAQPKVEVIEDEELYNCAKEAMEACPVSAITIEEA,0
MKTREEKMNKTILLLACLLGLVACSSQYIMSTKDGKMITSDSKPKLDKTTGMYLYYDEDGREVMIKQEDVTQIIER,0
MAKLLAVFLVLLIAALVCEQALACTPGSRKYDGCNWCTCSSGGAWICTLKYCPPSSGGGLTFA,0
AGANDLCQECEDIVHLLTKMTKEDAFQDTIRKFLEQECDILPLKLLVPRCRQVLDVYLPLVIDYFQGQIKPKAICSHVGLC,1
MAYNKSDLVSKIAQKSNLTKAQAEAAVNAFQDVFVEAMKSGEGLKLTGLFSAERVKRAARTGRNPRTGEQIDIPASYGVRISAGSLLKKAVTE,0
RADTQTYQPYNKDWIKEKIYVLLRRQAQQAGK,1
RDCCTPPRKCKDRRCKPMKCCA,0
VTCYCRRTRCGFRERLSGACGYRGRIYRLCCR,1
MNFATKVSLLLLAIAVIVIVEGGEGDSWFEEHEESDTERDFPLSKEYESCVRPRKCKPPLKCNKAQICVDPNKGW,0
MNRSGKHLISSIILYPRPSGECISSISLDKQTQATTSPLYFCWREK,0
IKLSPETKDNLKKVLKGAIKGAIAVAKMV,1
ACSGRGSRCPPQCCMGLRCGRGNPQKCIGAHEDV,0
MKQKLMVGAFIAAVSLSAAAVDMSNVVKTYDLQDGSKVHVFKDGKMGMENKFGKSMNMPEGKVMETRDGTKIIMKGNEIFRLDEALRKGHSEGG,0
YAEGTFISDYSIAMDKIRQQDFVNWLLAQKGKKSDWIHNITQ,0
MRDMTEETRKDLPPEALRALAEAEERRRRAKALDLPKEIGGRNGPEPVRFGDWEKKGIAIDF,0
KVCYRAIPCGESCVWIPCISAAIGCSCKN,1
MRTGNAD,1
MATSDVKPKSISRAKKWSEEIENLYRFQQAGYRDEIEYKQVKQVAMVDRWPETGYVKKLQRRDNTFFYYNKERECEDKEVHKVKVYVY,0
ATYYGNGLYCNKEKCWVDWNQAKGEIGKIIVNGWVNHGPWAPRR,1
MSDIQEKIEQARQEAHAISEEKGATSPDAAAAWDAVEELQAEAAHQRQQKSETEPFFGDYCSENPDAAECLIYDD,0
MDSQRTVELTNPRGRSKERGDSGGKQKNSMGRKIANDAISESKQGVMGASTYIADKIKVTINFNF,0
MNKVLFLCLVVLCATSAFAAEEEYVERAPVKRALLSCRCEGKTEYGDKWLFHGGCPNNYGYNYKCFMKPGAVCCYPQNGR,0
YSYKKIDCGGACAARCRLSSRPRLCNRACGTCCARCNCVPPGTSGNTETCPCYASLTTHGNKRKCP,1
MMTKKERIAIQRSMAEEALGKLKAIRQLCGAEDSSDSSDMQEVEIWTNRIKELEDWLWGESPIA,0
GLMDTIKGVAKTVAASWLDKLKCKITGC,1
MDPNQTNVVPPALHLVDPQIQLTITRMEDAMGQGQNSADPKVYPIILRLGSQLSLSMARRNLDSLEARAFQSTPIVVQMTKLATTEELPDEFVVVTAK,0
ETCASRCPRPCNAGLCCSIYGYCGSGAAYCGAGNCRCQCRG,1
HSSGYTRPLPKPSRPIFIRPIGCDVCYGIPSSTARLCCFRYGDCCHR,1
GLMDTVKNVAKNLAGHMLDKLKCKITGC,1
MVNLKCPICGGEITVEDDALPGELVEHECGAQLEVVKQNGKLSLRLAEQIGEDWGE,0
SQLGDLGSGAGQGGGGGGSIRAAGGAFGKLEAAREEEFFYKKQKEQLERLKNDQIHQAEFHHQQIKEHEEAIQRHKDFLNNLHK,1
LRPAVIRPKGK,0
MKLTCVLIIAVLILTACQFIAADNTEYRKWRRSGTSTGMRLGSRDCGPWCWGQNKCCPDESCRSLHESCT,0
RRTCRCRFGRCFRRESYSGSCNINGRIFSLCCR,1
MTQIVVGENEHIESALRRFKREVSKAGIFQDMRKHRHFETPIEKSKRKKLALHKQSKRRFRT,0
GGLKKLGKKLEGVGKRVFKASEKALPVAVGIKALGK,1
MAEPQDMWRCQMVNCGYVYDPDRGDKRRKVPAGTKFEDLPEDWRCPVCGAGKKSFRRLSDEA,0
GWIRDFGKRIERVGQHTRDATIQTIAVAQQAANVAATLKG,1
MFKLLVVVFAALFAAALAVPAPVARANPAPIPIASPEPAPQYYYGASPYAYSGGYYDSPYSYYG,0
GCSRWIIGIHGQICRD,1
TSRCYIGYRRKVVCS,1
MGLVWSLISNSIQTIIADFAISVIDAALFFLMLLALAVVTVFLFWLIVAIGRSLVARCSRGARYRPV,0
MMKLVLFGIIVILFSLIGSIHGISGNYPLNPYGGYYYCTILGENEYCKKICRIHGVRYGYCYDSACWCETLKDEDVSVWNAVKKHCKNPYL,0
ALRAAAVAGSPQQLLPLGQRERKAGCKNFFWKTFSSC,0
AILTTLANWARKFL,1
MGSITASFILITMQILFFCEDSSGEPNFAERNFWHASCSARGVYIDGSMITTLFFYASLLGVCVALISLAYHACFRLFTRSVLRSTW,0
FKSWSFCTPGCAKTGSFNSYCC,1
MKFNLNGQAVEFNGEPDTPLL,0
DIEDFYTSETCPYKNDSQLAWDTCSGGTGNCGTVCCGQCFSFPVSQSCAGMADSNDCPNA,0
MNMFITVQIVIVLVLAVLSEAASLPTATERKDAMDEGPNQSDEPEGSVADPSTKDDDYSDSLKQDEKYYKVRLLNTGDKFYGLMG,0
MGKRLYAVAYDIPDDTRRVKLANLLKSYGERVQLSVFECYLDERLLEDLRRRARRLLDLGQDALRIYPVAGQVEVLGVGPLPELREVQVL,0
CKQSCSFGPFTFVCDGNTK,1
NKLKPSQWISL,0
DHHHDHGHDDHEHEELTLEKIKEKIKDYADKTPVDQLTERVQAGRDYLLGKGARPSHLPARVDRHLSKLTAAEKQELADYLLTFLH,1
MEELKEIMKSHILGNPVRLGIMIFLLPRRKAPFSQIQKVLDLTPGNLDSHIRVLERNGLVKTYKVIADRPRTVVEITDFGMEEAKRFLSSLKAVIDGLDL,0
MKFIIVLILISVLIATIVPVNEAQTQCQSVRDCQQYCLTPDRCSYGTCYCKTTGK,0
GKQYFPKVGGRLSGKAPLAAKTHRRLKP,1
MSKREETGLATSAGLIRYMDETFSKIRVKPEHVIGVTVAFVIIEAILTYGRFL,0
MTVITYGKSTFAGNAKTRRHERRRKLAIERDTICNIIDSIFGCDAPDASQEVKAKRIDRVTKAISLAGTRQKEVEGGSVLLPGVALYAAGHRKSKQITAR,0
MTMRVSADRTVCVGAGLCALTAPGVFDQDDDGIVTVLTAEPAADDDRRTAREAGHLCPSGAVRVVEDTE,0
GRLRNLIEKAGQNIRGKIQGIGRRIKDILKNLQPRPQV,1
MKLSVSLSDDDVAILDAYVKRAGLPSRSAGLQHAIRVLRYPTLEDDYANAWQEWSAAGDTDAWEQTVGDGVGDAPR,0
STIVCVSLRICNWSLRFCPSFKVRCPM,1
MSAVPFTRVLLISGFLAHLLLSTFVTLTVCKEVTEESDDLSKRNVLQRQLWAVGSLMGKKSLENTNRRSDEDMEISALFRGSPLKVKRSD,0
AFLTLTPGSHVDSYVEA,0
AKAKRSPRKKKAAVKKSSKSKAKKPKSPKKKKAAKKPAKKAAKKK,0
HADGMFNKAYRKALGQLSARKYLHTLMAKRVGGGSMIEDDNEPLS,0
CLGVGSCNDFAGCGYAIVCFW,1
FLSGIVGMLGKLF,1
ILENLLARSTNEDREGSIFDTGPIRRPKPRPRPRPEG,1
FKTWKRPPFQTSCWGIIKE,1
RILSILRHQNLLKELQDLAL,1
STPVLASVAVSMELLPTASVLYSDVAGCFKYSAKHHC,1
MKAQIFVVVLGLAALSVLCYGSEADESALHEEIFQLLAASDEVPKPQERDCVRFWGKCSQTSDCCPHLACKSKWPRNICVWDGSVGK,0
SLQGGAPNFPQPSQQNGGWQVSPDLGRDDKGNTRGQIEIQNKGKDHDFNAGWGKVIRGPNKAKPTWHVGGTYRR,1
MNSLLMITACLALVGTVWAKEGYLVNHSTGCKYECYKLGDNDYCLRECKQQYGKGAGGYCYAFGCWCTHLYEQAVVWPLPKKTCNGK,0
MARNRLTESEMNEALRALDGWQKVDGREAITRSFKFKDFSTAFGFMAQAALYAEKLDHHPEWFNAYNRVDVTLATHSENGVTELDIKMARKMNAIAG,0
KSCCPNTTGRNIYNTCRFGGGSRQVCASLSGCKIISASTCPSDYPK,1
ACSAG,1
FLWGLIPGAISAVTSLIKK,1
WYVKKCLNDVGICKKKCKPEEMHVKNGWAMCGKGRDCCVPAD,1
ECRRLCYKQRCVTYCRGR,1
RCICTTRTCRFPYRRLGTCLFQNRVYTFCC,1
