PSIVTELKKQLAPLDLRTPLPQD,0
IDQTEETYDILIKRYYPEKADIDAYVAQYGMNGFYESVEARHACCG,0
GWKKWFNRAKKVGKTVGGLAVDHYL,1
GLKDIFKAGLGSLVKGIAAHVAN,1
ILGPVIKTIGGVIGGLLKNL,1
ILGKIWEGIKSLF,1
TTDSFRISQKILEIQSD,0
YVFDWNTYKFYNES,0
LRANRPDFLIAAGTVLTAEQVVLAKSSGADFVVTPGLNPK,0
RWKPFKKELKVGRNIRDGIIKAGPAVAVIGQATSIARPTGK,1
HSHACTSYWCGKFCGTASCTHYLCRVLHPGKMCACVHCSR,1
LRSLEAVERALSLCQYAV,0
GLMSLFKGVLKTAGKHIFKNVGGSLLDQAKCKITGEC,1
PFVSNFRQLQEKLVFENLNTDKLNNIMRQDSMEPVVR,0
LQMKDEIAATII,0
QSHLSMCRYCCNCCRNNKGCGFCCKF,1
QSMKNVEEQLIIMRSKTTNRVEWGTAILACKDFLNDTNMLLEGIGRDGFDMSVPLKHFAAEYSVLSYNCRYQLSADYERAMNVPKLSKQKCGD,0
IALISMEIMELAREGNKSVAELMQQGREILKADEVMEGVA,0
QESLKKMIELGSSRIGTSSS,0
CANSCSYGPLTWSCDGNTK,1
QHQFSMPSVPPPEDLLDHEALIDQYLRDPNLHKKY,0
ALSILRGLEKLAKMGIALTNCKATKKC,1
SPPPGIQSNTLPPV,0
GFLDVVKHIGKAALGAVTHLINQ,1
GKIPIGAIKKAGKAIGKGLRAVNIASTAHDVYTFFKPKKRH,1
SIWLGDAKVELITPSEITDGFEEELQIDPEKLEEIQKEAEDSGALMEEELRGK,0
EDTDTTDVITFTMDEDSLEAVEREVEDM,0
REQDEILAIIDKNWQTLHPEWFVNKLKKAYPNWREIIEANN,0
HNSGSEPSLSRQR,0
ERILDLRKTKKSCKNGEVLGCVSGHGPPGCSENECGMGPRPKACFFDCHYGCWCTGKLYRRKRDRKCVPKHECLL,1
ALEANLKLVQQNVRDEDD,0
GILDSFKQFAKGVGKDLIKGAAQGVLSTMSCKLAKTC,1
IFPDPSNFDCYCKLKDRLPSIVVEPTEGDVESGELRWPPEEFLVQE,0
LQDKWRLSTPGQDYSAFMATLAEQIEKADQQCGERGTVG,0
FFPLLFGALSSHLPKLF,1
KYYGNGVHCGKKTCYVDWGQATASIGKIIVNGWTQHGPWAHR,1
SHVEQLLRAMILKISVC,0
QSWHGGRPGGFPGGGRPGGFPGGGRPGGRPGGFPSVTAPPASCRRWCETPENAFYCCESRYEPEAPVGTKILDCPKVRDTCPPVRFLAVEQPVPCSSDYKCGGLDKCCFDRCLGQHVCKPPSFYEFFA,1
FETETDATAVDC,0
IPPFIKKVLTTVF,1
SSRASHFQSHSSERQRHGSSQVWKHGSYGPAEYDYGHTGYGPSGGSRKSISNSHLSWSTDSTANKQLSRH,1
FSYSPGLQCENCSFVCHKKCVTKVLASCIAQSNSEKSDFGGLRYRIPHRFEPFNSLGAQWCAHCGFFLPLRRKDCFKCVECGITC,0
SRKSPLAEEGRLNCSTSPEIFRKCMDYSSDS,0
DYLLNINPDFEHGEIRVGFGPD,0
VRFRIRVAVIRA,1
SLLRRLMSPSPSDRPS,0
RNTMVWNSRRLDLVHQTLRAACLNTGSALVTLDPNTAREDVMHICALLAG,0
SIGSALKKALPVAKKIGKIALPIAKAALP,1
SASVLKTSIKVSKKYCKGVTLTCGCNITGGK,1
GSEIRGPCIDRFCRVICRNNGYESGHCNRWARGCSCASWIGR,1
KAAAAKKSPKKPKKPAAAKK,1
TNKYFLCFLVSTGSIFPKIGSFIETKVDSEWFKVGVLLSIVHVKCEEIYIQVVLR,0
GILDTLKEFGKTAAKGIAQSLLSTASCKLAKTC,1
MAVINESLHPPMDSRVRDAC,0
FFGSVLKLIPKIL,1
GYGGHGGHGGHGGHGGHGGHGHGGGGHG,1
ITGVDVSMNTHLKAVKMTLKNREPVQLETLSI,0
SQLGDLGSGAGQGGGGGGSIRAAGGAFGKLEAAREEEFFYKKQKEQLERLKNDQIHQAEFHHQQIKEHEEAIQRHKDFLNNLHK,1
VLSIVACSSGCGSGKTAASCVETCGNRCFTNVGSLC,1
KQIEDLLEPFVYEYIASKKGSISAEHGIGFHKKGKLHYT,0
KKCGFFCKLKNKLKSTGSRSNIAAGTHGGTFRV,1
GLVTSLIKGAGKLLGGLFGSVTGGQS,1
IFGAIAGLLKNIF,1
VPSEIIEQTKEVLAFAAKKLNLKESTEMSVTFVDNARSHELNLQYRETDRPTDVISLEYKPDESEFFF,0
CTRFISKEILTIREAVWLTDNTYKYEDLVRMMG,0
RRGELRNIHKLKFWPL,0
DHYICAKKGGTCNFSPCPLFNRIEGTCYSGKAKCCIR,1
FLPIIAGVAAKVLPKLFCAITKKC,1
FFPIVAGVAGQVLKKIYCTISKKC,1
RSGRGECRRQCLRRHEGQPWETQECMRRCRRRG,1
RIRFPWPWRWPWWPPFRG,1
VSFKECCEAKNYEGCVRCLQQVDI,0
FFRLLFHGVHHVGKIKPRA,1
VDKPDYRPRPWPRPN,1
AISYGNGVYCNKEKCWVNKAENKQAITGIVIGGWASSLAGMGH,1
YVLNIQAKNKPIYHRFRKLDELSYQLKQ,0
GDYVVHKSHGI,0
LEELFKSAKEEL,0
TTLTLHNLCPYPVWWLVTPNNGGFPIIDNTPVVLG,1
GFGSKPLDSFGLNFF,1
SKENSYVEKLLYKQRFYAS,0
GFSSIFRGVAKFASKGLGKDLARLGVNLVACKISKQC,1
INWLKLGKKMMSAL,1
ALPKKLKYLNLFNDGFNYMGVV,1
FITGLISGLMKAL,1
VADGRDEDGEKDMCILTSTLACVVALQKWNIGCFHLHKGTRYIERNTEMI,0
GLFLGPTKYMVIQGEPGAVIRGKKGSGGITVKKTGQALVI,0
YSGKDCLKDMGGYALAGAGSGALWGAPAGGVGALPGAFVGAHVGAIAGGFACMGGMIGNKFN,1
INLKAIAALARNY,1
NQTIIKVKEIKIKPMIGEHDLKVRAENA,0
EFLQYIDINKIPLWLRSSEHFSNLLICFTTSTTTNAFFESKLKYINRGIVIEVNSAAAAAAANNYQHRYLIFYKNGHNVEFIPIDLSLKELFDNKIASLNADTENVTEGKEKKKSSSIDKILMQSQKKVFVQTNKVMESLQIS,0
IESLIAVFQKYAGKDGYNYTLSKTEFLSFMNTEL,0
FFPVIGRILNGIL,1
PPPVIKFNRPFLMWIVERDTRSILFMGKIVNPKAP,1
DPEASDISFQYSNTSDK,0
YPVNGHDRAKYGLL,0
VEFTRGGDGVETVTSGAGVAARRPYDAPAWAEDSVIY,0
VGGQPRMKLTEDPEKQTLPGSKAAFRLLGSD,0
GKIHRDIKAANVLLSASGDVKLADFGVSGQ,0
EDLTAELLTIQHELFDCGGDLAIVTERKDYKLTEESVSFLETRIDAYTAEAPELKKFILPGGSKCASLLHIARTIT,0
VNIGTIGHVDHGKTTLTAALTMALASMGNSAPKKYDEIDAAPEERARGITINTATVEYETENRHYAHVDCPGHADYVKNMIT,0
GIMDTIKDTAKTVAVGLLNKLKCKITGC,1
ILENLLARSTNEDREGSIFDTGPIRRPKPRPRPRPEG,1
TIAMARTSDPHSATAQFFINVADNDFLNYRSKEMFGR,0
WLGERWVVQTVLP,0
VQLYRLQKETETAGVDVKATSGHIKKVVSVKRGVAKQLYDFDR,0
FLPVLAGVLSRA,1
RLDVLTSFQYVSTL,0
FLPMLAGLAASMVPKLVCLITKKC,1
KGPNRIKQALKNKE,0
FTSKKSMLLFFFLGTISLSLCQ,1
QYRHRCCAWGPGRKYCKRWC,1
GLPVCGETCFGGTCNTPGCSCTWPICTRD,1
FLPGLIKAAVGIGSTIFCKISKKC,1
ILPIIGKILSTIF,1
GFGALFKFLAKKVAKTVAKQAAKQGAKYVVNKQME,1
KFFKRLLKSVRRAVKKFRKKPRLIGLSTLL,1
RNALYKWEFEESEEDPV,0
DWTCWSCLVCAACSVELLNLVTAATGASTAS,1
GWFKKTFHKVSHAVKSGIHAGQRGCSALGF,1
RPDKPRPYLPRPRPPRPVR,1
GILMDTFKGAAKNVAGFLLDKLKCKISGGC,1
SLRYRNGASVSRSSSIGHS,0
GARAVAVINVHANGPDWVALD,0
NKLSLTRRQARAFSRVFFSGASNQEIDKQGRF,0
VTYQLGFHSIELNEPPLVHTAASLFK,0
CYSAAKYPGFQEFINRKYKSSRF,1
LIRLSLDERIYVKLRSDRELRGKLHAFDQHLNMILGDVEETITTVEIDDETYEEIVRTT,0
APLRIECYDISHLQGDDVVASMVVFEDGLARKS,0
KDGKRFASGSADKSIII,0
GGLRSLGRKILRAWKKYGPIIVPIIRIG,1
AVTCNTVVSSLAPCVPFFAGSAAQPTAACCNGVRSLNSAARTTPDRRTACNCIKSSASSIGLNYNKAAKLPSRCTVNVTVPISPSVNCAT,1
EVISLKIEDVNLASGYIVVRSG,0
QVCPHHRSQRCGCRKPRPGLVLDW,0
SSLSQIPSAIPSMPHQPTILLNTVSASASPCLHPGAQNIPSPTGLPRCRSGSHTIGPFSSFQ,0
GSTWRVFVNAVTKKKNPDSL,0
FLPILGNLLSGLL,1
MLCKLSMFGAVLGVPACAIDCLPMGKTGGSCEGGVCGCRKLTFKILWDKKFG,1
PGCSKTHLPGFVEQADALKAK,0
NVILGSAQEFLKPSD,0
VLDGRGQAAIDELIDAVKFTPALTGPQAQLGGAVVCKPPGD,0
GALRGCWTKSYPPKPCK,1
TPVVRKGRCSCISTNQGTIHLQSLKDLKQFAPSPSCEKIEIIATLKNGVQTCLNPDSADVKELIKKWEKQVSQKKKQKNGKKHQKKKVLKVRKSQRSRQKKTT,1
SLLSLIRKLIT,1
LKIPGFVKDTLKKVAKGIFSAVAGAMTPS,1
GMNVHIIDKDPNNFVSELQDISKAPKP,0
SGSHDTTLRLTHWPSGNGLSVGTGHEFPIE,0
CKADSSHAHCQIVNDCCNTPSPVHATC,0
GICACRRRFCPNSERFSGYCRVNGARYVRCCSRR,1
FFPMLAGVAARVVPKVICLITKKC,1
ALFSILRGLKKLGNMGQAFVNCKIYKKC,1
TGELEEEGREKVTYEGYAPHGVAVFVEGETENINR,0
VGRFRRLRKKTRKRLKKIGKVLKWIPPIVGSIPLGCG,1
GVDSNPEDGEQSLLTDQQSIPKRNLPAHGGQNQLDTSEISLPVLKEHLLSEIQKNISEESPLTHRKW,0
KEEQEWEALEYQGRKAHRRYE,0
PFGISLTAIQDVLRTFGGVAHRTEYIGEFAGRKVYNDSKATNNVATEAALSGFQS,0
LSIGYVFVYKGS,0
WDVTSNIFAIMNCDKMCVVV,0
SSFGIHREMLGDKVRTEAYRDALL,0
VHISHREARGPSFRICVGFLGPRWARGCSTGN,1
GLPWILLRWLFFRG,1
QSGFGGQTKPIFRKKAKTTKKVALKFDCTTCKTKRVIPIKR,0
VQAWGKVLDARSRNMSIPDTWAVDKNGVPTTDPFAVHALLPAAGPKGYGLMMMIDVLSGVLLGLPFGRQ,0
SAKTQEPSSDRSSVSKKEL,0
GNGVIKTVSHECKMNTWQFLFTCCS,1
PTMFKREDYKLTIHDIAFSKWRNLIRHNDWK,0
CSSPCYPGHGIMFVRNDAKEFRFCRSK,0
ISQSDAILSAIWSGIKSLF,1
ASVNQTEMDDLWRQIEALK,0
MPVDLSKWSGPLSLQEVDERPQHPLQVKYGGAEVDELGKVLTPTQVKNRPTSITWDGLDPGKLYTLVLTDPDAPSRKDPKYREWHHFLV,0
AAFRGCWTKNYSPKPCL,1
EHSLPTEIELSEIRKSYNIFAMSHR,0
ELTEFKPASEVQEPNEVKMSSGAHAGLQSAEQVAEQ,0
VAFCYGIAYSKLSEETKF,0
FYCKGTNKRMRDLARWPMEN,0
GLFDIVKKIAGHIAGSI,1
QSFQAAGVLIS,0
ILKSYYSRFDRIMWIDTLGTFNPAALPLPCLEKTMLVRSFDAQGLKDAVDELESNLKSSEDQAYALCIDSFSNPIGLLMAQGNISFAHAFMMTLGRKCRILTRKFRLAVYLSTSLVYIKQLHL,0
AANFGPSVFTPEVHETWQKFLNVVVAALGKQYH,1
LWSDLRRRAEAQTRPVRAPIAGS,0
RLFRHAFKAVLRL,1
GMASKAGSVLGKITKIALGAL,1
SLAAKIASSAATLYD,0
FQSHSLPTPADERNLLQQIDCGTSCSARCRLSSRPRLCKRACGTCCARCNCVPSGTAGNLDECPCYANMTTHGNKRKCP,1
MDAPDGAVVGYAL,0
LRHKVYGYCVLGP,1
KCNQLFELLQDLVDHVNDHHV,0
GKWGWIYITILFADVGGFKSSRHPEERRVQERRFKRITRGPD,1
HHLFGKVGREIERSAHKVGHKLEHVRHEVSKTAKKVDKVVGHIKTAKKVVAAAGAIAGVVAAA,1
LVLRNRIRNNQTISNHQ,0
HPGLGNSIAAGKAILLEDIIEM,0
GKYGPGSLVCK,0
VTCELLMFGGVVGDSACAANCLSMGKAGGSCNGGLCDCRKTTFKELWDKRFG,1
GLLNGLALRLGKRALKKIIKRLCR,1
GIFNVFKGALKTAGKHVAGSLLNQLKCKVSGEC,1
KSYGNGVHCNKKKCWVDWGSAISTIGNNSAANWATGGAAGWKS,1
QSHLSLCRYCCNCCRNKGCGYCCKF,1
GIFALIKTAAKFVGKNLLKQAGKAGLEHLACKANNQC,1
IAETSEIDRATITPESHTIDDLGIDSLD,0
VHEEAFDDFLRYKTRIPVRGAIMLDMSMQQCVLVKGWKA,0
GLLSGTSVRGSI,1
KIFPMGDRLYIGLAGLATD,0
LDELPPSMNHHQHPSKHVS,0
RWKIFKKIEKVGRNVRDGIIKAGPAVAVVGQAATVVK,1
GIKDWIKGAAKKLIKTVASNIANQ,1
IELNKIKTIYSHPQPFQQCSDFIKKFPEWKIK,0
GLGSLLGKAFKIGLKTVGKMMGGAPREQ,1
QVTKTEKEAKLISSKRQDLKKYESSKNVKKVTMLNLYDSIKEGALKELKIIL,0
TSQSSQSDSKSAFVQELISLIQDG,0
ADKPSWDTNESSTINIPSTSSN,0
HHNNNNSSNAGIVGGLNGSTSSLPTQ,0
GRNTFIVVALDEICWLLNLR,0
AIGSILGALAKGLPTLISWIKNR,1
RHCLSQSHRFKGMCVSSNNCANVCRTESFPDGECKSHGLERKCFCKKVC,1
NDACIVFAQLHQKQGSPIRVGLQRHRDGQIDVRIQGQRA,0
PLVEIKEPSKVIAQSTEEALRVGAVHGYRGMVQYLIEKIKEELGLLQKFIVVATGGGSRLV,0
ISALFSTYPRDTTDLHMLDRLAAGLVTLPTSTYDLILVLTDP,0
KKKKPLFGLFFGLF,1
VPLQGKKKCVIVLCHG,0
GLFDVVKGVLKGVGKNVAGSLLEQLKCKLSGGC,1
KPYCSCKWRCGIGEEEKGICHKFPIVTYVCCRRP,1
NPLVIGLGEKENYIASDIPAFLSYTKRILVIKDGELGFITT,0
ENDHRMPYELNRPNNLSKGGAKCAAGILGAGLGAVGGGPGGFISAGISAVLGCM,1
SKEIAKCSEFKPYYLTKALQKLKD,0
DKVSAKRIIDFLSGTV,0
EKIKGMVVTHGHEDHIGGI,0
MYDNETKLIRYVLHLRKDTEHMDHETQNF,0
VGLGKTGVSLAHFLTKHGAQVTV,0
FSHFLFSKNIDFNKRKPTGSEEDRGEQPKLPQKATPSQSTLPQP,0
TDHQMAQSACIGVSQDNAYASAIPRDCHGGKTCEGICADATATMDRYSDTGGPLSIARCVNAFHFYKRRGEENVSYKPFVVSWKYGVAGCFYTHCGPNFCCCIS,1
LEFLHVKPGKGAAFVR,0
ALAEVGRGLELGSFIRLGRGEEGTGGRDKASILADTLEAVIGAVYLDQGLDAASELVHRLFDPLIEKSSNLGAGLDWKTSLQELTATEGLGVPEYL,0
YIQKQLKKYDAHIDAFYYCPHHPI,0
LFCKRGTCHFGRCPSHLIKVGSCFGFRSCCKWPWDA,1
EGYLKKTKDWNIKLAEEIAKRENITLSSDHWKVIIFVRKF,0
SLLGTVKDLLIGAGKSAAQSVLKGLSGKLSKDC,1
VCGSPHAQVAYVSDAGTPGVSDPGAVLVRAVRDAGHTVVPIPGASALTTLLSVAGVRDKTVLFEGFLSPHPGRRRARLVQLCAQRVAFVLYESPY,0
RRAAVVLIVIRR,1
SDCNINSNTAADVILCFNQVGSCALCSPTLVGGPVP,1
QFLASMLDILIRQLAWPEDTEWEAPGNEDELDEDIAAFKNFRGSCRSFIESIAQIDKSLHTEV,0
LKNVVFAADLSNA,0
GLISGILGVGKKLVCGLSGLC,1
RCVCRRGVCRCVCRRGVC,1
GLPICGETCFKTKCYTKGCSCSYPVCKRN,1
IIGPVLGLVGKPLESLLE,1
LKAQAADPNSELGIVI,0
SFIDIPPQHLKTYVRSFSSLKRCGGYCVQDGGGLIIKQIEGCVYNIQGLPIKTL,0
FALGAVTKRLPSLFCLITRKC,1
RTTMLFSATLPQDIEKLSRQYMQNPEHIEVKAAGLTTR,0
WPKRLTKAHWFEIQHIQPSPLQCNRAMSGINNYTQHCKHQNTFLHDSFQNVAAVCDLLSIVCKNRRHNCHQSSKPVNMTDCRLTSGKYPQCRYSAAAQYKFFIVACDPPQKSDPPYKLVPVHLDSIL,1
KTCENLANTYRGPCFTTGSCDDHCKNKEHLRSGRCRDDFRCWCTRNC,1
LGTAGPLKLAEKILKKDNTPIFVLNSDVICEYPLRDLLEFHTAHGGEATIVATKVDEPSKYGVIVHDRDVPNLIERFV,0
GVLDTLKNVAIGVAKGAGTGVLKALLCQLDKSC,1
EVERKHPLGGSRPGRCPTVPPGTFGHCACLCTGDASEPKGQKCCSN,1
DKGSLEGAHVWKEQQLADLSRQILSGLAYLHSRHIVHR,0
LKEEGIRPTINAAITIDKLSKVADSIIAIDNNKLKESGDDISSAYEK,0
STCAREGSTCCCTNCRCLKSECLPGCKKLCCADAEKGKCGNAGCK,0
KINNPVSCLRKGGRCWNRCIGNTRQIGSCGVPFLKCCKRK,1
CVHWQTNTARTSCIGP,1
SLWETIKNAGKGFILNILDKIRCKVAGGCKT,1
SFLDTLKNLAISAAKGAGQSVLSTLSCKLSKTC,1
ISCIMQEKDVDGNVERVYACCAALRHFMIPVSSRAHFAPTAILLQEKLASSRFTQLHYISASMIRLSM,0
AYPGNGVHCGKYSCTVDKQTAIGNIGNNAA,1
ALEEEMKEIHALSIKKAQTP,0
HARNKRRPYSTTPPISLNIPSSPFIHSEFSLNSSSSESS,0
NFGLYRDRVGALIVCAQNAEKLTDLRSQLAFLARNLWSTPPAHGAEVVAAILGDSELKGLWQEEVEGMRSRIASLRIGLVEALAPHGLAERFAHVGAQRGM,0
YPSKPDNPGEDAPAEDMARYYSALRHYINLITRQRY,1
RYDRAHSNPDFLPVDNCLQSVLGQRVDL,0
WWDIFDVMPSPGQ,0
KDSETQRVPSAPDF,0
GDAECASSTHTPTMSGCKLP,0
DSPAHHAETLSTVQLA,0
KPNMHQNVLHNDRSADNLNHRYQVPPTLVDSNSAQGTLSPET,0
RCATVVAVDEDYVIPANSEGVILAAVAGGDYACARARVVDYDFAT,0
EGGGPQWAVGHFM,1
SSRRPCRGRSCGPRLRGGYTLIGRPVKNQNRPKYMWV,1
QTRLKRTPRLRFEPDPTVERVTRIQRTLREVSGEDGD,0
GPTILKPRTPTLDRMALMTETQLQCGIIQTFIEDFHYIFSE,0
FSTKTRNWFSEHFKKVKEKLKDTFA,1
GIRNTVCFMQRGHCRLFMCRSGERKGDICSDPWNRCCVSSSIKNR,1
HRITLVRGNHESRQITQVYG,0
FLKPLFNAALKLLP,1
ELIDRCIGSKIWVIMKGDKELVGILKGFDVY,0
FVLAPVTVSPEGEVEDENQPPVRLPWEAVRRATRMYIFKKPQKPGKK,0
EASYLRDHKQELTEELAGTILQRIIRKQKDKAELRAEEEEPEWPRSQSGSVKARGEGTTAPPGRHKARATFRRSQSAFSFTM,0
VQKDTAIIRLHPSI,0
HAEHKVKIGVEQKYGQFPQGTEVTYTCSGNYFLM,1
DAECEICKFVIQQVEAFIESNHSQAEIQKELNKLCSSVPSITQTCLSIARMVPYIIKKLEEHNSPGQVCQGLHLCKSS,1
CVISAGWNHKIRCKLTGNC,1
PLIQRKDTEREEKFSPATP,0
PKRKSATKGDEPARRSARLSARPVPKPAAKPKKAAAPKKAVKGKKAAENGDAKAEAKVQAAGDGAGNAK,1
NRLSCHRNKGVCVPSRCPRHMRQIGTCRGPPVKCCRKK,1
ELAPVAIKAGEILARRLFKDSDEIMDYSYIPTSIYTPIEYGACGYSEEKAYEL,0
RGGRLCYCRRRFCVCVGR,1
GWKKWLRKGAKHLGQAAIKGLAS,1
ANKCIIDCMKVKTTCGDECKGAGFKTGGCALPPDIMKCCHNC,1
VPIPDGTCFAGDVDHDNQTGLNNKAI,0
PASDSLISPSDLGAFLQQKIKC,0
RFGKTLEKKFNFDLEDIKLHSS,0
GLGKAQCAALWLQCASGGTIGCGGGAVACQNYRQFCR,1
HYGVVDYLIKPFQASRFEEALTGWRQKKMALEKHQYYDQAELDQLIHGSSSNEQDPRRLPKGLTPQTLRTLCQWIDAHQDYEFSTDELANEVNISRVSCRKYLIWLVNCHIL,0
DNSEEGQALKQSKAQAKLAEEQSGLGGVESAFKPIDPAPAMTPAASK,0
QLFNPMKSGSSADEDE,0
SEVGGDTVWAEASRE,0
ELEECSNITRFSDVIKFDANRHVYYFAHL,0
NGLKIPSALLSDESEEQNYLEVKVEGGL,0
ADTLACRQSHQSCSFVACRAPSVDIGTCRGGKLKCCKWAPSS,1
YESVQLEKTWKEKFAIVARLLPSFISLPLSKRILIIG,0
CYLLSDSKNKKSWLIDPAEPPEVLPEL,0
SAIGAKYNKTAAQVILRWNIQKNLITIPKSV,0
MQFITDLIKKAVDFFKGLFGNK,1
VDWQTVYFRDLSREEIERYIELEKPYDCVG,0
ATTQSSVSRWLRKIQAVKVAGERGAR,0
GLLGTLGNLLNGLGL,1
GILLDKLKNFAKTAGKGVLQSLLNTASCKLSGQC,1
GGLKKLGKKLEGVGKRVFKASEKALPVLTGYKAIG,1
FNRGGYNFGKSVRHVVDAIGSVAGILKSIR,1
KALLKEERFGSQGDIVEALKNEGFDNINQS,0
FLPVLAGIAAKVVPALFCKITKKC,1
GKCNVLCQLKQKLRSIGSGSHIGSVVLPRG,1
DVFEVPRMGYKSQFCV,0
MPYSGLFMPLGGWI,0
VYTAGKTTKPEH,0
MSGRGKGGKVKGKSKSRSSRAGLQFPVGRIHRLLRKGNYAERVGAGAPVYLAAVMEYLAAEVLELAGNAARDNKKTRIVPRHLQLAIRNDEELNKLLSGVTIAQGGVLPNIQAVLLPKKTEKK,1
DPELIPKLMSSG,0
GGYYCPFFQDKCHRHCRSFGRKAGYCGGFLKKTCICV,1
MNEIALMPSPPSRNEQPAFCVNWCPSRWREQYIAVGCMNDAYIY,0
FFSASCVPGADKGQFPNLCRLCAGTGENKCA,1
LDVKKIICVACKIKPNPACKKICPK,1
VSFPWSCAALSGVCRQGACLPSELYFGPLGCGKGSLCCVSYFL,1
YLENTAEILVTTAYPEAGSFDGETVSPEHW,0
RQLIGDNFLVSPSSYEEPPQPDLAPEELLIRHSIGKA,0
FLPVIAGVLSKLF,1
LITRKLWEGSTECLVVFPDGVGILPWMVPGPDEIGQATAQEMQKHSLVLWPFHG,0
NLTPITSPQHSEPSSILNKDAIKSQ,0
AKAWGIPPHVIPQIVPVRIRPLCGNV,1
LIQRGRFGRFLGRIRRFRPRINFDIRARGSIRLG,1
RRTCRCRFGRCFRRESYSGSCNINGRIFSLCCR,1
KYLKEVLRIKFTEESRIKKLHKLL,0
GILDSLKNLAKNAGQILLNKASCKLSGQC,1
SKYLAGDFVSLADLAHLPFTDYLVGPIGKAYMIKD,0
FTCNSYACKAHCILQGHKSGSCARINLCKCQR,1
ISNIHNICAPLSPSIQSILYPAISCTILLPPSNVNLSQQWDQRRPKYSPFIKGITASFLEIPQIPNFVEGKIFCKEELIQR,0
EPNPDEFVGLM,1
AGANDLCQECEDIVHLLTKMTKEDAFQDTIRKFLEQECDILPLKLLVPRCRQVLDVYLPLVIDYFQGQIKPKAICSHVGLC,1
GIFTKINKKKAKTGVFNIIKTIGKEAGMDVIRAGIDTISCKIKGEC,1
FFPIVGKLLFGLSGLL,1
STPVLASVAVSMELLPTASVLYSDVAGCFKYSAKHHC,1
GLFSVVTGVLKAVGKNVAKNVGGSLLEQLKCKKISGGC,1
KPKDMTSSQWFKTQHVQPSPQACNSAMSIINKYTERCKDLNTFLHEPFSSVAITCQTPNIACKNSCKNCHQSHGPMSLTMGELTSGKYPNCRYKEKHLNTPYIVACDPPQQGDPGYPLVPVHLDKVV,1
TQGVHLWDLQDRVLVRKYQGVTQGFYTIHSCFGGHNEDFIASGSEDHKVYIWHKRSE,0
PIQVMMMGNVH,0
APAGLVAKFGRPIVKKYYKQIMQFIGEGSAINKIIPWIARMWRT,1
GLLSNVAGLLKQFAKGGVNAVLNPK,1
ILGPVLSLVGSALGGLIKKI,1
KRKCPKTPFDNTPGAWFAHLILGC,1
KSIGPTCPFAGSCEVS,0
GKNGVFKTISHECHLNTWAFLATCCS,1
GDINGEFTTSPACVYSVMVVSKASSAKCAAGASAVSGAILSAIRC,1
ANTLGSAAAQAVMQTA,0
LPGRNYTFWQWFDGVMEVLKKHL,0
NQPMFTDHGTFII,0
NPKIVTYNRKESFVLEILEDGEVISTLNVVKGETK,0
SGISGPLSCGRNGGVCIPIRCPVPMRQIGTCFGRPVKCCRSW,1
LFLLKKRSFYSKLIVFYQNALNFNFLNLFHKKKQLIRIFGNLPYN,0
YIGANHDPRSLPA,0
YPGPQAKEDSEGPSQGPASREK,1
GPDSCNHDRGLCRVGNCNPGEYLAKYCFEPVILCCKPLSPTPTKT,1
EPRDGSGGQNSNNSTVG,0
MFAMKTKAALAIWCPGYSETQINATQAMKKRRKRKVTTNKCLEQVSQLQGLWRRFNRPLLKQQ,1
GLLSALRKMIPHILSHIKK,1
FISQIISTAHI,1
GLSTVNIPSTTLAAFDAAAGGKTGVNLRGKNMVGTFHNPRMVLVEPGIVAG,0
FDGNGFRSKVNTPAIDD,0
KLDGLNEFFITKVIPLVFEIPFKPEYKFNVREGSCRVIASDL,0
GMASLLAKVLPHVVKLIK,1
TIHDPLRFRARGEKRFSVRGTPTDCVLVAVNHLMDRPPDLVVSGINRGGNLGEDVHYSGTVAAAMEGTLLGLRAIALSQVFETNGTGIADPFQV,0
FLKGCWTKWYSLKPKCPF,1
YLATEVGIRRILNAFDNKVNIFAGMIISREKLQN,0
GKWMSLLKHILK,1
QSCADSVFFCNSGAEANEAA,0
VTSKSLCTPGCITGVLMCLTQNSCVSCNSCIRC,1
TVEEEALLSGEVCLRRKVILKGD,0
LLAKPTDDSVEIAVGLMREVGLF,0
GIGGALLSAGKSALKGLAKGLAEHFAN,1
MPDLNFDNPKVREEVKKIAKFWIEKGVDGFRLDAAKHIYDDDSKNIQWWKEFY,0
DELQKEPQPLV,0
FIITGLVRGLTKLF,1
GMSGYIQGIPDFLKGYLHGISAANKHKKGRLGY,1
LKKSVKSAAIVAPENWG,0
FVDLKKIANIINSIF,1
GMWSKIKNAGKAAKAAAKAAGKAALGAVSEAM,1
SGGLDPAQARDAADAVR,0
KTVRMQEHLAKREQLDFMESMLSHGK,0
SYVKNLASKEDIQRI,0
AQKRLDEKTIKAYRIDLIQFYNEISISDPCKIASYDLEKYIEKMHLKYKPKSVRRKI,0
LPKGRLFEETVDLLLKRGIIEKRIEEGRKLILEE,0
TVKKMKFAPTHKYFASSDTDGKIFIF,0
FDPGTQPVAGLAAQGFHRVVISLHGRF,0
VKFHGPTQAAVEQVFMAQNPDSALK,0
EADEPLWLYKGDNIERAPTTADHPILPSIIDDVKLDPNRRYA,1
MDVFMKGLSKAKEGVVAAAEKTKQGVAEAAGKTKEGVLYVGSKTKEGVVHGVATVAEKTKEQVTNVGGAVVTGVTAVAQKTVEGAGSIAAATGFVKKDQLGKNEEGAPQEGILEDMPVDPDNEAYEMPSEEGYQDYEPEA,1
GATPEDLNQKLS,1
GFWSSALEGLKKFAKGGLEALTNPK,1
SVLDGVDAIAVACYSPTPLV,0
FLSIIAKVLGSLF,1
DVKGMKKAIKGILDCVIEKGYDKLAAKLKKVIQQLWE,1
FLGGLMKAFPALICAVTKKC,1
YSNRRDSNSFWEQKRRISFSEYNS,0
KWKLFKKIEKVGQNIRDGIIKAGPAVAVVGQATQIAK,1
LQREMQNNNDTAVSKGDSMKLS,0
HIDQFLIATFMQLRLAYNTHMADERLDKDDIVR,0
GLFSKFAGKGIVNFLIEGVE,1
GVLSVIKNALPGIMRF,1
DDTPSSRCGSGGWGPCLPIVDLLCIVHVTVGCSGGFGCCRIG,1
RCVCTRGFCRCVCTRGFC,1
GCSRWIIGIHGQICRD,1
GCASRCKAKCAGRRCKGWASASFRGRCYCKCFRC,1
VDKKETKNHNKQEFKYKELYEHELKKNKELQNINTLLKDKNQQLEEQISQLNQDFIKQLETKAKQAQQILEQKVNEL,0
GSSSTTTTSSLRKSS,0
SLGGVISGAKKVAKVAIPIGKAVLPVVAKLVG,1
GQTCLPMEEAFELPLDDCEV,0
QTLSSYIFHTNIVDDLNSLLTWMSPND,0
TSTRDFVAEYVSMVSILMTNLSKIAEDFVIWST,0
NLPEHVQTSVGAADPPPSDTSGRDPEP,0
QNERYEKFLRQHYDAKPNGRDDRYCESMMKERKLTSPCKDVNTFIHGTKKNIRAICGKKGSPYGENFRISNSPFQITTCTHSGASPRPPCGYRAFKDFRYIVIACEDGWPVHFDESFISP,1
NRAITHLMRSAKERVRQDPCQDNSYMQ,0
FLPIVGRLISGLL,1
GIGSLLAKAAKLGANLL,1
LLPILGNLLNGLL,1
KKLLKWLKKLL,1
GRVDMVVTNPPFHDRRQRTTDITRRLIAEAPTYLKPGGVLWLVANRELPYVQWLD,0
ILGIITSLLKSLGKK,1
GFWKKVGSAAWGGVKAAAKGAAVGGLNALAKHIQ,1
KKLFKKILKYL,1
ITPATPFTPAIITEITAAVIA,1
LDCQFITDHLASMGAIEITREDYLKRLKSAVSSYFTDKETGNWNTLDRLS,0
VGSRYLCTPGSCWKLVCFTTTVK,1
RDMAHEPGNGWTPKHFSRYAKKLAKS,0
AISLFAAEAKGISSPVSGNADILVVPDLESGNMLAKQLKYLGQAVMAGIVLGARVPIILTSRADPIDMRV,0
QRFIHPTYRPPPQPRRPVIMRA,1
ILGPVLSLVGNALGGLLKNE,1
GSASPASGAATP,0
FMPILSCSRFKRC,1
QKKPPRPPQWAVGHFM,1
QGDFYNVMGLPVSKLIDELEKMFNPE,0
WGWKEVVQNGQTIFSAGQKLGNMVGKIVPLPFG,1
LGAWLAGKVAGTVATYAWNRYV,1
YSRIADQCDFEEFVSFMTSGLSYILVVSQGSKHNPP,0
KVHGSLARAGKVRGQTPKVAKQEKKKKKTGRAKRRMQYNRRFVNVVPTFGKKKGPNANS,1
FIGPVLKMATSILPTAICKGFKKC,1
KYYGNGVSCNKNGCTVDWSKAIGIIGNNAAANLTTGGAAGWNKG,1
FTTFREILTRHKSLVTGYLATNFDYFFAQFNTFLVQSESYVTKRQSIKLLGEILLDRANYSVMMRYVESGENLKLCMKLLRDDRKMVQYEGFH,0
TKYYGNGVYCNSKKCWVDWGQASGCIGQTVVGGWLGGAIPGKC,1
SIGAKILGGVKTFFKGALKELASTYLQ,1
RIRGQIDALER,0
LDWKLDDNYAMYCLTE,0
KIGLALREQIIGTIPISETDVELDEVIYEGETIIF,0
RRSKVRICSRGKNCVSFNDEFIRDHSDGNRFA,1
KGGSGVIHTISHECNMNSWQFVFTCCS,1
RVSSLKEVSSRYDAPRWNQWKERKKRHDQHDEAI,0
CRKYLKKTNEDFELEGANPSAEGGD,0
QRPDATGHFSRRWAAKQAVFKA,0
FIHHIIGGLFSAGKAIHRLIRRRRR,1
PGGPGSAPPATCRYWCRTPQGQAYCCEGVDEPEGPVGVKIGSCPRVRPQCPPVRTFGPPSPCSNDFKCFGSDKCCYDICLEQHVCKPLSFFG,1
MQPWQEQCFRFGLKHEMTAVQRVSK,0
VTSWSLCTPGCTSPGGGSNCSFCC,1
IPHLDRHLAIPLLNHLSDIAIY,0
VTCNIGEWVCVAHCNSKSKKSGYCSRGVCYCTN,1
FLPGLIKAAVGVGSTILCKITKKC,1
QEFYGNCCLGHVKPMKIKGKRIESYRMQETDGDCHISAVVFLIKKKPSHVKQKTICANPQEAWVQELMAAVDSRNPKN,1
GFGCPNNYQCHRHCKSIPGRCGGYCGGWHRLPCTCYRCG,1
GINTLKKVIQGLHEVIKLVSNHE,1
CRWPALIECGVNLTQPLCEWMIQVARDRTLSLAWEVASLLTLSSSEVGLEGVGTIWPSSYSSEE,0
SEKQVTAKKQRVKKPKKE,0
DHYLCVKNEGICLYSSCPSYTKIEGTCYGGKAKCCK,1
LDLLTSPAEAEK,0
ELAVPQRGDKRS,0
RGEKKQDGEKLIRPAESVYRLDFIQQQKLQFDHWNVVLDKPG,0
GGALCTHGRDCRLV,0
FVFPNGYRRPRQ,0
GSKKPVPIIYCNRRTGKCQRM,1
LCHGLYGIFTPDQHLRFLEFYKKLC,0
LINETPSSFISYLDSLIPSLIK,0
EDPSLPSHLSLMDDEGESREDLDMPPDVALAT,0
GVFDIIKGAGKQLIAHAMGKIAEKVGLNKDGN,1
VITRQGRVEVLNDEDCREFPWHPKPVLELSDSNAVQLN,0
FFRHLFRGAKAIFRGARQGWRAHKVVSRYRNRDVPETDNNQEEP,1
PPTPAPQHSDLCLAMAVQTPVPTAAG,0
QKIAEKFSGTRRG,1
QIINNPITCMTNGAICWGPCPTAFRQIGNCGHFKVRCCKIR,1
IFGAIWKGISSLL,1
LTCNIDRSFCLAHCLLRGYKRGFCTVKKICVCRH,1
ISIISNTPYYITSEILFK,0
QMELVGHDFFLFYDKDTER,0
GVVTDLLKTAGKLLGNLFGSLSG,1
KTKQQFLIKAQTQLFKVFGYTL,1
LTCDLLSFEAKGFAANHSLCAAHCLAIGRKGGACQNGVCVCRR,1
CTFTLPGGGGVCTLTSECIC,1
EFTNVSCTTSKECWSVCQRLHNTSRGKCMNKKCRCYS,1
GALGHAEVHGLQAIVAGFPALRRMVGSNVAGASLGAALDGMLTTAGIAGRWVQAARDEHGVR,0
IENDQLLLKAPDPIYQYWIEENYLSQLIGASFRILAKN,0
IWRESDLLVSECTAQQ,0
HSSGYTRPLPKPSRPIFIRPIGCDVCYGIPSSTARLCCFRYGDCCHR,1
IPCGESCVWIPCITAIAGCSCKNKVCYT,1
SLGVTLGAAGLYTATQTIATQIWKCGAVLTTSAECSRTGNSC,1
MKTILRFVAGYDIASHKKKTGGYPWERGKA,1
GFFSTVKNLATNVAGTVIDTLKCKVTGGCRS,1
NGRALLERQNKELKAKLAEIETAQRTKVKATI,0
ILGWTKNPQYSF,0
KVNANAIKKGGKAIGKGFKVISAASTAHDVYEHIKNRRH,1
LFKLLGKIIHHVGNFVHGFSHVF,1
GVLDIFKDAAKQILAHAAEKQI,1
DSIRDVSPTFNKIRRWFDGLFK,1
RLKELITTGGQKIGEKIRRIGQRIKDFFKNLQPREEKS,1
FLIPRIARLDVGKNMTCI,0
GFGCPFNQYECHAHCSGVPGYKGGYCKGLFKQTCNCY,1
RCFTVKPTIPTTSFKI,0
AGDGRVTVVANGIQEIRSIKIDKE,0
LALSVVPTLTEFLAGFGDCCNQSDT,0
ERAVVQVEFSPPGARELE,0
SCTGQEMKQSSEADRRSPEGERRSPSS,0
PSAVPNGHTQLIHHD,0
FLRSEASDGAGETSDASSADFLL,0
VGIGTPIFSYGGGAGHVPEYF,1
RVRDQLQGLDQLTADQKMSLPDSSVSRDVLALAC,0
LFCKGGSCHFGGCPSHLIKVGSCFGFRSCCKWPWNA,1
GFWTTAAEGLKKFAKAGLASILNPK,1
EPHPDEFVGLM,1
SKGKKANKDVELARG,1
MMIPDCHKRLE,0
GGGSRGGRGGGPRVGTRGPGM,0
TTPLCVGVIIGITASIKICK,1
RLASYSFRRVQ,0
SDDRRSTLTGAPAPTVR,0
DAGVRVALATDFNPGTSPTQNLNLVGLLARLE,0
IPWKLPATFRPVERPFSKPFCRKD,1
VLEKRDGTVLRLQQYSS,0
FLPIIAKVLSGLL,1
TDVAKSLRAKLAEEACIRAPRAIRDAVSVDGTRKWLLDVGS,0
LALDKNLPRTMS,0
KKKALSMEDRLL,0
EALEQLPRHNKSGKRVLLTSVYIGT,0
KLNSKPGPEGLPGMALGASRGEAYEPLAWNPEESTGGPHSAPPTAPSPFLFSETTAMKCRSPGCPFTLNVQHNGFCERCHNARQLHASHAPDH,0
AGQPHSSSDAAQA,0
WGHKLRSSWNKVKHAVKKGAGYASGACRVLGH,1
SSQEKSWLRANLMHQASQWWSSCHNSSMRGYQHGILHHHAFIKDGSLLLPTAFCS,0
RKGWFKAMKSIAKFIAKEKLKEHL,1
GLKDWVKIAGGWLKKKGPGILKAAMAAATQ,1
CVMNNKNMVIGTTGLSK,0
DELFEKNQKKKDDPNFVYDIEVE,0
VFDVTDQDAVIDGVAAIERDMGPIDILINNAGIQRRAPLEEFSRKDWDDLMSTNVNAVFFVGQAVARHMIPRGRGKIVNICSVQSELAR,0
KSCCRNTWARNCYNVCRLPGTISREICAKKCDCKIISGTTCPSDYPK,1
GFFGNTWKKIKGKADKIMLKKAVKIMVKKEGISKEEAQAKVDAMSKKQIRLYLLKYYGKKALQKASEKL,1
GFGSLFKFLAKKVAKTVAKQAAKQGAKYIANKQTE,1
GLWQLIKDKIKDAATGFVTGIQS,1
GKLSGISKVLRAIAKFFKGVGKARKQFKEASDLDKNQ,1
FLGSLLGLVGKVVPTLFCKISKKC,1
SPKKTKPVKPKKVA,1
TPVSPQQLKQIQ,0
CRQSCSFGPLTFVCDGNTK,1
ILPIRSLIKKLL,1
SWGFKSDNVMKCQEQEEQQ,0
VSAAKLEAMGLRTCGDVQKCDLVILLKRFGK,0
RKSSEDCGGEFVGLEKPAGAAVLDFVEAC,0
GILKKFMLHRGTKVYKMRTLSKRSH,1
RVCFAIPLPICH,1
LDFLAGIAVNSLGYAHPKWVKAVADQAAKVA,0
GIFLKVLGVGKKVLCGVSGLC,1
NRSDKYIWSPHDAYFYKGLSELIVDIDRLIYLSLEKIRKDFVFINLNTDSLTEFINRDNEWLSAVKGKQVVLIAARKSEALANYWYYNSNIRGVVYAGLSRDIRKELAYVINGRFLRKDIKKDKITDR,0
LAHTVMSRIEDVLYADQLTQEPTNNAPSKNRYSLKENE,0
VKEVISSASSLLGDITTSDCDIR,0
GVFTLIKGATQLIGKTLGKELGKTGLELMACKITNQC,1
MGYGDIMKVDTSGASMKTAGQDRLTYAGVAASNTMAQTDLGRMNNYKAIIQRVGGKKDVDPAIIAGIISRESRAGNVLVNGWGDNGNAWGLMQVDKRYHTPQGGWNSEEHLSQGTDIISFIKQVQGKFPSWTAEQQLKGGIAAYNIGLGGVQTYERMDVGTTGDDYSSDVVARAQWYKSQGGF,1
VTCDLLSLQIKGIAINDSACAAHCLAMRRKGGSCKQGVCVCRN,1
SRRGSWDSLPDTSSTDRLDSVSIGSFLDTVAP,0
GSIELACLVEMVDGIVDIVQTGTTLKSNGLVEKDTI,0
KEASIKVLINALVIAQWNIFNIKNGWAGLV,0
KWCFRVCYRGICYRKCR,1
AVAGEKLWLLPHLLKMLLTPTP,1
TILQLGQGLINLE,0
TVLRLKVNDGLRLFNGTDGEFLAQINDIGKNNLSVRLKEQLKKPYTKSTLTLAVAIIKQDKLMLAINMATQLGITKIIPLITRWCQFRSVNIERLTKCVIEATEQSERLTPPIIEKAITIQDYLKKNNNLMLYANEHEKEENSILRISS,0
IIGAIAAALPHVINAIKNTF,1
GKIPVKAIKKGGQIIGKALRGINIASTAHDIISQFKPKKKKNH,1
KTLLQSGHQYLDVRTQDEFRRGHCEAAKIVNIPYMLNTPQGRVKNQEFLEQVSSLLNPADDI,0
GIMSSLMKKLAAHIAK,1
DWTAWSALVAAACSVELL,1
SASDIGVFEMNEAFAAQILPCIKDLGL,0
PCTKQLHLTLAHKFYPHHQRTLEQLARAIPLGHSCQW,0
RLQEDIYRAHNKNSYDEGR,0
DGIEYNKQVTEPEND,0
IPRPLDPCIAQNGRCFTGICRYPYFWIGTCRNGKSCCRRR,1
FLPFLAGLFGKIF,1
SDPNVCHSYLSQSSFCHCDDMHN,0
PATAQGRRVGFAVAGIP,0
GFKDLLKGAAKALVKTVLF,1
GFMKYIGPLIPHAVKAISDLI,1
EDVQGFPEKCEDVADILNAEAY,0
VLLFLFQAAPGSADAPFADTAACRSQGNFCRAGACPPTFAASGSCHGGLLNCCAK,1
YCERMMKRRSLTSPCKDVNTFIHGNKSNIKAICGANGSPYRENLRMSKSPFQVTTCKHTGGSPRPPCQYRASAGFRHVVIACENGLPVHFDESFFSL,1
GLFDIIKKIAESI,1
SEMWNEVHEEKEQAAKQSVSCDECIPLPRAGHCAPSEAIE,0
NSVRNVSSDRQTSKTSENPPHTSNEYSGKPEFINLSPDLEENLD,0
SSMKLSFRARAYGFRGPGPQL,1
GFLGILFHGVHHGRKKALHMNSERRS,1
CVHWMTNTARTACIAP,1
KSTVGQKLKKKLNQAVDKVKEVLNKSEYMCPVVSSFCKQHCARLGKSGQCDLLECICS,1
IVMGGLLPTEIKFGIVK,0
ILGAIIPLVSGLLSHL,1
SFPFFPPGICKRLKRC,1
PVCDDGSGNAMTAVVDRFVEELRAAFPDLRVERVD,0
MQFIRNRAGEQQLDIGDEGTKV,0
TNYGNGVGVPDAIMAGIIKLIFIFNIRQGYNFGKKAT,1
VFIDILDKMENAIHKAAQAGIGIAKPIEKMILPK,1
FRFGSFLKKVWKSKLAKKLRSKGKQLLKDYANKVLNGPEEEAAAPAE,1
HDKQVHHTHEGSIGNLCN,0
FDKGYIRAEYDVRPDDWYFPCHFQGNPI,0
KVVKFAVRTYNDMDNDLYLSKPIRLMSASQQVVAG,0
LQRKVSSLSQQ,0
MGEIVKRTKEAMIIMITNPLDVATYVVSTQFDYPRNLILGTGTMLETYRFRRILADKYQVDPKNINGYVLGEHGNAAFVAWSTTGCAGFPIDDLDEYFHRTEKLSHEAVEQELVQVAYDVINKKGFTNTGIAMAACRFIKSVLYDEHTILPCSAVLEGEYGIKDVALSIPRMVCA,0
IFGSIYHRKCVVKNRCETVSGHKTCKDLTCCRAVIFRHERPEVCRPQT,1
SPAIWGCDSFLGYCRLACFAHEASVGQKECAEGMLCCIPNV,1
ILPFVAGVAAMEMEHVYCAASKKC,1
LLPIVGNLLKSLL,1
IVPFLLGMVPKLVCLITKKC,1
VEHYCLFTTSG,0
HRHQGPIFDTRPSPFNPNQPRPGPIY,1
YGIENETEISLFN,0
ATYYGNGLYCNKEKCWVDWNQAKGEIGKIIVNGWVNHGPWAPRR,1
GVVDILKGAGKDLLAHALSKLSEKV,1
GFVDLAKKVVGGIRNALGI,1
FLPAIIGMAAKVLPAFLCKITKKC,1
GLRKKFRKTRKRIQKLGRKIGKTGRKVWKAWREYGQIPYPCRI,1
DFDLQAASFSADKEQMRNPRVVRV,0
CKQSCSFGPFTFVCDGNTK,1
VKTYKVVEDPTTDGVISWNEYGTGFVVWQPAEFARDLLPTLFKHCNFSSFV,0
WNPFKKIAHRHCYPKNECITTNGKKTCKDYSCCQIVLFGKKTRSACTVVAQ,1
DRCSQQCQHHRDPDRKQQCMRECRRHQGRSD,1
KSIEKEFNYNHIIKFSSIIRDAKKHMNESSE,0
CTLGSEWIQEAGVLLNLTQNC,0
RILTMTKRVKMPQLYKQIVCRLFKTC,1
VKIISSFMIMDTLCTARNVDFCFGHNGILFFADCSVVVNPNSLELAEIALQSAKSFKDILNAKPKVALLSFSTKGSSSAKETEK,0
AASKLKTGKSPLSIVTDKTTASLTYKM,0
TIQELKGNIRVFCRVRPPLGDGESAQIAFPD,0
GTMLFTNPLIQRTPLAFKKLKPHHP,0
GNNRPVYIPQPRPPHPRI,1
GLLLDTLKGAAKDIAGIALEKLKCKITGCKP,1
GFGCPEDEYECHNHCKNSVGCRGGYCDAGTLRQRCTCYGCNQKGRSIQE,1
GMATKAGTAFGKAAKAIIGAAL,1
AFKLLGRIIHHVGNFVYGFSHVF,1
NSSGVKSAPLMLKKWIELEKIDSAKHSILISGLIKK,0
FFPLIPGVRCKILRTC,1
RWKVFKKIEKVGRHIRDGVIKAGPAITVVGQATAL,1
SAEDMAFREGHPWKKIPPNSSNLEVSRQKERTAQQQ,0
SDSEHNKEVVKPYDWTYTTDYKGTLLGDNMKLNVIPTTDKINTEKLKAREQIMFFEEVLLFEDELHDHGVSSLSVKIRVMPTSFFLLLRYFLRVDGVLIRMN,0
GLWSTIKQKGKEAAIAAAKAAGQAALGAL,1
RFDFQDLMEEKIALLKMPEDLLTRSVNVGFSGGEKKRNDILQMAVLE,0
LVAYGIAQGTAEKVVSLINAGLTVGSIISILGGVTVGLSGVFTAVKAAIAKQGIKKAIQL,1
NRALNEVWYHFNIAGSLQTGTFVPSEPDGLKT,0
RTCESQSHRFKGPCARKANCASVCNTEGFPDGYCHGVRRRCMCTKPCP,1
GWLKKIGKKIERVGQHTRGLGIAQIAANVAATAR,1
TVLGAPPNPTSSHSAVLVNNEKILIIEKGVPLNDSIWFLEVDTPFVKQQSKIKGTVVVAWSKGVIGEGQKPIVISGPSGVGKGTLIAKLMKEYPSKFGFSVSHTTRAPREKEIDGVH,0
PDNEENCIDTLSLLSGNQHQVLTAIALVSHAGVKGQV,0
QCRRLCYKQRCVTYCRGR,1
GFGCPGDAYQCSEHCRALGGGRTGGYCAGPWYLGHPTCTCSF,1
QVVYENLLKLGVICDYRLPNFLRITPIPLYNSF,0
NAPIVVGRGGAGNIFFNKKKVA,0
REALDMVAPGDLTDCYAALSESPALARLLLHRFGRGEGLEGHTFGNLLLATLSEERGGLGTAMQDIHEILKVRGRVYPATTRPVTLVAELADGRTIRGES,0
AVLAFSEHHDSALHSYFL,0
CCEMKRLYVRPESRGLKLGVLLVKEIIQ,0
VSELLQGGTSRKPSDPAPKVM,0
FFSALLSGIKSLF,1
RLLRHISGTEPLEITCIHAEETFQVTGQQIISAAE,0
GLLDTFKNMAINAAHGAGVSVLNALSCKLKKTC,1
PAELVENKEVMSF,0
KERSEYLQRWKEEQQRSKSLDDNDEKQQQDQEQEREEVKYR,0
WPEIAQQGGAFYDPMCGSGTFL,0
KLKNFAKGVAQSLLNKASCKLSGQC,1
CVWGGDCTDFLGCGTAWICV,1
PSCYRKNPQHKIEYRH,0
AATKPKKAGAEAAPKKPAKKQTKKKPAKKAGGKKKPKRAGAKKAKK,1
GNSIFLLKNEDKPSSSSSSLSWLTSGSPKPTSISNKR,0
DSHAKRHHGYKRKFHEKHHSHRGYRSNYLYDN,1
DDVIPKHESIKSDDSHNIQVYVKRSSMEP,0
FLSAITSILGKFF,1
FFSLIPSLVGGLISAFK,1
NRGHQARINNNVVVGTFLGQDINFGQSSVNQGWQVAFKNALASAGINIFFMPTWPLDASTIYQTYPVADGFCKWNCWPYYTSSPTS,0
DISFGDAHISNKHCNFFVNKNNASFEDMN,0
GIMDTVKGVAKTVAASLLDKLKCKITGC,1
SLQPGAPNVNNKDQPWQVSPHISRDDSGNTRTDINVQRHGENNDFEAGWSKVVRGPNKAKPTWHIGGTHRW,1
LLPGATSLYYWEGKLEQEYEVQMILKTTVSHQQALLECLKSHHPYQTPELLVLPVT,0
TAPQYEGKIGEQEYFDKGV,0
CVVSSGWKWNYKIRCKLTGNC,1
GLFRRLRDSIRRGQQKILEKARRIGERIKDIFRG,1
AAWLIDKAGFTKGYGTGP,0
RVCYAIPLPICY,1
QLPICGETCVLGGCYTPNCRCQYPICVR,1
ILGPILGLVSNALGGLL,1
AYQQASKHGEVMIEQWVTGKEITVAIVNNDVY,0
HHQELCTKGDDALVTELECIRLRISPETNAAFDNAVQQLNCLNRACAYRKMCATNNLEQAMSVYFTNEQIKEIHDAATACDPEAHHEHDH,1
KYYGNGVSCNKKGCSVDWGKAIGIIGNNSAANLATGGAAGWSK,1
GLFSKFVGKGIKNFLIKGVKHIGKEVGMDVIRVGIDVAGCKIKGVC,1
FQIVSAVSCIHKAGILHRDIKTLNIFLTKANLIKLGDYGLAKKLNSEYSMAETLVGTPYYMSPELCQGVKYNFKSDIWAVGCVIF,0
SLQSTVRDCYDFLAAAGCLRPITSLRDKDMLVN,0
PGTSGGLGQSELR,0
QENDVPVIVVSSGMKPIIKVLLT,0
LIVLDDIDNKDHY,0
QHVPVVQAANFSLGIALLHWLLPELVARLPTWDVELIERHHRHKRDAPSGTALALARTLLAAREPAPSPLVYGRGPGTAPRQPGEVGIHAVRAGG,0
GILSNVLGMGKKIVCGLSGLC,1
GLLDAIKDTAQNLFANVLDKIKCKFTKC,1
QWGRRCCGWGPGRRYCRRWC,1
GLMSVTKGVLKTAGKHIFKNVGGSLLDQAKCKISGQC,1
PVNASSQKNILKNINIIN,0
GLWNKIKEAASKAAGKAALGFVNEMV,1
KSCCRSTLGRNCYNLCRARGAQKLCAGVCRCKISSGLSCPKGFPK,1
NSLNLDSIIVDTSSISFE,0
LFLSEVFHQAMVDVNEEGTEAA,0
MTPFWRGVSLRPIGASCRDDSECITRLCRKRRCSLSVAQE,1
GFFSLIKGVAKIATKGLAKNLGKMGLDLVGCKISKEC,1
ILGEIWKGIKDIL,1
RYHMQCGYRGTFCTPGKCPYGNAYLGLCRPKYSCCRWL,1
GSGVIPTISHECHMNSFQFVFTCCS,1
GKGSWSKKIEVIA,1
FKCRRWQWRMKKLGAPSITCVRRAF,1
ATTAMSRPGQIMTTRDMNIECRGNGWVGRGARDCCSGRCRVLKSKRCKCIGNKPSF,1
ILPLVGNLLNDLL,1
NLVNFHRMIKLTTGKEAALSYGFYGCHCGVGGRGSPKDATDRCCVTHDCCYKRLEKRGCGTKFLSYKFSNSGSRITCAKQDSCRSQLCECDKAAATCFARNKTTYNKKYQYYSNKHCRGSTPRC,1
EKMLTLSGYQVR,0
QEIPVVQSIPHPCYNS,0
FFGRLKSMWRGARGGLKAYKYQKDMAKMNKRYGPNWQQGGGQEPPADAQANDQPP,1
KYGVKPIGTVAHEWVMGVASISEDYLHANKNAMDCW,0
SESSNESVPHGTHHSFILKINDGITISKKKWLPFEKNLLESSNNQV,0
INMKASAAVAKKLL,1
PDMRNRSILSIYKSDNFDHMVQSNSNKISRN,0
GLLSFLPKVIGVIGHLIHPPS,1
AAPRGGKGFFCKLFKDC,1
GFGCPLNQGACHRHCRSIRRRGGYCAGFFKQTCCYRN,1
DKLRFIIQSDFNDGMQVFCEIQRSLIFENFTIESLSDNEI,0
GPYGANMEDSVCCRDYVRYRLPLRVVKHFYWTSDSCPRPGVVLLTFRDKEICADPRVPWVKMILNKLSQ,1
FLPLIGKILGTIL,1
RGLLLSALSYLGFETYQVISQAAVVHATAKVEEILEQADYLYESGETEKLYQLLTQ,0
MTVGTTVDEAAYLLSLMERSCQIQLLIDSATKVGERK,0
AGFRKRFNKLVKKVKHTIKETANVSKDVAIVAGSGVAVGAAMG,1
GTNDAEDCCLSVTQKPIPGYIVRNFHYLLIKDGCRVPAVVFTTLRGRQLCAPPDQPWVERIIQRLQRTSAKMKRRSS,1
FLSFPTTKTYFPHFDLSHGSAQVKGHGAK,1
GEILCNLCTGLINTLENLLTTKGADKVKDYISSLCNKASGFIATLCTKVLDFGIDKLIQLIEDKVDANAICAKIHAC,1
NEQQKISKVEKTFGTLDSIGTEQDDCFDPDYSNLPLFPQENASPPLFRKASCNS,0
GVFSFLKTGAKLLGSTLLKMAGKAGAEHLACKATNQC,1
GGWLDIVKAIVVPAARETIKTQEITLLDHYCTLSRSPYIKSLELHYRAEVTCPGWTIIRGRGSNHRNPTNSGKDALKDFMTQAVAAGLVTKEEAAPWLN,1
TRTKLIQWYQSYTNILIGDYLTRNNPI,0
HPLKPVVLLGSNGLTEGVLAEIE,0
SPTCSVELQRWSHGNYTVLGDGLTSEENTLDLVYYLNAAEGAAVITYLAPDAEMPTAKAPTDGRRSDYDDEEEDDSVLLTITPVDNALNIVYRC,0
EGCTHVIVTTACGSLREEIQPGDIVIIDQFIDRTTM,0
RRWKIVVIRWRR,1
KWKIFKKIEHMGQNIRDGLIKAGPAVQVVGQAATIYKG,1
MRILYLLFSVLFLVLQVSPGLSLPQRDMFLCRIGSCHFGRCPIHLVRVGSCFGFRSCCKSPWDV,1
GVGDLIRKAVSVIKNIV,1
RITIPARIMQWIFAGEELGKEIYFVGAKDY,0
LTNINNDMFRLRLIVVVLQTCG,0
SLKAHIINRSNDEIAICFFNT,0
KTPEAFHDFFALFLTFGERESM,0
ATFGFVIYLDNRKIEGYGLAEKPFSINS,0
IKITTMLAKLGKVLAHV,1
ELTSETDFVSKNEEFKNFGEKIVNF,0
SLPHGCLLPSDLINSHWSTTSKPQQIRLCLSAES,0
SLQGGAPNFPQPSQQNGGWQVSPDLGRDDKGNTRGQIEIQNKGKDHDFNAGWGKVIRGPNKAKPTWHVGGTYRR,1
SPRVSRRYGRPFGGRPFVGGQFGGRPGCVCIRSPCPCANYG,1
DVYKGGGGGRYGGGRYGGGGGYGGGLGGGGLGGGGLGGGKGLGGGGLGGGGLGGGGLGGGGLGGGKGLGGGGLGGGGLGGGGLGGGGLGGGKGLGGGGLGGGGLGGGRGGGYGGGGGYGGGYGGGYGGGKYKG,1
RIQEEMSRSVVLEDLIPLEELEYVVGVDQAFISDEVVSCAVKLTFPELEVVDKAVRVEK,0
RRLRPRRPRLPRPRPRPRPRPRSLPLPRPQPRRIPRPILLPWRPPRPIPRPQIQPIPRWL,1
CLGENLALENGLKSAILGANSQEEIKNADVVCYNGFCSVHQLFKLEDIEFYRQKYPDILIAVHPECEPSVVSNADFSGSTSQIIEFVEKLSPNQKVAIGTESHLVNRLKAKRHHQNTFILSSTLALCPTMNETTLKDLFEVL,0
FEDQIVEALIKMSKIDYPEVMVETELDQ,0
GIGTKILGGVKTALKGALKELASTYAN,1
ALKAALLAILKIVRVIKK,1
LRPGGDVLLAVNGRPRGRLLCVDTSQALWAF,0
ATCDLFSFQSKWVTPNHAACAAHCTARGNRGGRCKKAVCHCRK,1
YWIGRAIGAQSLAQGEPQVSVGRDGRLSGPMLVEQLI,0
GLLDALSGILGL,1
QVGEVIGKLQTLDSLFGAQDSELR,0
EANLYEARRGEYMSIDAL,0
FLPVLGKVIKLVGGLL,1
AQSRYEGRQQFADVEEAAKQHLVERYIFLQKVLPAFKKHVLPLIPIYDERMLC,0
WNSNRRFRVGRPPVVGRPGCVCFRAPCPCSNY,1
MSPPKIDFVNYHRNH,0
IRWRIRVWVRRI,1
DKGRRRSKFVLHRRQCAN,1
HGLNPNAVKAMKE,0
ELVLNEETVAIGVSERTTAQAIER,0
FIGPVLKIAAGILPTAICKIFKKC,1
LYQFNPPLLNAETVTNILAKALTVFPSPAFSLSLALLPAYTQPYATSST,0
GAIKDALKGAAKTVAVELLKKAQCKLEKTC,1
SGLRELGEQPLGERIFG,0
RCRKLYEKFLEFGPEN,0
VVRVGGRVPVLAGTGLSGTAKT,0
VVSVAEEVQLQRLMLRDGLDEQA,0
FNKLKQGSSKRTCAKCFRKIMPSVHELDERRRGANRWAAGFRKCVSSICRY,1
FCTMIPIPRCY,1
MKLKYVKLKKYLEEVNERQKRALLRNQTFLNEFNEFEAHVKASSSELIEKMVRYGREIKSGLSFQE,0
PITYLDAILAAVRLLNQRISGPCILRLREAQPRPGWVGTLQRRREVSFLVEDGPCPPGVDCRSCEPGALQHCVGTVSIEQQPTAELRCRPLRPQ,1
NFLGTLVNLAKKIL,1
MAAFMKLIQFLATKGQKYVSLAWKHKGTILKWINAGQSFEWIYKQIKKLWA,1
SALVGCGTKSYPPKPCFGR,1
GPPFKFSASDRTHHKQGSFVRDVEFSPDSG,0
DKLIGSCVWGATNYTSDCNAECKRRGYKGGHCGSFWNVNCWCEE,1
FIGALLRPALKLLAGK,1
NLPIVERPVCKDSTRIRITDNMFCAGYKPDEGKRGDACEGDSGGPFVMKSPFNNRWYQMGIVSWGEGCDRDGKYGFYTHVFRLKKWIQKVIDQFGE,1
KSCCRSTQARNIYNAPRFAGGSRPLCALGSGCKIVDDKKTPPND,1
GVFGLLAKAALKGASKLIPHLLPSRQQ,1
GVIKSVLKGVAKTVALGML,1
KVPIGAIKKGGKIIKKGLGVIGAAGTAHEVYSHVKNRH,1
MSGRGKGGKGLGKGGAKRHRKVLRDNIQGITKPAIRRLARRGGVKRISGLIYEETRGVLKVFLENVIRDAVTYTEHAKRKTVTAMDVVYALKRQGRTLYGFGG,1
ALNHIKNDYCLVVACDMPFINKD,0
INWKKIASIGKEVLKAL,1
AYLSLKASVKIMIRSNESFTEILLTMIKSQKMTHC,0
VHRMIIAAVRLSTKLLEDF,0
TSQVIKVLNQKNTLVFLSRLLIPEAKIPQSVQEMALQAFFTLTDDNDDGIITWIQNSSDFAL,0
KGFKKIEKLGRHIRDGVVKAGPAVGVVGQASSIMG,1
FFPIVGKRLYGLL,1
VVKKGSWYSYEDQRLG,0
RSWSQVVVDFVPGVNILFGKNGLGKTNLVEAVEVLSTGSSHRTSSTLPLI,0
GFSSLFKAGAKYLLKSVGKAGAQQLACKAANNCA,1
SLFELGKMILQETGKNPAKSYGAYGCNCGVLGRGKPKDATDRCCYVHKCCYKKLTGCNPKKDRYSYSWKDKTIVCGENNSCLKELCECDKAVAICLRENLNTYNKKYRYYLKPLCKKADAC,1
FLPLLASLFSGLF,1
FLPVLTGLTPSIVPKLVCLLTKKC,1
VFCTCRGFLCGSGERASGSCTINGVRHTLCCRR,1
GGRPGRVKRKNAKKGQGG,0
AATAKKGAKKADAPAKPKKATKPKSPKKAAKKAGAKKGVKRAGKKGAKKTTKAKK,1
AIPWSIWWRLLFKG,1
NDAEKIRVPSWIANAGIEALFEGSDAGGSDIADQALPNVLLSLYRILPIDIRRIMSKLI,0
QEASDLFKDQLQKRQAKLSDLQGSYEKLMASAEPMS,0
SDFIVGFCGETDEDFQKSVKLIERC,0
GMASKAGSVLGKVAKVALKAAL,1
KRKKHRCRVYNNGMPTGMYRWC,1
SRITRALVQIVKGLK,0
YQACMARVNAWFLD,0
CIAKGNGCQPSGVQGNCCSGHCHKEPGWVAGYCK,1
IEGDALEVTLP,0
QGYQLQSQHFYKIITSYMPESFEQDAVQIA,0
DNSSAQVDIPL,0
FLPAVLRVAAKVGPAVFCAITQKC,1
LRLKSIVSYAKKVL,1
REVRNEVVGEMMRQHYVQAITQESLNPAGS,0
KPKGMTSSQWFKIQHMQPSPQACNSAMKNINKHTKRCKDLNTFLHEPFSSVAATCQTPKIACKNGDKNCHQSHGAVSLTMCKLTSGKYPNCRYKEKRQNKSYVVACKPPQKKDSQQFHLVPVHLDRVL,1
DNGYLLDKYTGCKVWCVINNESCNSECKIRGGYYGYCYFWKLACFCQGARKSELWNYNTNKCNGKL,1
HSTVVHSTSQPNLGATDSRRVSFEPSKNGASSAGHPSTSAYPTKSIGPPPRV,0
QTCPRMIATNEYEY,0
GVLSAFKNALPGIMKIIV,1
FLPGLIAGIAKML,1
TLLVTYYGEEYAVQLTLQVLRAINQRLLAEELHRAAI,0
SGGTRLVHSREMKVIERYSELGPDGKD,0
AAGAGNFEITMGKLRCLHALGEWDRLSQLAQENWIHAGHDAR,0
GLWDTIKQAGKKFFLNVLDKIRCKVAGGCRT,1
GRKSNSLMNLCGPKLYKQPAAKSNRGIILNAVEYCVF,0
FILPLIASFLSKFL,1
ITDLLPVADSLIHGLESPASEDPQVKSMRDGMS,0
VDEANARGEAVGVHCALGFGRTGTMLACY,0
DGILTRGGTILGTSREKPFKPDPGEKDSEAGSRKVEAIIENYHK,0
PCNAGSSVGVMRAETEEELEKAIQNA,0
GFWDSVKEGLKNAAVTILNKIKCKISECPPA,1
SNDSLWYGVGQEMGKQANCITNHPVKHMIIPGYCSKILG,1
GFGCPFDQGACHRHCQSIGRRGGYCAGFIKQTCTCYHN,1
IASAKLGKSVAIVERGRMLGGVCVN,0
GFKGAFKNVMFGIAKSAGKSALNALACKIDKSC,1
NALSSPRNKCDRASSCFG,1
HGIRHIFTIDGAQRITSVDQFEDGGGYVCSSTDAFKP,0
KCSWWNASCHLGNNGKICTVSHECAAGCNL,1
RILGLLQTYFRKYPDTPVSYF,0
ISLEICAIFHDN,1
WTKHSKGRMTDEDVNISSGLFSVNFYRIIIDEGHNIRNRTTVTSKAVMALQGKCKWVLTGTPIINRLDDLYSLVKFLELDPWRQINYWKTFVSTPFESKNYKQAFDVVNA,0
ATISSPDAVAAAAYTPYFEIYYGPNCASASRVYTGVNRGEAWINDTFNNTETGTAGYGQKIRNNAASIRTWNVQSVNIKGNDGTYIAFSSQGACVPLDSRFGNRRNNNIGWQTVPLGGFSN,1
YNKTPANILLRYCLQKGVSPIFKASSFVHIHENVKAEQFMLDPS,0
HNHPSAIEPFQGAATGVGGILRDIFTMGARPIALLNSLRFGPLDTPINVGLLEGVVS,0
KCNTATCATQRLANFLVHSSNNFGAILSSTNVGSNTY,1
NMEINKIFVRNLHPACSKEELHELFSPFGTIKDVRLVHKLNKQFKGIAYVEFEKPGEAQRAVAGRD,0
VIDDLKKVAKKVRRELLCKKHHKKLN,1
INWLKLGKAIIDAL,1
LRRMPIEGDRRSVNIQ,0
KSMQVPFSRCCFSFAEQEIPLRAILCYRNTSSICSNEGLIFKLKRGKEACALDTVGWVQRHRKMLRHCPSKRK,1
SLGSFLKGVGTTLASVGKVVSDQFGKLLQAGQG,1
SIEMGIALMLSESTEGNI,0
FTHFSPEKMINQPQSLEECPEMDILIVPQASLGGKVKGRSVQFHQLVAKDVGAA,0
GTFIKQQRKQKQQRHHTSGTRKRMAK,1
MSWLNFLKYIAKYGKKAVSAAWKYKGKVLEWLNVGPTLEWVWQKLKKIAGL,1
KSAFEQLDSTFGTFAKSSAQKKGYTLPRPMIANADIVRLVNSDEIQAAVRASKVVVKRPT,0
GLLLDTVKGAAKNVAGILLNKLKCKMTGDC,1
KEYESKYYSLPRLKILEIKANNKRQRTFNRQRHHQKLVL,0
SPRLMLAMYSCDVQATSEVLGR,0
FGAEFANVQPHSGAQAN,0
FKTIKDLIIQSRIVVTTLHG,0
LLHKLLTELGIEPERVRLEWISGSEGLKFAEVMTEFDATI,0
VTGPRLDAVEPVFRHAQRLLPQATVSRAAL,0
ENEERLNEYVHAGGKVKLIDHHKTALHLNEHEW,0
NTTPAPQQPQGRRSTPGSGAQFCSTPNRSGGGGAGGGHSICLGNFLVNTPIQSHQRSKKKITPQKQQQNQHASLGSGTGAGATPQSKPRRRVLPMTISKNVSASSSFGDTSSFSNENNFWRISQSSEIFDRS,0
ACYCRIPACLAGERRYGTCFYMGRVWAFCC,1
RWKVFKKIEKVGRNIRDGVIKAAPAIEVLGQAKAL,1
MMSSDPYTRQYDNDLIQELK,0
IQTPSTTPLGLIMLKTASEELACPREDL,0
GLFTLIKGAYKNDAPTVACN,1
KRGLWESLKRKATKLGDDIRNTLRNFKIKFPVPRQG,1
FLPAVLRVAAKIVPTVFCAISKKC,1
VAKCTEESGGKYFVFCCYKPTRICYMNEQKCESTCIGK,1
LETLDDFRSAQELHDELRRRGENIGLTTVYRTLQSMASSGLVDTLHTDTGESVYRRCS,0
IEPSERDLIERLIKLGFYYRELDRFAK,0
GIFGKILGVGKKTLCELSGMC,1
SQALGVSSGLLKT,0
FLFSLIPSAISGLISAFK,1
SILSGNFGVGKKIVCGLSGLC,1
TLISWIKNKRKQRPRVSRRRRRRGGRRRR,1
GTWDDIGQGIGRVAYWVGKALGNLSDVNQASRINRKKKH,1
FATQDPQIEKTFEVNVLAHFWTTKAFLPAMTKNNHG,0
GLWEKIKEKANELVSGIVEGVK,1
RLCRIVVIRVCR,1
FLGGLIKIVPAMICAVTKKC,1
KGIALNAKEVQL,0
DGNDGQAELIAIGSLAGTFISPGFGSIAGAYIGDKVHSWATTATVSPSMSPSGIGLSSQFGSGRGTSSASSSAGSGS,1
EVSGDDAMRVVDVSGLWRAAPPPPPPDGRDWR,0
NALSMPRNKCNRALMCFG,1
FDGNGSQARTSGDDKAGVVNGKETPGHHAPVSNTDNQSEGSFTSNRGNWSAIQRQLLQLERQQTNLMNMLQEFIGGSHDSMVTLEGRVRGLERI,0
QGVFEDCCLAYHYPIGWAVLRRAWTYRIQEVSGSCNLPAAIFYLPKRHRKVCGNPKSREVQRAMKLLDARNKVFAKLHHNTQTFQAGPHAVKKLSSGNSKLSSSKFSNPISSSKRNVSLLISANSGL,1
GIIDIAKKLVGGIRNVLGI,1
AKAHLVSLSGSVEAMIR,0
RVPPYLGRDCKHWCRDNNQALYCCGPPGITYPPFIRKHPGKCPSVRSTCTGVRSSRPKFCPHDDACEFRSKCCYDACVKHHVCKTVEFY,1
SCASRCKGHCRARRCGYYVSVLYRGRCYCKCLRC,1
GFMDTAKNVAKNVAVTLLDKLKCKITGGC,1
MVFAYAPTCARCKSIGARYCGYGYLNRKGVSCDGQTTINSCEDCKRKFGRCSDGFITECFL,1
RIIDLLWRVRRPQKPKFVTVWVR,1
RQKTIAANLEKLFQTKLAEAEEKHKYNIKTPTEENNCL,0
FTLCENSMILSAAIFITLLGLLGYLHFVKIDQETLLIIDSLGIQMTSSYASGKESTTFIEMGKVKDIVINEAIYMQKVIYYLCILLKDP,0
GTPGFQTPDARVISRFGFN,1
INWKKIKSIIKAAMN,1
LTFPHQLVRLI,0
VTCDLLSIKGVAEHSACAANCLSMGKAGGRCENGICLCRKTTFKELWDKRF,1
FLPILGKLLSGIL,1
PYYWINGPLVTDAPEGTDVHAIHKGNISI,0
WKAAYEKGQAPHPRLARRGTLPVDQEKC,0
RNCESLSHRFKGPCTRDSN,1
ATPATPTVAQFVIQGSTICLVC,1
FLPILINLIHKGLL,1
GFGMALKLLKKVL,1
DHYNCVSSGGQCLYSACPIFTKIQGTCYRGKAKCCK,1
GVLGTVKNLLIGAGKSAAQSVLKTLSCKLSNDC,1
ECELAKVDGGYTPKNCAMAVGGGMLSGAIRGGMSGTVFGVGTGNLAGAFAGAHIGLVAGGLACIGGYLGSH,1
TDITHVNENILKDINEEIEQTDQIEKKLKSSFKSINQHYHKLLKHRRNRQNDE,0
FTPSVSFSQNGGVVEAAAQRGYIYKKYPKGAKVPNKVKMLVNIRGKQTMRTCYLMSWTASSRTAKYYYYI,1
LIAGLAANFLPQILCKIARKC,1
FIGALLGPLLNLLK,1
GWLKKIGKKIERVGQNTRDATVKGLEVAQQAANVAATVR,1
ACIKNGGRCVASGGPPYCCSNYCLQIAGQSYGVCKKH,1
IYFASENSKSAGYVIGMKCGAHHVGYMFLGEVALGREH,0
GIHDILKYGKPS,1
NRWGDTVLSAASGAGTGIKACKSFGPWGMAICGVGGAAIGGYFGYTHN,1
INDFPTENFMDTEKNV,0
FVPYNPPRPYQSKPFPSFPGHGPFNPKIQWPYPLPNPGH,1
GLLDSIKGMAISAGKGALQNLLKVASCKLDKTC,1
KVSGGEAVAAIGICATASAAIGGLAGATLVTPYCVGTWGLIRSH,1
FLPFLKSILGKIL,1
RLGTALPALLKTLLAGLNG,1
SWKSMAKKLKEYMEKLKQRA,1
GLWQFIKDKLKDAATGLVTGIQS,1
CSTNTFSLSDYWGNKGNWCTATHECMSWCK,1
ECNPVGALQELVVQKGWRLPEYTVTQESGPAHRKEFT,0
SALVGCWTKSYPPNPCFGRG,1
PMEESWFITPPPCFTAGGLTTIKVETSPMENLLIEHPSMSVYAV,0
LLRKSPGGGREEE,0
SWFSRTVHNVGNAVRKGIHAGQGVCSGLGL,1
GFGCNGPWDEDDMQCHNHCKSIKGYKGGYCAKGGFVCKCY,1
NGEVAGSSRSSRRTR,0
DHFLPTFNAEPLQDDKVSFAHFVLPLPESSDQVDEDLLAMCYVSLMQRALTFFQDWTNESPELTKSYNVLLTKKWICVVPRSHAKSGPPLMLNINSTGYC,0
FLSLIPHIVSGVAALAKHL,1
LPDIDIDIMENKRAEMINYLFEKYGKENCAQIVTFQRFKTRSAVK,0
PVVPPLHSPKSPVWPTFPFHRESSRIWERGGGVSPRDLPSPLPTKRTRTYSATARASAGPVFKGVCKQFSRSQGHGFITPENGSEDIFVHVSDIEGEYVPVE,0
RVLRRMAREYNREKYLTHI,0
GWKDWLNKGKEWLKKKGPGIMKAALKAATQ,1
NKKESELDEIKRQYADVVSSRDKSVEQLKT,0
FCKSLPLPLSVK,1
PLAELSVMLVEPKAMTDLHVRYMGEEGP,0
MSLQQKFENIKIEK,0
ACYCRIGACVSGERLTGACGLNGRIYRLCCR,1
VPAESEAAHLRVRRGFGCPLNQGACHNHCRSIRRRGGYCSGIIKQTCTCYRN,1
NGIECEMCKMSVKIVVPMLGEDTESIKKAVDAECKKEFHSIPFGTQECKKFIDTKLDPIIHELENGTAPSDVCTKLGMC,1
EEAAVYGPPVYRSGYQILYNNNT,0
LVNQLGISKSLANTILGAIAVGNLASWVLALVPGPGWATKAALATAETIVKHEGKAAAIAW,1
RQPIAHYRWDLMHRVGEPQGRMREENVQRFG,0
RICRIIFLRVCR,1
SQPNTFDDAQDICDH,0
SSLSPILMDSFGDDLQKLKE,0
EFTELAEAISKKLANYRASTEYQGFLEELLLKL,0
EEVPKTGLGSSAGLVTVLTTALASFFVSDLENNVDKYREVIHNLAQVAHCQAQGKIGSGFDVAAAAYGSIRYRRFPPALISNLPDIGSATY,0
GSQSTYTDLLSVIEEMGKE,0
SSSGWLCTLTIECGTIICACR,1
IDWKKLLDAAKQIL,1
TESYFVFSVGM,1
RWKIFKKIERVGQNVRDGIIKAGPAIQVLGTAKAL,1
PAAAAQAVAGLAPVAAEQ,1
FFPIVGKLLSGLL,1
KLGFENFLVKALKTVMHVPTSPLL,1
KAITCQKVLMENAKSPKV,0
SRWPSPGRPRPFPGRPKPIFRPRPCNCYAPPCPCDRW,1
QEFNEKHNQQKHLL,0
CRRVPNSIVCVRGVRLPLKSDIEAVKSPKAISHLEEKKSSPKEKKVNPFAITSESSRGLNP,0
GWGSIFKHGRHAAKHIGHAAVNHYL,1
VDKGSYLPRPTPPRPIYNRN,1
QVVRNPQSCRWNMGVCIPISCPGNMRQIGTCFGPRVPCCRRW,1
YFQRLDSTFDHNLLVVQDVAVVQSKKLKNEIAGYLTSLYKKILKGTYNKVYIKSHEEERERKENVIPKESMLDVDCVEVDDVTMEM,0
RFNIKKDLKKYVQR,0
QSHISLCRWCCNCCKANKGCGFCCKF,1
DSVINNRCEYSEEIEKDLTRSLPDYPAYQSPTGINTLRRILLFYSETNKEVGYCQAMNIVLAALLVYCTEEQAYFLFSQLCEFYIPG,0
SAVGRHGRRFGLRKHRKH,1
LKNFVKKAVCFPETIKR,0
GFGSLLGKALKIGTNLL,1
KAANQRAVQMLEKCGTTQVEVDASGSLTYPKDKVGSGDQA,0
FLPILASLAATLGPKLLCLITKKC,1
GSVIKCGESCLLGKCYTPGCTCSRPICKKD,1
PKSQTLFEDKATLRLFIHLLQPSQPSMLQVAAMKTLVCIMADRPLAIRLFEQIN,0
SVQALLFMVLPHLHTLVNELTLKLFVVIPPAIILSFDSYLDSLNDCLLSESTHTGVLCSSLKLLSKFLDVTHMNVPLSKYENIVTLVLEYLANSSKGLASKSIEFSKNRGHSQKKRKTLSESQA,0
ESAVTFVLTYRSRTCCRHFLLAQLRDGRHVVLGE,0
SGYVQRSLAHDNRDDKTGIVRLKNKNYELRKITKRSQKVDKPANESKDNGLKKVLVEHDKRREIEVQVSELRDSLEDKQDRNPDEWPDKRIDEECEKLRS,0
DSHEERHHGRHGHHKYGRKFHEKHHSHRGYRSNYLYDN,1
GPVSAVLTELRCTCLRVTLRVNPKTIGKLQVFPAGPQCSKVEVVASLKNGKQVCLDPEAPFLKKVIQKILDSGNKKN,1
NHETSVKVSKNKKSVKLLVFDDY,0
GNGVVLTLTHECNLATWTKKLKCC,1
QATYNKQPMYRKAIYEVLQVASSRA,0
DQEEQDDSKSSIAEPQSKHTQGSEREHLQSSLHSQATEEGPLQTLEGQ,0
EQYCDIPLGLYVIRGENVV,0
KISTAEKTMLAKTIMEADEA,0
YLLAMYGTGSELCQGFCRS,0
TKQGLSSSFIDSDASQKKNF,0
NPEMTQIRGILSQRRLIKYIWDNARSFGTLEPLLNSSLQDLKIGVLNTNSKPTSR,0
APAKCTPYCYPTHDGVFCGVRCDFQ,1
ADRTYFVTSSKDKSARLYDSRTLEVI,0
VTCDLLSFEAKGFAANHSLCAAHCLAIGRRGGSCERGVCICRR,1
GSFGGTQGRVATPNYPNNYDNDLECVYVI,0
IRHLEKGRVIILSGGIGSPFVTT,0
QVMNMMAAMGGLNLN,0
VPAPGNEFAEFAAGCF,0
FLPLVGKILSGLI,1
QHFWFGSSLYPWRDFETNKELPIYKRDEDEMDEDSSGDFLNG,0
AKALNLSEFPYCSRLHRVKELMDKTSVSIEEVISELGNGIAALQSVPTAIFCVLYCL,0
SPLNDNEQLEFLGDSVLGFLIAEALVRRFPEYHEGDLSRLKAHLVSAAHLHGV,0
KWKLFKKIGAVLKVL,1
PENTILANSFSKTFAMTGWR,0
IQPTARLIMVTPICPHSLNQRSIIFAADDEIMIEMKDNKSSSGRMT,0
FIKWKFRWWKWRK,1
TWKPDRNTPDTVYYHC,0
RRWYPAVYENRPPKNGGHRALADIIESLDELRYYRKAFMA,0
VKSIVASSIPIISAVGHETDFTLCDF,0
RDKLIKEGKTHMIINVEWGSFDNELKHLPTTKYDVVIDQKL,0
SCTCRRAWICRWGERHSGKCIDQKGSTYRLCCRR,1
GGNAGGPGEAGATGGRGPRGAGAARASGPGGGAPRGPHGGAASGLNGCCRCGARGPESRLLEFYLAMPFA,0
LVPLFLSKLICFITKKC,1
SALNPHWEGNTVYQEARKIVGAELQHITYSHWLPKVLGDPGTRMLRGYRGYNPNVNAGIINSFATAAFRFGHTLINPILYRLNATLGEISEGHL,0
FFGHLFKLATKIIPSLFQ,1
GRKSDCFRKNGFCAFLKCPYLTLISGKCSRFHLCCKRIW,1
IATQCRIRGGFCRVGSCRFPHIAIGKCATFISCCGRAY,1
VVRTREEKDERNLQISLTEQGKAIKSPLAEISVKVFNEFNISEREAS,0
RRICRCRIGRCLGLEVYFGVCFLHGRLARRCCR,1
FFGSVLKVAAKVLPAALCQIFKKC,1
WLNALLHHGLNCAKGVLA,1
IKDNAKALITTQSATKIYRTPQGPATQHTEINVGENA,0
KRGSGWIATITDDCPNSVFVCC,1
IDWKKVDWKKVSKKTCKVMLKACKFLG,1
AEEEVPLDPSSSIVE,0
NLEQSAGTTSAEKEAIRALESQSSGTSQASLAKHKSETNTSIQSSTQETAQAPTV,0
LDIITNKVSAQEQRIC,0
VTCDLLSFKGQVNDSACAANCLSLGKAGGHCEKVGCICRKTSFKDLWDKRF,1
DLRFLYPRGKLPVPTPPPFNPKPIYIDMGNRY,1
QDIDLSIQEEILGG,0
VVPTLRFFYDEGPDAERR,0
PKRKAEGDAKGDKAKVKDEPQRRSARLSAKPAPPKPEPKPKKAPAKKGEKVPKGKKGKADAGKEGNNPAENGDAKTDQAQKAEGAGDAK,1
RQLAVHPQVVAIGECGLDFNRNFSTPSEQERAFSAQ,0
ENDTSIDYSVVP,0
GGLKKLGKKLEGVGKRVFKASEKALPVAVGIKALGK,1
RPSMVEIWSFSDFLSIAPVL,0
LQHVPDDDSALDSLVHGIV,0
KQIMTQFFNFARSPAVKD,1
ALWKTMLKKLGTMALHAGKAALGAAADTISQGTQ,1
QEQMYAGGHDPENRDALWTSNYNQQNPIFQFLKKLIKLRQFLVD,0
GLASTIGSLLGKFAKGGAQAFLQPK,1
SNIKNISQNDM,0
YRGGYTGPIPRPPPIGRPPLRLVVCACYRLSVSDARNCCIKFGSCCHLVK,1
AAKIILNPKFRCKAAFC,1
GNRPVYIPPPRPPHPRL,1
LSVYLQLRNVI,0
NVTPATKPTPSKPGYCRVMDELILCPDPPLSKDLCKNDSDCPGAQKCCYRTCIMQCLPPIFRE,1
GRIVNVSSILGRVAFFVGGYCVSKYGVEAFSDI,0
IVVAKITGPAKNILLAERTALN,0
GNAACVIGCIGSCVISEGIGSLVGTAFTLG,1
TTVAVKKLAAMVDITTEELKQQFDQ,0
GFGSLLGKALRLGANVL,1
FIHHIFRGIVHAGRSIGRFLTG,1
RDFNQVASQLLEHPENL,0
SILSTLKDVGISAIKNAGSGVLKTLLCKLNKNCEK,1
SKRAIGDPVSQAKI,0
GKIPVKAIKQAGKVIGKGLRAINIAGTTHDVVSFFRPKKKKH,1
FPFLLSLIPSAISAIKRL,1
EIKNKIVNVANISKDDLILEIGPGWGAITELLVQKTDTLVAIELDKRLYAHLKTYIKAPNFH,0
FVFYYEFLKQENQKMNLTSIISLSDVCYKHFYDSLIL,0
GIGGVLLSAGKAALKGLAKVLAEKYAN,1
AQEVRARLLNQALSGKNNKSALIDVVL,0
FWGAVWKILSKVLPHIPGTVKWLQEKV,1
TEGERMLLTPTYHVFNMFKVHQDASLLATETMSADYEWNGETLPQISISAS,0
TGEATTNALTLTDEQATAALAAAFATGAAAAATGATSAAAATQQQIQQLQQQ,0
GIGTKFLGGVKTALKGALKELAFTYVN,1
SLFGTFAKMALKGASKLIPHLLPSRQQ,1
REEHLAINLTISLHAT,0
FLPIIASVAAKVFSKIFCAISKKC,1
RIGAGKTSVFYAIEYALFGQQLE,0
RRRRRRPPCEDVNGQCQPRGNPCLRLRGACPRGSRCCMPTVAAH,1
SIVPIRCRSNRDCRRFCGFRGGRCTYARQCLCGY,1
IFGLLLHGAIHVGKLIHGLVRRH,1
VAPIAKYLATALAKWALKQGFAKLKS,1
RSFKNYTGPYIELGNCYND,0
KAIYQQARCLLHKDAITALAKSISIAQLS,0
FLPGVLRLVTKVGPAVVCAITRNC,1
QNCPTRRGLCVTSGLTACRNHCRSCHRGDVGCVRCSNAQCTGFLGTTCTCINPCPRC,1
RRIRPRPPRLPRPRPRPLPFPRPGPRPIPRPLPFPRPGPRPIPRPLPFPRPGPRPIPRPL,1
KDRPKKPGLCPPRPQKPCVKECKNDDSCPGQQKCCNYGCKDECRDPIFVG,1
YDTGIQGWTCGSRGLCRKHCYAQEHTVGYHGCPRRYRCCALRF,1
GLFPKINKKKAKTGVFNIIKTVGKEAGMDLIRTGIDTIGCKIKGEC,1
FAEPLPSEEEGESYSKEPPEMEKRYGGFM,1
CRLGRGKCRRTCIESEKIAGWCKLNFFCCRERI,1
ATCDLLSPFKVGHAACAAHCIARGKRGGWCDKRAVCNCRK,1
YETLIASVLGKLTGLWHNNSVDFMGHTCHFRRRPKVRKFKLYHEGKFWCPGWAPFEGRSRTKSRSGSSREAIKDFVRKALQNGLITQQDATVWVN,1
SKCKCSRKGPKIRYSDVKKLEMKPKYPHCEEKMVIITTKSVSRYRGQEHCLHPKLQSTKRFIKWYNAWNEKRRVYEE,1
SPRPDDKKNQGSASVDVQNERGEGTKVDARVRQELWRSDDGRTRAQAYGHWDRTYGGRNHGERSYGGGMRIEHTWGN,1
SSLLEKGLDGAKKAVGGLGKLGKDAVEDLESVGKGAVHDVKDVLDSV,1
GIGKHVGKALKGLKGLLKGLGES,1
GPVGLLSSPGSLPPVGGAP,1
ATCDLASGFGVGSSLCAAHCIARRYRGGYCNSKAVCVCRN,1
EYHLMNGANGYLTRVNGKTVYRVTKDPVSAVFGVISNCWGSAGAGFGPQH,1
YAVNLLLGGFDTTTS,0
KTYYGTNGVHCTKKSLWGKVRLKNVIPGTLCRKQSLPIKQDLKILLGWATGAFGKTFH,1
GIGASILSAGKSALKGLAKGLAEHFAN,1
RKKMEETGAASLTPPGS,0
LVRGCWTKSYPPKPCFVR,1
PNAAVKKNKQRKVHQRVVDVFQALTNEL,0
SRRMGKDKALINYQGQPHG,0
LPHHVFPPKKITTTQLGQLAGVQYYKVDLDDTASMKK,0
KGGSGVIHTISHEVIYNSWNFVFTCCS,1
TAVTLIKWYGR,0
AVLDILKDVGKGLLSHFMEKV,1
SMLSVLKNLGKVGLGFVACKINKQC,1
SIITMTKEAKLPQLWKQIACRLYNTC,1
RTTVPQALQELVVEG,0
GKVWDWIKSTAKKLWNSEPVKELKNTALNAAKNLVAEKIGATPS,1
GLFSVLGSVAKHLLPHVVPVIAEKL,1
AACSDRAHGHICESFKSFCKDSGRNGVKLRANCKKTCGLC,1
IFSAHCSVATAFLDPSFFYPNFVAQKASHYNDKTGSANIWTYISRTGSLLLFTQVVYRKSKWTHQSATFADCIYCQSGQSPSV,0
DVLEYLREQTEHPDHYIFVPISFISEH,0
LFYALNLTPPCAVKIILLGQD,0
PEEIDRWRQFLE,0
LSEEQKAVFRRLITCDDPDLF,0
VWKAALDAGAYGAFVSGSGPAIFALG,0
PRPRVYSSIIKIKPHSEPVY,0
FKDIETLVNNLTYQTADAKSQLTQ,0
RARAPHKAWYNCMTDAGISGAIAGAVAGCAATIEIGCVEGAIAGIGPSGIASMIAALWTCRSKY,1
VISEMEHHANIVPWQMLAQARGLT,0
VLTRLCVALASLALSMMPDAWPCAVADMVRLFQAEDSPVDGQ,0
DILESLHQALPNMALLAYPNSGEVYDT,0
TGLSVVTVEDEFLGTVTNIYQT,0
SWLSKTYKKLENSAKKRISEGVAIAILGGLR,1
HSDIHKGRKIHQC,0
FLTGVLKLASKIPSVLCAVLKTC,1
RVKRVWPLVIRTVIAGYNLYRAIKKK,1
FDHSTGFYYDSENQLYYDPSTGIYYYCDVESG,0
FPDWESAEKVVKTLLK,0
GIGGKILGGLRTALKGAAKELAATYLH,1
AQVPGMQEILLIGFYQPDEPLTQFLEAAQQEFNLPVRYLQEFAPLGTGGGL,0
GRLRNLIEKAGQNIRGKIQGIGRRIKDILKNLQPRPQV,1
RRCICTTRTCRFPYRRLGTCIFQNRVYTFCC,1
ACNFQSCWATCQAQHSIYFRRAFCDRSQCKCVFVRG,1
QLLRSSNRRLEQLHGELRELHARILLPGPGPGPAEPVASGPRPWAEQLRARHLEALRRQLHVELKVKQGAENMTHTCASGTPKERKLLAAAQQMLRDSQLKVA,0
IKIMDILAKLGKVLAHV,1
GIMDSVKNVAKNIAGQLLDKLKCKITGC,1
RMRRSKSGKGSGGSKGSGSKGSKGSKGSGSKGSGSKGGSRPGGGSSIAGGGSKGKGGTQTA,1
HWKSQQLDSNVTMPKSEDEEG,0
GRRRRSVQWCAVSQPEATKCFQWQRNMRKVRGPPVSCIKRDSPIQCIQA,1
EVVELFEVFTPQDGRGAEGELGA,0
TRGSDISKTCCFQYSHKPLPWTWVRSYEFTSNSCSQRAVIFTTKRGKKVCTHPRKKWVQKYISLLKTPKQL,1
GALACGLAYPERTLEWVNDSYMAHQALAQNLQLNRIETPLHRTPALAASPTNPVGILIKLPRMLQLLSSQLDWLNLHLPK,0
VSVDDCARISRVVGDLLDVADIIHYPYHLEVSSPGLNRPLRKRE,0
FLIGMTHGLICLISRKC,1
EEYINLSNVQHISY,0
GLWSTIKNVGKEAAIAAGKAALGALGEQ,1
QVYKGGYTRPIPRPPPFVRPLPGGPIGPYNGCPVSCRGISFSQARSCCSRLGRCCHVGKGYS,1
GILGKLWEGVKSIF,1
NECIREFQEQKDNVVEEKNTDQNHQNQNQEGVII,0
RPPQFTRAQWFAIQHISLNPPRCTIAMRAINNYRWRCKNQNTFLRTTFANVVNVCGNQSIRCPHNRTLNNCHRSRFRVPLLHCDLINPGAQNISNCTYADRPGRRFYVVACDNRDPRDSPRYPVVPVHLDTTI,1
DTNVISTYKAMIPHAFAITPNAFEVEILTD,0
QAVSDYCQKGELSAEQSQAVKKQVFDYCKGQIN,0
PKGLWPGQQFVMRGKGHA,0
VWPLGLVICKALKIC,1
VNELKDIEQVSRL,0
EQLPEMMTELLASARD,0
QSGIDPTIVVGSDVPSIGGNAYSGQGDFFLAESCEY,0
RRLRPRHQHFPSERPWPKPLPLPLPRPGPRPWPKPLPLPLPRPGLRPWPKPL,1
QGVRNHVTCRINRGFCVPIRCPGRTRQIGTCFGPRIKCCRSW,1
ELQLAKGDGGLMIYDPGFQNTAVV,0
GLLDGILNANFNAAKSAGTSVLNALSCKLSKTC,1
GRPNPVNTKPTPYPRL,1
SVSGLDRDLNSFKKRID,0
RPWAGNGSVHRYTVLSPRLKTQ,1
GKIPVKAIKKAGAAIGKGLRAINIASTAHDVYSFFKPKHKKK,1
TDNTTGLNLKKKMD,0
MLVGFSLPLYLARNKK,0
VSSLLTEAGFESAEKASVETLTEMLQSYISEIGRSAKSYCEHTAR,0
RHSKGQYPEDENLPMP,0
IYHLLGYDHEE,0
DEKHEGLSESAQNIMKILTAELPTKQAAELAAKITGEGKKALYDLALSWKN,0
NILNTIINLAKKIL,1
PVRMYLDRKTDMIMAGGRHPMKAKYSVGFKSDGKI,0
AAYSSPAPPQPLSPDLNVEDSSIGSHFLQMLRLLAHAPSQRSPPRHLDVLSYEDDF,0
PRIHFPLVAYAPLM,0
PKHVAKNGLIPLTQRKPNCVWDDAPVDNDSTAGNLD,0
GADKGYRRQDLQPLYYPNG,0
SSDIQIMISKGSNGIEIDLESEVKKAYGDQIEKVIT,0
CLRIGMRGRELMGGIGKTM,1
GSVIGCGETCLRGRCYTPGCTCDHGICKKN,1
EWVKEKIDLESLLGTIQTNLKTYQLRKYEPPAGLKI,0
EISHAVMRRAEEELGIVINEEPKFLYKFQY,0
LKDLEDVVGLLKKLGVKLQVSI,0
RSVCRQIKICRRRGGCYYKCTNRPY,1
YRPIAVQQFMVDHTFAEIVARDGLQGQVLTPEQKENIYHQVYQIWAVPNNNP,0
SLGPAIKATRQVCPKATRFVTVSCKKSDCQ,1
VIRETCLHHQPLLIIIGGEKVPSDVYEWADWNIAVT,0
SQSQSQSQSHAANSAAAAAAQASIAAAAAG,0
ALWKNMLKGIGKLAGKAALGAVKKLVGAES,1
KASQQQWGRGNFTEGKVPHIRIENGAAIEEIYTFGRILGK,0
GIWSSIKNLASKAWNSDIGQSLRNKAAGAINKFVADKIGVTPSQAAS,1
GILDTIKSIASKVWNSKTVQDLKRKGINWVANKLGVSPQAA,1
SLFSIFKTAAKFVGKNLLKQAGKAGLETLACKAKNEC,1
AMGRTNDAVLYGGDVHLF,0
RRLRPRRPRLPRPRPRPRPRPRSLPLPRPKPRPIPRPLPLPRPRPKPIPRPLPLPRPRPRRIPRPLPLPRPRPRPIPRPLPLPQPQPSPIPRPL,1
KGGGYIEIGRDITTVVLPNADLKIFLDSSVEARAERRF,0
DDVGLQYICATLERFYAVTNVLKDMVEHLTVSTPPGRLLKHIIRCYLRLSDDLEARRLLK,0
HVECYNEMIKRDKFCCPICSRSVIDMSKTWQRLDEEIEATAMPSDYRDKKVWILCNDCN,0
ELTEAQRRGLQVALEEFHKHPPVQWAFQETSVESAVDTPFPAGIFVRLEFKLQQTSCRKRDWKKPECKVRPNGRKRKCLACIKLGSEDKVLGRLVHCPIETQVLREAEEHQETQCLRVQRAGEDPHSFYFPGQFAFS,1
LIYKLLKSNGKFKGDLPLDQ,0
KYYGNGVHCGKHSCTVDWGTAIGNIGNNAAANWATGGNAGWNK,1
PKENPFLPIDTTIKAPQDHSIHIPKEVYNNNGVKVYHSLDHRFNSPKARVNIRFELTSYGNNQSMVM,0
GTKRGKLCRISRLAL,1
DVEIDLPNAWLWDLVDEFVYQYH,0
FLDADIQNNPQKTRPFNIQQGKKLVAGMD,0
VEAVKETAGASSATPEVDRTSEPHPKNPQNVPAPYNTKTAVIPEGMSKNEWKKAQKKAIWESKKDEIAAVKKEKKKAARKRKQLAISRGEIPAPIPQDERPPQTQLPISIVLDCGFDEMMTQK,0
FMGGLIKAATKIVPAAYCAITKKC,1
VVMPVANTAAIPEKVQVRFGSLTLGGEDKKSTKSSSDNIAQSGPRSSYFPK,0
TNWKKIGKCYAGTLGSAVLGFGAMGPVGYWAGAGVGYASFC,1
PRIGTTAQVDVTAEIDADRL,0
ITIPPIVKDTLKKFIKGAISGVM,1
HHHFGRIGHELHKGVKKVEKVTSDVNKVTNGVKQVANGIAKAKTVIEAGSIAGAVAAAAA,1
IKKLFIEGAGGLMV,0
YPCKLNLKLGKVPFHF,1
TRSYSPERSISIDSSTLSRKGSIIGDNQQ,0
GWFKKAWRKVKNAGRRVLKGVGIHYGVGLI,1
LFAKINGLKVGPLKIQIV,1
GWKSVFRKAKKVGKTVGGLALDHYL,1
MSNTQAERSIIGMIDMFHKYTRRDDKIDKPSLLTMMKENFPNFLSACDKKGTNYLADVFEKKDKNEDKKIDFSEFLSLLGDIATDYHKQSHGAAPCSGGSQ,1
VRRVDAAAAEVDALMRQALGLTPQ,0
WSSKGDLEMVRQMIIDSHVGHPDPVNAIEKVLVSPGQNPAPLVRLLN,0
ESVFSKIGNAVGPAAYWILKGLGNMSDVNQADRINRKKH,1
QKKCPGRCTLKCGKHERPTLPYNCGKYICCVPVKVK,1
QRPYTQPLIYYPPPPTPPRIYRA,1
GTKTTFTISDFSNGGTQYYWAGGNANNLKNPISSISA,0
GAVCFACRCYEAECVAVRLLARSETSAQQLGFKLLKRGFEKRVVESVFPVLKRYSWLDDTRFARAWLRNRVDSRPASRAQLLGELKRRGVSHADAEGALDLLFQEQDEETLCLRLLEKLRRRGYGPHTLQRALQRRQFSPSLVRRCLAVET,0
SMWSGMWRRKLKKLRNALKKKLKGE,1
LEDGFGEHPFYHCLVAEVPKEHWTPEGHSIVGF,0
YSKSLPLSVLNP,1
GLFTLIKGAAKLIGKTTAKEAGKTGKLEMACKITNQC,1
ADLQVYYSNLRGFHWNIRGAEFFVLH,0
GLLASLGKVFGGYLAEKLKPK,1
RSGGSVDSVLSQIAAQRKKAAG,0
PVICLESDACNLLIKS,0
FIHHIIGGLFSVGKHIHSLIHGH,1
ETESTPDYLKNIQQQLEEYTKNFNTQVQNAFDSDKIKSEVNNFIESLGKILNTEKKEAPK,1
EWAKWTKEELIGQLKPMFHGIKWTCSNGNSS,0
DIKRNEPLSFELVVEVRPDIENLNYDNIEVEEISTEVKEEEIEEVLQRL,0
GTVLRQVDTKTGKLKIGTYTGPLQHGIVYSGGSSDTICDLLGAKGKDILYIG,0
GLFGKILGVGKKVLCGLSGMC,1
EGLTKERFLDCIA,0
NFATKDKMDTTAGSYA,0
GAWKNFWSSLRKGFYDGEAGRAIRR,1
AWLDKLKSLGKVVGKVALGVAQNYLNPQQ,1
LGVSKLSLFYADFSQRNE,0
FLPILAGLAAKLVPKVFCSITKKC,1
YEALVTSILGKLTGLWHNDSVDFMGHICYFRRRPKIRRFKLYHEGKFWCPGWAPFEGRCKYCVVF,1
RKCNFLCKLKEKLRTVITSHIDKVLRPQG,1
DDFLASLPDNDCRYAVYDFDFVTS,0
VPLSRTVRCTCISISNQPVNPRSLEKLEIIPASQFCPRVEIIATMKKKGEKRCLNPESKAIKNLLKAVSKERSKRSP,1
CFSEVFPDRKGMSGVVDYSNYDDMKYAI,0
YLHHGLVIWLDGS,0
MLRDVMLRLRQVCNEYDCSPLTFKIILLFNRSDVME,0
QDNSRYTHFLTQHYDAKPQGRDDRYCESIMRRRGPTSPCKDINTFIHGNKRSIKAICENKNGNPHRENLRISKSSFQVTTCKLHGGSPWPPCQYRATAGFRNVVVACENGLPVHLDQSIFRRPRP,1
IPCGESCVWIPCISGMFGCSCKDKVCYS,1
MAAFYHGRCLQLGLGIMKDEESAKHYYSK,0
EELKETDDSAAVYMNVGTVVMQKPKSEVISKVTEKIETLEIRIRSIEKQEKMLQEKFEK,0
MLEENVHDILCSALVDDCI,0
QADVPLLPFDEKNIKPEF,0
FLSHIAGFLSNLF,1
VVYTLKRNGRTLYGF,1
LEDFANDGLDRK,0
RFGIAVARAVAPLERLGAILFP,0
AVTMADITKLRKMTGAGMMDCKNALTEAEGDYDKAMEI,0
EYRIPYGIVDLFGYDKFGTPFVLE,0
GATRTLQVLVDLPDGTEALGLDRVAAVAQEISDALDRDDPVPGPPYELEVSSPGATRTLETPRHWRRTVGHLVRIR,0
GNLSFYTSEEQIYELFSKCGTIKRIIMGLDRFKFTPCGFCFIIYSCPDEALNALKYLSDTKLDEKTITIDLDPG,0
ANDVLMIDGEHGQILIPFVSQYIETVDTGSKTITADWGL,0
SCTQAGGGMEDSVVAAAAVA,0
TIEYHLAGRVLKAVNTTPESLDLLQIFSDLLRAGGTHVTMEVSSHALALGRVHGLNFHTAVFTNLTRDHLDFHGDMER,0
RSSMADAESFNDDNMVLKNDVLREYLLPQIKDLTDSVVTLDSNMTRLNFIHDNLVDLNESFGSLLYGLMCNSWCVEFPNAPTRFDKEIRLMNEIEELS,0
FLPSGSSMCLGDMPVDEKNRISHRRIASKKLADYMASVGI,0
KIATEAGHIVYNVVRDYVQNEDIEKVHGRTSVCSLEKATPNDIAQFLAEIHPDVVIFAAGAGGKGGPERTRAVDYEGAIKVYDAMRIAGIRRLIMISAIDNRDMSQPPPPYYTAADIELSEKIHQSIGTYYHYKYLADQELVRRSSDID,0
MWGRILAFVAKYGTKAVQWAWKNKWFLLSLGEAVFDYIRSIWGG,1
GVNVNGDSLPVAINGPVKGNYVEIRGDLTSQYISGLIMLGLVSGIT,0
YDVCLQHHIDNCKAPCVGKQSEADYMETIEQVKKLLNGQTQELMDLLKDEMQRQSDAHNFEEAARLRDQVKALKDYSQQQKVVS,0
FIGKLISAASGLLSHL,1
TRRALPLDLTRALPLDLTRAWMLVRFVDAGVLDIARCR,0
IERDLYRTFPDNIHFHKESF,0
GLLGAMFKVASKVLPHVVPAITEHF,1
PNWTKIGKCAGSIAWAIGSGLFGGAKLIKIKKYIAELGGLQKAAKLLVGATTWEEKLHAGGYALINLAAELTGVAGIQANCF,1
GLFLDTLKGLAGKLLQGLKCIKAGCKP,1
STDPLMVKFCE,0
ENEKLKAAENMDSFEKLSMENEN,0
PQLCNQKFELKLNDVRFVSHPTLIPQKEQRSGPMAKQQMLINIVFALHAQAS,0
AMKAPIRVSND,0
GLFVGLAKVAAHNNPAIAEHFQA,1
PDGSKEQNTVAAPPP,0
PSEIKKLRTESILKELIPEALANLDDENLKNLCVVDVECKKGRYDAFVYLDKMFFNVHEQEKILSSLKKASRALQNY,0
YPAGYQYASMDQ,0
AQEPVKGPVSTKPGSCPIILIRCAMLNPPNRCLKDTDCPGIKKCCEGSCGMACFVPQ,1
SNSSSSSTGSNTPLSTAPGSIKD,0
GWLDRIIGTAVDSVAEFGTTNIVDQICNTRVMPTIKKFELYFRGRVWCPGWTTIQGESLTRSRTRVVNKAVEDFARKAVAAGLMTQEDANPLLNA,1
VDYSETSSLADPCSPSPGASGS,0
RRGQFPGLLTEDGFLLMCEESEHIRDAYAMAKHLVALAP,0
GDVPPGIRNTICRMQQGICRLFFCHSGTGQQHRQRCG,1
KQRMKEKEQENERK,0
EMILVEGMGGIMTPIL,0
LCFLTLRHKRPKAKYIIWPRIDQKSCFKSMITAG,0
HIKILFDQINLFEYLNMFESNAGRKIGIHKKKIELIQPLLKELNPTYFLSSIRSIYFKIAEI,0
DSEEEDSLGQTSMSAQALLEGLLELLLPRETVAGALRR,0
FLPIVTNLLSGLL,1
EPQIEEVQSEPVCPVPDMR,0
QDNNFCNPSKPVSLESLENM,0
MVALLKSLERRRLMITISTMLQFGLFLIALIGLVIKLIELSNKK,1
ITKVWRDASELPTAPSTPLGF,0
RDNAILLDQTIFYPTGGGQPHDRGTINGVEVL,0
MLVHEEGPAEPSSFTLQSLDDPMLAFQIVDPVMLGFNYELALSDAENALLQSPSP,0
HICYFVSKPGSSEPSAV,0
GFCRCICTRGFCRCICTR,1
EFLQTYGSLIPLSTDEVV,0
RDEMALFLRLLDQVIFGFKGEIYSILDTLLTPFLQRVFSGIAD,0
RIRIALGNEAS,0
MQTARSSGEQQERDPRAPVLRQK,0
GIFPIFAKLLGKVIKVASSLISKGRTE,1
GFLGPLLKLGLKGVAKVLPHLIPSRQQ,1
ILPILSLIGGLLGK,1
AGQELAWLYQEIRHH,0
GCIQDCNRALELHPFSMKPLLRRAMAYETLEQYGK,0
GWASKIGQTLGKIAKVGLKELIQPK,1
NLLGSLLKTGLKVGSNLL,1
LMELEVILGNPI,0
GRFKRFRKKFKKLFKKLSPVIPLLHLG,1
ESKTCSFADNCRFAHGE,0
TDIPSGKFTSKWPTQLEKTLFKEQ,0
LELAGKIRDSQNLRVLQKQIEELQKPQFSLEEAERIENE,0
MQIFVKTLTGKTITLEVEPSDTIENVKAKIQDKEGIPPDQQRLIFAGKQLEDGRTLSDYNIQKESTLHLVLRLR,1
AFNRFHINMEPFPTLAR,0
KSCCPNTTGRNIYNACRLTGAPRPTCAKLSGCKIISGSTCPSDYPK,1
VARNELFKFNRLHTKISILQDEKPIYYDNTILDPKTTDLNN,0
KIAAFQQMFQNQQLQPEHTPSPKEPAA,0
VNDVLFAVNHMFVSKSMPCADDVAYINVETKERNRYCLELTEAGLRVVGYAFDQV,0
LPAHPQLEVLQGDITD,0
SMATPHVAGAAALILSKHPTWTNAQVRDRLESTATYLGNSFYYGK,1
DLQSAGLGNSPANRQTSPATSTPAMNECNTAGKPLLEFGESVPVG,0
LRNIHSSDWPKFFEKYLRDVNCPFKIQDRQEAIDWLLGLAVRLEYGDNAEKYKDLVPDNS,0
CAQSAGWLSLTAILQYLPNLTYVN,0
GQPEIKPMRNECNSEESSCPFRVVPSVRVTGPTRH,0
SLGVVRFVPLTSKENQLNPKN,0
PTFNHPIFHPENRSRNEQASANRTNI,0
GELFDRYVRISDKVVGI,0
FGSPKAFAKFNGKY,0
RRWRRWWRRWRR,1
HEGTPSERPTEGVCTYC,0
GLWTTIKEGLKKFSLGVLDKIRCKIAGGC,1
AILTTLANWARKFL,1
GLMSTLKDFGKTAAKEIAQSLLSTASCKLAKTC,1
SLQPGAPKLPYAWSRKQEGWKFDPSLTRGEDGNTLGSINIHHTGRNHEVGANWNKVIRGPGKAKPTYSIHGSWRW,1
INVLGILGLLGKALSHL,1
ALQVMMFGSPAV,0
YIISDGVDRDLFRVKRMMITEEKAYQAV,0
GLLSGLKKVGKHVAKNVAVSLMDSLKCKISGDC,1
LASEWIIHPASLVGTERETTD,0
ELIQGLTQPVLGVCLGMQMLTLLSKERGGQALDCQAHDCKCLGIIPTEIDELNSQTLKAEGLPLPHMGWNQLTFSNPSQ,0
GASPALWGCDSFLGYCRIACFAHEASVGQKDCAEGMICCLPNVF,1
FLPKMSTKLRVPYRRGTKDYH,1
GLLGPLLKIAAKVGSNLL,1
LCRVLRAKESLKELSLAGNELGDEGARLLCE,0
GWKIGKKLEHHGQNIRDGLISAGPAVFAVGQAATIYAAAK,1
KSSAYSLQMGATAIKQVKKLFKKWGW,1
GLFNVFKKVGKNVLKNVAGSLMDNLKCKVSGEC,1
RRRPRPPYLPRPRPPPFFPPRLPPRIPPGFPPRFPPRFP,1
ATCDLLSGTGINHSACAAHCLLRGNRGGYCNGKGVCVCRN,1
MVLACAYHEAGVGPLAIPDHPM,0
RLNTTFRPLNFKMLRFWGQNRNIMKHRGQKVHFSLILSDCKTNKDCPKLRRANVRCRKSYCVPI,1
VALPSTPAEPPPPTRQSHGSHGSSLTQVSAPAP,0
FLPAIFRMAAKVVPTIICSITKKC,1
VDKANGKQLVEIFTSHSCSYWAGMAAIQ,0
EVASFDKSKLK,1
ASVATELRCQCLQTLQGIHPKNIQSVNVKSPGPHCAQTEVIATLKNGRKACLNPASPIVKKIIEKMLNSDKSN,1
SVFFTVDQITTALNVLSSPSARVAYDAALRVSRPTGAAGRDGSFQTGVENVDLDDLAFDEDQECWYRPCRCGNEHSYEFREADLEEVSEEGELVVGCLDCSLWLRVHFAVLDE,0
GKGRWLERIGKAGGIIIGGALDHL,1
GWGSFFKKAAHVGKHVGKAALTHYL,1
FFSLLPSLIGGLVSAIK,1
RIKRFWPVVIRTVVAGYNLYRAIKKK,1
LLRELSGKLGLQFLQKEYEFGAEPFAVADV,0
MTHEPCVMCSMGLLHSRIRRLIY,0
QGVRNHVTCRIYGGFCVPIRCPGRTRQIGTCFGRPVKCCRRW,1
WLGSALKIGAKLLPSVVGLFKKKKQ,1
LNKNMVDTNLLQDAT,0
PAVLKPGGRLLILTFDSFGE,0
SAPVPKVMMPSPASSMFR,0
LTDHIIPFWNKLRDDENGGFYGYLS,0
FLPLIAGLIGKLF,1
YIAVVSAPYWIQKRRAVSRPNMTESRFRGLLARQWPDRK,0
NRSDRESTEGAAIAVVNADNTVGVVIT,0
