DQLIQHELEKKLNWDDV,0
GFGCPLDQMQCHRHCQTITGRSGGYCSGPLKLTCTCYR,1
INLKALAALAKKIL,1
GLLDFAKHVIGIASKL,1
GPDIQYFSNDFVIDTQKQIIRFGFKTIKGFGD,0
VLPIIGNLLNSLL,1
LADVDTVINNQLHVDNFNNSAEKKKHVEIITL,0
SFLSTFKELAINAAKNAGQSILHTLSCKLDKTC,1
IKVEPVPPKGLEFKIPGDYGLAAFHMLTASVT,0
TLGDKADEFKRWDENSSAGSSQEGDIDDVVAGSTNNQKVIYV,0
AAEFPDFYDSEEQMGPHQEAEDEKDRADQRVLTEEEKKELENLAAMDLELQKIAEKFSQR,1
LLRALASKTPQIKKYIKYALNCVR,0
FWGFLGKLAMKAVPSLIGGNKSSSK,1
DSSIKVFNIQDITIK,0
GLLNTFKDWAISIAKGAGKGVLTTLSCKLDKSC,1
PKQPSRSSRSSLAATSGIDRIMAAALESRSYQRPQQRFANPPYVPMRQFRS,0
SGKSFKAGVCPPKKSAQCLRYKKPECQSDWQCPGKKRCCPDTCGIKCLDPVDTPNPTRRKPGKCPVTYGQCLMLNPPNFCEMDGQCKRDLKCCMGMCGKSCVSPVKA,1
FLGALWNVAKSVF,1
SCTTCVCTCSCCTT,1
GLDFSQPFPSGEFAVCESCKLGRGKCRKECLENEKPDGNCRLNFLCCRQRI,1
KYYGNGVTCGKHSCSVNWGQAFSCSVSHLANFGHGKC,1
IMKRHFTQALSTVTPRIPESLRRFYE,0
LLEDGTTEILDHVCNFRVMPRLRSWELYFRGDVWCPGWTVIKGESLTRSRTRVVNKAVADFAQKALAQGLITQEDAQPLLE,1
GIFSLIKGAAQLIGKTVAKEAGKTGLELMACKVTKQC,1
ARNAGDTPIVGVNLGEVGFLNAVPPEAAEEAVVSEVEAFDRGEMNVREAPRLAARTDEWTSVPAANEVVIQGARRGPGAGIDYEVRVDGSRYAGGHADGVLVATPTGSTAYNLSEGGPLVH,0
LTPYVGVVDGP,0
GLLGGLLGPLLGGGGGGGGGLL,1
FPDFGSDEKITTTHTLVLGFAPAKGSVE,0
ALSLELQEVEPLGLPQASPSRTRSPDVI,0
LFLCDMQEKFRHNIAYFPQIVSVAARMLKVARLLEVPVMLTEQYPQGLGPTVPELGTEGLRPLAKTCFSMVPALQQELDSRPQLRSVLLCGIEAQACILDPRSYPGLALTSLYPQNTTLDLL,0
GSVAVNKNFGMLSFMLIDFGAARRL,0
ILPILGNLLNSLL,1
FLPLIASLAANFVPKIFCKITKKC,1
STIVCVSLRICNWSLRFCPSFKVRCPM,1
FFATLPERELRSGFAEMIKHALISDLTLLRALMDTFTEPKD,0
SQNMGIGKNGDLPWP,0
FAIHWSVQRLFTGMQTLEPSVVCVGGDGSASEVAH,0
LILYAPNEFSFNWIKDNYIENLKKLLKNFCNINTTPTLMLKICKPKIIQKKFFNELTLKK,0
QHATLLDNILKKYKKLEDAYDFVLCEGTDFLGKDAAFEFEL,0
FLKGVINLASKIPSMLCAVLKTC,1
VYLETKHFVEVVLIDVSKPLLSFPRENFLFLITLGGDGT,0
ALQLLYSTNTYQFTFDTLPAEKEFQIPKALEATESLFQSLALTFPKLMKLSEDEKIGLW,0
VGSEVSDKRTCVSLTTQRLPVSRIKTYTITEGSLRAVIFITKRGLKVCADPQATWVRDVVRSMDRKSNTRNNMIQTKPTGTQQSTNTAVTLTG,1
FLPFIARLAAKVFPSIICSVTKKC,1
GEVAKKDAPSSRSSCPKGSRAYGSYCYALFSVSKNWYDADMACQKRPSGHLVSVLSGAEASFLSSMIKSSGNSGQYVWIGLHDPTLGYEPNRGGWEWSNADVMNYINWETNPSSSSGNHCGTLSRASGFLKWRENYCNLELPYVCKFKA,1
VGENYDQIQGLVEESSSSD,0
NGNLLGGLLRPVLGVVKGLTGGLGKK,1
SLCTAVKAISSAVRKAGIAHLYGIAGSTNVTGDQVKKLDVLSNDLVMNMLKSSFATCVLVSEEDKHAIIVEPEKRGKYVVCFDPLDGSSNIDCLVSVGTIFGIYRKKSTDEPSE,0
GILSLVKGVAKLAGKGLAKEGGKFGLELIACKIAKQC,1
DADHFTRTANRRDF,0
KFFRKLKKSVKKRAKEFFKKPRVIGVSIPF,1
GLFLDTLKGAAKDVAGKLEGLKCKITGCKLP,1
GFFKKAWRKVKHAGRRVLDTAKGVGRHYVNNWLNRYR,1
RLARIVPIRVAR,1
GFCRCLCRRGVCRCICTR,1
IIGHLIKTALGMLGL,1
LCCEGIWPVIGEVTDVT,0
ATCDLLSAFGVGHAACAAHCIGHGYRGGYCNSKAVCTCRR,1
QMKRRIIDSHKLLLNFNVIKDN,0
FLPILAGLAANILPKVFCSITKKC,1
QLKVDLWGTRSGIQPEQHSSGKSDVRRWRSRY,1
AEVAPAPAAAAPAKAPKKKAAAKPKKAGPS,1
HGANAEDVFINVPLGTVVYDAITNEILADINIDQQKYLVAQGGLGGHGNTHFKSAF,0
FANLTTETKTTDSSAVSTASQLSYHQLEEHINKWTLEFEEQEKVFTE,0
VAEWEKVAAQLLNL,0
QPEPAAVQATTTHHVQDAEDMTTEVDTVVSERLEKFRNMSRTKPDTK,0
KYYGNGLSCSKKGCTVNWGQAFSCGVNRVATAGHHKC,1
NWVPGIEPFQK,0
IYWIADQFGIHLATGTARKLLDAMASGASLGTAFAAILGVTLPAWALAAAGALGATAA,1
GKARSLKKRVGNYA,0
KQMGSSVKERLRPELSQLDQDADD,0
AVPIKLSNKNGQSASKNKILDFLKSDKENLISGDDDQEL,0
CMSYGGSCQRSCNGGFRLGGHCGHPKIRCCRRK,1
MMIEIIEPNWHIFIEKMKT,0
GLLLVEMGSKVTPEALH,0
TPGGIDFISGGPHVAQDVLNAIKNFFK,1
GALQFIPGDAVEVS,0
TWQEIPDLPAEMGDRVTF,0
MPEPAKSAPAPKKGSKKAVTKAQKKDGKKRKRSRKESYSVYVYKVLKQVHPDTGISSKAMGIMNSFVNDIFERIAGEASRLAHYNKRSTITSREIQTAVRLLLPGELAKHAVSEGTKAVTKYTSSK,1
NLGGAKTKVKLSLDDDDDDQLIDE,0
GTTVVNSTFSIVLGNKGYICTVTVECMRNCSK,1
APAHRSSTFPKWVTKTERGRQPLRS,1
FLPIALKALGSIFPKIL,1
FLPIIGQLLSGLL,1
FLFPLITSFLSKVL,1
RRSISNNAPPSMTRKRVETPFKTGV,0
GLFGKLIKKFGRKAISYAVKKARGKH,1
LGSCVANKIKDEFFAMISISAIVKAAQKKAWKELAVTVLRFAKANGLKTNAIIVAGQLALWAVQCGLS,1
AQVGTNKELCCLVYTSWQIPQKFIVDYSETSPQCPKPGVILLTKRGRQICADPNKKWVQKYISDLKLNA,1
WYVKKCLNDVGICKKKCKPEEMHVKNGWAMCGKGRDCCVPAD,1
VGALAVVVWLWLWLW,1
YQALKKKYPRVKLGGNIGVSPLSFF,0
NLLNDALGTVNGLLGS,1
LVAYQHIAAGWRQRFTIPIIGVTGS,0
GISAVYFYHRLLLWAKGRKVLDILYELKIHFTSLKGLTGPEKEAPRCQIVN,0
KWKLFKKIPKFLHLAKKF,1
YSRCQLQGFNCVVRSYGLPTIPCCRGLTCRSYFPGSTYGRCQRY,1
ATCDLFSFRSKWVTPNHAACAAHCLLRGNRGGRCKGTICHCRK,1
MLIGVDACNDPARVYHAYN,0
LRDLVCYCRTRGCKRRERMNGTCRKGHLMYTLCCR,1
FELYDKLVVSGLEAEKIINDNAMKEFHELAILDLDAAKEQIPDLEEKLKVLLLPAD,0
IIRRLPDAMSDEQSHIQDSFVDGLLDCP,0
EITEPSHVYEMDGERDGETVRIQDHIWERMAEGTIPDPPGTDRRAVVEGRVSVSPLTA,0
PADVDPKTGIPRPPHPPDISPYYPLSPGTVGQIPHPLGWLVPQQGQPVYPIT,0
RCTCTTIISSSSTF,1
CNEEFDSIPRRTGAEVDITGMTMLLQNLG,0
SSNQITELSLC,0
WRSLGRTLLRLSHALKPLARRSGW,1
TVKTLLGRLVKKEALWTEQ,0
FMGSALRIAAKVLPAALCQIFKKC,1
LVQRGRFGRFLKKVRRFIPKVIIAAQIGSRFG,1
GLLQTIKEKLESLESLAKGIVSGIQA,1
DKNPGLRTIVNKLDTIHAQFRYFDMEVIA,0
DFGCGQGMIFMCQRRCMRLYPGSTGFCRGFRCMCDTHIPLRPPFMVG,1
TSYGNGVHCNKSKCWIDVSELETYKAGTVSNPKDILW,1
PDPAKTAPKKGSKKAVTKA,1
MRVLLLLVSLAAVGNAYNAKVPIQTLPERLDNFPGRGPSFTRPAVVGVQTLPGRVPPQTFPGVIGVGTKPLISPPRPGFTGSTRPFQRPGQYSFTRSNCWARCPGYPNGDSLCCRQYGACCSTSYPVPYKG,1
AIKAADEGNLILFVL,0
GKCSVLKKVACAAAIAGAVAACGGIDLPCVLAALKAAEGCASCFCEDHCHGVCKDLHLC,1
AIPWIWIWRLLRKG,1
VDKPDYRPRPWPRNMI,1
HATDTETHTFT,0
RWGKWFKKATHVGKHVGKAALTAYL,1
IVVPQEFRAAVSGPFDGIFCFPSIEADCLEAGGKALFDRYQAVI,0
DVFNKLMSFQKKL,0
GLKDKFKSMGEKLKQYIQTWKAKF,1
WYLDGFSPSKNQSMW,0
CRFCCRCCPRMRGCGLCCRF,1
FLSTLWNAAKSIF,1
MNSSSVLFVCILGACSVWTVHGRNLKVNDDDQEGAELDISVEARKLPGLCWVCKWSLNKVKKLLGRNTTAESVKEKLMRVCNEIGLLKSLCKKFVKGHLGELIEELTTSDDVRTICVNLKACKPKELSELDFESDEDAHTEMNDLLFE,1
LIDNELEYYFQLNSSREKKRYLASVFACKEAVMKA,0
RFKDFKNFVLIKEDFFDVDLRKLTDGKIKLTGNL,0
ITSVSWCTPGCTSEGGGSGCSHCC,1
PQRHPNTLSFRCSL,0
DFKDYSTSAFHLHFSPLTPNHASTEAVSNFKQSSTIPSISKSNLTNPPLESEKSSDKALLTRPATSRRRCCHPTCTRITLRL,0
GLPQDCERRGGFCSHKSCPPGIGRIGLCSKEDFCCRSRWYS,1
LNLKGIFKKVASLLT,1
GLLDSVKEGLKKVAGQLLDTLKCKISGCTPA,1
GLWSKIKEVGKEAAKAAAKAAGKAALGAVSEAV,1
GLFVGVLAKVAAHVVPAIAEHF,1
SSFSPPRGPPGWGPPCVQQPCPKCPYDDYKCPTCDKFPECEECPHISIGCECGYFSCECPKPVCEPCESPIAELIKKGGYKG,1
QGHDVGFCCLGTTRGKAGAEGFVRV,0
ADRGWIKTLTKDCPNVISSICAGTIITACKNCA,1
PLVTGQESAPKHPKSALQEWAAAHNRRPPVYEIVSRTGPQHNPCFTIQVSIAG,0
IGVIKLSLCEEERNADEEKRRDDPDEMDVEVEKR,1
SVRTQDNAVNRQIFGSNGPYRDFQLSDCYLPLETNPYCNEWQFAYHWNNALMDCERAIYHGCNRTRNNFITLTACKNQAGPICNRRRH,1
PSCVCSGFETSGIHFC,1
YPELQQDLIARLL,1
PDPGQPWQVKAGRPPCYSIPCRKHDECRVGSCSRCNNGLWGDRTCR,1
IAFMVKAVVLDPTNHFNV,0
VILNNQPEFLSLAA,0
YVNLNHIMPTRYSVKELCDFKEL,0
CSDAYLPENWKDPKE,0
VTCYCRRTRCGFRERLSGACGYRGRIYRLCCR,1
AVRLKWGGMEYRGILASVDSYMN,0
IPAMEPAARVKRSPGYGGCSPRWACGGYG,1
AVDFSSCARMDVPGLSKVAQGLCISSCKFQNCGTGHCEKRGGRPTCVCDRCGRGGGEWPSVPMPKGRSSRGRRHS,1
GIWDTIKSMGKVFAGKILQNL,1
GAFGDLLKGVAKEAGLKLLNMAQCKLSGNC,1
GLRSKIWLWVLLMIWQESNKFKKM,1
IQQLQQRLRDCDIKHLTDVLEIDKDMRALMQ,0
HVDKKVADKVLLLKQLRIMRLLTRL,1
GLLDTIKNTAKNLAVGLLDKIKCKMTGC,1
GLLSGVLGVGKKVDCGLSGLC,1
VDECPLDQGLPKFSAEVIFEKCSQ,0
FLPIIAGIAAKVFPKIFCAISKKC,1
KHRKSAQDIKKSKIFTKITRKITISCLKNGTDVNK,0
LVLKYCPKIGYCSNTCSKTQIWATSHGCKMYCCLPASWKWK,1
GVITDALKGAAKTVAAELLRKAHCKLTNSC,1
GFGCPRDQYKCNSHCQSIGCRAGYCDAVTLWLRCTCTDCNGKK,1
EFELDRICGYGTARCRKKCRSQEYRIGRCPNTYACCLRKWDESLLNRTKP,1
RLKTYRKELYDEVISMNEIPSQASTTHQKLQVC,0
ENCKCTPESMAKAGFVHCPTENEPDVACC,0
VVYQEEPGGSGAVMSERVSG,0
FIHHIIGWISHGVRAIHRAIHG,1
DLLDNSRMSCQDEGCGLESEQSCSMWME,0
AQRCGDQARGAKCPNCLCCGKYGFCGSGDAYCGAGSCQSQCRGCR,1
IAVRTVEVHRARVMEKM,0
TGRIIYEACSCITTMLSR,0
GLVRKGGEKFGEKLRKIGQKIKEFFQKLALEIEQ,1
QYQEVTDTKMLHLEDRVQGMEESQQEM,0
RRSKVRICSRGKNCVSRPGGGSFNDEFIRDHSDGNRFA,1
GVLDILKGAAKDLAGHVATKVINKI,1
FLPFLASLLTKVL,1
AAKPMGITCDLLSLWKVGHAACAAHCLVLGDVGGYCTKEGLCVCKE,1
REATQLALERDGFAVTAMPDGLSGLEA,0
PPHKKKLAVYPVFLFYLFLSWFSLIV,1
KEKCDLKTDGEVEKLLIRAELFVDLKIDSVA,0
FLGAIAAALPHVINAVTNAL,1
FSKIVDVCHDHGIEVFVALDVNENHEVLVSGWKEDAGVTLEDAIERFNE,0
SASIVKTTIKASKKLCRGFTLTCGCHFTGKK,1
LFGERLVAFASI,0
KRFKKFFKKLKNSVKKRVKKFFRKPRVIGVTFPF,1
FLKNSGELEATSAFLASGQRADGYPIWSRQDD,0
RFYGHRQYLECEVFRVEGIKDNLDDIKRIIKAREHRNRLLA,0
YNNKDCPKYFTDQLDESTLQLLDGLRDFIAELQERLKNDENASLDKERLTSVGKIFNACDSLSNCSKAGPYGILANIL,0
FFGAIAAALPHVISAIKNAL,1
GYAYSGKNVSGMDDQ,0
RCVCRRGVCRCVCTRGFC,1
KVPIGAIKKGGKIIKKGLGVLGAAGTAHEVYNHVRNRQ,1
SDTDNDNDGDAMEEDDDDMPTFFKEVKEAEAAKEAAKTPSKNPKSKVA,0
YIEFESSWGNGQFHSQLSG,0
LGVAGSEGALATVRRIALRREGEPEPPLQEVLEARPQGRLWAVRIEGVSDRTSAEAWVGAEVLA,0
TAKIIDGKAIAHTIRSEIAEEVRGLSEKHGKVPGL,0
FGVQVPKGPHEESNYEA,0
KKVWFIFHVCPKLKQRIL,1
GIFGKILGAGKKVLCGLSGLC,1
PSTTPAPSTTSAPTTTTTAEPTPTTSSTNNTSTTTPTSVPTPTNNTPATPNPTPTTSSTPGSTSTTSPQQSSDFATGTELEATIKNITDMGFARDQVLRALRLTFNNAERAIEYLVSGNIPAANDPEDEEEMEGGGGSGDNPFEALRNHPH,0
YVPLPNVPQPGRRPFPTFPGQGPFNPKIKWPQGY,1
SNFDCCLGYTDRILHPKFIVGFTRQLANEGCDINAIIFHTKKKLSVCANPKQTWVKYIVRLLSKKVKNM,1
GFVALLKKLPLILKHLH,1
RQRVEELSKFSKKGAAARRRK,1
GVGSFIHKVVSAIKNVA,1
IVNLNNGQRWLTYVLPGQAGSGMVCPN,0
LIEAARKNAEDD,0
GTGLPMSERRKIMLMMR,1
VLGGYSVHGTVYVMAPPESARTIEYTAGRIISHTDGILGGTSLLPGGAGITARLLSHRT,0
GLMSSIGKALGGLIVDVLKPKTPAS,1
PAAIKGAVAAGAGRLP,0
YDPITVNLIAGDQKKPSF,0
RIVPVDATWYLPSWKLDNKVD,0
THTGYFTRNSALKTKVEKAAAESGEWVWNMPLTDFHVKDMKGTYA,0
DLSANRSVLELSGPAAPLVLRKSCP,0
GYENFDYAFSMHLRKHVRLPNY,0
KIVVGETEEVLRIHLVHDLVNYPSLQYNIESKFDQVLSSQVEGGIRIFVDEWGHPNNNGITPVEKKPSV,0
AENFSKKDMIITIGGGVVGDLGGFVAATYYRGIPYIQIPTT,0
TGDRLKEAQHINKSLSALG,0
VLSAADKNNVKGIFTKIAGHAEEYGAETLERMFTTYPPTKTY,1
GFMATAKNVAKNMDVTLLDNLKCKITKAC,1
RRAEVTIPYFDGLSGQKR,0
WRSRTGPQDAELWPPRTLCEL,0
SDGGAQDCCLKYSQRKIPAKVVRSYRKQEPSLGCSIPAILFLPRKRSQAELCADPKELWVQQLMQHLDKTPSPQKPAQGCRKDRGASKTGKKGKGSKGCKRTERSQTPKGP,1
KKSCHTGLDRSAGWVIPIGTLVKKAILPWDRK,1
GLLDIVKKVVGAFGSL,1
TKPTLLGLPLGAGPAAGPGKR,1
VNPIILGVLPKFVCLITKKC,1
ILGPVLGLVSDTLDDVLGIL,1
FKLGSFLKKAWKSKLAKKLRAKGKEMLKDYAKGLLEGGSEEVPGQ,1
LKLSPKTKDTLKKVLKGAIKGAIAIASMA,1
KRRGSVTTRYQFLMIHLLRPKKLFA,1
FLPLVTMLLGKLF,1
GDFHELFLANDAVSPHESAHQDAAALERMKARLSRLNIDVSAKYQQPVDHLGVE,0
DNGIPIAYCSW,0
LSLYDESGAVTVVKLLTSVKVKLFVQLSTPPLINVSNVE,0
FHDRGPETLKCLYDESEDNNNF,0
KYYGNGVHCTKSGCSVNWGEAFSAGVHRLANGGNGFW,1
GIFSKLGRKKIKNLLISGLKNVGKEVGMDVVRTGIDIAGCKIKGEC,1
RCGPDTQVHLTTQA,0
IWSAIWSGIKGLL,1
SPQEYRGEKVLAAKGGHIPGAVNFEWTAAMDPSR,0
GAGTGQMGPGRDQGDDHNSQREGMSRHHH,0
KSPYRSPYRSPYKSPSKRYSYNQSPTKSPYGRRS,0
SVSCLRNKGVCMPGKCAPKMKQIGTCGMPQVKCCKRK,1
GNFYGSPMAPVSQAIEAGHD,0
ITSHSLCTPGCAKTGSFNSFCC,1
NLCERASLTWTGNCGNTGHCDTQCRNWESAKHGACHKRGNWKCFCYFDC,1
GLLPSLEDLLFYTI,0
DLRFWNPREKLPLPTLPPFNPKPIYIDMGNRY,1
AKCIKNGKGCREDQGPPFCCSGFCYRQVGWARGYCKNR,1
QRGSRGQRCGPGEVFNQCGSACPRVCGRPPAQACTLQCVSGCFCRRGYIRTQRGGCIPERQCHQR,1
GRCVCRKQLLCSYRERRIGDCKIRGVRFPFCCPR,1
RWRFLRKISSVHMFSVKALDDFRQL,1
FLTGLIGGLMKALGK,1
GLMSVLGHAVGNVLGGLFKS,1
ETHAYSKTSSNTSIHESDDDDIWGDDEPTQTPAVKRIHTK,0
GYHGGHGGHGGGYNGGGGHGGHGGGYNGGGHHGGGGHG,1
SALPIGGFSFSNGLESAIQQNLVHDKE,0
ATTGCSCPQCIIFDPICASSYKNGRRGFSSGCHMRCYNRCHGTDYFQISKGSKCI,1
FLSLLPSIVSGAVSLAKKL,1
QYGRRCCNWGPGRRYCKRWC,1
NNNIINNNNSQSNLQSLLHPQYYLSNSSSSSSSS,0
VGGLPYHTTDASLRKYFEGFGDIEEAVVITDRQTGKSRGYG,0
LQRASSCSKGSRDIEEFV,0
KRTVGEEVTTDMR,0
QVLEGLAAAVTGKLAGLWRNGEVELLGHYCSYSVTPTIRRWQLYFRGRMWCPGWTSIRGEAMTRSNSGVQGDTTRDFVTKALNAGLISQQEAQAWLDG,1
QYEALVASILGKLSGLWHSDTVDFMGHTCHIRRRPKFRKFKLYHEGKFWCPGWTHLEGNSRTKSRSGSARDAIKDFVYKALQNKLITENNAAAWLKG,1
ERLQENLQAYRTFQGMLTKLLEDQ,0
LVKLGDTMVLA,0
AAGEKNEFNISSEELKEHINHNNVEVMNEWKD,0
EKQRCHIIARKQGYHGNTLFALSVGGMKPRKQPYEGVFSHTTSHVSPCFEYRYKENGETTEEYVARLAK,0
LITTKESWDDKLAEADRDGKIVVANFSATWCGPCKIV,0
GMWSKILGHLIR,1
KRFHSVGSLIQRHQQMIRDKSEATRHGIRIITRPKLLLAS,1
FQTSEAILPMASSCCTEVSHHVSGRLLERVSSCSIQRADGDCDLAAVILHVKRRRICISPHNRTLKQWMRASEVKKNGRENVCSGKKQPSRKDRKGHTTRKHRTRGTHRHEASR,1
EEQSFTAEVVGYESEAQMQELLKEKKCSTLNYRQTKKESGDREKIADKNNLDDSLAPHPLHICLTIGAAGSNQ,0
FTGLSTMADAVLIPERPASWDSVAKRVKEAYNERRWALVVVSEGIKEYGGPK,0
ILGKLLSTAAGLLSNL,1
LQWIDPGKTITFLGSSGAGKSTIINSLLGGEIQKTNEVKVSDGTGKHTTTRRELFLLPSGGVLMDN,0
MTTDFDLSLDNSPLLQSIH,0
KRFWQLVPLAIKIYRAWKRR,1
LPLSTTPILHEEFGNLTIGSHSSA,0
EFRGSIVIQGTKEGKSRPSLDIDYKQRVYDKNGMTGDAYGGLNIRPGQPSRQHAGFEFGKEYKNGFIKGQSEVQRGPGGRLSPYFGINGGFRF,1
GFKIARKKMADKIVSVFITTKNKDELKKRLIKRN,0
GGEQMSSLEFANLLENWRDGGVRE,0
LPRDTSRCVGYHGYCIRSKVCPKPFAAFGTCSWRQKTCCVDTTSDFHTCQDKGGHCVSPKIRCLEEQLGLCPLKRWTCCKEI,1
KNMVQQVQAERDALALSKSPFIVHLYYSLQSANNIYLVMEYLIGGDVKSLLHIYGYFDEEMAVKYIS,0
IASKFICTPGCAKTGSFNSYCC,1
ALWMTLLKKVLKAAAKAALNAVLVGANA,1
GSGVTACHNLFALSLA,0
GCFEDWSRCSPSTSRGTGVLWRDCDSYCKVCFKADRGECFDSPSLNCPQRLPNNKQCRCINARTAKDNRNPTCWA,1
ASVVKTTIKASKKLCKGATLTCGCNITGKK,1
VSCDFEEANEDAVCQEHCLPKGYTYGICVSHTCSCIYIVELIKWYTNTYT,1
LIAGLAANFLPKLFCKITK,1
VSTGSLHLDEALGTGGLPLGRIVELYGNE,0
IFGAIWNGIKSLF,1
WKSESLCTPGCVTGALQTCFLQTLTCNCKISK,1
AVDLAKIANKVLSSLF,1
GIPCGESCVFIPCITGAIGCSCKSKVCYRN,1
YDLSKNCRLRGGICYIGKCPRRFFRSGSCSRGNVCCLRFG,1
AGNPVESKRLKSGTLCLDVQSPQLLQQLIGKDPAQQQTQAAKRAGSER,0
EIAANSNTKEKEIKEDF,0
CNNIFFFESRRREDLYLHIARAPNGPTV,0
LLGSPQAAEAEGVIGECWRTERTVYFPGSTQRVLWIGQR,0
WHNFGADYDTTLMAWYERFLAAWPEIAD,0
DVIYMMWHAAALGLPFLPVTLMQGSGLTDEWGISKEVRKTLDKVPDDKFKYIDNPFKPGEKVVAVPV,0
QNVMGRGIALPGMANPQMFQRASTDLEEETADVHAEPEQNPQVSKAPQRARGPRGKRLPKAIKE,0
GVWTTILGGLKKFAKGGLEALTNPK,1
LVDDFDGAGAADETVEFGLDGVTYEIDLTNKNAAKLRGDLRQWVSAGRRVGGRRRGRSNSGRGR,0
GLFTLIKGAAKLIGKTVPKKQARLGMNLWLVKLPTNVKT,1
DSMGAVKLAKLLIDKMKCEVTKAC,1
KKKSGVIPTVSHDCHMNSFQFVFTCCS,1
TITLSTCAILSKPLGNNGYLCTVTKECMPSSCN,1
FLRFIGSVIHGIGHLVHHIGVAL,1
LLGMIPLAISAISALSKL,1
PANPESASPYSPSSRRWLNVI,0
DIDFSTCARMDVPILKKAAQGLCITSCSMQNCGTGSCKKRSGRPTCVCYRCANGGGDIPLGAL,1
SPPQAYSSSSATTTFSNPFIKTTELPATSPYVSPQQ,0
DQVQVHPTGFIDPNDRENNW,0
GLWQKIKDKASELVSGIVEGVK,1
GPTLIGLAMGDAGGYKASDMWGPKEDPAWQRNDPLLNVGKLIANNTRVW,0
GKNGVFKTISHECHMNSWQFLFTCCS,1
GIGKFLHSAKKFGKAFVGEIMNS,1
GFLGPLLKLGLKGAAKLLPQLLPSRQQ,1
EASTIQIPFQIHQDIRVIVIGASTGGPQ,0
GFLSALKKYLPIVLKHV,1
MDSFQKIEKIGEGTYGVVYKAKDKVSGRLVALKKIRLENESEGVPSTA,1
SVLGTVKDLLIGAGKSAAQSVLTALSCKLSNSC,1
NRWYCNSAAGGVGGAAGCVLAGYVGEAKENIAGEVRKGWGMAGGFTHNKACKSFPGSGWASG,1
TRKRKGKSESKSKR,0
IRTFKPINNQRNFLGTLL,0
FYVINRIGLENPGIHAFVENIPELPVPMIASLGGDSFEEYLEVARVFK,0
ARKNADLIRAFTRETETFTEL,0
LQDAALGWGRRCPQCPRCPSCPSCPRCPRCPRCKCNPK,1
LASTLGISTAAAKKAIDIIDAASTIASIISLIGIVTGAGAISYAIVATAKTMIKKYGKKYAAAW,1
GLPRKILCAIAKKKGKCKGPLKLVCKC,1
GWKDWLKKGKEWLKAKGPGIVKAALQAATQ,1
KQEGRDHDKSKGHFHMIVIHHKGGQAHHG,1
IYIEKEGDSINLLCPFCALPENINDLIYALSLN,0
GQALNKLMPKIVSAIIYMVGQPNAGVTFLGHQCLVESTRQPDGFYTAKMSCASWTHDNPIVGEGRSRVELEALKGSITNFVQTASNYKKFTIDEVEDWIASY,1
SDKPDVKEVESFDKSKLKKVETQEKNPLPTKETIEQEKKG,1
FLPLAVSLAANFLPKLFCKITKKC,1
FLQTILVGCFVSNKASVEHSLEVVYENIIELEKW,0
GSCSCSGTISPYGLRTCRATKTKPSHPTTKETHPQTLPT,1
SQLTEATRKLQARSAKGALTVSLLPSFAIHWLVPRL,0
LIGLVSKGTCVLVKTVCKKVLKQ,1
GLRKRLRKFRNKIKEKLKKIGQKIQGFVPKLAPRTDY,1
RESPSSRMECYEQAERYGYGGYGGGRYGGGYGSGRGQPVGQGVERSHDDNRNQPR,1
RTNLMVGLIRDGQFH,0
KEDQALSKEEEMETESDAEVECDLSNMEITEELRQYFAETERHR,0
GFMSKVANFAKKFAKGGVNAIMNQK,1
PPVFGRIDRDNR,0
HTLLVQLPERTVLLDAYSEHLAAALCTNPN,0
WTTIVKVSKAVCKTGTCICTTSCSNCK,1
GEGFLGMLLHGVGHAIHGLIHGK,1
GVFLDALKKFAKGGMNAVLNPK,1
DTKAEVPLIMNSIKSFSDHAQCG,0
PPTLLSKDQIKKVRKELREYSRQFDEED,0
ISQLREDDARAALSRSLELWKDLPPEDPHVPDFPTRISLSRLLMEVSMLLEALEVLERLILED,0
VARLAGHPLLKKKIDVLKDAVQAFKDARQSAPA,0
GLVSSIGKALGGLLADVVKTKEQPA,1
RFQGVYLPLLWEQSFCWKSPIALGYTRGH,0
RFGRFLRKIRRFRPKVTITIQGSARFG,1
LATLKQEIILPLPPIIRINRNQAAKELDNVLKERNIHILVVGMPSGGEAEHSDTQKRISHFISLLSFEGEICFVNEDYTSFNALQS,0
RILPGLLTSSSHHSLTCKVFLSLLGFIAKQINDKS,0
GRPNPVNNKPTPHPRL,1
TAAAKDIITLHGSAAIVSEFFCY,0
GLLGLLGSVVSHVLPAITQHL,1
EELRCAACETMTEIVNKKMKPLE,0
GLALNRLMNKAVDAIVYMVGQQDAGVSLLGHPCLVESAKQPEGIYTAVMSCASWTPRFVGEGTSEVELEALKGSIRSFIRKASDYQLLSKEDLEDWLASY,1
AETQNPSCFGVRRGKGK,0
GMASKAGSVLGKLAKVAIGAL,1
FLPLFASLIGKLL,1
RKRLEAFLTQKQKVGELKDDDFEKISELGAG,0
HPLMRKWWNHMSDIMETNP,0
FLPLLASLFSRLL,1
TYDTVFKGFSVSLPENAVDALSAHP,0
LPVYDHGAVMQDDDT,0
YVSCLFRGARCRVYSGRSCCFGYYCRRDFPGSIFGTCSRRNF,1
EESFTAAADDAIDRAEDTLDNVVWAEVVDQGVEIGAVEERTYQTEVQVAF,0
YTQPNSLWRGPDEDDLDSN,0
LTTKLWSSWGYYLGKKARWNLKHPYVQF,1
QSPASGSISTTNITNRNS,0
IRVGIGRPEFSSQVKDYVLEEFNTQELA,0
EHVHGSSPYAASSPAY,0
EQKCETKNCNIEESTTKIVKAKKS,0
EIARGLVSYDADDARRIAGRKSAEIETILGYPGRAA,0
WYVRKCANKLGTCRKTCRKGEYQTDPATGKCSIGKLCCILDLKLAGQCGGADGNQAAAGTQAAGGTRAAGGTQGTGGTGATGAAATTAAP,1
CLVAFIIGSLWDKERLM,0
MIRKEAYVHKSVMEELKRIIDDSEITKEDDALWPPPDRVGRQELEIVIGDEHISFTTSKIGSLIDVNQSKDPEGLRVFYYLVQD,0
TKLIESMEKGMKTIVPRQLIAKKLSLGRFKGPIQYIIWKEMQAILSPGPSQLTLDPKTAH,0
GRDYRTCLTIVQKLKKMVDKPTQRSVSNAATRVCRTGRSRWRDVCRNFMRRYQSRVTQGLVAGETAQQICEDLR,1
GKQYFPKVGGRLSGKAPLAAKTHRRLKP,1
RIFSKIGGKAIKNLILKGIKNIGKEVGMDVIRTGIDVAGCKIKGEC,1
TCRYWCKTPENQTYCCEDEREIPSKVGLKPGKCPPVRPVCPPTRGFFEPPKTCSNDGSCYGADKCCFDRCLGEHVCKPIQTRG,1
FMGTALKIAANVLPAAFCKIFKKC,1
GFLDIVKGVGKVALGAVSKLF,1
GWFGKAFRSVSNFYKKHKTYIHAGLSAATLL,1
ACDTATCVTHRLAGLLSRSGGVVKNNFVPTNVGSKAF,1
SESSNVTFLRNILDCLRDACYEIVGYGFNHSDEL,0
LQDAALGWGRRCPRCPRCPNCRRCPRCPTCPSCNCNPK,1
FLGGLMKIIPAAFCAVTKKC,1
GKLQAFLAKMKEIAAQTL,1
VIDTAGHEPDEVTDLLAAALGPLLA,0
NKKNNNNSDDVLPFISESPFDMNQV,0
GAILCNLCKDTVKLVENLLTVDGAQAVRQYIDNLCGKASGFLGTLCEKILSFGVDELVKLIENHVDPVVVCEKIHAC,1
RPDLLIDGPLQYDAASVESVGRQKAPDSQVAGRANV,0
GIMDSVKGLAKNLAGKLLDSLKCKITGC,1
LPVNEAQCRQVGGYCGLRICNFPSRFLGLCTRNHPCCSRVWV,1
QANEVMFNLLDSHDTKR,0
PNSSVYRNCPCIRCLAHNFLNLYISVFRRGETRSLPSSVQATASITSSS,0
RSNKGFNFMVDMIQALSK,1
RFNIRAGFFWDGIDRSNGFEDLIVRKRN,0
ARTESDFQKQEVESTEERFFLPG,0
LLDVVQFLPEDIIIQTF,0
YNPEFVFISTNFLKTLDFQRFKDG,0
ILQKAVLDCLKAAGSSLSKAAITAIYNKIT,1
ECIPTKHDCTNDRKNCCPGHECKCYNTQIGGSKKEQCGCKKSLLAKAKNFGGKVITIFKA,1
APVPFSCTRGCLTHLV,1
ITIPPIVKDTLKKFFKGGIAGVMGKSQ,1
GILDAIKAFANALG,1
GLSQGVEPDIGQTYFEESRINQD,1
KITITECIYCGKDNKEVERNVKHMFSEHGLFIPERSYLIDLNGLLEFL,0
GWWRRTVDKVRNAGRKVAGFASKACGALGH,1
TKYYGNGVYCNSKKCWVDWGTAQGCIDVVIGQLGGGIPGKGKC,1
GFTQGVRNSQSCRRNKGICVPIRCPGSMRQIGTCLGAQVKCCRRK,1
ATCYCRTGRCATRESLSGVCEISGRLYRLCCR,1
EMWNRKFFNPRKTHVYFINSDEVAEQRAVSIKAYQQGKGTKGLFSKFNAQREWKKQ,0
NLAKGKEESLDSDLYAELRCMCIKTTSGIHPKNIQSLEVIGKGTHCNQVEVIATLKDGRKICLDPDAPRIKKIVQKKLAGDES,1
APRFPALWQRFCHFYRQDPLARRRENGLQD,0
FLGMLLHGVGHAIHGLIHGKQNVE,1
SSNFSKRPYVL,0
KERIDFFTALCEKELGWKME,0
GWASSIGSILGKFAKGGAQAFLQPK,1
SLWENFKNAGKQFILNILDKIRCRVAGGCRT,1
ECWMDGHCRLLCKDGEDSIIRCRNRKRCC,1
LFETDNAADVKDLIRAPGFGGASVTI,0
GTDSGRFCSSICGQRCSKAGMKDRCMKFCGICCGKCKCVPSGTYGNKHECPCYRDMKNSKGKPKCP,1
GLVDVLGKVGGLIKKLLPG,1
ETSTFMISKWGRKDEEIAQFDQIVSTVKAM,0
KSSYTMSPSHAPPRS,0
GFGCPNDYSCSNHCRDSIGCRGGYCKYQLICTCYGCKKRRSIQE,1
EEEARKILQKQSGN,0
GREQAVRKSEKERMREYQRE,0
QGVRSYLSCWGNRGICLLNRCPGRMRQIGTCLAPRVKCCR,1
KPAWCWYTLAMCGAGYDSGTCDYMYSHCFGVKHSSGGGGSYHC,1
YVPKIPKPQPNKPNFPSFPGHGPFNPHASRFPRSPKDNGKIVFDAKKEGGKTQWNVETQQKVWGNKHGSIHVSAGAGKQPGGKPQGQVGIGGSFSWGK,1
IGGALGNALNGLGTWANMMNGGGFVNQWQVYANKGKINQYRPY,1
TAVILDPVMATGGTANAVITTLQEWGCKNIIFVSVL,0
KRGPNCVGNFLGGLFAGAAAGVPLGPAGIVGGANLGMVGGALTCL,1
FLPAVLKVAAHILPTAICAISRRC,1
ITIPPIVKNTLKKFIKGAVSALMS,1
GTRCGETCFVLPCWSAKFGCYCQKGFCYRN,1
AMWKDVLKKIGTVALHAGKAALGAVADTISQ,1
QVLCIIPNHSCITAAAFPWYY,0
SIKPTHVFNAAGLTGRPNVDWCESHKPETIRVNVAGTLTLADVCRENDLLMMNFATGCIFEYDATHPEGS,0
VSRGKQRSRDQNGVMHSAASGALGVPHHLRRGEKGTSYSWSPEARQAVSVDKKNGSVRFATPYDQNWESHLNKLLSAQCGQNYAGAKFSEPPSPSVLPKPPSHW,0
LGLKLGDRILLDAEKAGTLR,0
DCYEDWSRCTPGTSFLTGILWKDCHSRCKELGHRGGRCVDSPSKHCPGVLKNNKQCHCY,1
GIPCGESCVWIPCISSAIGCSCKSKVCYRN,1
ENFGNEFISTLLNKKTQDFK,0
GLFGVLGSIAKHVLPHVVPVIAEK,1
GICRCLCRRGVCRCICVL,1
FWGALIKGAAKLIPSVVGLFKKKQ,1
KIKIPWGKVKDFLVGGMKAV,1
KDGYLVGNDGCKYSCFTRPGTYCANECSRVKGKDGYCYAWMACYCYSMPNWVKTWNRATNRCGR,1
IRSHLDADPVV,0
ADKTEEVKENPKSSSSDAPA,0
RIRFPWPWRWPWWRRVRG,1
RRSKVRICSRGKNCVSRPGGGSVIGRPGGGSPPGGGSFNDEFIRDHSDGNRFA,1
AETGSGKTLAFLIPVLNYILSIDENYLKYEKISNEPVGLILAPTRELALQIT,0
DSTDFFKSGAASVDVV,0
DHHHDHGHDDHEHEELTLEKIKEKIKDYADKTPVDQLTERVQAGRDYLLGKGARPSHLPARVDRHLSKLTAAEKQELADYLLTFLH,1
KYYGNGVSCNSHGCSVNWGQAWTCGVNHLANGGHGVC,1
IKIPPIVKDTLKKVAKGVLSTIAGALST,1
GFFALIPKIISSPLFKTLLSAVGSALSSSGEQE,1
SNGDVNLDERNPELDARMSDHQEWHLELERVLPQLKVFVKADARDWRTHISQMETLKTNILENSDTAEAQLKKLHSEFTFDLEKIESREKHLNNELKPLIQQFKEL,0
ACRFLKPLMPKSWHFVQQPKVLIPQNGELTLVTVLDNGENVRLLVVEPSCSASLCLLAQSQVVLAGRQLV,0
ILPFVAGVAAEMMQHVYCAASKKC,1
GLMDTIKGVAKTVAASWLDKLKCKITGC,1
SSSLLNTAWRKFG,1
GLSPDILRAVAEQGYREPTPIQQQAIPAVLEGRDLMASAQTGT,0
CSCRTSSCRFGERLSGACRLNGRIYRLCC,1
MESAVLEKECERILKLIGGKSNQLIVWDR,0
RGGRLCYCRGWICFCVGR,1
NIQAPYSNVPALAERWQR,0
LAGNPLYNDYKENNATSEYRIEVVKRLPNLKKLDGMPVDVDERE,0
RAIGGGLSSVGGGSSTIKY,1
FKSWSFCTPGCAKTGSFNSYCC,1
VFLGAIAQALTSLLGKL,1
VELISDLIREVGEARQVDMAARLGVSQPTVAKMLKRLATMG,0
ASGRDIAMAIGTLSGQFVAGGIGAAAGGVAGGAIYDYASTHKPNPAMSPSGLGGTIKQKPEGIPSEAWNYAAGRLCNWSPNNLSDVCL,1
PSVRRRRVVSVTTNDMEGSYP,0
TSRCYIGYRRKVVCS,1
VNWKKILGKIIKVVK,1
TVKCGMNGKMPCKHGAFYTDTCDKNVFYRCVWGRPVKKHCGRGLVWNPRGFCDYA,1
PKNNLQDAAVIEIVGHAKDHYVGQFITLPNGGYYIFVDDPLFYLNINLKDTTGLVNGHKILFKIISQ,0
VTQNELLKQQVKIFEEDFQRERSDRERMNEEKEELKKQVEKLQAQVTLTNAQLKTLKE,0
GLRDKIKNVAIDVAKGAGTGVLKALLCQLDKSC,1
RLCYTSNIFRFDETGKKSRENWQLGAEIIGVTGSEANAELITLALETLSRLGFEDVELRLSHSQLIKAVLAQLEPNADEQHKIFDQLLDGDVALMSRLE,0
LRVRRTLQCSCRRVCRNTCSCIRLSRSTYAS,1
VWLSALKFIGKHLAKHQLSKL,1
YPPKPESPGEDASPEEMNKYLTALRHYINLVTRQRY,1
FLPLVTGLLSGLL,1
KTENAAATPATEFAVTV,0
GSHRDQASGCYSLLMVRGEHLDWL,0
PLRLVDKFLLLMANL,0
FLPLLVGAISSILPKIF,1
TQAYRIITQFFTDDDAGEKESHENAD,0
GVVDILKGAGKDLLAHLVGKISEKV,1
FLPLIGKVLSGIL,1
INWKGIAAMAKKLL,1
ACTETIRAGSDRLKDVMSTLGVNVLDGREVQAHAGLDAFSNV,0
MERFLPVCRVNDFQMSDVINPKAKRTARFLSGILNFVHFRECRREAYLELQLNYKSA,0
FEKLLEKAHVPVMFYNIPSR,0
PRQPSKGLFSDPVSTSTVGLT,0
DFGCARGMIFVCMRRCARMYPGSTGYCQGFRCMCDTMIPIRRPPFIMG,1
GIMSIVKDVAKNAAKEAAKGALSTLSCKLAKTC,1
KSCCKSTLGRNCYNLCRARGAQKLCANVCRCKLTSGLSCPKDFPK,1
VAESNIEAMERKVDELYGAACKRYPTYDTMVQNAFCASMDAAFGTDEQAEGVAEVFAYARDAY,0
VTCFCKRPVCDSGETQIGYCRLGNTFYRLCCRQ,1
DTVACRIQGNFCRAGACPPTFTISGQCHGGLLNCCAKIPAQ,1
SLFSLIKAGAKFLGKNLLKQGACYAACKASKQC,1
RPSATHNLALKDCFLFICDLIRIYHHVLKVPIHESNMNLHVEP,0
QIYVSGGFNGDMILASVEVYNPIGNVFSRTVDLPYPITGHCL,0
YSYKKIDCGGACAARCRLSSRPRLCNRACGTCCARCNCVPPGTSGNTETCPCYASLTTHGNKRKCP,1
FLPVIAGVAAKFLPKIFCAITKKC,1
FLGLLFHGVHHVGKWIHGLIHGHH,1
FLGVVFKLASKVFPAVFGKV,1
ASLSREEPQDIYWLAQCLYLTAQYHRAAHALRSRKLDKLYEACRYLAARCHYAAKE,0
THTGEKPYTCEICNKCFTRSAVLRRHKKMH,0
SSLPAIPNPFPELCGPGSPPVLTPGSLPPSQA,0
KIKWFKTMKSIAKFIAKEQMKKHLGGE,1
EISDEMKAICNLQLGK,0
LLRPSLVFLLAEAAISPEELKVALPKKLMNCKYLFMPINDLDKHAAGSG,0
ADTAESTQATENKEEEDEDFD,0
GLFDIAKKVIGVIGSL,1
RSFATEESLHLHTQTPKGLVEFNLDDNLF,0
DHDFVRFLKRWEILGGELGEQGTGGF,0
GLFDIVKKVVGTLAGL,1
AGRMGRRVVALGLADPNFQLVGAIDHAKSDHLGQDSGAVAGEAPSGIEISSHWPVLDDAATNQAVIDF,0
YCPGGKLASVDHGISFDPMPLET,0
IDWLKLGKMVMDVL,1
GLLGSIGNAIGAFIANKLKPK,1
SDKHLQSWYCRQLRSALLFHEPRIA,0
GSNFCDSKCKLRCSKAGLADRCLKYCGICCEECKCVPSGTYGNKHECPCYRDKKNSKGKSKCP,1
EVAIGLNGKIWVKC,0
EAKEEMYKLYPNARRAHLKTGGNFPYLCRSAEVNLYVQIHLLQFHGTKYAAIDP,0
AAGKKPLDVVLPQLHEAMGGQGRLFAQVMATTAEGMVN,0
FLPVVAGLAAKVLPSIICAVTKKC,1
NISHYSVLFKRLYVLLSVFDSLQSCAFGGPKLLN,0
TFATALDSTRH,0
DPVTYIRNGGICQYRCIGLRHKIGTCGSPFKCCK,1
FFRLLFHGVHHGGGYLNAA,1
SGDVGANDIKTAKKNLARALTVRREKILEELVEAYRGTPVSKLPKELRPKLNR,0
MAGGKAGKDSGKAKAKAVSRSARAGLQFPVGRIHRHLK,1
PSPKGQDTCALLLSFIHAEFARAGL,0
DLLKIFVGGTTADFSAF,0
HHHLFGHVGHEVERSLHKVGHKLEHACHEVHKTAKKVQK,1
HPHVCTSYYCSKFCGTAGCTRYGCRNLHRGKLCFCLHCSR,1
SLKFSSSTASIAWNVCTDAYKTYTMLKYPAHIVA,0
NELLEMESSVLNYLKFELTTPTAKCFLRRFLRAAQGRKEVPSLLSEC,0
GVIPCGESCVFIPCISTLLGCSCKNKVCYRN,1
SLFSSKEDHCGVRHNERMEF,0
RRTCHCRSRCLRRESNSGSCNINGRIFSLCCR,1
LNIDGKVECEAGVMDSESGLTASVACCNCCRHPSE,0
NLVSGLIEARKYLEQLHRKLKNCKV,1
VKVRLGTRHKAVQHQALALNSSKCQELANYYFGFNGCSK,0
TENEANKSTDDPSQLSV,0
FFGTALKIAANVLPTAICKILKKC,1
GLMDVFKGAAKNLLASALDKIRCKVTKC,1
TEVLMGRELTKAFEEVVYYANPRELANNPPNAKGEFVFLLNHRK,0
IKSYVQGFEMLLNQTINILESYGLIIIRPEIGDTFNPEVHNAVELR,0
LRDLVCYCRARGCKGRERMNGTCRKGHLLYMLCCR,1
YENPYGCPTDEGKCFDRCNDSEFEGGYCGGSYRATCVCYRT,1
LRDGRRAASSSWPGRGSSRRW,0
WNPFKKIANRNCYPKTTCETAGGKKTCKDFSCCQIVLFGKKTRAKCTVVTS,1
CLFHREKAIAQLASDRTRRPNI,0
ILLPEKSSKLNSGKVIAVGPGSRDKDGKLIPVSVKEGDTVLLP,0
ANCSVEEAVSLGASAVGYTIYPGSGFE,0
INEDILYKIYKGVSESLQAFDGIVITHGTDT,0
METLRSFKITHILTLDSVPLPQHILEASFLTTKYIQIADMPRE,0
ALVDAVDTQRIVLPEQPALANVNTAADLAAIL,0
ALWKTIIKGAGKMIGSLAKNLLGSQAQPES,1
EQSNETGLEAQENDKNDEDNDEDEDL,0
GLLRKGGEKIGEKLKKIGQKIKNFFQKLVPQPEQ,1
FIGLLISAGKAIHDLIRRRH,1
RVWDLSTGTCKYVLEGHDAFVTLLNVFQNRLI,0
IFGAILPLALGALKNLIK,1
GSAIRCGESCLLGKCYTPGCTCDRPICKKN,1
GLKKLLGKLLKKLGKLLLK,1
TAGPAIRASVKQCQKTLKATRLFTVSCKGKNGCK,1
IRYVWNQEDHVWCEYYSLSSKRWIHLDPCEGVYDEPLLYCNNWGKRMSYVIGFNYNYMIDLSDKYIVPEKQIPKNSI,0
MFFSSKKCKTVSKTFRGPCVRNAN,1
FIPGLRRLFATVVPTVVCAINKLPPG,1
GNQEKALKASRYLLKSGFHVMAIRPPT,0
GNNRPIYIPQPRPPHPRL,1
AKKVFKRLEKLFSKIQNDK,1
GIKCRFCCGCCTPGICGVCCRF,1
IKIPAVVKDTLKKVAKGVLSAVAGALTQ,1
GWFDVVKHIASAV,1
LILLKEKDYNDNNDKKEYF,0
GTVLLAPVGTSFDQFRD,0
RIKDAQLPKEVEEAALE,0
SAVDQLVEIIKV,0
SGFVLKGYTKTSQ,1
GLMDTVKNVAKNLAGHMLDKLKCKITGC,1
GYFPGRPPFPRPFPRPPSRPFPRPPFPGPFPRPYPWR,1
GILDKLKEFGISAARGVAQSLLNTTASCKLAKTC,1
GLFTLIKGAAKLIGKTVAKEAGKTGLELMACKITNQC,1
RNGCIVDPRCPYQQCRRPLYCRRR,1
GNIIEYFLQQKLGA,0
RRGKDSGGPKMGRKDSKGCWRGRPGSGSRPGFGSGIAGASGVNHVGTLPASNSTTHPLDNCKISPQ,1
YRITRGDMFYVSAHDRHSYESVHELELDNILYIRNRLTLSADWQT,0
ARLKKCFNKVTGYCRKKCKVGERYEIGCLSGKLCCAN,1
SKSDLKAATDSTPRGEQSDK,0
LEDFLLNLGRKHQAVGVNTQSFALVGESLLYM,0
FKEISEAFEILNDPQKREIYDQYGLEAARSGGPSFGPGGPGGAGGAGGFPGGAGGFSGGHAFSNEDAFNIFSQFFGGS,0
LIDHLGAPRWAVDTILGAIAVGNLASWVLALVPGPGWAVKAGLATAAAIVKHQGKAAAAAW,1
GFLDSFKNAMIGVAKSVGKTALSTLACKIDKSC,1
GWKKWFTKGERLSQRHFA,1
FTKETDFSEITTDSSVLPEDLSVPMYPYTG,0
LQDAALGWGRRCPRCPRCPRCSWCPRCPTCPRCNCNPK,1
ISSKPGQGSIFTMSLPLTL,0
LIGPVLGLVGSALGGLLKKI,1
LLDIHGVSDHLTIDLGEVRGLDYHTGLTFE,0
VVENALVPMPQDSYLGNQFGLKRTQSLRNPRGYLRQPEL,0
KDNIVVMDCFNLPVV,0
GYNDEINVDSLVKYRAELKEFAKERHIKLSYMPFFIKAASLALLEYPSLNSTTDEKMENVIHKASHNICLAMDTPGGLVVPNIKNCEQRSIFEIAQELNRLLEAGKKQQIKREDLIDGTFSL,0
ATYDGKCYKKDNICKYKAQSGKTAICKCYVKVCPRDGAKCEFDSYKGKCYC,1
GLIGSIGKALGGLLVDVLKPKLQAAS,1
PVQVFNLQGAVEPMQIDVDPQEDPQNAPDVNYVVENPSLDLEQYAASYSGLMRIERLQFIADHCPTLRVEALKMALSFVQRTFNVDMYEEIHRKLSEATRSSLRELQNAPDAIPESGVEPPALDTAWVEATR,0
IAVEFASIWKGMGAHVDLFYRKELP,0
QNMNDSCEDALANKTRP,0
IWSFLIKAATKLLPSLFGGGKKDS,1
GEVSPEVLETQVNPAVWEISGHMVLKRKEDYEGASEDNAWRLLAEASL,0
YTDIIRKQVLGTKVDAERDGVKVPTTL,0
ILMFAEFDSFIFVDY,0
TVAEYIPNGAVMADIGSDHAYLPCYAVLNH,0
FLPIIAGIAAKFLPKIFCTISKKC,1
PLLSSIKNAYEVMLAHQKER,0
QKYKEEKQLQKLKEQREKAKRGIFKVGRYRPDMPCFLLSNQNAVKAEPKKAIPSSVRITRSKAKDQMEQTKIDNESDV,0
RRRWIVVIWRRR,1
KNHSLAEKDIWEAEDFIDETWVTYPVPDDMLDL,0
DIEVPMSPLEKDKRVIIVKELSLAK,0
RKEEECQAGAAE,0
KKCKFFCKVKKKIKSIGFQIPIVSIPFK,1
PDSVSIPITCCFNVINRKIPIQRLESYTRITNIQCPKEAVIFKTKRGKEVCADPKERWVRDSMKHLDQIFQNLKP,1
KSLRPRCWIKIKFRCKSLKF,1
RWCVYAYVRVRGVLVRYRRCW,1
KFPEKPVHLVIMTHGIFSNI,0
ARTARVVTTHSSGWDPSPGASFQV,0
IVQAGKNAANPHLGPTMNTVQPNELVLFDLGTMHDGYASDSSRTVAYGTPSDKQREIYEVDREAQQAAIEAAKPGITAEELDSVARDIITKAGYGEYFIHRLGH,0
PIRIWRWNGGLYNGP,0
VFQFLGKIIHHVGNFVHGFSHVF,1
FLPAALAGIGGILGKLF,1
GKLTKDKLKRGAKKALNVASKVAPIVAAGASIAR,1
PHLNKKSNVWNIKVMDD,0
GLLSGILGAGKHIVCGLSGPCQSLNRKSSDVEYHLAKC,1
ETVFGVEACETWLKPLSLSLKNDILTVTLPN,0
IPVAAGHAAAHVTEEPFGKIDVLVA,0
GGGEGHQPAANNNNNNHNHNHNH,0
HLSLLYAELTEEEKKNAQEKAYTLDSSLD,0
GILDSFKGVAKGVAKDLAGKLLDKLKCKITGC,1
NGLLPNGSKGLLITMDYAQEQLDGPP,0
SSIPPKWKSLIIMIPLKLGADKLNSTYIEKLKLLLKLPQSLGFIGGKPKQSFYFIGFQDDQVIYLDPHFVQE,0
GIFSNMYARTPAGYFRGPAGYAAN,1
FSKYERQKDKRPYSERKNQYTGPQFLYPPERIPPQKVIKWNEEGLPIYEIPGEGGHAEPAAA,1
DFYVDGDEICIATM,0
GAARKSIRLHRLYTWKATIYTR,1
THVIVGHSERRTDHAETDHLVRAKASAAHQVDLIAIVCIGETADERKAGQTLDILKRQLAGSLPDEATAENTVIAYEPVWAIGTGLTPTTQDVREAHAFMRDELVKRFGDAGKTMRILYGGSVK,0
YIFPKIPDNVQ,0
RASPSILDTILID,0
QAAKKTLPVPPP,0
KLSPSLGPVSKGKLLAGQR,1
TFNNISLLAQNSLEIISKLLFECVDLHPSFSFFLLDDFLRSF,0
GVSKILHSAGKFGKAFLGEIMKS,1
LPFFLLSLIPSAISAIKKI,1
TSANMVSHLSSEDKKHLAVELAESKAKLR,0
SSERKNGSACWQKINQWLRTIEKVDQWVGDPKNIENSLLCENWSKFMDIVDRYHKWLISQEQGIEQVNKNLIFCHNDAQYGNLLFTAPVMNTP,0
GIHKATNVLSFSYEKLSPGCCLGEIYLSMERIAEESLEMDVAVRSH,0
PDSHGWTPLHCAASCNDTVIC,0
GVIDAAKKVVNVLKNLF,1
VRPEAPGQKASAERERLEIARPRFES,0
ILGPVLGLVGNALGGLIKKI,1
GGHSFLFLKEFPNSRIILCDRDPIMLSRALTRLSDFSERVVSIQ,0
VYTDFDGTRVYSPPEWIRYHRY,0
ILGPVISKIGGVLGGLLKNL,1
TYMPVEEGEYIVNISYADQPKKNSPFTAKKQPGPKVDLSGVKAYGPG,1
DSFKKAHGRTKDTREQREDRKGIVGNEIAR,0
DASSDYSFLRVKPHVEDFFQTLSDYTLNF,0
YPYNSTSNVKRIPVSVHFTASQCREIASRGASISEWTTWTSLIAGFGKGTAFLGALTALYGYGVSKNLSVFLTAANRGTGLTISYTYVIPPYTNIGSFENTRISYY,1
LEELEIEKVLIAEEIKMISPKYHQK,0
KKLSDSERQQIERYYFDMDAKMALASILIKRHLVSTALECSPNEVQISVTKAGRPYCQSAHCPPIIFDFN,0
KAYSMPRCKGGFRAVMCWL,1
FAHEIVIVNIDN,0
ISKLNPEVDELRQNVAREIDIARGP,0
LEKLKDDLARERAAFHNFRM,0
RPKPQQFFGLM,1
TDNKNRKFIIKEKMEEYPVLVYMPNFGS,0
AGWGSIFKHIFKAGKFIHGAIQAHND,1
FIVPSIFLLKKAFCIALKKNC,1
SYSMEHFRWGKPV,1
GIVDFAKKVVGGIRNALGI,1
GFGSFLGKALKAALKIGANVLGGAPQQ,1
DGIWTQLIFTLVKNLATLWQSGDFQFLDHECHYRIKPTFRRLKWKYKGKFWCPSWTSITGRATKSSRSGAVEHSVRNFVGQAKSSGLITQRQAEQFISQYN,1
GFKLKGMARISCLPNGQWSNFPPKCIRECAMVSS,1
NDPHGIQREDLILSLRAVLASTPRFAEFLLPLLIEKVDSEVLSAKLDSL,0
LCTGFRWTHDSKYY,0
LAHTYQSPLLYCDLEVEGFRATMAQRLV,0
NCFYVAEIDGRVVGYILGSMDWGNGHIISLAV,0
LTAEDKKLIQQAWEKAASHQEEFGAEALTRMFTTYPQTKTY,1
CKNLCKHQGGLFMKDIEDLDGRSVKCT,0
TATQSASGISQGILYAMFKHWGQDGYLEWLKHIRYSYTLR,0
LVESASVVVLGGGVIGLEVASAAVGLGKRVTVIEATPRVMARVVTPAAANLVRARLEAEGIEFK,0
GMMAFSSSSISAIEHSAKIIQAIK,0
CSTNTFSLSDYWGNNGAWCTLTHECMAWCK,1
RYAAEFTDSFEKEEKTMTVFSLMP,0
MDLTAIYESLLSLSPDVPVPSDHGGTESSPGWGSSGPWSLSPSDSSPSGVTSRLPGRSTSLVEGRSCGWVPPPPGFAPLAPRLGPELSPSPTSPTATSTTPSRYKTELCR,0
RRSRRGRGGGRRGGSGGRGGRGGGGRSGAGSSIAGVGSRGGGGGRHYA,1
GLGSILGKILNVAGKVGKTIGKVADAVGNKE,1
AAERTMRAQAERLACQDQQLRA,0
IYDKVKNNNRLFSWYFETA,0
IIYLFSQNNRIRFSKLLLKILFYISIFSYPELM,0
ATRVVYCNRRSGSVVGGDDTVYYEG,1
IKAKSQYQPPEEKVVHETS,0
IFKAIWSGIKSLF,1
IRVHSAPRSGAPAAESKEIVRGYKWAEYHADIYDKVSGDMQKQGCDCECLGGGRISHQSQDKKIHVYGYSMAYGPAQH,0
GVTHADCQTVSDKVGEILEAEDAIPGHY,0
CVEKTFIFPPEAIEKLKSKAVEFGIEKPTRVEV,0
GDATSASYFLAAAGIKGVPVTGIGRHSMQGD,0
GLLSGILGAGKQKVCGLSGLC,1
HKLDEEDDDDDDDD,0
GLWQKIKSAAGDLASGIVEGIKS,1
ESQSKPGDFVLSVRTDD,0
FLPLLAGLAANFLPTIICKISYKC,1
FLPMLAGLAANFLPKIICKITKKC,1
FLSLIPHAINAVSALANHG,1
GLASFLGKALKAGLKIGSHLLGGAPQQ,1
QPDAHFVPPTVTEEGIVWPEGPRPPSRDY,0
QEGLKSSLQEVKNKLTPGGTLMDSWINTEGIHAADRNVEKLQVLLSLITEIYCQFKKDKAQRRLSYNEEQI,0
SEIAITKIIHKDLANNKFSDNAFEVSYYEEELLVRFYP,0
GLLDSFKNAMIGIAKSAGKTALNKIACKIDKTC,1
HTMLGSPEQPGVIPRALMDLLQLTREEGA,0
GDTENIVTVFDLANEIE,0
GDGEFKIASPYCVISFNQYDFRQCLAELKEKTASFFYDFKFVIGMPKNIDQTKSSTT,0
FIRWRFRWWRWRR,1
QGGIASCCRRHSKTQINREHLTHYYEQHRPPCPIKAVVFYVIGGARICADPNKVWTKTSKAFLDGVHYQRQHTSSKVSF,1
SLGSFAILSSILYAKELG,0
GILDTFKGVAKGVAKDLAVHMLENLKCKMTGC,1
SLSRFLSFLKIVYPPAF,1
FLPIIAGAAAKVVQKIFCAISKKC,1
VCTFQEYAGRCGDKYKLCQAELKELLQKELATWTPTEFRECDYNKFMSVLDT,0
ENQHVQQTLNSTNEIEALETSRLYEDS,0
VTKELKDMTVALVTAAGVHMKA,0
QGCKGPYTRPILRPYVRPVVSYNACTLSCRGITTTQARSCCTRLGRCCHVAKGYS,1
GIMDTVKNVAKNLAGQLLDKLKCKITAC,1
QPFIPRPIDTCRLRNGICFPGICRRPYYWIGTCNNGIGSCCARGWRS,1
FIGAIARLLSKIF,1
FLPLLLAGLPKLLCLFFKKC,1
EKNLKVKGPVRMPTKTLRITTRKTPCGEGSKTWDRFQMRIHKR,0
FLSGLIGGLAKMLGK,1
IGLKNRVWAGYTDSYVA,0
IPVLCPVCTSLVGKLIDLVLGGAVDKVTDYLETLCAKADGLVETLCTKIVSYGIDKLIEKILEGGSAKLICGLIHAC,1
GIMDTIKNAAKDVVQSLLNKASCKLAKTC,1
TKQVIPRVVAYGQVCDAI,0
VSEHHADSTYPVVSAASIVAKVTRDREIAKLAKKYGQIGSGYP,0
FHSEAASLRRKRSNFFPKLDELNGAQDEEMRGLNIPGGSGYLENRYGRDKFTFSDAAVNSAGMGGSGIFSHNNADDGLGDGSSTVLP,0
NVALLNAMYYYHKLSTICSGTRTLQALLLLNRYFQ,0
IVIEMYQRGELQ,0
DLTQCGFELSTIQAGQPTGPEAAPTNISLRAQFNPRWTIKNTRNTLP,0
LILTRGMEGCLYAFPLPGWKRVEEQLEGLPLTDAGSRAFVRFFYSGASKARLDNQSRVSIPQTLRAFAGLDSDVIVAGAPGRLEFWNPQRW,0
IFDDYVEISSEGNLKGIDVDLSN,0
YPLDQVEEQDEHQVAHIRVRRVTCDLLSAEAKGVKVNHAACAAHCLLKRKRGGYCNKRRICVCRN,1
NANSNFEGGPRNDRSSGARNSLGRNAPTHIYSDPSTVKCANAVFSGMIGGAIKGGPIGMARGTIGGAVVGQCLSDHGSGNGSGNRGSSSSCSGNNVGGTCNR,1
CDECLSLRILVNEYNFSRSERRVVNKNINTKVILRTPNLSNEHLFLYDKYHRFMEEKKNW,0
DYAGVYEAIRGYDWSQEAKDMVAAFSDLYTKRMFQLLLSAYSTITIHDL,0
NAKAVNLWNVAFA,0
GFWGKLFKLGLHGIGLLHLHL,1
GIGKFLHSAGKFGKAFIGEIMKS,1
SDCLQTITPTSVVTV,0
GKGLEVIKWKLKHVIQL,1
GWKDWAKKAGGWLKKKGPGMAKAALKAAMQ,1
VPSIRTGALKAMKKCYLSAHSNIPFKDLMKILAATSEDELVQCCKMHGLKI,0
LVDLKNFDSARPAGQNKPLTHDEEMQIEINKQQALLRKNTSVKLVSQDSASPL,0
HGAEALLTTPSAGKIYRTDAAGHRQCQTVRLNCADAQSLEWLPQENIIYDGAEGAQTLLLETS,0
LLKANNTLLKMGYHFELPGP,0
GIWGTALKWGVKLLPKLVGMAQTKKQ,1
LACMIVETILSTGGIIELPQGYLKALKKKCEERG,0
DDGYVFEIEKFVF,0
AVVYACDYKFDNNHPYGERPDYKRLK,0
ETLIQTIESVRNVEGVLA,0
GLQVKLGKALKNQHGYLAGQDDERLADLHEMFRDDEVKAVLCACGGFGTGRIA,0
FLPGLECVSGLKIVPTVFCAITRIC,1
GLLSGILGAGKHIVCGLTGCAKA,1
VQETQKLAKTVGANLEETNKKLAPQIKSAYDDFVKQAQEVQKKLHEAASKQ,1
VAIALKAAHYHTHKE,1
VGGPLGHSDKIYNKADYILSLSKMTFTHEFA,0
LNILQDSNRTT,0
VIPFVASVAAEMMQHVYCAASKKC,1
KSCCRSTTARNIYNGCRVPGTARPVCAKKSGCKIQEAKKCEPPYD,1
INWLKLGKMVIDAL,1
DVQFLSYKEKTNEIFFTI,0
SYVGDCGSNGGSCVSSYCPYGNRLNYFCPLGRTCCRRSY,1
NTSAENLTCLSLPGSPGKTAPLPGPAQAGAGQPLPKGCA,0
RVPLIQGFNADETSVKAITDFAA,0
KKWKIVVIKWKK,1
ATCDLLSGTGVKHSACAAHCLLRGNRGGYCNGRAICVCRN,1
QRKQMESELSKLKKNLRESENVVEEKRYMKEDLSKGSAESGAQTGSQR,0
MLSIEQCPNNKAVTIFVRGGNKMIIDEAKRA,0
ARGTNVGRECCLEYFKGAIPLRKLKTWYQTSEDCSRDAIVFVTVQGRAICSDPNNKRVKNAVKYLQSLERS,1
KNIVHGGFITTMLDEALAF,0
RTCHALQEDEKLVKKAEKQVTLALQRQRNLHEHKVSLVENHLAGLEGRA,0
GLLSKVLGVGKKVLCGVSGLC,1
GFGCPNDYPCHRHCKSIPGRAGGYCGGAHRLRCTCYR,1
LEPGVVIGYDR,0
ACLDILILRICTRYTPEQDTMTFSD,0
PPKVGSSDVSSTREDAR,0
EEPQRELPSARIRCPKGSKAYGSHCYALFLSPKSWTDADLACQKRPSGNLVSVLSGAEGSFVSSLVKSIGNSYSYVWIGLHDPTQGTEPNGEGWEWSSSDVMNYFAWERNPSTISSPGHCASLSRSTAFLRWKDYNCNVRLPYVCKFTD,1
RLGDILQKAREKIEGGLKKLVQKIKDFFGKFAPRTES,1
KQDDFSFKYWTIKVQRGSILKSHE,0
VRFQPDHVLEDLCRLYGLDVVRESAPFNPE,0
GTAQAPSLVLKEKEPNTSKQKFQLPKPPMVSTRSVVAPVRT,0
EPNPDEFFGLM,1
LAHLEKRIALRKHAVLVVAEGAGQDLMV,0
DYDWSLRGPPKCATYGQKCRTWSPRNCCWNLRCKAFRCRPR,1
RRWRIVVIRVRR,1
IAHELAHSWSGNLVTNCSWDHFWLNEGW,0
SRWEKRLRFYMEDAL,0
ALYKKFKKKLLKSLKRLG,1
LLRSPHTTAPIRSLWFRTKSPV,0
RADTQTYQPYNKDWIKEKIYVLLRRQAQQAGK,1
TTPACFTIGLGVGALFSAKFC,1
EKFRKSAEHCDCLQCFFIIHS,0
DRGQICFDEENEARAAAVMEQESFRITCDLGIGE,0
QDKGNADTRFLGGLGVPGGGVPGVGGGFLPGVPGHGGVVPGGGGNYCRTRYGYVCCKPGRCPQIRETCPGLRKGIPICRQDNECFGSDKCCFDTCLNDTVCKPIVAGFSGLLPGGQFEC,1
GYQEFLKKQEKKNYEIQTVLSEDKSHGYVL,0
IVRVAVALRRIR,1
GLMDTVKNAAKNLAGQLLDRLKCKITGC,1
NYLINKFPNFKIELGMR,0
ETAIHKMTGLAAAQYGLTERGLLRQGYHADLVLFDPANVTDTATFSAPIQVSQGIHAVWVNGRQVWDGERTGAERPGQVLAPGDAIPWS,0
LSKSLRKAAESRGHLFWARGPDN,0
YGQEKLADKKD,0
GILGNIVGMGKKIVCGLSGLC,1
SWLSKTAKKLENSAKKRISEGIAIAIQGGPR,1
LLQDKDSLMNALQASHDAHMGKIDSLEDRLVSNELRS,0
GDCGGTCTWTKDCSICPSWSCWSWSC,1
FLPVIAGLLSKLF,1
ACQCPDAISGWTHTDYQCHGLENKMYRHVYAICMNGTQVYCRTEWGSSC,1
FASGKGNRVILFGSRTGLDGIGGVSVLASDTFEEGAERKLPAVQVG,0
AREHHRFGGADHPRADQYRGG,0
FISAIASMLGKFL,1
FIPLVSGLFSRLL,1
GLWSTIKNVAAAAGKAALGAL,1
FLPLVLGALSGILPKIL,1
YQEPVLGPVRGPFPIIV,1
GLVPLDFHQRSSVKDRYKKHK,0
IWLTALKFLGKHAAKHLAKQQLSKL,1
GTTVAATMILARAAGIDVFATGG,0
SADSFPDTKVTYVDRKELPGERKTKTEIVVESKLTEDVDVSDE,0
DESYAPSLVKVYAGHSPS,0
LSQFLEAYRELEGYKNGRAIKVDGQTLSIAAVAAAARYNAAVELDESPLVKER,0
VYHPSEPFYVFKQPEKITAVFPMNFKDNSDVVIA,0
IYASNIPVVTGIGHE,0
FFSRPDLVYVPYGERAWGDYG,0
INWKKIFEKVKNLV,1
YSDRPSALLKQGLSPEGTAPGSGRSSAQVPGSHLAGRWILTAGLGGMGGAQPLAATLAGAVSLTIECQQSSIDFRLRTRYLDKQARDIDDALNLIRHHCE,0
ASDDANDSPTIEYNIKQFKTRRKVTGDVEVENSSSKLRDVSIGDNV,0
GLFDSITQGLKDTAVKLLDKIKCKLSACPPA,1
ISIPELEFKFENVVNN,0
TLSDVFMEHGKMGEFLDGLR,0
ASHLGHHALDHLLK,1
LGVGHPGHKDAVAGYVLRDFPKADQG,0
LAADTIVVYQNQILHKPIDTNDAF,0
LHQHVEKHLLKDIREMFQNPDLKFKNKSKEETF,0
VFDSSMIKFIEKAILESNLGCTPVST,0
SIRRQLENVFPVTAQHVSTVEPGEGSKSLSVYQRLLEEG,0
QRKMEESEPTATTACKSKALPAVRAPLRGSVVAKQSS,0
FGLLETLASGRVQMGERLAWADYRSEVSVYAAQERVYLDRQH,0
GGGVIQTISHECRMNSWQFLFTCCS,1
NRSTPSVQDYVKEELAKGESYEFNEP,0
IDVYEQMKREL,0
RFRLPFRRPPIRIHPPPFYPPFRRFL,1
MAGLLRFLLSKGRALYNWAKSHVGKVWEWLKSGATYEQIKEWIENALGWR,1
ASFPWSCPSLSGVCRKVCLPTELFFGPLGCGKGFLCGVSHFL,1
VDKPPYLPRPPPPRRIYNNR,1
GIFSTVFKAGKGIVCGLTGLC,1
FLPIIGKLLSGLL,1
HEEFLKEEFPKLKALGISVKQSFSEKVRGKIPKIKFL,0
ATCDLLSGIGVQHSACALHCVFRGNRGGYCTGKGICVCRN,1
TSNHNTTKSISIYNLEVWGIIPSQSLATQSDGTGSPIEKQDAI,0
DLGLAQPNPNVLTI,0
DYPHYTRPAEFRGYVVPQVLQDGNHAEIQRWRRRRALEKT,0
VSASRDRTIKLWNTLGECKYTI,0
GVWDWLKKTAKNVWNSDIVKQLKGKAINAAKNYVAEKIGATPS,1
GFGCPGNQLKCNNHCKSISCRAGYCDAATLWLRCTCTDCNGKK,1
ELQCFCKVIVAQ,0
DQDREGGGGHEPEQQQEEPPLTKPEQQQEEPPLLELKQEQEEPPQTTVEGPQPAEG,0
ALWKDILKNAGKAALNEINQLVNQ,1
VQESRPTVASTPKPKVEERKAQP,0
RFRPPIRRPPIRPPFNPPFRPPVRPPFRPPFRPPFRPPIGPFP,1
MFEKQKRVGLVVYLYYNRDARKVHKYGDVYYHSKKGRYLVMYVNQNDLEEKMKELQKLKFVKEAVASAFDEIDHQFVGNLHR,0
VVCACRRALCLPRERRAGFCRIRGRIHPLCCRR,1
RSDSAVSIVHLKRAPFKVTVI,0
GFWGSLWEGVKSVV,1
GCMTSNHKDELKPWMSHIHY,0
LGGNEPRLVSAAVEQLNTLPFYHSFWNRTTK,0
GIFSKISGKAIKNLFIKGAKNVGKEVGMDVVRTGIDVVGCKIKGEC,1
FLIDSNWIIRHQVV,0
LAGYTGIASGTAKKVVDAIDKGAAAFVIISIISTVISAGALGAVSASADFIILTVKNYISRNLKAQAVIW,1
PAQIRKHMQEKIADRISKGQFRFPSAGSAFKNNPAFGKPSGILIEEAGLRGTSCGAAQVAPWHGNLIINTGNATAHQVRTLL,0
MAGFLKVVQLLAKYGSKAVQWAWANKGKILDWLNAGQAIDWVVSKIKQILGIK,1
GFIVSSPFLFFNQYEFDLDETVVEILEVEDANDVEVMVILTMES,0
GILDTLKQFAKGVGKDLVKGAAQGVLSTVSCKLAKTC,1
ELRSKINIYKEADAANILQQRIKK,0
ATSNVNCKASNALNVVRDL,0
FLPVIAGVAANFLPKLFCAISKKC,1
ILKRVAANALMSLLAVSRRAQKHALKANLIDNCMEQMKHINAQLNLDSLRPGKAALKKKEDGVIKELSIAMQLLRNCLYQNEECKEAA,0
FLPLLAGLAAKWF,1
GIGGALLSVGKLALKGLANVLADKFAN,1
LNKSHYVAKTPEIQDEPWKPKFDWKESEPITDRKSTFMAHATRVYSTE,0
RGLRRLGRKIAHGVKKYGPTVLRIIRIAG,1
PPPWNSTKRLAT,0
GFGCPWNRYQCHSHCRSIGRLGGYCAGSLRLTCTCYRS,1
GLFDIIKNIFSGL,1
GSPSQCPNILGPIRFGDDVMWNKTIFTKETNFFMRSSFYFLPLDGRCFVDKITLERYDFDFFDTDVWKTLGLSPLVNEKREESAH,0
HLGMLEELKKQQADDLQWY,0
EINSLTARKFIG,0
NPLIPAIYIGATVGPSVWAYLVALVGAAAVTAANIRRASSDNHSCAGNRGWCRSKCFRHEYVDTYYSAVCGRYFCCRSR,1
RSDNSPLPERKLVTLIQESYDSLKDDNEINLSTESTSNLLIK,0
NPVSCVRNKGICVPIRCPGSMKQIGTCVGRAVKCCRKK,1
EAHLAVNDFELARADFQKVLQLYPNNK,0
FEALKAEEVNVISNNFLELRDGGAFHNGEAVA,0
SIWGDIGQGVGKAAYWVGKAMGNMSDVNQASRINRKKKH,1
QHYMNYQGQGSQL,0
GFGCPFNQGACHRHCRSIGRRGGYCAGLFKQTCTCYSR,1
PRIVEFPRWLWWFILNGIILNVR,0
AATAAAAAAAAYSDGYGRVYTADPYHALAPAASYGVG,0
GDVNWVDVGKTVATNGAGVIGGAFGAGLCGPVCAGAFAVGSSAAVAALYDAAGNSNSAKQKPEGLPPEAWNYAEGRMCNWSPNNLSDVCL,1
RPKHPIKHQGLPQEVLNENLLRF,1
CVLIGQRCDNDRGPRCCSGQGNCVPLPFLGGVCAV,1
FLSAITSLLGKLL,1
GLLGLLGSVVSHVVPAIVGHF,1
VLLLEDVHFLQGKEKMQDEVLATVKALQSRGSRIVFSSSFAARDLKNVDNQLVSRFCSGF,0
IEAAILESHGIDVQSPGGHSNSDDVDGNDYSEQDDS,0
FFGWLIKGAIHAGKAIHGLIHRRRH,1
SIENDAEHVCEVLVEAGSKNSRL,0
KSGRTALMLACEIGSSNAVEALIKKGADLNLVDSLGYNALHYSKLSENAGIQSLLLSKISQDADLKT,0
TPYLPAGLRVRTPALPGHGGTPARGPTLEAWSDALLPELPDDAVVCGWSLGGLVALDLARRHPHKVARLVLI,0
VVKCSYRLGSPDSQCN,1
LVFSNGEPSLLFALSSCELVIFQVTYDLMFLDEPNTPGCLSAIPLRFLYADDVYNSDSFANVSVHPT,0
DATPQPQSNQRFGNLAFRTYNK,0
SILPTIVSFLSKVF,1
PHKKMHKDFLEKI,0
GGAPATSANAAGAAAIVGALAGIPGGPLGVVVGAVSAGLTTGIGSTVGSGSASSSAGGGS,1
NSGNDLGKVLQLLLPAAVQIQQEVLQNYG,0
GRAIHGSVEAVKRLMDSGLMLRFCTNETQNTRERFVQKLRVMG,0
SSIYPEAKARLPLEALLGSNKEPMLPKETVLSLKRYNLGSS,0
LHYLPSYYHLHVHFTALGFEAPGSGVERAHLL,0
SHQDCYEALHKCMASHSKPFSCSMKFHMCLQQQ,1
PPIQNPSMAPPTQNPYGQPMTPPTQNPYGQPMAPP,1
FLPLILPSIVTALSSFLKQG,1
GDTASAMLEVLDSEQNCNFVDHYVEIPVDLSEVMFIATANTTQTIPKPLLDRMEIIEVSSYTENEKFHIAKNHL,0
MTAENFRCLCT,0
MKETGSECVIHTHSKCANLITQLIKSNVFEISHQEYIKGI,0
FLSGIVGMLGKLF,1
FLPLIGRVLSGIL,1
DESARSLTNVVFTTADLERDQAIAKDATKEGLFNL,0
GLFDIVKKVVGALGSL,1
FLPLLAGVVANFLPQIICKIARKC,1
FEDAALIPSGQKAAFLKATDTLLSAVTECWRTDFATLRLHGDCHAGNILWRDGPLFVDLDDARNGPAIQDLWMLLNGDKAEQRMQLET,0
FLWGLIPGAISAVTSLIKK,1
FLGLIFHGLVHAGKLIHGLIHRNRG,1
NPFKKLERVGQHIRDGIIKAGPAVEVIGQANSIARPAGK,1
ATAVDFGPHGLLPIRPIRIRPLCGKDKS,1
GDPLADPNSQIVRQIMSNAAWGAAFGARGGLGGMAVGAAGGVTQTVLQGAAAHMPVNVPIPKVPMGPSWNGSKG,1
PQLQLSPPKGAFSTYIQKHR,0
IQRTPKIQVYSRHPAENGKSNFLNCYVSGFHPSDIEVDLLKNGERIEKVEHSDLSFSKDWSFYLLYYTEFTPTEKDEYACRVNHVTLSQPKIVKWDRDM,1
NLDALWDCLTGWVDLPLTLVLKNFEFS,0
TTHSGKYYGNGVYCTKNKCTVDWAKATTCIAGMSIGGFLGGAIPGKC,1
RQWEEELGPDYY,0
RAARLSAIEQALATHIITSQSQLS,0
QLKKCWNNYVQGHCRKICRVNEVPEALCENGRYCCLNIKELEAC,1
LKMPNFDFKKNQVFFGNYE,0
GVWSTILGGLKKFAKGGLDAIVNPK,1
QGVYYDFPRGVEKNKPVFYPKPPKTFAPNTSLNSWDPICSAKEANIQRNLERSHWLTSYTHDFTGLGPMDPLELDDYH,0
TVARRVAAVKSFFAFLTGSG,0
NTSVIIVGAGVFGLSAAL,0
HLKPPSQQARHREGV,0
SFGLCRLRRGFCARGRCRFPSIPIGRCSRFVQCCRRVW,1
NTASTSNDAVRFSHIKPSASSP,0
EQTVKLLRHRIL,0
KCRQFNAEMECNMKKLFN,0
CAWYNISCRLGNKGAYCTLTVECMPSCN,1
KMHAFTEVRNINTYDEIWFLEHYPIFTQG,0
NRWWQGVVPTVSYECRMNSWQHVFTCC,1
SILPTIVSFLSKFL,1
TLSGPHKDDLFVAIGGRDIRYFASE,0
FCHLCEDLIKDGKEAGDVALDVWLDEEIGSRCKDFGVLASECFKELKVAEHDIWEAIDQEIPEDKTCKEAKLC,1
YAYSHGLEWAAEAGDVRDEASLGAWLADVLSHGAARNDAILAAHAHGAGLAGDPRAAEALNDLALALAPSRELHLETSQQGRSFLDAT,0
YGQSTHAVIYAQGYTYSSDWR,1
TSSLIPTQTTITAGMGMLPFFPNQHIAGQAGPGHSNTQEKQPATVGMAEGNFSGS,0
FVGRVDDTGWDGSELIRQIK,0
LGLDSAVEWVLR,0
PDDTVGDFKKLVAAQTGTDPRRIVLKKWHSVFKDNITL,0
TFLRKELLRQGFAKIDSTSI,0
SSDPPTSASQVAGTTGIAHRDLKPENILCESPEKVSPVKICDFDLGSGMKLNNSCTPITTPELTTPCGSAE,0
FLPLIAGLAANFLPKIFCAITKKC,1
TDIKLKKKLREVVVKIDCVDQLMVIKTLPGNAHVI,0
FLSLIPHAINAVSTLVHHF,1
LIYKNVDKEFAKDGHAEGENIYTDYLVKE,0
SHLTRVDLKEDGKGLKIVRQSLPYGTASGTHGLYFCAYCARLHNIEQQLLSMFGDTDGKRD,0
TYLDNWMNLPPEQENTEFWQGLF,0
NCFTYWIINCILEKKNTKARTAVISFFIQ,0
ILEIVRVTSDDLIG,0
RCVCTRGFCRCICLLGIC,1
DGTLLHIAELATKY,0
RRWKIVVIRWKK,1
TDSQGKFIPSTQRPDGTWRKPRRVRDGYVPQEEVPLYESKGKLFAQKPLLPPGM,0
GLLCYCRKGHCKRGERVRGTCGIRFLYCCPRR,1
FLPLKKLRFGLL,1
GLLGSIGKVLGGYLAEKLKPK,1
LLDGTKFDSSRDRATPFKFTLGQGQVIKGWDIGIK,0
GAPKGCWTKSYPPQPCFGKK,1
PTRKEEEASFWKINAERSRGEGPEAEFQSLTPSQIKSMEKGEKVLPPCYRQEPAP,0
KDTAGGVMGGTLYMLGSYLNSLLVDLELETGR,0
NDYNFKVGAKCKVELPNETEMYTCHVQNISKDKN,0
TSYRPEDKFKEVSVEKRPFMY,0
GLFDIIKNIVSTL,1
WNPFKELERAGQRVRDAIISAGPAVATVAQATALAK,1
GWLKKIGKKIERVGQHTRDATIQTIGVAQQAANVAATLKG,1
KYKAKIVFAAGNFWGRTLSAISSSTDPTSYDGFGPFMPGFDIIPYNDLPALE,0
YKGIIILTDSDKSGNIIRQKIVKYLGENNKIKHAYLNTKDTEVESVNKTEIIKILKGVGTLSKDNQKDLLKLSDLLELGIIG,0
GMKKEQLLELPEQQEQHLKHLEQQEGQLELPEQQEGQ,0
VLKMDQRQMGSGVDH,0
DLFNVNAGIISQLGDSIAECCDLSKVFVLVISN,0
GGKVIVAVDYGERKCGVA,0
GRIVDLVEKRV,0
RGLDIKDIKYVVNYDFPNTIEVYIHRIGRTARAG,0
GKVWDWIKSAAKKIWSSEPVSQLKGQVLNAAKNYVAEKIGATPT,1
PNISGALVGRALFNKTITLEEAMETAQPNPEPV,0
KGRGKQGGKVRAKAKTRSS,1
KRFKKFFKKLKNSVKKRAKKFFKKPRVIGVSIPF,1
TTPLCVGVIIGLTTSIKICK,1
NEIYNVEIRTVRSGIEEINRSRHELL,0
PQQPVIEEHAFKQT,0
GLWSKIKEAAKAAGKAALNAVTGLVNQGDQPS,1
RIAQVLAGYTLGAADLLRRAMGKKIKKEMEEQEEIFVKG,0
QIDGFLFSISDTAGLREVQNNIENLGIQKTFETIEKSDI,0
CFQCHDELNTHP,0
ARLRAPLDAYFQVSRTQPDLPA,0
ILKKPISEVTDGAFFDYMAVYRMCCPYTRRASKSS,0
ASQPFQPQDHPSEAAALLMFHSSSIYNKRCLMAYHNLRLQRLRQYCWSGGKRMESCLDTSLSTYERDYL,0
QVQILDEALEAAVRLSHRYIPARQLPD,0
PPCRGIFCRRVGSSSAIARPGKTLSTFITV,1
SIGTAVKKAVPIAKKVGKVAIPIAKAVLSVVGQLVG,1
PDDEAKTLCRACPRRWLCARDAVESAGAEGLWAGVVIPESGRARAFALGQLRSLAERN,0
LQSNININTAAAVILIFNQVQVGALCAPTPVSGGGPVP,1
ATYYGNGLYCNKQKCWVDWNKASREIGKIIVNGWVQHGPWAPR,1
VIDHKGFRYVSEADL,0
GYYCPFRQDKCHRHCRSFGRKAGYCGNFLKRTCICVKK,1
FKTWKRPPFQTSCWGIIKE,1
GKPRPYSPRPTSHPRPIRV,1
GFLDVIKHVGKAALGVVTHLINQ,1
GMATKAGTALGKVAKAVIGAAL,1
LSCDEGMLAVGGLGAVGGPWGAAVGVLVGAALYCF,1
LDVSLAVAWAFMGQIFRESDEMKFAKQAFDCARSIDPTLALPWAGSA,0
VAEEAAYQKLRSEIVLLVNE,0
YDVKFGTSYRKKGDNDHLPIAGGQHHGHQHHGHQHHGHHHHN,0
KGSSSSSSSSRSSSSSYRSSGSSYRSPGSSYRSSGSYGTSGSRLSGIRPSSRSYRTGFRTAGSVGPATRPFTRPTGPLKPISRPPSRAACYSCYSASSATAIQCCTHYSLCCNLVKG,1
KAYSTPRCKGLFRALMCWL,1
SFLSTFKKLAIDAAKNAGQSVLHTLTCKLDNQC,1
AVLDFIKAAGKGLVTNIMEKVG,1
FFGRLKSVWSAVKHGWKAAKSR,1
GLFPKFNKKKVKTGIFDIIKTVGKEAGMDVLRTGIDVIGCKIKGEC,1
DSAVAKTIEESISKNYPKCPFKVIGEAELL,0
GLLRASSVWGRKYYVDLAGCAKA,1
AKKPVAKKAAGGVKKPKK,1
GIGSALAKAAKLVAGIV,1
LLDFTNSSYDPIWDSIREEAKLEAEEEPVLSSFLYASILSHDCLEQ,0
LARIDFLLEKETMKVYVNEINTIPGSFAFYLWKP,0
ERYILQTINGFKPAVVKGKMRH,0
GILDFAKTVVGGIRNALGI,1
VAGALGVQTAAATTIVNVILNAGTLVTVLGIIASIASGGAGTLMTIGWATFKATVQKLAKQSMARAIAY,1
RSQSLKKKRNRLARIHSHDDIMHLRSQSSFSSDLLGSGFSPIPEKSPNPSPLPKYERSPRKENNILDRTNLFDLR,0
GLKEVAHSAKKFAKGFISGLTGS,1
IKIPSFFRNILKKVGKEAVSLIAGALKQS,1
ADGRVNLPDNLRELAGLTDEVVFVGAGPR,0
TVVTQNIDGLHQRAGSPH,0
MKLVNNKKSEKMHLLIMDNFPRDSLTVYEISHLLMVDSNGNTLMDFDVYF,0
ENFFKEIERAGQRIRDAIISAAPAVETLAQAQKIIKGGD,1
QEQDLTPELKKWLYASGSLTQQLTDLADGLFT,0
AIKLVQSPNGNFAASFVLDGTKWIFKSKYYDSSKGYWVGIYEVWDRK,1
LFLRQSVQNPASSFTFN,0
VGRKHSILNCIPYLKKKKIMRL,1
SDVIREISRKVSKIQDFGLNDYEVRDLNDEINKLLREKGHWENQIVALGGANYKRGVPSMLGD,0
PKSKNLLIELAGGLFSPMDENY,0
RPRPNYRPRPIYRP,1
GYGCPFNQYQCHSHCSGIRGYKGGYCKGTFKQTCKCY,1
FIDDFLAYGNAAMGMVELAEQSGAVIEGMGFIIEKAFQDG,0
SIPCGESCVFIPCTVTALLGCSCKSKVCYKN,1
AKISGPEETSELPEVVSEERVPATATEPMADLRHGVTREPISPASKDSLRDKFKEKLDKWFHRPNLLSKRD,1
VFAELGEPNFRDLEAEVIDFAL,0
FIFLSEKEIHLK,0
GVNMYIRQIYDTCWKLKGHCRNVCGKKEIFHIFCGTQFLCCIERKEMPVLFVK,1
TKCRTIASLLTAAPNPHSKGVLMFKKRRQRAKKY,0
QQLEEKQQHNQRLTQELSAPSHEHLMLQAELRRLEAEHK,0
FKIPPIVKDTLKKFFKGGIAGVMGQ,1
ILLFKSSKEVPSEIKNNSSIKTICLDEFDTKEFEEEFV,0
AQCGAQGGGATCPGGLCCSQWGWCGSTPKYCGAGCQSNCK,1
MNFLKNGIAKWMTGAELQAYKKKYGCLPWEKISC,1
PSQQSLENFENTKKYSNELSPD,0
FFSMIPKIAGGIASLVKNLG,1
YNEHNELNEDLVDGINYKIQGDLVISFEYL,0
TKLTEEEKNRLNFLKKISQRYQKFALPQYLK,1
LVSKQINDEYKNSLDKLAKTQILKEIENFKVDEIPENLIEEEVKILSQ,0
SIWEGIKNAGKGFLVSILDKVRCKVAGGCNP,1
FLARYMDFIPTIDKIREDRKTT,0
FLGGILNTITGLL,1
SAEEPATLSETNGKSTG,0
RRRWWWRRWWRR,1
IPMDGTAVITKGDRHLYIVTGRCLVKGYISRVG,0
QGWEAVAAAVASKIVGLWRNEKTELLGHECKFTVKPYLKRFQVYYKGRMWCPGWTAIRGEASTRSQSGVAGKTAKDFVRKAFQKGLISQQEANQWLSS,1
FDLYCDQPWAFSPFFATMTKMQVSDALLPMEYFEDHSSRRSQMQQQVIRQESSIDPNKYILADFCNPFFNPSTLS,0
ISVIPVAQAQGIQLPGQPTAVQTQPAGAAGQPIG,0
KGIGSALKKGGKIIKGGLGALGAIGTGQQVYEHVQNRQ,1
DTFDYKKFGYRYDSLELEGRSISRIDELIQQRQEKDRTFAGFLLKGFGTSAS,1
FLSSIGKILGNLL,1
PLAQSVAFRDLPL,0
LTQTEVDKSNKNYYGETNLYLLGITGQFDCRVDLDREGPIHDVCWNADSKEFGIVYGYMPAKTAIFDNRANVVSIIPPAPRNTLIFSPNSRYILLAGFGNLQGSIDIFDAANNMKKITTVE,0
FSHIEWNLHLRSNKSIVVNNFVGQLCSRT,0
GLWNTIKEAGKKFAINVLDKIRCGIAGGCKT,1
GAFGNFLKGVAKKAGLKILSIAQCKLSGTC,1
SQLEVKAMPTFLFLKDGNAMDKLVGANPDEIKKRVD,0
RPAKGVATTREKVLEDKLRAVLTPL,0
FLPLLFGAISHLL,1
GLWSKIKTAGKSVAKAAAKAAVKAVTNAV,1
GLWETIKNFGKKFTLNILHKLKCKIGGGC,1
RIVKNAFREDHRWEILT,0
FIGTALGIASAIPAIVKLFK,1
DLQAAPPNSYVSFSDDDFISATLLYMLEDVSRNKSQLLAEKKHLKSQLMVANLDTYSLDCYEIHEFPSEWENDYAPFLLKEHHK,0
VIAQEAEEILQDENAQVEIVKKSLSSEFDIRQSFKENWVVKSNFNN,0
KTCENLADTFRGPCFATSNCDDHCKNKEHLLSGRCRDDFRCWCTRNC,1
FLPAVLLVATHVLPTVFCAITRKC,1
FFGHLFRGIINVGKHIHGLLSG,1
PVTITSLNDFKKALKKYTVNLMAKLNESNQSRVAVLKSKLP,0
EPHPNEFVGLM,1
DAEFRHDSGYEVHHQKLVFFAEDVGSNKGAIIGLMVGGVVIA,1
MRKEFHNVLSSGQLLADKRPARDYNRK,1
VGEQLIAAYAH,0
NIGLFTSTCFSSQCFSSKCFTDTCFSSNCFTGRHQCGYTHGSC,1
SPLTINTYCQFYDRR,0
RTKRRIKLIKNGVKKVKDILKNNNIIILPGSNEK,1
PIVSDLTPDFSGPLAGMLAGLK,0
DAPGHPGKHYLQVNVPSDVRTIGVAGGGVQQCFRVTPGAWNDTRALVSNGAQVEVWGYTVADCANRTTANQKYYDKAAAPSDSSTYFWFTLKNLRV,1
PPQDPLRSPVAQHNHPTFRLKSPENGNTK,0
FLPIVGKLLSGLSGLL,1
RKINYQIRLATLSDIDQIIRINRSALPENY,0
WSCPTLSGVCRKVCLPTEMFFGPLGCGKEFQCCVSHFF,1
IKDLDDFGEEELF,0
RLLNLSFCGGISDAGLLHLSHMGSLRSLNLRSCDNISDTG,0
FLPPSPWKETFRTS,1
VRRFPWWWPFLRR,1
QLGELIQQGGQKIVEKIQKIGQRIRDFFSNLRPRQEA,1
GLLDTFKNLALNAAKSAGVSVLNSLSCKLSKTC,1
PISNPVARAHVR,0
TSPSGKPATLKICSWNVDGLRAWIKKKGLDWVKEEAPDILCLQETKCSENKL,0
KKCTKPLVLWEEM,0
DMGINYVVITSVVRDDLY,0
DSKGMIPSELDNLLSNWESTHPDLKFPKLIYMIPHGQNPTGILYDMERKEEIYKIACKFDLLIIEDDPHFFLQLDNEIVNGKRVLNKSFLSIDKEDRVIRLDTFSKFLSSGIRMGFVTTNSKLF,0
GLMDTVKNAAKNLAGQLLDTIKCKMTGC,1
IKEILKGNTQDISRMLVEKMQELANEMK,0
GILDPIKAFAKAAG,1
FLPLLAGLAANFLPKIFCKITRKC,1
FLLFPLMCKIQGKC,1
IDLQKVIKKQSLQLTELQAHYEDVQRQLQATLDQYAV,0
ESFLKSKTGYQGVQTLPGFIGGSQPHLGGGIGGGRPFISQPNLGGGIGGGIGGGKPFIPQPNLGGGIGSTRPFPRPQYGDYGSRNSCNRQCPSTYGGRGICCRRWGSCCPTNYK,1
QNPIQNVEMSFVDAPEKNGIVTTYLRITAREK,0
ATLTAARSITKGKIIGIIEPFRF,0
FLPVILPVIGKLLSGIL,1
GEPMPGDDDEDIVMTSTQCPLLNMTCPL,0
FLPFLAKILTGVL,1
LELCYRSPGESQLFSEIDIGHMDSEIKLQIKDKRH,0
GQVIAVELDDKLVTA,0
WSNEWKSLIKSVHVGRLWVGPPWD,0
GILSSIKGVAKGVAKNVAAQLLDTLKCKITGC,1
YCRKVLGGVTTYGANL,0
DFKDWMKTAGEWLKKKGPGILKAAMAAAT,1
GLLSRLRDFLSDRGRRLGEKIERIGQKIKDLSEFFQS,1
MLAKIKAMIKKFPNPYTLAAKLTTYEINWYKQQYGRYPWERPVA,1
GLQQTGVVIGGKKYMIT,0
GWRLLLKKAEVKTVGKLALKHYL,1
RFRPPIRRPPIRPPFYPPFRPPIRPPIFPPIRPPFRPPLGPFP,1
FLSTLLNVASNVVPTLICKITKKC,1
TKQLTMNKLPVVACFHFKRF,0
GKNPTLQCMGNRGFCRPSCKKGEQAYFYCRTYQICCLQSHVRISLTGVEDNTNWSYEKHWPRIP,1
LKNFSAQEKDIVNKTSISHSRSSSN,0
DELKTRAPNWGEGLSSLNVHIEEHAYGSRTHSVVLVD,0
DTHFPICIFCCGCCHRSKCGMCCKT,1
DRHTPSSASSRASETGTTSPQSMRNQIS,0
TGFARDLADYIQEQGWQTY,0
RTYRAMYDYSAQDEDEVSFRDGDYIVNV,0
GLFSILKGVGKIALKGLAKNMGKMGLDLVSCKISKEC,1
GQIFQDDFDPESEQNQKLEDCARQLNRIFTLCLNDRAPLEESRKWGIYYIINLLFKTYFKLN,0
PLIQGTNSEWALPK,0
LSCKRGTCHFGRCPSHLIKGSCSGG,1
SEKNAVTSIFHKIGAFEEELKAVL,0
LSIHLPLTDETRHLIGE,0
HCVPVFRRGDKVFFAVSDPTQMPQIQKTVSAAGIAVELVIVEDDQLAGLLDWVGSRSTSLLQELGEGQE,0
GFGSVLGKALKFGANLL,1
KQLGMQGAALSRPRLAWVREVQLYGNDE,0
LTANLGISSYAAKKVIDIINTGSAVATIIALVTAVVGGGLITAGIVATAKSLIKKYGAKYAAAW,1
SKTRSQEQAKEYSNTW,0
PGNHLINMTSSTTLNLSADRDAGE,0
KAYSMPRCKYLFRAVLCWL,1
KKPLTDNGATSRHM,0
RQDVRAYVAALEDVIIRTLDKMNVRGE,0
NITWYSERVLTEISLGSLLILVVIR,0
NTIEDTQDIPQEIAYSGKVSMSKEDIMKSIGELF,0
GFGCPNNYACHQHCKSIRGYCGGYCAGWFRLRCTCYRCG,1
VETRQKETLKVVVTEVLGGGRF,0
ELGFWDFEWRPTEKPVGR,0
ACYCRIPACIAGERRYGTCIYQGRLWAFCC,1
AIPCGESCVWIPCISTVIGCSCSNKVCYR,1
KQGAEICMCREFYQFLTADLKMEVPVDALLEGNDFTADMVISIG,0
ILGTILGLLKGL,1
FALGAVTKLLPSLLCMITRKC,1
FLSTIWNGIKSLL,1
INLLKIAKGIIKSL,1
ASVVTELRCQCLQTLQGIHLKNIQSVNVRSPGPHCAQTEVIATLKNGKKACLNPASPMVQKIIEKILNKGSTN,1
ASSGWVCTLTIECGTVICACR,1
HGCQRVLDVACGTGVDSIML,0
GETDPNTQLLNDLGNNMAWGAALGAPGGLGSAALGAAGGALQTVGQGLIDHGPVNVFIPVLIGPSWNGSGSGYNSATSSSGSGS,1
SDYLNNNPLFPRYDIGNVELSTAYRSFANQKAPGRLNQNWALTADYTYR,1
FFVLKFLLKWAGKVGLEHLACKFKNWC,1
NNLFEVGSYIECKSIGNGNVFEPKCKILKNTIIKDQCSIGAGCIVSEDKICENNTIIAQTQNSQIQTTSTLPYDH,0
AGCIKNGGRCNASAGPPYCCSSYCFQIAGQSYGVCKNR,1
ACVNQCPDAIDRFIVKDKGCHGVEKKYYKQVYVACMNGQHLYCRTEWGGPCQL,1
QIVDCWETWSRCTKWSQGGTGTLWKSCNDRCKELGRKRGQCEEKPSRCPLSKKAWTCICY,1
IIPLPLGYFAKKT,1
FPISPAISCASSCPS,0
IIKPNAIKNNALGTIIHRFISANFNIIG,0
FLPLILRKIVTAL,1
YASGNLLNRIVSSIEEEKFGKASNDVYLLEKIWKILAE,0
LIDCQLTVTTICP,0
EKHRDECPYGIIGCTLCGKDCSRVDIESHTENHCPKLLVKCPTCNQDQLIARCDLDDHLSV,0
DIDITGCSACKYAAGQVCTIGCSAAGGFICGLLGITIPVAGLSSLGFFVITCTTSADYYSIPDSNAAK,1
AVIDLELPSMLTINGPVELELRLKLNDTKGFLSAQILDF,0
CPIMDPAWESPEGVPIEGIIFGGRRPAGVPLVYEAFNWQHGVFIGAAMRSEATAAAEHKGKIIMHDPFAMRPFFGYNFGKYLAHWLSMAHRPAAKLPRIFHVNWFRKDSQGKFLWPGYGENSRVLEWMFN,0
ERRRQRTAQLAEGYAAGTL,0
MNDYGFIYQGSKNWIRPCPWN,0
NLFAMGNVDFKVIH,0
LYIPEHKTGGWTNHNPRRLRKLLLHKYQIARLRKD,0
MEGFLGLEVLLTENTKDFDEVTVVTRWNTKDDFKNWT,0
GIGGKILSGLKTALKGAAKELASTYLH,1
VFKPKKVLPPPPTTKSKGAA,0
LLRHVVKILEKYL,1
KVTKSVKSIPVKI,1
ACAHEETLMVSKLNSYELINLKSS,0
AIFIFIRWLLKLGHHGRAPP,1
LTATVATASTSVDEAAK,0
VLKRAKSIVSSNSLSAFFTDSKSKQQQQQQQRDR,0
QPKGLSRAHWFEIQHIQTSRQPCNTAMRGVNNYTQHCKQINTFLHESFQNVAATCSLHNITCKNGRKNCHESAEPVKMTDCSHTGGAYPNCRYSSDKQYKFFIVACEHPKKEDPPYQLVPVHLDKIV,1
SGEKKCWNRSGHCRKQCKDGEAVKDTCKNLRACCIPSNEDHRRVPATSPTPLSDSTPGIIDDILTVRFTTDYFEVSSKKDMVEESEAGRGTETSLPNVHHSS,1
LQEFNARRKLKAAVKAVVASSRLGSASSSHTNIQESNKASSEAQPAQDGKDKTDPLENKMQAGDHE,0
CETPSKHFNGLCIRSSNCASVCHGEHFTDGRCQGVRRRCMCLKPC,1
AFLNTLKRNSLQRHKDRLASVKGP,0
FFGSLLSLGSKLLPSVFKLFQRKKE,1
DALASCHMNYGTSVVVGVPPSAK,0
FLGALAKIISGIF,1
IKLSPETKDNLKKVLKGAIKGAIAVAKMV,1
QYEALTAAILTKLSKMWHSDTLNFLGHTCHVSRTPTVKRFKLYWKGKFWCPGWAPFSGTSRTKSRSGSAREATKSFVDQALQRRLITQQEADLWLKG,1
VIVKAIATLSKKLL,1
EPHWSQFDRLLLIKGPKWVDERGEAR,0
LLPNVAWTNIGAVDLAELAELQLEARLKGKLLEVFSVDKFPKM,0
LLNQELLLNPTHQIYPV,1
RISKKKGKGSWIKNGLIKGIKGLGKEISLDVIRTGIDIAGCKIKGEC,1
LRVSQDLLLSAHSTLQLARARGQEGPGDVDRAAQGERVKGVGASEGGEEEEEEEETEEVAEAAGGSGRARWARGGQAG,0
VGIGGGGGGGGGGSCGGQGGGCGGCSNGCSGGNGGSGGSGSHI,1
GLGSVFGRLARILGRVIPKVAKKLGPKVAKVLPKVMKEAIPMAVEMAKSQEEQQPQ,1
SDEKASPDKHHRFSLSRYAKLANRLANPKLLETFLSKWIGDRGNRSV,1
KTYYGTNGVHCTKNSLWGKVRLKNMKYDQNTTYMGRLQDILLGWATGAFGKTFH,1
GLFGKSSVVGRKYYVDLAGCAKA,1
KTCMTKKEGWGRCLIDTTCAHSCRKYGYMGGKCQGITRRCYCLLNC,1
RIGVLLARLPKLFSLFKLMGKKV,1
LGSDFTHLEFPRRVTKREIGKRMLYRDFTMNGWAYKTVQEEDLKFPLIYG,0
GCWSTVLGGLKKFAKGGLEAIVNPK,1
FLHHIVGLIHHGLSLFGDRAD,1
PCHDSEASKLGAPAAGGEEEWGQQQRQLGKKK,0
QQCGRQASGRLCGNRLCCSQWGYCGSTASYCGAGCQSQCRS,1
ETHPQHKLFKGMVNRDYGYGGLLSIDMETE,0
GQKEVFVAAKTYCPYCKATLSTLFQELNVPKSKALVLELDE,0
ATNGSALAFLSLVANSL,0
NPANPLNLKKHHGVFCDVCKALVEGGEKVGDDDLDAWLDVNIGTLCWTMLLPLHHECEEELKKVKKELKKDIENKDSPDKACKDVDLC,1
FPMFKRGRCLCIGPGVKAVKVADIEKASIMYPSNNCDKIEVIITLKENKGQRCLNPKSKQARLIIKKVERKNF,1
CRQQPVDEERQDRVSKISKHFQDSGTPVSEEVSPTRLPSPTSARRASH,0
SPAGCRFCCGCCPNMRGCGVCCRF,1
KKSCHTGLKKSAGWVIPIGTLVKNGIIVR,1
EYDAVEVVVGLPRDLQGNGSASVKQAREIAFR,0
FLFSLIPHAIGGLISAFK,1
FSLFFPYAALKWLRKLLKK,1
FISAIASFLGKFL,1
LGFEIPYQSIYLHALDDTGMLYLQIENN,0
GFLGPLLKLAAKGVAKVIPHLIPSRQQ,1
RRWCFRVCYRGFCYRKCR,1
FLPKLFAKITKKNMAHIR,1
FITLLLRKFICSITKKC,1
AQILAQNLELLNLAKAEVQTVRETLENLKKIEEEKPEILVPI,0
SGIELFAINTYIEEYSFGNQFNHKSRSERK,0
DQYKCLQHGGFCLRSSCPSNTKLQGTCKPDKPNCCKS,1
VNKVQKRSHSQPIFTQYS,0
GVVDILKGAAKDIAGHLASKVMNKL,1
YIEAGNKARRSIDLNHIEKIGRDIVNVFNSGGKLIVFGNGGSAADSQHFVAE,0
VFHAYSARGNYYGNCPANWPSCRNNYKSAGGK,1
MGAIAKLVAKFGWPIVKKYYKQIMQFIGEGWAINKIIEWIKKHI,1
VSCGDVTSSIAPCLSYVMGRESSPSSSCCSGVRTLNGKASSSADRRTACSCLKNMASSFRNLNMGNAASIPSKCGVSVAFPISTSVDCSKIN,1
YELDESEEFFSEFSPNYLIITNARGDHLENYGNSLTRYRSAFEKISRNTDLVVTFAEDELTSHLGDVTFGVKKGTYTLEMRSASRAEQKAMV,0
MIGINDVWRQYDLPFM,0
DSPVGLAGYLFSKDISRVFRVGEA,0
LGHLLHSFRNDEGVYNMLKSLLSPLCQRVFASLEEL,0
GVWDWIKKTAGKIWNSEPVKALKSQALNAAKNFVAEKIGATPS,1
QQREFREGVNSLQYGSFDMPTQGTEKIAFSRR,0
STIQFPDGRPLAGPKTSGGCPRCGFAVFAAEQMISKTRIWHKRCFYCSDCRKSLDSTNLNDGPDG,0
QLARETSVDPDMRKG,0
EDIKNVVLQYGFKVE,0
NSSILHGDDNNGCNPKLKAICIAMCCRHVCDYGDYVNRSYVTSLVEKY,0
FKKKKRNIGTFVFFAIALFCTVMFAYLLLTNQYVPIDYNVPRYA,1
QRIKREFKEVLKSEETSKNQIKVDLVDENFTELRGEIAGPPDTPYEGGRYQLEIKIPETYPFNPPKVRFITKIWHPNISSVTGAICLDILKDQWAAAMTLRTVLLSLQALLAAAEPDDPQDAVVANQYKQNPEMFKQTARLWAHVYAGAPVSSPEYTK,0
GHLGRPYIGGGGGFNRGGGFHRGGGFHRGGGFHSGGGFHRGGGFHSGGSFGYR,1
IPDGMCIDVEGKLWVACYNGGRVIRLDPETGKRLQTVKLPV,0
IIEKLVNTALGLLSGL,1
AALKGCWTKSIPPKPCSGKR,1
KGAPCAKKPCCGPLGHYKVDCSTIPDYPCCSKYGFCGSGPQYCG,1
RTLSKTSTGPTQDKQRRVVRKAFRKLAKINR,0
EFNLILSCDIPLISTELLQELISKHTEEAGITVFASESKTHPLIGIYSKKILPIIKSAIEADELKMMDLLAKVPHQ,0
KKIAELDKQIDHD,0
RVKRFWPLVPVAINTVAAGINLYKAIRRK,1
GFIFHIIKGLFHAGKMIHGLV,1
FDYDENLNKNISPF,0
SQLNNHKNEEKKPSQQ,0
KGLSEQEAERLALDKTYFATMLVHLGY,0
KWKVFKKIEKMGRNIRNGIVKAGPAIAVLGEAKAILS,1
IPAYAQKLLVMLVEFDYIKISNLLRHNTVSQCFEFLLGDLSS,0
FVVAPDQPRYLGDIAISYQRVLAQA,0
ELKTLHKTSYPYIVSFYDAFYTEGSIFIALE,0
IVQKAGNFPLMQFKTKVKVNPKFLLKGDDMDIVDEAITYYKANVFYKN,0
WSPDDAGIQPKMIYASSK,0
RVPPVRIKQTCNIPVSSGLGSSAA,0
YWRILAEDNLLWREKCKEEGIDE,0
QQQGRLPLAAKDNNRSKSFIFPETSNQSKD,0
EAETRCVRDALDRRDTAAVAAIGGPAGDLLVRIMAAGG,0
TLNKTEQAGRNALLSDISKGKKLKKTVTNDRSAPILDKPKGAGAGGGGGGFGGG,0
SLSFGNLEQTSVNNDSEEFETLLAKMNMT,0
LDKDYNFEIPHKNLITILKSSVDCSDKFANALKLI,0
AEFNIYVDPHAAQMVLSSGIPIVMMPLDI,0
INWLKLGKKILGAL,1
MSCFPWAEKKQDVKEQMFNELLTYNAPHLMQDLDTYLGGREWLIGNSVTWADFYWEICSTTLLVFKPDLLDNHPRLVTLRKKVQAIPAVANWI,0
FFHHIFRGIVHVGKTIHKLVTGT,1
VRLWDTSSHQCINIFTDYGGSATFVDFNSSGTCIASSGAD,0
YMVNNDYSLNQLALEIGVSPATLSRVLNGERRPGQLVIGK,0
MHDFWVLWVLLEYIYNSACSVLSATSSVSSRVLNRSLQVKVVKITN,1
YSLKKTSMKIIPFTRL,1
FLPKTLRKFFCRIRGGRCAVLNCLGKEEQIGRCSNSGRKCCRKKK,1
NILNTTATQNTEEHQRYGHYVFTLSHMFLKSRSF,0
GLVGTLLGHIGKAILG,1
GIMSLFKGVLKTAGKHVAGSLVDQLKCKITGGC,1
GLLDFVTGVGKDIFAQLIKQI,1
KVPVGAIKKGGKAIKTGLGVVGAAGTAHEVYSHIRNRH,1
GYFCESCRKIIQKLEDMVGPQPNEDTVTQAASQVCDKLKILRGLCKKIMRSFLRRISWDILTGKKPQAICVDIKICKE,1
GLFDVIKKVASVIGGL,1
MQQRGLAIVALAVCAALHASEAILPIASSCCTEVSHHISRRLLERVNMCRIQRADGDCDLAAVILHVKRRRICVSPHNHTVKQWMKVQAAKKNGKGNVCHRKKHHGKRNSNRAHQGKHETYGHKTPY,1
TGYVGTVMDSTTVMYNDPGLTNANLKIILADIDMSKPENQNPQQQLDDGEYIENFPI,0
VDKPDYRPRPRPPNM,1
YQFGEIRTITIVQRQQCAFIQFATRQAAETAAEKSFNKLIINGRRLNVKWGRSQAARGKGEKDGVTESGIRLEPVPGLPGALP,0
DRRRSSIHDITSVT,0
FLPILAGLAAKIVPKLFCLATKKC,1
GLWDSIKNFGKTIALNVMDKIKCKIGGGCPP,1
GKAGGKDITDIGSLRDSVN,0
LTEGSSLSKNSVGMGLGMKLPSIHSLINQKNSYNPFQTTLHSKSFSV,0
RERSKGSKYLYVG,1
AFSRLAQSRTN,0
GLLDTIKGVAKTVAASMLDKLKCKISGC,1
ALQEEMTATRRQADKMQALNLRLKEEQARKERELLKEMAKKDAALSKVRRRKDAEIASERE,0
DAINNENEAITRAISDGKT,0
KNYGNGVHCTKKGCSVDWGYAWANIANNSVMNGLTGGNAGWHN,1
FMVPDFVVATRNSRIVSVQSASFEEYDADRRR,0
TEPQENVCHLFAEYDMVQPASQVIGLVTAL,0
SVMGTVKDLLIGAGKSAAQSVLKSLSCKISNDC,1
MMPYQINSSLLEKTN,0
SDPPAALREPPPPARRAGKAGSGELVFTRV,0
GFVDFLKKVAGTIANVVT,1
MDAFGLRDWLYEMAD,0
KRFKKFFKKVKKSVKKRLKKIFKKPMVIGVTIPF,1
EWKLPDLIINHITLTRRNCNKYRCG,1
IKHYYDENPDIPPEILLSHLPSESKLVEAWLKSRVSHRVE,0
GFLDIINKLGKTFAGHMLDKIKCTIGTCPPSP,1
GFMDTAKNVAKNVAVTLIDNLKCKITKAC,1
AIVKREENASQNWQRFY,0
AHSVQLITVNQDIEQLCCAHCAFLRY,0
GWINEEKIQKKIDEKIGNNILGGMAKAVVHKLAKGEFQCVANIDTMGNCETHCQKTSGEKGFCHGTKCKCGKPLSY,1
YVDREINLFDHYCIISRSPHISRWELKWQATVTCPGWTPVKGKVRGYSNPLSAEREATRDFVQRIVQRGLVTRDEASEWL,1
AIEAGSSFNVPHGYAISVGMVCEAKMAEELG,0
FLNALKNFAKTAGKRLKSLLN,1
FIGPIISALASLFG,1
QRGRKKDRPRKHLTLNNKVQKKRWQQRGRKANTRPLKRRRKRGPR,0
EGTWQHGYGVSSAYSNYHHGSKTHSATVVNNNTGRQGKDTQRAGVWAKATVGRNLTEKASFYYNFW,1
KLLNVPMEYLTAA,0
FLPFLIPALTSLISSL,1
PWNIFKEIERAVARTRDAVISAGPAVRTVAAATSVAS,1
ARSYGNGVYCNNKKCWVNRGEATQSIIGGMISGWASGLAGM,1
FLPIASLLGKYL,1
AVQVTKLKDGLAMGLAFNHAVLDGTSTWHFMSSWAEICRGAQSISTQPFLDRSKARDTRVKLDLTAPKD,0
RLFHLIPDGEITSIKINRADPSESLSIRLVGGSETPLVHIIIQHIYRDGVIARDGRLLPGDIILKVNGMDISNVPHNYAVRLLRQ,0
VFKFAVRTLGDSAEQAMRQAGK,0
SFQRNLDFVASASGVGFGNSAG,0
SAIQTLTGEYLKRLSRYVATEGLEI,0
ATLEGDAIQDFAERLLEDPVEVSANPSTRERKKIHQWYYRADDLEHKTALL,0
KAVAAKKSPKKAKKPATPKKAAKSPKKVKKPAAAAKKAAKSPKKATKAAKPKAAKPKAAKAKKAAPKKK,1
IPDKDLDISTSRAG,0
FDRGKYVSTRIREMMIKGD,0
RRSKVRICSRGKNCVSRLGGGSIIGRPGGGSLIGRPGGGSVIGRPGGGSPPGGGSFNDEFIRDHSDGNRFA,1
EQVAEKVKKFRDGGDDIVVVVSAMSGE,0
SVTDNPLIDVDNQ,0
GILSLFTGGIKALGKTLFKMAGKAGAEHLACKATNQC,1
GIMDSVKNAAKNLAGQLLDTIKCKITAC,1
ATPTITTSSATCGGIIVAASAAQCPTLACSSRCGKRKK,1
MFMLSAKEKGWDTCPMIGFDAEAVKRILNIDDQFEVVMMITIGKEKTES,0
RWKIFKKIEKMGRNIRDGIVKAGPAIEVLGSAKAIGK,1
EHAVNGIAEKLNLLQSTVSHQLRFL,0
SNTFFGNLKSISTTTTTTTTTANTDQQVSKVAENNEIDD,0
GIWGTLAKIGIKAVPRVISMLKKKKQ,1
RRWVRRVRRWVRRVVRVVRRWVRR,1
SKNSTNKNQISKSHRNGIKKPKDHRH,0
VFIDILDKVENAIHNAAQVGIGFAKPFEKLINPK,1
FLPILASLAAKFGPKLFCLVTKKC,1
GVLDILKNAAKNILAHAAEQI,1
KNKVLSVGLGKSEEDELKPNLHKLTEHLEGE,0
FLSLIPHAINAVGVHAKHF,1
LFGSVKAWFKGAKKGFQDYRYQKDMAKMNKRYGPNWQQRGGQEPPADAQANDQPP,1
SILDKIKNVALGVARGAGTGILKALLCKLDKSC,1
LVDATNEMKIAQEECFAPIALVFRAKS,0
GWLRKAAKSVGKFYYKHKYYIKAAWQIGKHAL,1
ILGGLSSELKSELDVVVLSPGVPTDLDYVKELKSAEIPIIGE,0
LVATGMAAGVAKTIVNAVSAGMDIATALSLFSGAFTAAGGIMALIKKYAQKKLWKQLIAA,1
NCCNNLHHDIERFKAIKACLGRNP,0
GDWIDATARMLELGQERGEVFPQIDPMVSAKIIVASFTGIQLVSEADS,0
RYFNPVGAHPSGRIGEDPCGTPNNLMPYVQQVVVGRLPNLKIYGTDYTTKDGT,0
LLGIETIKLLQAS,0
GKFSGFAKILKSIAKFFKGVGKVRKGFKEASDLDKNQ,1
GIFSKFAGKGIKNLLVKGVKNIGKEVGMDVIRTGIDIAGCKIKGEC,1
ATNIPFKVHFRCKAAFC,1
SIQIYNHLMEKYGGEKSIGYASIDDFYLTHEDQLKLNEQFKNNKLLQGRGLPGTH,0
VLSKSLCTPGCITGPLQTCYLCFPTFAKC,1
AKTVLDVGCGTGILVMGAV,0
LESHMTTPLLTYNILIKPYR,0
IVNTDTKLSEDERVPCPLDGKHTVWKKNLAVHLKKCNAKPVERTEEWFSKDINVKLKNSL,0
SSTTSLPTSPGDKCRMAPEHV,0
GVHAAHAACWNCEKDGMTT,0
DDMTMKPTPPPQYPLNLQGGGGGGSGDGFGFAVQGHQKVWTSDNGRHEIGLNGGYGQHLGGPYGNSEPSWKVGSTYTYRFPNF,1
EFEFRGRINVQPAERGKIVKIIPDEIECLDLLKKYGASEQLIEHVKAVEGLALKIAERCNADK,0
LAHQKPFIRKSYKCLHKRCR,1
IKGYTRCFAYANERQMPDEFHINYVDRCICENS,0
FLSLALAALPKLFCLIFKKC,1
SALVGCWTKSWPPKPCFGRG,1
ANIIGNKMSAISVHG,0
QPQMVIDCCLSVKNKTITKHIITDYHQQSAGQGCSIEATKKLCVPADEPWVHMVMSHVDKMKKPCHGKRRNKRCVKVKKMILVTRRN,1
GIFSKFAGKGLKNLFMKGAKTIGKEVGMDVLRTGIDIAGCKIKGEC,1
DRGLETAVESMRNAVY,0
FLGALFKVASKVLPSVFCAITKKC,1
GILSTFKGLAKGVAKDLAGNLLDKFKCKITGC,1
PRSKLFITSKVMHNVDNIPEALNESLRKL,0
FLGHGKSFRTSKVEHLACYETDNFVVSIKDVNDLQLGLSKNLQT,0
ETKKQLEEEERKMISDEHWYLD,0
FLPIVAGLAANFLPKIVCKITKKC,1
PTRHSKPRPQPLPRPGTCPDTSGIITTCEVTERNCFSDSQCGPGQKCCPLGCGRECLAVGPPYGKGRW,1
CYAKGMDDIMKHVATYTATMNERMNACHKEYIKMY,0
RNARFCDDRVHALIYFISPTGHGLRELDI,0
AGIDVNKRAGLMTPAEIEKIVDILTTQLNY,0
KEICCKVPTTPFLCTNDPQCKTLCSKVNYEDGHCFDILSKCVCMNRCVQDAKTLAAELIEEEFLKQ,1
VDLDERAIDALREFNEEGA,0
PADFLVHYGHACLTPTDALPVHYVFPRQKLDVKQAVESLLAASKNELDGDGRKGIVVVWDVSYDWLAN,0
QPDALNVPSTCCFTFSSKKISLQRLKSYVITTSRCPQKAVIFRTKLGKEICADPKEKWVQNYMKHLGRKAHTLKT,1
DIDEFSSSSEDERKPARHPQSS,0
FFKKNPFGLVPVLENSQGQLIYE,0
FFDEKCNKLKGTCKNNCGKNEELIALCQKSLKCCRTIQPSGSIID,1
YSSKDCLKDIGKGIGAGTVAGAAGGGLAAGLGAIPGAFVGAHFGVIGGSAACIGGLLGN,1
VTQPLAPVHNPISV,1
REGTAEDMLQQPMLFFGAGCSHRDRVKRLLEEAGIHN,0
WGMAFRIPAKYATQVREYLDDREVNGYTAHSVPVYAHTGDEIPVLENCLVY,0
KAQVTPSRPLRNHLLSRVNDPRS,0
KPLTAIQADLTHSIDLLPALAIT,0
RYNLDISSPGIDRSIKTDEHLDWALGQPIK,0
QNGGNQQGFGGEGIETFLYV,0
SLQHQALIERLPQLLEPDGVASFILPKAE,0
FFWHHIGHALDAAKRVHGMLSG,1
HHHHRFGKIGHELHKGVKKVEKVTHDVNKVTSGVKKVASSIEKAKNV,1
VLEVYYTSLRCRCVQESSVFIPRRFIDRIQILPRGNGCPRKEIIVWKKNKSIVCVDPQAEWIQRMMEVLRKRSSSTLPVPVFKRKIP,1
LGFLVDVEPEDAIETIEEVLYGFSYLERMRVDVFLNGEM,0
GNDKIKKVELTKDLETFYLNQIQTLTD,0
DPDYQEKYQEL,0
SEHIPKATIKRLAMYVQVLETLKREGSQVVSSELLARTCSVNPSQIRKDLAYFGEFGVRGVGYHVQDL,0
RDKYGRVVMLFNIENWQSQE,0
GFMDTAKNVAKNMAGNLLDNLKCKITKAC,1
FKVQNQHGQVVKIFHH,1
VQPRTPTGSSLANRLSFNSAQNFMTATAAAQQISQQMHHQTHHLQHQQQQQVAAVAAAAAAAAHAQA,0
CEWYNISCQLGNKGQWCTLTKECQRSCK,1
FMPIIGRLMSGSL,1
FWGALAKGALKLIPSLFSSFSKKD,1
SEKRLRAVDPDLVSF,0
MARTKQTARKSTGGKAPRKQLATKAARKSAPATGGVKKPHRYRPGTVALREIRRYQKSTELLIRKLPFQRLVREIAQDFKTDLRFQSSAVMALQEACEAYLVGLFEDTNLCAIHAKRVTIMPKDIQLARRIRGERA,1
VKLEILGSKGGAKI,1
VTLEGELFEKSGVITGGAVKPSGELNKRYYEEELQRLNAE,0
ITSFIGCTPGCGKTGSFNSFCC,1
ASNELRHGNVMLDPGKRIATLAGEPLTLKPKEFALLELLMRNAGRVLSRKLIEEKLYTWDEEVTSN,0
GFLDIIKDTGKEFAVKILNNLKCKLAGGCPP,1
ATCDLLSGFGVGDSACAAHCIARGNRGGYCNSKKVCVCRN,1
GYGFINRNDTKEDVFVHQTAIKKNNPRKYLRSVGDGETVEFD,0
GFWGKLWEGVKSAI,1
TALLHEVDIKVPKK,0
EDRSRYTRREEIDESTKQ,0
NANIRGIFVGSVSMF,0
VSLNYTKVEQLCS,0
EVTDLKRQAVEEMMDRIKKGVHLRPVNQTAR,0
QCGLDSQNPTHGRVLQTIYKKLTG,0
QGPGRQPDFQRCGQQLRNISPPQRCPSLRQAVQLTHQQQGQVGPQQVRQMYRVASNIPST,1
DFASCHTNGGICLPNRCPGHMIQIGICFRPRVKCCRSW,1
GIGDPVTCLKSGAICHPVFCPRRYKQIGTCGLPGTKCCKKP,1
NLAKLSQNSLAAQEEG,0
RSSSLSLSKMDFDDERTWTDLEENLCNHDVVLGNESTYGTPQTCYPNNEIGILDKTIKRKIAPVKRGEDLSKSRRSRSPPTSELMMKFFPSLK,0
LKTKKYDIVIS,0
KYYGNGLSCNKSGCSVDWSKAISIIGNNAVANLTTGGAAGWKS,1
EIVALWISVVHQDVGGK,0
LCRQLSESESSLEMDDERYFNEMSAQGLRPRTVSSPIPYTPSPSSSRPISPGLSYASHTVGFTPPTSLTRAGMSYYNSPGLHVQHMGTSHGITRPS,0
FFPIIAGMAAKLIPSLFCKITKKC,1
PSTNGTNPAATVNLN,0
FSKPDLQRIAEKCDLGELERLLQLVLGCAVNCAEKQSYITEI,0
FLGSLIGAAIPAIKQLLGLKK,1
SLMPLHRKISTTEDSGITIDGYEMVWSPRSDSWLFTHLVADWYNRWQGIYIAEEKQHCHHKDFNKRNNNPDNLIRLSPEKHLALHRKHISKTLHRPDVVEKCRRIHQSP,0
FLSTLLKVAFKVVPTLFCPITKKC,1
FLPFIAGMAAKFLPKIFCAISKKC,1
SLQPGAPNFPIPGQEKQEGWKFDPSLTRGEDGNTLGSINIHHTGPNHEVGANWDKVIRGPGKAKPTYSIHGSWRW,1
FFFHIIKGLFHAGRMIHGLV,1
VLPLISMALGKLL,1
GDVEKVDPTTANLLQ,0
CQAWQDWPLTQVTFYRDGSALGPPGPNREFSITVVQKADSGHYHCSGIFQSP,0
IVNKKKQQSNVFQRI,0
AVLLGMGDKFELWSE,0
VAALNDCIYSVGGWNETQDALHTVEKYS,0
LKAMQKVYLKLVTTKKTKSPKDNVKLIDVSEISIDDVEKEIREFLEPFPHL,0
HPKARIYAEAGPIIIGEG,0
GILDAIKAIAKAAG,1
MTPFWRGVSLRPVGASCRDNSECITMLCRKNRCFLRTASE,1
FLSTALKVAANVVPTLFCKITKKC,1
WGVSDFAHYVLAPEVLVSLCIKEMQLSDDVYDKNA,0
GEKAIESAPEKRLTLAQIYEWMVRTVPYFKDKGDSNSSAGWKNSIRHNLSLHSKFIKVHNEATG,0
FWGHIWNAVKRVGANALHGAVTGALS,1
GVLDAFRKIATVVKNVV,1
KPAWCWYTLAMCGAGYDSGTCDYMYSHCFGIKHHSSGSSSYHC,1
GLFSILRGAAKFASKGLGKDLTKLGVDLVACKISKQC,1
QQCGRQAGNRRCANNLCCSQYGYCGRTNEYCCTSQGCQSQCRRCG,1
SQRVCAETLPPKLLEELIHKAVSVKITMVDSDFRDTHKRQFLNYGHTLAHALEAATSHKLPHGQAVSIGMVYAAQV,0
GFGCPFNENECHAHCLSIGRKFGFCAGPLRATCTCGKQ,1
GILYAIIKQESINGEEKKLIVGVEEDAMNEDKN,0
LYGQYFVKDPDTTIGKLVQSNNA,0
RGFRKHFNKLVKKVKHTISETAHVAKDTAVIAGSGAAVVAAT,1
MGAIAKLVAKFGWPFIKKFYKQIMQFIGQGWTIDQIEKWLKRH,1
HHKEITAVIIEPLIQAAAGMKMYPAIYLRRLRELCTQYDVHLIADEIAVGFGRTGTLFACEQANI,0
GTMEYWSNFYKDIFGFTEVRYFDIKGSQTAL,0
RTCMKKEGWGKCLIDTTCAHSCKNRGYIGGNCKGMTRTCYCLVNC,1
KQSPNTALLKQPTLTQKTTRTFRTLAINIPQSTPKPQTPLSPT,0
DVEWFKSIPLFTKSGRSGFIKESLGTHGYFKATFDGKLSAQDVVA,0
LIGSLFRGAKAIFRGARQGWRSHKAVSRYRARYVRRPVIYYHRVYP,1
ETQPAHILTIEDPIEFVHQSKKSLINQRE,0
AALRGCWTKSIPPKPCPGKR,1
GWLPTFGKILRKAMQLGPKLIQPI,1
HNHGNQIFDLNGQGQSPHTLWIGCSDSRAGDQCLATLPGEIFVHRNIANIVNANDISSQGVIQFAIDVLKVKKIIVCGHTDCGGIWASLSKKKIGGVLDLWLNPVRHI,0
YVPPVQKPHPNGPKFPTFP,1
VSKIKKYLKYKDRI,1
SLLDTFKNLAVNAAKSAGVSVLNALSCKISRTC,1
TGQLFDISSISPK,0
LSFPSDEDLEDARLLGDIIIAFETSA,0
SDGVLQLLPQQQPEKILARNYIATFGVLPLYDVENFYICEDSLQQRGLSEVTDW,0
GILSGILGMGKKLVCGLSGLC,1
CEIIRNHLANLNKYRDQRDRPDLS,0
RLLWTVSEEIKLISDFKTFIYD,0
GLADFLNKAVGKVVDFVKS,1
IYQIFSNNDTEVPVGTL,0
HNKQEGRDHDKSKGHFHRVVIHHKGGKAH,1
GRADYNFGYGLGRGTRKFFNGIGRWVRKTF,1
FVGNAKVEYDQMKAFEGADFIYAKNWAAYTGDNYGQILSKDREWTVSDRQMAVTNNAFFMHCLPVRRNMIVTDDVIESPQSIVIPEAANREISATVVLKR,0
GLFTLIKCAYQLIAPTVACN,1
ATCDLLSKWNWNHTACAGHCIAKGFKGGYCNDKAVCVCRN,1
GKLNLFLSRLEILKLFVGAL,1
TLKLEDALVNMLSNKQQSKVL,0
FLPLFLPKIICVITKKC,1
RKVLLSSFLSQFGRSVFDIGFCMSVTMWIHLNHGDQGLWEFLAHLSSLCRYLL,0
ALSVETDYTFPLAEKV,0
KRFGRLAKSFLRMRILLPRRKILLAS,1
SEGNYLYLPIKDVDEDILKSILNIEFELVDKELEEKKIIKKPSFREIISKKYRKEIDEGL,0
INTWNTTATSTSIIISETFGNKGKVCTYTVECVNNCRG,1
ITSISLCTPGCKTGALMGCNMKTATCNCSIHVSK,1
NFLGTLINLAKKIM,1
GYISIKDYAYADSNPLHYGYFDGDNEEDEMVS,0
KWKIFKKIEKVGRNIRNGIIKAGPAVAVLGEAKAL,1
EATTQSRAGREEE,0
MWITNGGVANWYFVLAR,1
SAPRGCWTKSYPPKPCK,1
KRRHWFPLSFQEFLEQLRRFRDQLPFP,1
PYGDKIVTGSFDKTCKLWDAYTGQL,0
FLPIIAGMAAKVICAITKKC,1
DIEEHQQTYADEVRKLYGKEIAEETEKRTSAYSADDW,0
KLGVERDGHMPSGTVLLESAARTYGRRAVGLVLTGMGADGADGLLAIKQAGGLAVAQNEESCV,0
NFLDTLINLAKKFI,1
ANTAFVSSAHNTQKIPAGAPFNRNLRAMLADLRQNAAFAG,1
YKQCHKKGGHCFPKEKICLPPSSDFGKMDCRWRWKCCKKGSG,1
CSFMLDSVGGSLPKKSIPDVDLNKPYLSLGCSNAKLPVSVPMPIARPAR,0
LLIPPTLRSYAGLEKEVV,0
KDLIETIHHKY,0
QQQQQHILPSDAKSNTDLCSNTE,0
GVCRCLCRRGVCRCLCRR,1
KVAFSKVNFIDEHWKELIDRVNNVDPILDILRQKKVITNEDYC,0
LQNNYSEEVNWGGLADQFSLPLRTLHRQLKQHTG,0
NFPIAQIAEHQLNHLK,0
RAGGIPVVDWHTLSPRDAT,0
FGGTSPSPEEGLGDEFDLIDHSDLHILDFSPS,0
KSTPDGIIKDRSLFMHHISLEPVTCG,0
GRKSDCFRKSGFCAFLKCPSLTLISGKCSRFYLCCKRIR,1
TAVTAIADVVQMNEPALLKSLA,0
SGTSEKERESGRLLGVVKRLIVCFRSPFP,1
KVNNLITRNHIFPILENILLIAKDN,0
MPKSAIGAGLVDLVLPLESIAENITAIARGRSEPEG,0
VKRYNGRERVYLRKRRTRISHGDFQT,0
VVFDNMLSPSQQREWERLVDECVIDREEVILDIFARRARTREATLQVELARMQYSLPRMARMWNH,0
FLSLALAALPKFLCLVFKKC,1
DSSLVEGMRMSNLVSQVINQDKAKQQQFGSADEVLNEDEGA,0
INWKKIAEVGGKILSSL,1
INIKDILAKLVKVLGHV,1
QERFIVNNHLQKAKVRLLDIEKSKAIGKGG,0
HRISNVQSNSDDQASMTNMVNQSTLTSI,0
PNSMDGVSSRDHILEFLFAC,0
SSTFAFTLAKLVATQCHRLWLVQSPSCPPSPKNNAHLSPGSMG,0
KRLDAQASTASASPAKAKPEVWTWIQALMDGTADLRTFRRLARLSSEFGISATKAA,0
QQLNAASMWGNLTGLNSLGPQYLALYLQLLQQSASSGNALNNLHPMSGLNA,0
FFPLIAGLAARFLPKIFCSITKRC,1
VGKTWIKVIRGIGKSKIKWQ,1
RFGSTLLVYDVEKIDAILNSVLNQETHKQGGR,0
LLKELWTKMKGAGKAVLGKIKGLL,1
GLRRLFADQLVGRRNI,1
LDAFNQMVDEV,0
INIGAGAAVEKDKDAALSYLE,0
HYFLEPIRWMQPELELGNLEGRFDCPKCNS,0
KWFNEKSIQNKIDEKIGKNFLGGMAKAVVHKLAKNEFMCVANVDMTKSCDTHCQKASGEKGYCHGTKCKCGVPLSY,1
LINSLIKLYSPIYN,0
GRVFCTACEKTFYDKGTLKIHYNAVHLKIKHKCT,0
LSLSAVVSSASTGSDAIGAIEFDPTGEIIATGGI,0
EGRTLVDVAAENGVYIPTLCYLKDKPCLGTCRVCSVKVNGNVAAACTVRVSKGL,0
SPIHACRYQRGVCIPGPCRWPYYRVGSCGSGLKSCCVRNRWA,1
ELSDYCSTLEGDDSYSCWRAYFELKDLEREKPKV,0
GVLSNVIGYLKKLGTGALNAVLKQ,1
SRSGRGSGKGGRGGSRGSSGSRGSKGPSGSRGSSGSRGSKGSRGGRSGRGSTIAGNGNRNNGGTRTA,1
IHEGKIYVCKVRREDKREISCEIVEELETKLPPK,0
GKREKCLRRNGFCAFLKCPTLSVISGTCSRFQVCCKTLLG,1
ELVLPEKSKLVASINEKF,0
MAADIISTIGDLVKLIINTVKKFQK,1
NSITESNLLVGAHCDAKGKVFSVFRLINRSSAHLLLQPTASIEG,0
YIPFPEDKTAFTDESERVVRTAY,0
GNANSNYEGGGSRSRNTGARNSLGRNAPTHIYSDPSTVKCANAVFSGMVGGAIKGGPVGMTRGTIGGAVIGQCLSGGGNGNGGGNRAGSSNCSGSNVGGTCSR,1
TSAQTQLGSWDGWVTKIFSKKEKETNNSKDPDPT,0
LPVNSPMNKGDTEVMKCIVEVISDTLSKPSPMPVSKECFETLRGDERILSILRHQNLLKELQDLALQGAKERTHQQ,1
FLPFLATLLSKVL,1
NNNNGLIIDTSYDYLIYFKFKYTKEYPSNEP,0
SFLTTFKDLAIKAAKSAGQSVLSTLSCKLSNTC,1
FLPAIVGAAAKFLPKIFCVISKKC,1
VCSCRLVFCRRTELRVGNCLIGGVSFTYCCTRV,1
WNPFRKLYRKECNDVTSCDTVSGVKTCTKKNCCHRKFFGKTILKAPECTVIS,1
IVESVLTLDPFIES,0
GLLDSLKNLAINAAKGAGQSVLNTLSCKLSKTC,1
PVDFSSSYLGQVLNTRKQKP,0
RSLNETELAVREGTPADESSQLLKIVLLGSDNKKVFIHVR,0
PMTRMHYVTAQQFSAEMVHGIKNNSMDMFKKKYQEDCDILLVEDIHTLK,0
KVAKYLEEKKPDRVEIFKTKAQPF,0
GFFDRIKALTKNVTLELLNTITCKLPVTPP,1
CARLNCVPKGTSGNTETCPCYASLHSCRKYG,1
PVAREINAIRRNRGFREL,0
LEYGQVVLSADNIFNRCRSKSSIGHPAESNPLHQLDVI,0
LNWGAILKHIIK,1
MTPLWRIMGTKPHGAYCQNHYECSTGICRKGHCSYSQPINS,1
KYALMKKIAELIPNLKSRQVK,1
IDFLKVQADDIMRFLNEEKDRKISSKTIAREVVAIRQF,0
LSPPFRPKPAPGCSYYCIKPEGPNKGASYCCSPPHVPLLPEQKHPGRCPPPLKECTRGFIPKICPHDGHCPYGQKCCFDTCLDLHTCKPAY,1
WNPFKELERAGQRVRDAVISAAPAVATVGQAAAIARG,1
NGVIYCSGQIPVANGKVIEGTVGDQTRQCLLNLQEVLTEAGSSLNKIVKVNIFLAD,0
TFLESQRSCVCHGSTTL,0
HALVGLKGHSAVGGLRA,0
GLFKVLGSVAKHLLPHVAPIIAEKL,1
FFPLVLGALGSILPKIF,1
FVQWFSKFLGRIL,1
ESISVAGGTWNYGYGVGQAYSHYKHDYNNHGAKVVNSNNGVKDYKNAGPGVWAKASIGTVWDPATFYYNPTGFYSN,1
GPIGLGLKSLTWTENPVPDEEAFRIMNYALSHGCSFWDAGEFYGLSEPLANLQLLSRYF,0
MPCSCKKYCDPWEVIDGSCGLFNSKYICCREK,1
GGYKNFYGSALRKGFYEGEAGRAIRR,1
SIRDKIKTIAIDLAKSAGTGVLKTLICKLDKSC,1
LSQYLHAEVIPNFVKSLSEPS,0
GETVGGDEIVMVI,0
GWINEHPKDML,0
GVLATVKNLLIGTGDGAAQSVLKTLSCKLSNDC,1
QSHLSLCRWCCNCCRSNKGC,1
GMASKAGAIAGKIAKVALKAL,1
GLWNSIKIAGKKLFVNVLDKIRCKVAGGCKTSPDVE,1
RKSTPYGRDTQKVGDICANTNDLEFDFPKFGWEQA,0
PAEFGLLQVPSMQRLRSARVHNVADAQMFWQ,0
VSCTCRRFSCGFGERASGSCTVNGVRHTLCCRR,1
QGDTLWSIADQVADTKKINKNDFIEWVADKN,0
FKADNQHFCFKKINITKKDNVYKFDGFAISVSSEKEYVIA,0
GILDVAKTLVGKLRNVLGI,1
EDEIMIADNFKIAS,0
MQLSAPHCKKL,0
TLNQARGSFDISCDKDNKRFALLGDFFRKSKEKIGKEFKRIVQRIKDFLRNLVPRTES,1
ILQAKFLEELQNSKKIYNYYKKESVVEHLS,0
DHKSCCPHHHYE,0
QPPQQRDVAWAIITT,0
FISGLIGGLMKAL,1
FLSLIPHIVSGVASIAKHF,1
DIRAVVVGDHTMSVLEIWGAEYQEQD,0
LKMPEFNNYLLDNMLVVYEYFKVEPVIVFNKIDLLNEEEKKELERMDSIYRDAGYDVLKVSAKTGEG,0
NTTSNTFSNGAILSGN,0
RTLVIGCDSVLEFDGQIFGKPADSADAIHRWERMRGRSGVLHSGHCLVDVTAGRRAEAVASTTVHFAAVSDDEIATYVATGEPLVVAGAFTIDGLGGPFVERIEGDPGTVVGLSLPLLRRLLAELNLPITGLWSRGTSTHPTPGT,0
PSFDHAIGDPVVDDICVEPKNRILIFEGNYLLLNKPPWSDACKLYDIKAYLPVEHSVARARVAHRHLVSGLCATEEEAIERTDR,0
QNQGSQESPSEDVLPFLSSLSEELSVAYEDDDKELLS,0
PDITKLNIKKLTKATCKVISKGASMCKVLFDKKKQE,1
GIFSLFKAGAKFFGKNLLKEAGKAGAEHLACKAANQC,1
FLGMIPGLIGGLISAFK,1
GRRKRKWLRRIGKGVKIIGGAALDHL,1
EGGIQSIATAMKNH,0
QLRPGDLILDHAGGNRAS,0
FFPLALLCKVFKKC,1
PEVILCRGHSTKADIYSLGATLIHMQTGTPPWVKRYPRS,0
SMSDSANRFQNKIT,0
HTPGCVTFVLNDHSMAFTGD,0
MTPLWRIMNSKPFGAYCQNNYECSTGLCRAGHCSTSHRATSETVNY,1
GLLDSLKGFAATAGKGVLQSLLSTASCKLAKTC,1
RCVCTRGFCRCVCRRGVC,1
ELIEESLENDDRRAKLALEIFAYRI,0
CWSCMGHSCWSCMGHSCWSCAGHSCWSCMGHSCWSCMGHSCWSCAGHCCGSCWHGGM,1
VGVGAGLGGGLNQRMDSYAHMNGWSNGSYS,0
TDQYGTTGTTGEYGTHGGGIAPGATDAGLAGGGG,0
TIFRNQILFKDFTKLNARHGVGVSIKHNHTIGKYKFY,0
YYLHYKTFRILTIIQSWSDKVSV,0
EQSLPEVKQPMGV,0
ATRSYGNGVYCNNSKCWVNWGEAKENIAGIVISGWASGLAGMGH,1
FASLLGKALKALAKQ,1
RMFSKKNDHYDCYIDIQSGSGGTDAQDWSKMLL,0
FLSGILKLAFKIPSVLCAVLKNC,1
SAFTVWSGPGCNNRAERYSKCGCSAIHQKGGYDFSYTGQTAALYNQAGCSGVAHTRFGSSARACNPFGWKSIFIQC,1
KDGYIIEHRGCKYSCFFGTNSWCNTECTLKKGSSGYCAWPACWCYGLPDNVKIFDSNNLKC,1
KCWNLRGSCREKCIKNEKLYIFCTSGKLCCLKPKFQPNMLQR,1
VKVGINGFGRIGRLVTRAAFHGKKVEVVAIND,1
MAKEFGIPAAVAGTVINVVEAGGWVTTIVSILTAVGSGGLSLLAAAGRESIKAYLKKEIKKKGKRAVIAW,1
KYYGNGVTCGKHSCSVDWGKATTCIINNGAMAWATGGHQGNHKC,1
PYSIRARELLHDRGVGCKIIEVDNNLDAYSFAKRNHSTFPVFFLDGDLVEGGCEKLLVLSDSNLP,0
MTAYLSKKESLCSGT,0
VSRNKEIEATEERKRRIKQLELQKKEAARRAAQNLPSADAYESIGYQTVNTTFATSNVEDE,0
ISINSEQLTRAQCVTVKEKLLEQAESLLSEPMVHEL,0
ASIIKTTIKVSKAVCKTLTCICTGSCSNCK,1
RFIYMKGFGKPRFGKR,1
ALWKDILKNVGKAAGKAVLNTVTDMVNQ,1
HPFTVTVDSAFDAVAQACGT,0
LFSLLFKQFPDTRNYFTHFGNMSDA,0
GTCSFSSALCVVHCRVRGYPDGYCSRKGICTCRR,1
AIYNELSQHMMKEERILFPMIGQ,0
ITRLQRNQKESKVILCSGEVV,0
FLPIITNLLGKLL,1
EEVERLRAERDAALADREAFQDRLARLQAEFD,0
PSTRVPQQATRSKQKPCQ,0
KKWKIVVIRWRR,1
FLPLLLAGLPLKLCFLFKKC,1
DDLLHFRPSSTYGFCTQIAVFH,0
TMHITTKLGMNFVHISPKRYQSPQEWIDIANENIKQANSGSVLVTDDLEQVRGADIVYTDLWWWVDQEDEAEERVKAFKPTYQVTPELMEKAGKQALFMHCLPASRNVEVYDEVIDSDQSIAFEQAENRLTAQMGLLVYYLYPQIDKSSNAVKDYYRGKVEAFMEHQDRSWK,0
YYSNPAQLGSDRWAALVAAWVLERQGCLVVDAGTAMTVDALSDTGEFLGGLITPGLDLMQK,0
AVAYSTSKAAIIGLSYALAKQLS,0
LFCRKGTCHFGGCPAHLVKVGSCFGFRACCKWPWDV,1
SRIDQDRSRMYDSLNMHSLENSLIDIMRAEHDPLKGRLSYPH,0
ILGPVLGLVGNALGGLIKNE,1
GFLGSLLKTGLKVGSNLL,1
LSAVQATSTEADVRACAELAARYNIIS,0
FLFSLIPSVIAGLVSAIRN,1
LVHKTDEDKVMVLDSHKLMGASGEPGDRVQFTEFIQKN,0
FLSLIPHAINAVSAIAKHN,1
GLMDTIKGVAKNVAASLLEKLKCKVTGC,1
VQFVRRENSTP,0
SKITDILAKLGKVLAHV,1
GWINEEKIQKKIDERMGNTVLGGMAKAIVHKMAKNEFQCMANMDMLGNCEKHCQTSGEKGYCHGTKCKCGTPLSY,1
AFPPPNVPGPRFPPPNFPGPRFPPPNFPGPRFPPPNFPGPRFPPPNFPGPPFPPPIFPGPWFPPPPPFRPPPFGPPRFP,1
GFFGKMKEYFKKFGASFKRRFANLKKRL,1
QTNVNVLRSQNNPEILQDMISETKDCRSLIAEQLLQS,0
SIMSTLKQFGISAIKGAAQNVLGVLSCKIAKTC,1
KVFERCELARTLKRLGMDGYRGISLANWMCLAKWESGYNTRATNYNAGDRSTDYGIFQINSRYWCNDGKTPGAVNACHLSCSALLQDNIADAVACAKRVVRDPQGIRAWVAWRNRCQNRDVRQYVQGCGV,1
ADILQSVQVITDQGLETWSREQLQYDYRHSVLQTGHACV,0
WHTMARLCYEIGNLHIP,0
GLLDTLKGAAKNVVGSLASKVMEKL,1
GAQKTSIACIEDGISQLDARVRLSYGGGDLDQVLLLLLRKCGFPYRECNVQESYVDA,0
HVDNDRWKGVPFVFVSGKRMKKGEVYI,0
GIFSSRKCKTPSKTFKGICTRDSNCDTSCRYEGYPAGDCKGIRRRCMCSKPC,1
PAQETYEIESFIDGSIMTIADAPW,0
RSALSCQMCELVVKKYEGSADKDANVIKKDFDAECKKLFHTIPFGTRECDHYVNSKVDPIIHELEGGTAPKDVCTKLNECP,1
ISLDPSFSGDYIIPIKAVEEIIRMSSEDVQSTIFLDQTKIAVEC,0
TWLKKRRWKKAKPP,1
ELKIIIKDNNIGGIIVGNPVNMDGSLGRSAQSVNDVASNISKSIDLPVI,0
GWLKKLGKRIERIGQHTRDATIQGLGIAQQAANVAATAR,1
VDYFNELGLKTSARIFVPLSG,0
GIFSALAAGVKLLGNTLFKMAGKAGAEHLACKATNQC,1
YRRDNVKPVDELQKTIGHRFGDMELLLTAM,0
SHVLKDEAGRVLCPILRDYVCPQCG,0
KPVSLSYRCPCRFFESHVARANVKHLKILNTPNCALQIVARLKNNNRQVCIDPKLKWIQEYLEKALNK,1
YLAFRCGRYSPCLDDGPNVNLYSCCSFYNCHKCLARLENCPKGLHYNAYLKVCDWPSKAGCT,1
ILISVDGKVYLSGLRSNLSMISHGQRQRV,0
FLPAIVGAAGQFLPKIFCAISKKC,1
TVVNRPDDDEAKVIHDFAYYWPHYTPITRRQDHD,0
YALNAKTGCVYWRHAAEGATRTSPVIAALPEGAPAKTALFFSDFTKAAVALDAETGKQLWKTVVDDQ,0
ELPTSWAWGIVDEFIYQYNSYWMTKE,0
RYEEVSVSGFEEFHRAVEQHNGKTIFAYFTGSKDAGGKSWCPDCVQAEPVVREGLKHISEGCVFIYCQVGEKPYWKDPNNDFRKNLKVTAVPTLLKYGTPQKLVESECLQANLVEMLFSE,0
KNLHGTFPFGAGRDGTGEAFY,0
INLKAIAALAKKLL,1
EAPYLFQKYIKESHGRDVRVIV,0
GDDASRHDGSDYKPTPVRKSTRTP,0
WMSTYAAAVARSARGLLRVPGMDECPLGC,0
GLWSKIKEAAKTAGLMAMGFVNDMV,1
QRFSQPTFKLPQGRLTLSRKF,1
KYLPQVEIVSNLPEFDNGGCEKEMKVFHYGDYEQLDMDKLMELPNNYFTN,0
FLGPIIKIATGILPTAICKFLKKC,1
VTKGFNKAYVLLGQFLLMHKNEAEFQRWIICCCGATECEARQSSTCLKEW,0
ETGSYLAIDLGGTNLRV,0
MVGYPNVGKSSTINSLM,0
DRGYGGGRRGGGYGGGGYGGGGGGYGGGGGGYGGGVGGGRGGGGGLGGGRGGGGGLVDGKDDVGLGGGGYGGGLGGGQGGGGGLGGGQGGGGGLGGGRGGGGYGGGGGGYGGGKYGGGKY,1
GFGCPGDQYECNRHCRSIGCRAGYCDAVTLWLRCTCTGCSGKK,1
TGHSMGGYGAICGYLKGYSGKRYKSCSAFAPIVNPSNVPWGQKAFKGYLGEEKAQWEAYDPCLLIKNIRHVGDDRILIH,0
DVQCGEGHFCHDQTCCRASQGGACCPYSQGVCCADQRHCCPVGF,1
EKEKEKEKEKEKEKNKEIENKTYPNNCKIPIANTGESECLPNTLKLFFK,0
LDSNHRKAFDSLRQELQTTKTQ,0
FIFPKKNIINSLFGR,1
YDFSSGRLYSGNWLTGTISVSDPTTGKVERSLLHASTDGSFTHG,0
FLPFVGNLLKGLL,1
GWLKKIGKKIERVGQHTRDASIQAIGIAQQAANVAATARG,1
WKSESVCTPGCVTGVLQTCFLQTITCNCHISK,1
ILPWKWPWWPWRR,1
IAEVLRQYPHIVKGHKNIKLKIMPNTPAAPTEK,0
RLGNFFRKVKEKIGGGLKKVGQKIKDFLGNLVPRTAS,1
KFCEKPSGTWSGVCGNSGACKDQCIRLEGAKHGSCNYKPPAHRCICYYEC,1
GIINTLQKYYCRVRGGRCAVLSCLPKEEQIGKCSTRGRKCCRRKK,1
VNWKKVLGKIIKVAK,1
LFGLIPSLIGGLVSAFK,1
QLYENKPRRPYIL,1
FHTGHQDKVRCFFCYGGLQSWKRG,0
SFLDKFKDVAIGVAKGAGTGVLKALLCKLDNSC,1
RDGLRAAAMKPIAAGATLVNGVLHNEDADQLDAAANVLLPPDIRTPFMLKEPAAPHIAAAHESVTLDMARIVDAHEAALQMADVVVVEGVGGFRVPLTDSHD,0
GLNTLKKVFQGLHEAIKLINNHVQ,1
GIFSSRKCKTVSKTFRGICTRNANC,1
GQNVRLASKLTGWNIDIMTEEQESKRRNEEFSTSTELFMEALDVEEVIGQLLSVTGFNSVEQIASSEISTLTRIEGFEEEL,0
SLGNFFRKARKKIGEEFKRIVQRIKDFLQHLIPRTEA,1
GWIRDFGKRIERVGQHTRDATIQTIAVAQQAANVAATLKG,1
AEEHHADMYAAIDKASDVLERQLRKFKTRYMKQRQEGR,0
FLPAIAGILSQLF,1
DIQIPGIKKPTHRDIIIPNWNPNVRTQPWQRFGGNKS,1
APLATELRCQCLQTLQGIHLKNIQSVKVKSPGPHCAQTEVIATLKNGQKACLNPASPMVKKIIEKMLKNGKSN,1
GFFCPYNGYCDRCRKKLRRRGGYCGGRWKLTCICIMN,1
KGSKFLKDYAMTSGVEVVVAPVTIPDTTV,0
NPRLSTEHDLLSSMIEKDEVVVDAFAGVGP,0
KDINPFAFLEKTAPHIASKRKNIFI,0
ILPLLLGKVVCAITKKC,1
RNYSEKSINNMLDYIEKGSDDEKA,0
YVLVNETEKIDLVEFLSHHLEGVARAEFTLVLHTKLGEASVLANIVDVNKDEW,0
FLPAVIRVAANVLPTAFCAISKKC,1
VFHLLGKIIHHVGNFVYGFSHVF,1
FFGHLYRGITSVVKHVHGLLSG,1
ENDHRMPNNLNRPNNLSKGGAKCGAAIAGGLFGIPKGPLAWAAGLANVYSKCN,1
FFPLLFGALSSMMPKLF,1
AKIPIKAIKTVGKAVGKGLRAINIASTANDVFNFLKPKKRKA,1
APGNKAECEREKGYCGFLKCSFPFVVSGKCSRFFFCCKNIW,1
FLPFVGKLLSGLL,1
LRRAAVAPQRAPILRPAFVPHVLQRADSALSSAAAGPRPMALRP,0
EPNPNEFFGLM,1
MKTFLRLYRSLINKVLHV,1
FTLKKSQLLLFFLGTINFSLCEEERNAEEERRDYPEEKDVEVEKR,1
MNLNGLPASTNVIDLRGKDMGTYIDANGACWAPDTPSIIMYPGGSGPSYSMSSSTSSANSGS,1
GCFEQSIEVRSAAHPLPWL,0
FRGLAKLLKIGLKSFARVLKKVLPKAAKAGKALAKSMADENAIRQQNQ,1
LTCEIDRSLCLLHCRLKGYLRAYCSQQKVCRCVQ,1
VLPDKYQVMVNGQSSYTFDHRI,0
AAVATKGEPGVGRLLLEALDAVGVH,0
KSCCRNTVARNCYNVCRIPGTPRPVCAATCDCKLITGTKCPPGYEK,1
GLGGAKKNFIIAANKTAPQSVKKTFSCKLYNG,1
SKELVAQVEALEIVVTALLRHLDPNTQQTL,0
RLGNFFRKAKKKIGRGLKKIGQKIKDFLGNLVPRTES,1
HTGDVMILPVLSCFTRFMAGLIFVLHSCF,0
GLFSKFAGKGIKNLIFKGVKHIGKEVGMDVIRTGIDVAGCKIKGEC,1
FLGGLLASLLGKI,1
IDQMPLWNPNKPLGGNTVSELENAKVLLWH,0
GLFSKFNKKKIKSGLIKIIKTAGKEAGLEALRTGIDVIGCKIKGEC,1
GWLKKIGKKIERVGQHTRDATIQVLGVAQQAANVAATARG,1
NGVYCNKQKCWVDWSRARSEIIDRGVKAYVNGFTKVLGGIGGR,1
FFPTIAGLTKLFCAITKKC,1
LLGRCKVKSNRFHGPCLTDTHCSTVCRGEGYKGGDCHGLRRRCMCLC,1
ATCDLLSISTPWGSVNHAACAAHCLALNRGFRGGYCSSKAVCTCRK,1
GFLSILKKVLPKVMAHMK,1
KGRYVVVATISRTSGELEFFDVSFDDE,0
GLFGRLRDSLQRGGQKILEKAERIWCKIKDIFR,1
GKFSVFGKILRSIAKVFKGVGKVRKQFKTASDLDKNQ,1
DISLPILVVQHMPAGFTKAFATR,0
GWLRDFGKRIERVGQHTRDATIQAIGVAQQAANVAATVRG,1
KVYDRCEFARILKKSGMDGYRGVSLANWVCLAKWESDFNTKAINHNVGSTDYGIFQINSRYWCNDGKTPKAVNACHISCKVLLDDDLSQDIECAKRVVRDPLGVKAWVAWRAHCQNKDVSQYIRGCKL,1
FGLPMLSILPKALCILLKRKC,1
GIRCPKSWKCKAFKQRVLKRLLAMLRQHAF,1
LQNVAFSVQKEVEKNLKSCLDNVNVVSVDTARTLFNQVMEKEF,0
IWERHILNSAAIVPFIREATAKRQFKTVADIGSGG,0
AVPLIYKRPGVYVTKPKGK,1
IHGGAERYIVNALKPIE,0
MSQEKIEDMLCRDELDVGIAFAPVHSPEL,0
LEKNAVLLVID,0
ISEEAGGGSTFEGLSTAFHHYFS,0
EKAGETKVSPENEPSSPEAEKNPEEACREENEILKDQLFRLAADFDNFRKRTARQMEENRK,0
NMINHTVFAVSEDSTRHFINGVHVDFQYGN,0
GLIDTIKNMALNAAKSAGVSVLNTLSCKLSKTC,1
GWMSKIASGIGTFLSGMQQ,1
KFKWGKLFSTAKKLYKKGKKLSKNKNFKKALKFGKQLAKNLQAGEEHEPGTPVGNNKCWAIGTTCSDDCDCCPEHHCHCPAGKWLPGLFRCTCQVTESDKVNKCPPAE,1
VPTRHARPRPQPRPRPGTCPDTSDIVSICVVTERNCFSDGECGAGQKCCPIGCGRECLAVGSPYGK,1
SATCLNISEDHMDRYSDLEAYRQAKLAL,0
SLFELGKMILQETGKNPAKSYGAYGCNCGVLGRGKPKDATDRCCYVHKCCYKAAAAAAAAADRYSYSWKDKTIVCGENNPCLKELCECDKAVAICLRENLGTYNKKYRYHLKPFCKKAAAA,1
TGHWLGGHYATFGADGHY,0
FSFKRLKGFAKKLWNSKLARKIRTKGLKYVKNFAKDMLSEGEEAPPAAEPPVEAPQ,1
MRVRSLTERPDGIFDHPVWWLFNPKQKTRQEMRLGSGRLHGKGVVATLAGVTTREAVQALFGTEIQVPRSMLPDGG,0
AEIGRGSYGVVYEAVAGRSGARVAVKKIRCDAPENV,0
QESRFLAAAVADEISGLSPLEKKAISLLEAKNNNKAQKLLR,0
DIDITGCSACKYAAGQVCTIGCSAAGGFICGLLGITIPVAGLSCLGFVEIVCTVADEYSGCGDAVAKEACNRAGLC,1
GKIIKLKASLKLL,1
VNYGNGVSCSKTKCSVNWGQAFQERYTAGINSFVSGVASGAGSIGRRP,1
GTTEQISTAAEALVGRSTTLTEALK,0
VCLDLTELRKAIQTLSHSLAVERASSKETDPSSTSTTFVILC,0
LLKTVSGHAYTD,0
GEWRRDVAFAG,0
ERYGGNDKIAVRTEDNMGGCGVRTWGSGKDTSDVE,0
CAIGSSKSNIGHC,0
IYFIADKMGIQLAPAWYQDIVNWVSAGGTLTTGFAIIVGVTVPAWIAEAAAAFGIASA,1
VTCDILSVEAKGVKLNDAACAAHCLFRGRSGGYCNGKRVCVCR,1
EGQATHTGPKGVINDWRKF,0
GFMDTAKNVAKNVAKNVAVTLLDKLRCKVTGGC,1
GICRCICTRGFCRCICVL,1
RHGQVSHDVDENGVHREHDPLLNDEGRKQALQLQHDLDAEKLPIELILVSPMRRALETMKIGFQHYIEDKHIPVKV,0
PQVPPGKYIVRADVS,0
KRIGLIRLIGKILRGLRRLG,1
GFIRSELGKRVRLRHVPE,0
MFGETVMEVENAFAAARSCDVMLA,0
LYLPQDPTVAKGALAGEDTGVVTHE,0
NGVFETLNNDVDDESVIGEKEKLILKQKQKCLSEFFVDDIKKLLNEELLNCQKQELPDVMENTYQISTVS,0
TIALWVADIFMLRTNDVGRVDAVYDRAALIAMPAELRPQYSQQVIDLSQNAHQLLLTLN,0
TGVPPRYIVNVKMRQKTARKWSEEEIQKRLSLPADLRLPVAVVDKLNRTPTLDQPLTRKNRR,0
RYILRFPALETLMLDDNRLSNPS,0
TGAPGGNFRTWTPTPPERG,0
INWKKIAEIGKQVLSAL,1
LCLDQKPEMEPFRKDAQQALEPSRQRRWLHRRCLSGRGFCRAICSIFEEPVRGNIDCYFGYNCCRRMFSHYRTS,1
GIFSKFGGKAIKNLFIKGAKNIGKEVGMDVIRTGIDVAGCKIKGEC,1
RQQKLASIINEVLIEILRRGKMLDIRLFNCPLAITKVIVTADLKIANCY,0
AVPLAVPLVYMGASVSPAVWNWLLVTFGAAAVAAAAVTVSDNDSHSCANNRGWCRSRCFSHEYIDSWHSDVCGSYDCCRPRY,1
GMKCKFCCNCCNLNGCGVCCRF,1
ATCDLLSMWNVNHSACAAHCLLLGKSGGRCNDDAVCVCRK,1
IDADAVSRKVFTEHEKEILNLFQAEAEKRGINLKNENG,0
STVTLPLRKDTVLFSLVTLDLEQRASAVITTIQSLPYD,0
QFYAMSSLYGFTVQKKRCKVGWGKHSGPLPNALALAVSNGASRNVYVGNI,0
LLSVIPLKGRYAPETGDHVVGRIAEVGNKRWKVDIGGKQHAVLMLGSVNLPGGILRRKSE,0
GFGKAFHSVSNFAKKHKTA,1
NTFQSGLLSVLYSIGSKPLQIWDTQI,0
IPGLILKIYRPDLEMALLESQNKKVAFLKKAVATLGLQGIECLWGRAEDIGRQKNYRESFDLAVSRGLAGMNTLAE,0
RRSKARGGSRGSKMGRKDSKGGSRGRPGSGSRPGGGSSIAGASRGDRGGTRNA,1
YGQAIKDMARNNIFPGDMLLKN,0
YSKLVLAVGANPTRLA,0
EIRLPEPFRFPSPTVPKPIDIDPILPHPWSPRQTYPIIARRS,1
GIFPKIIGKGIKTGIVNGIKSLVKGVGMKVFKAGLNNIGNTGCNEDEC,1
VYRTLNLLEEAEMVTSISFGSAGKKYELANKPHHDHMICKNCGKIIEFENPIIERQQALIAK,0
GGKCTVDWGGQGGGRRLPSPLFCCYKPTRICYLNQETCETETCP,1
GLFGILGSVAKHVLPHVIPVVAEHL,1
GIGAAILSAGKSIIKGLANGLAEHF,1
NNRLQKPLELI,0
FTVAQFRTTLSEFRFLDSQRKGLLAPADLKFFRDGIFNEVFTKRIFEISITYEDGRIDFKAFVDFVTALKFRHTTASAKYHFEILDLKDDGLLDEEEIRSISSFQLQNLPDYVPEDN,0
EMDGIKALKEMRSHETRTPVILM,0
SSVVSYIAQTYSLLGKKAASIGTIG,0
GILGKLWEGFKSIV,1
FFRHIKSFWKGAKAIFRGARQG,1
GWANTLKNVAGGLCKITGAA,1
DLMESDSKVYKLIGAVLVRQDLEEARSTVEKRLEFIDSETKRVEASISDISKKCTEQRDKVMNMQKSFQMMA,0
LEPNWHVMHDRLQSTRSV,0
VGECVRGRCPSGMCCSQFGYCGKGPKYCGR,1
GILDTIKNAAKTVAVGLLEKIKCKMTGC,1
SWYHFLNDENSDVWRWH,0
VIPIVSGLLSSLL,1
FLPLLFGALSTLLPKIF,1
FAVWGCADYRGYCRAACFAFEYSLGPKGCTEGYVCCVPNTF,1
FFPIGVFCKIFKTC,1
PVESPAERVAAKS,0
SFHVFPPWMCKSLKKC,1
KNKENINRTAAVAAAAAS,0
DGEEEEKDVWDTALEKGGCVEEHLRLNDCY,0
GSGIVAAGGGSGAATFSVSQA,0
GIPCGESCVWIPCISAALGCSCKNKVCYRN,1
GLLSVLGSVAKHVLPHVVPVIAEHL,1
ASITHVKNRGKYIYMHLKFRKTNVLI,1
GILDTLKQLGKAAAQSLLSKAACKLAKTC,1
MTPLWRVMGNKPFGAYCQDHVECSTGICKGGHCITSQPIKS,1
FLGALIKGAIHGGRFIHGMIQNHH,1
MQQVILNVANA,0
LGSGVAPVPEMVERGMAVG,0
GLPVCGETCVGGTCNTPGCTCSWPVCTRN,1
HYLYAQTSNMVIN,0
QCIGNGGRCNENVGPPYCCSGFCLRQPGQGYGYCKNR,1
ALWKTLLKNVGKAAGKAALNAVTDMVNQ,1
FLGSIVGALASALPSLISKIRN,1
GPASVPTTCCFNLANRKIPLQRLESYRRITSGKCPQKAVIFKTKLAKDICADPKKKWVQDSMKYLDQKSPTPKP,1
QLLKNKSDNKLYKLTKNIQW,0
QWGYGGYGRGYGGYGGYGRGYGGYGGYGRGYGGYGRGMYGGYGRPYGGYGWGK,1
TWATIGKTIVQSVKKCRTFTCGCSLGSCSNCN,1
DLMGVPSKDRLLFKKWVDTLF,0
GFRDVLKGAAKAFVKTVAGHIANI,1
VPYVKATEPHMLETYTPEVTKAYIT,0
GLVTGLLKTAGKLLGDLFGSLTG,1
GIMDTVKNAAKDLAGQLLDKLKCRITGC,1
GLGSFLKNAIKIAGKVGSTIGKVADAIGNKE,1
KRIRFFERIRDRLRDLGNRIKNRIRDFFS,1
FLIGMTQGLICLITRKC,1
LLLYPLPEWEIIEQKLSRLSSMNPAE,0
FFPFLLGALGSLLPKIF,1
EVDIKKATPKDAMMMPPM,0
DAKEFLNSPSSLYDVIIIDFPDPATELLSTLYTSELFARIATFLTEDGAFVCQSNSPADAPLVY,0
SGRGKTGGKARAKAKTRSSRAGLQFPVGRVHRLLRKGNYAHRVGAGAPVYL,1
RRLHPQHQRFPRERPWPKPLSLPLPRPGPRPWPKPL,1
YRQSMNNFQGLRSFGCRFGTCTVQKLAHQIYQFTDKDKDNVAPRSKISPQGY,1
IKSVMLTQEQIQARIAELGAQIGHDYRDRSPASDQDLLLVTVLKGAVIFVTDLARAIPLPTQF,0
GIGRKFLGGVKTTFRCGVKDFASKHLY,1
GKTSTAMIPWENIVGDDLTFILPVNGIAR,0
HKMDLHWYLRTLEEVVIRALQRFQFR,1
SVKGLNKEELEDRLLPHQRLLRSRTQSKT,0
GIVDFAKGVLGKIKNVLGI,1
KLGTKFSQKILSN,0
QDKCKKVYENYPVSKCQLANQCNYDCKLDKHARSGECFYDEKRNLQCICDYCEY,1
DLSSSLHSDSSYPPDAGLSDDE,0
LECMSEGDVEDFPTFGDSQSDYDTVVHPF,0
VSLSLTELSGELLTTLWSYVTQLDSQDDLSIKIGRMGCIW,0
SLWLDKRDTNT,0
AKAVKPKTAKPKTAKPKTAKA,1
GLLGSLFGAGKKVACALSGLC,1
GLGSVLGKALKIGANLL,1
EERNSERNLLLFRLESLLSWSEHLAL,0
FVLPLVMCKILRKC,1
NLCASLRARHTIPQCKKFGRR,1
NSIHDQGIKTLGMGLQSTVISD,0
GEVAVHQMTGYSEGELYINGVDGDDRVMVIDD,0
GLFDIIKKVASVVGGL,1
VNARQNAIKCIISVLQDPC,0
TALSTAIHVTKSY,0
METLKSKTKTRVLPSWMTAPVDERKVVSVKTATRKQTAAWAQRVGAATRAPATETVYCMNEAEMVD,0
NIFDDIFGKVTETLVDFGTTDIAGNPCNYRLSPRLIKFELYFVGLVWCPGWTTIQGESLTRSRTRVVNKAVEDFAKKAVAAGIMTQEDADPLLNA,1
IIGPVLGMVGSALGGLLKKI,1
GILDTLKNLAKTAGKGALQGLVKMASCKLSGQC,1
FIGAVAGLLSKIF,1
RSYHIEGSTFHFQGEEFVDRPLTSAHIQHFAKSVGKNWKPVGRSLGKTCRALND,0
QVNPSKRLDHLQR,0
NKLAYNMGHYAGKATIFGLAAWALLA,1
GLFDVIKKVASVIGLASP,1
NVFTTSVANAASISGHVLSGRTALQIGDSLNTEKATLIVVHTDGSIVETTGLKGPAAPLTPG,0
GLGSLVGNALRIGAKLL,1
KRGFGKKLRKRLKKFRNSIKKRLKNFNVVIPIPLPG,1
VLALAEKMAAALPGNRYDA,0
EEQESTCPICLGEIQNAKTLEKCRH,0
DRCTKRYGRCKRDCLESEKQIDICSLPRKICCTEKLYEEDDMF,1
LEGQGDVPTPKQFVADVKNLYPS,0
GSQLVYREWVGHSNVIKGPP,1
PEIKLTSEELKYMSLFQDITGVTARD,0
GMSGEISDMQYL,0
HSDAVFTDNYTRLRKQMAVKKYLNSILN,1
VTCFCRRRGCASRERHIGYCRFGNTIYRLCCRR,1
VLEAVGGKVWVIPGISANYTE,0
LVVDNTVEVNGNDKTDIGMVVIRGNSIVTVEAL,0
DRMNKDNNALRSTHHPGLLDTLIEMNTILEDIQKSLDMYLETKRHIFPR,0
AVNIPFKVHLRCKAAFC,1
ADMLEHVIPAVIPAELLNEQ,0
NNNFLSTLSPEHCRPLA,0
KTGLNIRMDNPQNMGADCIADCAGA,0
GQRRLVSLVLRMSQAVFYTGVTGKLPVLLMDDVL,0
EDKLSLRRHPERPIPEHNEERRKEIQERTAYAKGFPLDSQISELLDFAANYDKVVNLTMR,0
LKLKSIVSWAKKVL,1
GLFDIVKKIAGHIVSSI,1
QKELLFKKSQEVQALRDKEKNV,0
VVIPSPCCMFFVSKRIPENRVVSYQLSSRSTCLKAGVIFTTKKGQQSCGDPKQEWVQRYMKNLDAKQKKASPRARAVA,1
GLVSSIGRALGGLLADVVKSKGQPA,1
AAGGVKKPKKAAAAKKSPKKPKKPAAA,1
GILDTLKNLAISAAKGAAQGLVNKASCKLSGQC,1
LHIMLDLSGEPLNKRGYRQFYNTTPIKENL,0
TDQEIFDEELEKIFKKAWVPF,0
QRVRNPQSCRWNMGVCIPFLCRVGMRQIGTCFGPRVPCCRR,1
DCTRWIIGINGRICRD,1
LLTDFPEKFAERRHVFL,0
SGFKGVSIVVANPVDVMTFIYQHETGFDKNRVISSGTSLDS,0
VTCSKKLAGQRFTAVEDQYYCVDCYKNFVAKKCAGCK,0
QLPFVAGVACEMCQCVYCAASKKC,1
SRPPWVTDDSFSQKFAPGKSTTSISKQTLPRGGPAYTPAGPQVPPL,0
TSRCIFYRRKKCS,1
RSANALAAVEKAELLDIVATEGAIKMNCQYCHREYRFDEIDVHA,0
KLESKRQKLIEAQATGTVLTPKELLPHDSGQ,0
GFMDTAKNVAKNVAVTLIDKLRCKVTGGC,1
NKGCATCSIGAACLVDGPIPDFEIAGATGLFGLWG,1
ADRCIGCGACVKACSHH,0
KCKWWNISCDLGNNGHVCTLSHECQVSCN,1
IWLTALKFLGKNLGKHLAKQQLAKL,1
ELDLDNVVTMKSAEEIKNKPSTSASDADKGMEVDNTKKVF,0
GLFLDTLKKFAKAGMEAVINPK,1
KAFRSLGVEAEAVHIKQFYSDMI,0
RIYGKFLSLRSFIRRSMNNIFLQF,0
GWMSEKKVQGILDKKLPEGIIRNAAKAIVHKMAKNQFGCFANVDVKGDCKRHCKAEDKEGICHGTKCKCGVPISYL,1
SKGAQGTAFIVELAYCGLIGMRNVPDDQAHPFLFAEGPRILFP,0
AEMMLKSHSGSLHFVVSAICLLDCKTGQINEKHSVSKVFFKKLSD,0
QGVRNFVTCRINRGFCVPIRCPGHRRQIGTCLGPRIKCCR,1
TDTNVIGECFDEWSRCHRQTRWWTKILFQSCENRCKCKVQLMGNCIKVPFKCFLWKQKRFMCECYGPISGTKPWYCGWEL,1
LFEVLNGEVEMLIPMIDHFIVKI,0
ERCFTQQEQQLCN,0
VQSSINYQFKNLQLLEQAFTRKSYSEEHPELQNNEVLEFYGDEILDFFVTKMMYKRFSRILNNELVSE,0
YEALVTSILGKLTGLWHNDSVDFMGHICYFRRRPKIRRFKLYHEGKFWCPGWAPFEGRSRTKSRSGSSREATKDFVRKALQNGLVTQQDASLWLN,1
