PMPVSQECFETLRGHERILSILRHQNLLKELQDLALQGAKERAHQQ,1
SYYHHHHHHLESTSLYKKAGFMENLYFQGMPVGIVIAPKKSPFTAKKPGPVLSGVKAGPG,1
NNFYSYNAFITAAKSFPGFGTTGDTAVRGPIQISYNYNYGPCGR,1
QSPLSQSSHEFTVVSPYLSCFGIEECLFYLYFKLYDLCVILLCTWFDLSE,1
MTEQKPKPSCHNVMVGNYVPTASDRAANRTLGFGLVTNIINGGLDC,1
HKKHKKHKK,1
HKKHKK,1
HKKHKKHKKHKKHKKHKK,1
HKKHKKHKKHKK,1
ADPTFGFTPLGLSEKANLQIMKAYD,1
PNPKVFFDMTIGGQSAGRIVMEEYA,1
DLIWKLLSKAQEGFGKNKSR,1
DLIWKLLSKAQEKFGKNGSR,1
DLIWKLLSAAQEKFGKNKSR,1
DLIWKLLSGAQEKFGKNKSR,1
MEKKSLAGLCFLFLVLFVAQEIVVTEA,1
DAIWNLLRQAQEKFGKDKSPK,1
DLIGKLLSKAQEKFGKNKSR,1
GGVWNLNVNPGTTGARVWARTK,1
MARSICFFAVAILALMLFAAYETEA,1
GLIWKLLSKAQEKFGKNKSR,1
LIWKLLSKAQEKFGKNKSR,1
DLIWKLLSKAQGKFGKNKSR,1
DLIWKLLSKAQEKFGK,1
TAGFGVFTNIINGGLECGK,1
LPSDATLVLDQTGKELDAR,1
KEDLIWKLLSKAQEKFGKNKSR,1
DLIWKLLSKAQEKFGGNKSR,1
EWEPVQNGGSSYYMVPRIWA,1
DGKEDLIWKLLSKAQEKFGKNKSR,1
MARSICFFAVAILALMLFAAYDAEA,1
RILSILRHQNLLKELQDLA,1
DLIWKLLSKAQEKFGANKSR,1
MAKSATIVTLFFAALVFFAALEAPMVVEA,1
ERILSILRHQNLLKE,1
RILSILRHQNLLKELQDLALQGAK,1
DLIWGLLSKAQEKFGKNKSR,1
DLIWKLLSKAQEAFGKNKSR,1
DGIWKLLSKAQEKFGKNKSR,1
WLNAKRHHGYKRKFH,1
ENCGRQAG,1
RDDFR,1
CMSTRGDQARKICE,1
GAPSITCVRRAF,1
RMKKLGNHKVSCERNTKRCRKAI,1
GRCRDDFRC,1
EAEKCFKWQRNMRKVRGPPVSCIKR,1
RKKWAW,1
KRHHGYKRKFHEKHHSHR,1
ALLHHGYKRKFH,1
AKRHHGYKRKFHAKRHHGYKRKFH,1
EVCEKASKTWSGNCGNTGHC,1
GRCRGFRRRC,1
DSHEKRHHGYKRKFHEKHHSHRGY,1
AKRHHGYHRKFH,1
YKRKFHEKHHSH,1
IAGAHKCKPCYGYKTNSCCNSPN,1
GRCRGFRRRCFCTTHC,1
AKRHHGYKR,1
CCNKGKNKGSH,1
AKRHHKYHRKFH,1
CPAIQRCCQQLRNIQPPCRCCQ,1
DSHAKRHHGYKR,1
GRCRDDFRCWCTKRC,1
EGRERDHELRHRRHHHQSPK,1
AKRHHGLNCAKFH,1
EATKCFEWQRKMRKVRGPPVSCIKR,1
KRHHGYKRKFH,1
RGARRR,1
KLGVALKRK,1
HHGYKRKFHEKH,1
RKKAFW,1
DSHAKRHHGYKRKF,1
NNCKHKKGSGC,1
RGFARR,1
AKRHHGYKRK,1
EATKCFQWQREMRKKRGPPVSCIKR,1
IATSPYYACNCPNNCKHKKGSGC,1
RRPPIRPPFYPPFRPP,1
RGFRRR,1
AKRYYGYKRKFY,1
ALGVPLKRK,1
RTCENLADKYRGPCFSGCDTHCTTKENAVSGRCRDDFQCWCTKRC,1
KTCENLSGTFKGPCIPDGNCNKHCRNNEHLLSGRCRDDFRCWCTNRC,1
AQKCGEQGRGAKCPNCLCCGRYGFCGSTPDYCGVGCQSQCRGCR,1
RECKTESNTFPGICITKPPCRKACISEKFTDGHCSKILRRCLCTKPC,1
KACPRNCDTDIAYMVCPSSGERIIRKVCTNCCAAQKGCKLFRSNGSIKCTGT,1
QQCGRQAGNRRCPNNLCCSQFGYCGRTNEYCCTGFGCQSNCRRCG,1
KTCKLFRGECPVDPCEPEKCDECCKATFGKQICGKCEQESTELHCHCRR,1
GSCGAPISKYDFQVLAKRPPPCRRPRLENTEDVTHTTRP,1
RICKSRSQKFKGPCVSEDNCANVCHTEGFPDGDCDGLLRRCYCNTHC,1
LDEPNMDTISKSREYKCKIDLDCSNHIACRHCSYRNCKCDHGTCKCMP,1
CIKNGNGCQPNGSQGNCCSGCHKQPGWVAGYCRRK,1
AEEMGKGEVTISLRCKTKTECLKNIACEACVDCRCDKGICKCHGFTAETNNPTV,1
LEYWGKCTKAENRCKYKNDKGKDVLQNCPKFDNKKCTKDGNSCKWDSASKALTCY,1
VDPDVRAYCKHQCMSTRGDQARKICESVCMRQD,1
KSCCRTTLGRNCYNLCRSRGAQKLCSTVCRCKLTSGLSCPKGFPK,1
RLCRVRGTRGHCFNDHGCDKVCTREGFVRGKCNGILRRCICDRQC,1
NEGLGKPKKQCNEILKQSNCVAAECDSMCVKKRGKGAGYCSPSKKCYCYYHCP,1
RTCESQSNTFPGICITKPPCRKACISEKFTDGHCSKILRRCLCTKPC,1
RTCQSQSHKFKGACFSDTNCDSVCRTENFPRGQCNQHHVERKCYCERDC,1
GSCGASIAEFNSSQILAKRAPPCRRPRLQNSEDVTHTTLP,1
RQLKSSRRGALVCVRLKLCSAILSRGLSCGMFSCNARR,1
RTCETSSNLFNGPCLSSSNCANVCHNEGFSDGDCRGFRRRCLCTRPC,1
RTCQSQSHKFKGACFSDTNCASVCRTENFPRGQCNQHHVERKCYCERDC,1
RECKTESNTFPGICITKPPCRKACISEKFTDGHCSLLRRCLCTKPC,1
NDEQLRGNRCFQIKFKTGKCVPKECQTACQEKLRKPKLKGEGFCMKECTCCFYT,1
SEIKPTGRVDNQCKEMCSATFGDGKCAADCRKAGFSSGRCLTSSPFGNKCCCT,1
CIANRNGCQPDGSQGNCCSGYCHKEPGWVAGYCR,1
RECKTESHRFKGPCITKPPCRKACISEKFTDGHCSKILRRCLCTKPC,1
RECKTESNTFPGICITKPPCRKACISEKFTDGHCRGFRRRCLCTKPC,1
QMNDCDCDHDHRCGEWEDESHGNCKQHHLRVVCTCTLDCLDISSTSNA,1
CIKNGNGCQPDGSQGNCCSRYCHKEPGWVAGYCR,1
RTCENLADKYRGPCFSGCDTHCTTKENAVSGRCRDDFRCWCTKRC,1
PVSRQQCSQRIQGERFNQCRSQMQDGQLQSCCQELQNVEEQCQC,1
QEMCRDLLMRAKNCDDSTCATLCKQKWKGNGSCFPNVYRKSCLCTFPCKT,1
RTCESQSHRFKGACLSDTNCASVCQTEGFPAGDCKGARRRCFCVKPC,1
RECKTESNTFPGICITKPPCRKACLTEGFTDGHCSKILRRCLCTKPC,1
KTCENLADTYKGPCFTTGSCDDHCKNKEHLRSGRCRDDFRCWCTKNC,1
QEMCRDILMKAKNCDEGTCDTLCKQKWKGNGSCFPNVYTYRKSCLCTFPCKT,1
DICQTDRDCVEIGIPRCKRTGKMPICYNGYCCCICSAKRLPASTTRKPPSPSTSKLV,1
RTCESQSHKFKGPCFSDSNCATVCRTENFPRGQCNQHHVERKCYCERSC,1
AFGCPFDQGTCHSHCRSIRRRGRRCASFAKRTCTCYQK,1
KICEALSGNFKGLCLSSRDCGNVCRREGFTDGSCIGFRLQCFCTKPCA,1
KKPPCLEGRTAYVSPGPCSNSLCTQDCRPAGYHTGKCKVEWSTPICKCYGCRKV,1
QTCASRCPRPCNAGLCCSIYGYCGSGAAYCGAGNCRCQCRG,1
CIKNGNGCQPNGSQGNCCSGYCHKQPGWVAGYCRRK,1
RMCKTPSAKFKGYCVSSTNCKNVCRTEGFPTGSCDFHITSRKCYCYKPCP,1
DRCSQQCQHHRDPDRKQQCMRECRRH,1
GTCKAECPTWEGICINKAPCVKCCKAQPEKFTDGHCSKILRRCLCTKPC,1
EGRERDHELRHRRHHHQSPKSHFELPHYPGLLAHQKPFIRKSYKCLHKRCR,1
LEYKGECFTKDNTCKYKIDGKTYLAKCPSAANTKCEKDGNKCTYDSYNRKVKCDFRH,1
ADDRCERMCQRYHDRREKKQCMKGCRYG,1
RTCENLADKYRGPCFSGCDTHCTTKENAVSGRCRGFRRRCWCTKRC,1
MLMACYSAGQLGCLVFCNEAEYSYGKCIGRGRCCCYDL,1
SEIKPTGRIDDQCKQMCSATYGDGKCASDCRKAGFSSGRCLTSSPFGNKCCCTK,1
TSSTLKESLTAEIKPTKVDRCKTDRDCPQSHRCQKDFYYGCVVGECICRAV,1
VDPDVRAYCKHQCLSTRGDQARKICESVCLRQD,1
QQQQQRCEEALTEIDCGAGNCNALCLQKRKGLGRCVQRTPCDKLKCMCYYPCSS,1
MVNGQCSFPQPVGPNGKCVPKDCKSLCHKKYKGGSICTTGKPNICMCLVCRRRSPEV,1
NVEQKSQDWCWSIVNKDRCLQKECESLCSKKHPKGKFMCIPSTPGGPFQCHCRHPCR,1
KPRGKRPQSNFHAKRIRTVLQTLLVMLCTDYRCDKGLCKCHGFGGEKENPTAAPLTA,1
SGCNFKGSCRTDDQCKRICRGHGLDPSFQLCVPYSSKGGKCCCLHYEGAPLSSEVI,1
KDKECLKGYIDAPLSYCMARIYPSLCYRNCRFYKGAKGGKCDGLKCFCDFCSDKPF,1
RQMQRPQNVECVGGECQPKHPQQYFGSCFRDSDCRNSCFPYCRYQKCHHHECICSLCSSEVAPSPK,1
TTAGRRDGKSGRTEWLYVAGECAKLPRCNKYCVSNGFHLGGFCEKLSPQASYLSCVCKYT,1
YQMLICLDLNISCADCQKQCDETSYGGMCLNGGRTCCCKKSPPPSYYDPRPPSS,1
MGAALKMTIFLLIVACAMIATTEAAVRIGPCDQVCPRIVPERHECCRAHGRSGYAYCSGGGMYCN,1
SGSSLCCNTHAKFGACNTYQDRKRCNKWCLDGCDNKKGGFCKRFAGGAKKCHCYC,1
MAKVSSAYLKFALVMILLLSVISAVMSAGCIKNGGRCNASAGPPYCCSSYCFQIAGQSYGVCKNR,1
RKTVWPSSELDPKCCSNQPEFGICDSKEDDERCAQMCLDGCPTNKGGGCQPITEAPGAVCSCYCA,1
FTIAEPYIHPCMKGFCSFKSECANKCIFMGHHKGGDCIGGLDGIYCCCLA,1
RMTTTTSPGFGIKQQDRQCFEHAPYLCRGGEGDCRMYCRDLDFSFGTCFSGVCCCQI,1
RTTTSGYGMLFDSVACEGGFEYCPRGGGNDKCTTFCRSLPNKYDFGVCDKIYACCCHINV,1
SPEKYYDCKQDGCITTPPCWRKCVSMGYPKGGECRIYSYGGVCCCDLTSKPPN,1
GLDPMAANLRVRKDIFIGGCGRDGNKTCMKDFVKKGGVMNKPISCECDNLGYEHLCRCNFS,1
SDSFPGLGLKKQAHKQCYSPDLCTGGDSKCDICCVLISGVYYGKCIQSKCHCLNKTK,1
QGSKCLKEYGGNVGFSYCAPRIFPSFCYRNCRKNKGAKGGRCRSGGAGAGSMICLCDYCSDKP,1
QVKPTGCQGGQRYRGKCGTNGTKTCVKDMMLPKLFKTKRCDCQDMLGTFKGWHFCTCYSGRPGC,1
MRMTQKVSCIEGRTLWARPPKFFYCSSTLCEDNCINTGAYRGGTCDMEDEVAICRCHRCKKII,1
RPDFCLEPPYTGPCKARMIRYFYNAKAGLCQPFVYGGCRAKRNNFKSSEDCMRTCGGA,1
QKHIAPWIFEDKSICCKEHPSVGRCLPGIDDDAEKDGKCWKFCIEGCETGGFCKLFEHKHICHCNCSG,1
QIITCLPGECTNPSECNAACKSNGYKGGACVSMSIGSTTGACCCKPNFKSQDSFKSNDIIINNN,1
RMTTASTPGYGIKQEDRLCIQGQEGTKLCSSGTSRDCLNFCLIRGYAGGSCYAYTLDQCCCRIPPPKLK,1
QFRCKSVAECDSRGCRVGTHVICNEHHICTCAHGSPIGGQCDGVEDCDLSGCPPNSHVICDRIGGNFCTCVPN,1
LSKYGGQCSLKHNTCTYLKGGRNVIVNCPWFWNKKRCKSDRHHCEYDEHHRRVDCQTPV,1
RQVCDYDKGECNSYEKSSTCIEPCKQLDSKFIGGRCIPVGGITGMGLCVCCRDVQRGAEKESM,1
SKNKSRSDLPLCGFREHCDGLWCPGEGGKYSCINWSCNFIEDCEKRIRCEKTGPCCFDGLCDCTNF,1
KRDPQQREYEDCRRRCEQQEPRQQHQCQLRCREQQRQHGRGGDMMNPQRGGSGRYEEGEEEQS,1
EAAGERRQWCPSKQQVFRGSCSDDGGQKCLNDLLWTWNPSVRLSPIYCDCTPKRHNKRLCDCPSMICL,1
KEDKECNDSKCLPNPSRINLEEGNIKRIDVNHGGICDTYLECGGLACSDYRRACCVNGKCVCRKQGQTLPDCPN,1
SDARIEGFSFDNCNIRCSEDYWNDECNKDCLRAGFQKGGQCGSPCIPCPVKCCCQK,1
LPSSVINGFGYDYCIVECSITFLDDACKPLCIDRGYSDGGCIGLSPHFKCCCKK,1
QKHTAPWIPEDNSICCKEHPSVGRCLPNIDDSAEKGGKCWKFCIEGCETGGFCKLFGHKHICHCNCSG,1
LISDKCTEGCKSTIGCNTRCMMRGGGYCESAKIHGAVKIFCCCNNYSNSPISSPVIN,1
KRHCSTIILPESPCVPQDCVEYCFEEYNGGGTCIASKTGRTTNCMCTYNCHGNNL,1
SRNKLSSYIPLCGSNTYCGGLWCPKKGGKYSCISMSCDIQEDCPKLVRCKNSPGPYCMEGFCTC,1
RKLTGVADVIVEGEAASPQYGIIDENDTLNKSPSCKRDIDCTFQCRRGGFCNLILQKCECL,1
KDDKFICVVEYGGDVGPTFCNPKFFPTLCRQNCRSFKGAKGGKCVKQPKHKHIKCFCDYCKDD,1
EDRSKLIPIGPCSKIANCNQTCIESQFLGGKCIKWYPDSIKETCACLVKPSITHV,1
NMGCTATMGPCEKDKSCSATCRATFGDRANGFCDYSTSTSPGGECTCVYHCPPVVPHESHL,1
QTMQCYSGIACTDDGTCNDYCNPRNNNLGGVCLRRANCCCCYVSVVKSQESSLSKDTNNVFITN,1
LSKYGGQCSLKHNTCTYLKGGRNVIVNCGSAANKRCKSDRHHCEYDEHHRRVDCQTPV,1
RRVCDSAAGLCSMLFSCNTQCNSLGRNFTGGECSDARFPGLSVCYCCHNVESSAEMESM,1
NMGCIQIIGRCIKIPDCSASCRKFLGPHASGYCDNDGAGGTCICTYPCQTKEIHM,1
MNWELCDDYPSKAPPETCNKVDGARRCRTSCNNEGYGGANCNLKGKVKVCECTILRVCLPHHKRPPHVPKPPK,1
RTQEHPCQDYRLGCKSRDVCNAKCLSLGYVKGGDCVTFAFPICCCKINFGFQDDSPISSPIFTD,1
REMAKEEVNCIGGHCPDGKKDCNCLPLIAPTMDIYETNESCRTDNECIKYCPKGCKIVDCNFGTCLCEYC,1
WGKCDLRKGLCRLADTISTCDVPCRAVDSKYHGGECLNVGGGQGICWCCRDYDAAKSGAEKESM,1
KDIDGRKPLLIGTCIEFPTEKCNKTCIESNFAGGKCVHIGQSLDFVCVCFPKYYI,1
YDRCIGPCLRFYGNHQCYKNCRKAKYDGGQCDFVKKGEKLPECCCYYNKN,1
EKLSMDPTRRPWCPSKKQMFGGNCGNDGDSLCLMLLAASWDESLRHSSISCNCTTYPNYKILCSCPNMICP,1
VEVIPCIAGSKCTNDMTYNELCRFKGFSKGGFCQKYVHQTIGRCCCHPTGLESQESSISGDTNVVITN,1
REMVKAEVNCIGGKCPEGKKNCNCMPPIAHVMDDIRPCNTDGDCYKFCPRECELGTCYCRCDYGCTCTC,1
RELAGVNEIFEIAARSSNNAGTARALQQAPPCKRDVDCSFECPKGGFCNDRLGTCDCF,1
MIYNVESGGSLCCNSHPKFGKCNTNNDEQRCNRWCHNGCGNGKGGYYKSMSHGGQCHYYC,1
RMSGDVTIQRGGSCNNDNTCHDTCPGCRITQCIFRQCVCTRCNTPRSSLRIESHM,1
LMDSMPQRHPVEGWCKRPLPNQKPGPCNNDRCSARCKEQKQFEFKGGKAMGICSSENRCLCTFRCR,1
MKLSILVKAMKRNNGFRYDYCIAECSEHFLDDVCKPVCIDKGYSDGGCIGLAPNFKCCCKK,1
MLLETDASRNKPSSYIPLCGSDNSCGGLWCPRKGGKYSCISMTCDIQEDCPKLVRCKDSPGPYCMEGFCTC,1
IDAGIKGFDTDHCDTRCYGRDECMNYCIKAGFPKGGQCGSLCIPCGFKCCCQK,1
DYKFHVCDPSFDEKDCDFECKEFGHPGGYCRPDRVQPRIRMCYCTDR,1
DVLVSSVIETSKNDVCFIPCTRRYGDWECYDDCLGKNFNDGGCVDGRCCCKK,1
HDSECLKEYGGDVGFGFCAPKIFPTICYRNCQKDKGANGGKCLWGEGGKVKCLCDFCSNESFNQFISLT,1
LCKRESETWSGRCVNDYQCRDHCINNDRGNDGYCAGGYPWYRSCFCFFSC,1
RECKTESNTFPGICITKPPCRKACISEKFSGGDCSKILRRCLCTKPC,1
QEMCHDLIKKTDCDDATCVTLCKQKWNGNGGGSCFQIVNLKSCLCAFPCQV,1
RSNGIYDPMCPGVCGNLVKPDCNGLCHELGFPAGGYCKPGNTCCCKKKDSGPVDVPPTA,1
QETCHDLIMKRDCDEATCVNMCQQKWKGSGGSCFQNFNVMSCICNFPCQV,1
YNVENGGSLCCNNHPKFGKCNTKNDDQRCNSWCLNGCDNGKGGYCKSMSHGGQCHCYC,1
MASNKISFSFVLCLYMCSLLDAKSMNPTGRRCPDPNGVEKKSMCYSSCKTQGFMGGSCQGHKGNYMCECYEG,1
KTNFDCVNLKCPTPFVTPKCVSGGCECPLKELLTLLSDTNYGVAACIDYCKAKGENAYTCILNHCYCRKPSM,1
LPMTHGGKPGYGIERTIIRPEWRCYVDEGCPKGQGAPCEKNCKNVADYGICIGIKCCCFDVIPVPPT,1
TAARENLHHQCFCESPSKCDCFPTTPTPPTSVNKSRKGGPLCTTDGDCKHFCRPKKGVCNIDFETCICQ,1
RTGYVSCKTNSDCVKLKCPTPFGGPKCISGSCECPFKELMTLPNDTNYGVAACIDYCKAKGEIVYACILNHCYSYKPPM,1
VADYCNRDADCKRVCLRPYACNLTRHLCMCHPNDVSSSKQHCIPEHKGFGEGGPPPQRLKLYR,1
SSVIETTKNDVCSTPCTRRYGTYECWHDCLHERYNDGGCVDGRCCCKK,1
EVLVAPVIETAQNDVCFVPCTSRYGHYECAFDCMHKRYKDGGCVHGRCCCKT,1
NRQCVQAMDCTNVCSHGGLCTKNGKCVCWSPNVVINSGPPCWSDEMCFSTCGGNGGYCNYDIGGCFCQ,1
YDRKCLKEYGGDVGFSYCAPRIFPTFCDQNCRKNKGAKGGVCRWEENNAIGVKCLCNFCSEEPSDQTLSRI,1
MFTLKKSLLLIVLLGIISLSLCEQERAADEDETNAEEERRDEKGPKWKR,1
DSHEKRHHGYRRKFHEKHHSHREFPFYGDYGSNYLYDN,1
MTKGDTKVMKCVLEVISDSLSKPSPMPVSPECLETLQGDERILSVLRHQNL,1
AQQHHGYKQQFH,1
ALQGAKERAHQQ,1
EQPGGDKVNLGYFTN,1
ATITFTNKCTRTVWPGG,1
KKAAHVGKHVGKAALTHYL,1
FLPIIASLLGKLL,1
AIGFDGLNDPDIVAR,1
GPLQLSWNYNYGAAGK,1
FIGMIPGLIGGLISAFK,1
SAIWFWMTPQSPK,1
KDLHTVVSAILQA,1
SIGFDGLNDPDIVAR,1
FLPIIASLLSKLL,1
WSPQEEDRIIEGGI,1
MYDESTGYSSALK,1
GILGKIWEGVKSLI,1
LQDLALQGAKERAHQQ,1
LDSLSFSYNNFEEDD,1
GKCEWQGGQLNCIAT,1
LLSKAQEKFGKNKSR,1
PPEAAYGPGNTNSDSGDK,1
SSSKEENRIIPGGI,1
LLFGKIISRLLGN,1
SRSELIVHQRLF,1
MKYLWVFIVFSIAVLSHACSA,1
QKIQEIDLQTYLQPQ,1
ALYNSEDLYEETSDSDD,1
EALYNSEDLYEETSDSDD,1
KYHSGPSDKSKVIS,1
WLPLIGRVLSGIL,1
RFWWF,1
FRLHF,1
FRLKFH,1
GDGTGPGPGP,1
RAKWFW,1
CKYKAR,1
CKYKAQ,1
CKYLLRWR,1
GPCFSGC,1
TGVAWRIT,1
GAKERAHQ,1
CKYKWR,1
KLGVPLKRA,1
RWQWRM,1
CKYRWR,1
CKYLLKWR,1
AKKWFW,1
VISIIPV,1
GPCASDHNC,1
GVCDMADLA,1
LCPLDVLQLSSELLDIDGNEVEASRILSDITAFGGIRCPLTVVQSRGIGTIISSPYRFIAEGHPLSLKDMDGWFRVSDDEFNNYK,1
MAKMSALSIFAIFIILVLVIFEIPEIEAHDSECLKEYGGDVGFGFCAPKIFPTICYRNCQKDKGANGGKCLWGEGGKVKCLCDFCSNESFNQFISLT,1
MREETVVYEQEESVSHGGGKHRILAELARVEQEVAFLEKELKEVENTDIVSTVCEELLSVIEKGPDPLLPLTNGPLNLGWDRWFEGPNGGEGCRC,1
AFVLDADNLIPKKITFGEGSQYGYVKVEGDALSDTLEKIDYETKLVSAPSSSTIIKTTSKYHTKGDVEIKEEHVKAGKEKAAHLFKLIEGYLKDHPSEYN,1
TINRTDCNENSYLEIHNNEGRDTLCFANAGTMPVAIYGVNWVESGNNVVTLQFQRNLSDPRLETITLQKWGSWNPGHIHEILSIRIY,1
RTCESQSHRFKGLCFSKSNCGSVCHTEGFNGGHCRGFRRRCFCTRHC,1
RECRSQSKQFVGLCVSDTNCASVCLTEHFPGGKCDGYRRCFCTKDC,1
RTCQSKSHHFKYMCTSNHNCAIVCRNEGFSGGRCHGFHRRCYCTRLC,1
DKLIGSCVWGAVNYTSNCNAECKRRGYKGGHCGSFLNINCWCET,1
DKLIGSCVWGAVNYTSNCNAECKRRGYKGGHCGSFLNVNCWCET,1
DKLIGSCVWGAVNYTSNCNAECKRRGYKGGHCGSFANVNCWCQT,1
NKLIGSCVWGAVNYTSNCNAECKRRGYKGGHCGSFANVNCWCET,1
RTCESQSHKFKGPCASDHNCASVCQTERFSGGRCRGFRRRCFCTTHC,1
RDCTSQSHKFVGLCLSDRNCASVCLTEYFTGGKCDHRRCVCTKGC,1
RVCESQSHGFHGLCNRDHNCALVCRNEGFSGGRCKRSRRCFCTRIC,1
RVCRRRSAGFKGLCMSDHNCAQVCLQEGWGGGNCDGVMRQCKCIRQC,1
KSMNPTGRRCPDPNGVEKKSMCYSSCKTQGFMGGSCQGHKGNYMCECYEG,1
DKLIGSCVWGAVNYTSNCRAECKRRGYKGGHCGSFANVNCWCET,1
NEMGGPLVVEARTCESQSHKFKGTCLSDTNCANVCHSERFSGGKCRGFRRRCFCTTHC,1
DTLIGSCVWGATNYTSDCNAECKRRGYKGGHCGSFLNVNCWCEE,1
RDCRSQSKTFVGLCVSDTNCASVCLTEHFPGGKCDGYRRCFCTKDC,1
RTCESKSHRFKGPCVSTHNCANVCHNEGFGGGKCRGFRRRCYCTRHC,1
RTCESQSHRFHGTCVRESNCASVCQTEGFIGGNCRAFRRRCFCTRNC,1
DKLIGSCVWGAVNYTSNCNAECKRRGYKGGHCGSFANVNCWCET,1
RTCESQSHRFKGTCVSASNCANVCHNEGFVGGNCRGFRRRCFCTRHC,1
DKLIGSCVWGAVNYTSRCNAECKRRGYKGGHCGSFANVNCWCET,1
RTCESQSHRFKGPCARDSNCATVCLTEGFSGGDCRGFRRRCFCTRPC,1
DKLIGSCVWGAVNYTRNCNAECKRRGYKGGHCGSFANVNCWCET,1
DKLIGSCVWGAVNYTSNCRAECKRRGYKGGHCGSFLNVNCWCET,1
DKLIGSCVWLAVNYTSNCNAECKRRGYKGGHCGSFANVNCWCET,1
DKLIGSCVWGAVNYTSNCNAECKRRGYKGGHCGSFANVNCWCER,1
KLCERSSGTWSGVCGNNNACKNQCIRLEGAQHGSCNYVFPAHKCICYFPC,1
QHAMCHEILPETDCGAGSCTALCLQLWRGTGKCVRTNDQKLICLCNFECIV,1
RECQSQSHRYKGACVHDTNCASVCQTEGFSGGKCVGFRGRCFCTKAC,1
RVCMGKSAGFKGLCMRDQNCAQVCLQEGWGGGNCDGVMRQCKCIRQCW,1
KLCERPSGTWSGVCGNNGACRNQCIRLERARHGSCNYVFPAHKCICYFPC,1
QKLCERSSGTWSGVCGNNNACKNQCINLEGARHGSCNYIFPYHRCICYFPC,1
NMGCMAVLGSCGVITDCSGECISRFGPQARGYCDRDGGSGTCVCVYPCPADKPHM,1
VKSGHYKGPCYHDENCNGVCRDEGYKSGHCSRWGGACWCDT,1
RETRMMEQTCPVFWPMVPCDANKCEQMCRDYYGSVPSYCNRIGTPIAECACSLTPC,1
YVRTCMIKKEGWGKCLIDTTCAHSCKNRGYIGGDCKTCYCLVNC,1
QPLGTMERCYDMLTWGECVPDNCAFSCALKRHGKGGCIKAYDNRPACVCYYTCLRS,1
HCDHFLGEAPVYPCKEKACKSVCKEHYHHACKGECEYHGREVHCHCYGDYH,1
RTCESPSNKFQGVCLNSQSCAKACPSEGFSGGRCSSLRCYCSKAC,1
KTCSDGWTCVGEDKCKVNCMAKHKGVGTCTLYIIPSFPAPITSYICDCMFDC,1
QKLCEKPSGTWSGVCGNSNACKNQCINLEGAKHGSCNYVFPAHKCICYFPC,1
RVCMKGSAGFKGLCMRDQNCAQVCLQEGWGGGNCDGVMRQCKCIRQC,1
QKLCERSSGTWSGVCGNNNACKNQCINLEGARHGSCNYIFPYHRCICY,1
QELCHDYMSGTELCEEDKCVAKCIWMHGTAAKGTCMPKPSKQCVCTYSCNA,1
IATSPYYACNCPNNCKHKKGSGCKYHSGPSDKSKVISGKCEWQGGQLNCIAT,1
EPQCIGSCEMLADCNTACIRMGYLFGQCVGWKTPDMCCCNH,1
QKLCQRPSGTWSGVCGNNNACKNQCIRLEKARHGSC,1
RVCMGKSQHHSFPCISDRLCSNECVKEEGGWTAGYCHLRYCRCQKAC,1
NCDTYLGEVTVYYPCRERDCEAQCYEHYPHSCKGECEHHDHVVHHDNEEEHCHCYGR,1
QTCFKGEAQEGVCVKVDGSKLCDLLCRATNTTWFGACEVEDNETHCHCYGPC,1
QHICHQILLNNNCDGATCTSLCDKQLQGTGQCYKTVDKRFICLCNYLCRT,1
NTCEHLADTYRGVCFTNASCDDHCKNKAHLISGTCHDWKCFCTQNC,1
NLCERASLTWTGNCGNTGHCDTQCRNWESAKHGACHKRGINWKCFCYFDC,1
QKLCERPSGTWSGVCGNNNACKNQCINLEKARHGSCNYVFPAHK,1
YCERSSGTWSGVCGNSGKCSNQCQRLEGAAHGSCNYVFPAHKCICYYPC,1
RLVCDTPAGTCTSSSTCNDQCNTWGGNYSGGECADSSFPGLSICYCCHYVGSSAEMESM,1
DERCTIIIHPGSPCDPSDCVQYCYAEYNGVGKCIASKPGRSANCMCTYNC,1
EQCGRQAGGKLCPNNLCCSQWGWCGSTDEYCSPDHNCQSNCKD,1
KSMVEVNAAHKWYIVEGLCSKFPDCNKHCKEQKFPGGTCLKLGVNMMCTCIYS,1
KLCERPSGTWSGVCGNNNACRNQCINLEKARHGSCNYVFPAHKCICYFPC,1
QNPRGRKCEDPNGVDQKAKCYIYCNEQGFLGGSCQGYTNHYMCECYVG,1
QILTGIKCPDPNGHDKEDKCNIYCLNQNYMGGSCQGYKNHYMCECYVG,1
GATIKKCVVDVKLSKPCTFQECQPLCLQKYNGNGLCPGDDNNICACVYNC,1
ARIQESTNDILKPITCNTNADCAKFCKGPIHNCVYHTCQCVPGNPHCC,1
QKLCERPSGTWSGVCGNSNACKNQCINLEKARHGSCNYVFPAHKCICYFPC,1
QKLCMRPSGTWSGVCGNNNACKNQCIRLEKARHGSCNYVFPAHKCICYFPC,1
QKLCQRPSRTWSGVCGNNNACKNQCIRLEKARHGSCNYVFPAHKCICYFPC,1
QNAICQKFLSETDCGAGSCTALCLQLWKGIGKCIKTDDHKLLCLCKYECIV,1
DTCHEYLYPEKCENNQCNSECATKFKEVGVFGFCVPPRSEPTEQFCICSYNC,1
QPLEEMVECKEVLWPEECKYDACAFACALKRHGKGGCLEGPDYRSACICQYACKRS,1
KSMAKAQGGWYLVEGLCSKFPDCNKHCKEQGFLGGQCLKLGVNMLCFCIHT,1
RDCESDSHKFHGACFSDTNCANVCQTEGFTAGKCVGVQRHCHCTKDC,1
QRLCEKPSGTWSGVCGNNGACRNQCIRLEKARHGSCNYVFPAHKCICYFPC,1
EQCGRQAGGKLCPNNLCCSQYGWCGSSDDYCSPSKNCQSNCKGGG,1
KTCSDGWTCLGPKEEDKCKENCMAKHKGVGTCNLYTIPEFPAPITYYMCDCMFDC,1
QKLCQRPSGTWSGVCGNNNACRNQCINLEKARHGSCNYVFPAHKCICYFPC,1
ACFTFLGECGPEPFTGSNADCLACCVALYKSPPVCAGRVEGVPAHCHCYKS,1
ENQKMVGEAKQCKTGWACFGEDACKEKCMAKYKGVGTVTYFPFPPETIIIYCECLYDC,1
EKLCERPSGTWSGVCGNNNACKNQCINLEKARHGSCNYVFPAHKCICYFPC,1
ACFKFLGECGAVPFPGTNADCTSCCVGNFGSAVCAGRVEVEGGVKHCHCYGTS,1
QKLCEKPSGTWSGVCGNSNACKNQCINLEGAKHGSCNYVFPAHKCICYVPC,1
RDCKSDSHKFHGACFSDTNCANVCQTEGFTRGKCDGIHCHCIKDC,1
QKLCARPSGTWSSGNCRNNNACRNFCIKLEKSRHGSCNIPFPSNKCICYFPC,1
QKLCQRPSGTWSGVCMNNNACKNQCIRLEKARHGSCNYVFPAHKCICYFPC,1
MAIKKFSSLLLPLLMVLALVVLPIISGRTQEHPCQDYRLGCKSRDVCNAKCLSLGYVKGGDCVTFAFPICCCKINFGFQDDSPISSPIFTD,1
MAGLKVFSFALLLILTFSLIDVEGYNVENGGSLCCNNHPKFGKCNTKNDDQRCNSWCLNGCDNGKGGYCKSMSHGGQCHCYC,1
MVASHRLLTLMVFALLTIPMISGLISDKCTEGCKSTIGCNTRCMMRGGGYCESAKIHGAVKIFCCCNNYSNSPISSPVIN,1
MKKPSQLSATILTIFVILAIGVMVKETLGQAPSTCFEALKDASKGASCDSELCASLCKKKSGGGVGTCRTKTTQPSKGQPECHCRFWCKSDGTPYK,1
MKKTFSFTVLILFVIPLLVTGLMDSMPQRHPVEGWCKRPLPNQKPGPCNNDRCSARCKEQKQFEFKGGKAMGICSSENRCLCTFRCR,1
MAMKSVSTLAVFAILFLVIVEMPEIKAQGSKCLKEYGGNVGFSYCAPRIFPSFCYRNCRKNKGAKGGRCRSGGAGAGSMICLCDYCSDKP,1
MKLSMRLISAVLIMFMIFVATGMGPVTVEARTCESQSHRFKGTCVSASNCANVCHNEGFVGGNCRGFRRRCFCTRHC,1
MHITSIAIVFFAAMGAVASPIATESDDLDARDVQLSKFGGECSLKHNTCTYLKGGKNHVVNCGSAANKKCKSDRHHCEYDEHHKRVDCQTPV,1
MQIKFLYLFLAVMTIFILGAKEADADCLSGRYGGPCAVWDNETCRRVCKEEGRSSGHCSPSLKCWCEGC,1
MEKVTSIFFVLLLISSCLILRSQGQFRCKSVAECDSRGCRVGTHVICNEHHICTCAHGSPIGGQCDGVEDCDLSGCPPNSHVICDRIGGNFCTCVPN,1
MGSTKTLVTCFLVIILAVSLPNNNVLASDARIEGFSFDNCNIRCSEDYWNDECNKDCLRAGFQKGGQCGSPCIPCPVKCCCQK,1
MAKAIVSIFVVFFIFFLVISDVPEIEAQGNECLKEYGGDVGFGFCAPRIFPTICYTRCRENKGAKGGRCRWGQGSNVKCLCDFCDDTPQ,1
MGRSIRLFATFFLIAMLFLSTEMGPMTSAEARTCESQSHRFHGTCVRESNCASVCQTEGFIGGNCRAFRRRCFCTRNC,1
MTKIGFYLATYATIYIILSPGLLATAARENLHHQCFCESPSKCDCFPTTPTPPTSVNKSRKGGPLCTTDGDCKHFCRPKKGVCNIDFETCICQ,1
MRSITWFIVFCVFMFIALNHVKGQVKPTGCQGGQRYRGKCGTNGTKTCVKDMMLPKLFKTKRCDCQDMLGTFKGWHFCTCYSGRPGC,1
MDVQRSSYIFIALSIIAMFLITGVKPEVRDICPGVCHAGIEPDCDTLCISMGFTGGYCQGLTCCCNPKSSKSSIINRPI,1
MAMAKKSVSSFTLIFILVLVIFEVPEIKAQDSECLKEYGGDVGFPFCAPRIFPTICYTRCRENKGAKGGRCIWGEGTNVKCLCDYCNDSPFDQILRGGI,1
MASLKVFSFALLIVLTFSVIGMIYNVESGGSLCCNSHPKFGKCNTNNDEQRCNRWCHNGCGNGKGGYYKSMSHGGQCHYYC,1
MTTTMKTFVAFVLTVFFIMSSAHCRTTTGGSPGYGIGGRTKTCFTPALCIYRGVHGCDSYCKTKNFDYGYCRQEHCCCVNY,1
MEKTVSRKVVVLAILLSLSCLCIAKASKGEEKTSGELRDVTPQRGGPCSYDNLCHNHCPGCKITQCVNGECVCLICYTPPL,1
MAKAPSPLVFPIIFLIIFALVEPNMGCIQIIGRCIKIPDCSASCRKFLGPHASGYCDNDGAGGTCICTYPCQTKEIHM,1
MKNASLKLPLLIFILVITSNLGAEARKLTGVADVIVEGEAASPQYGIIDENDTLNKSPSCKRDIDCTFQCRRGGFCNLILQKCECL,1
MAKISCSYFLVLMLVFSVFSLVEKTKGKRHCSTIILPESPCVPQDCVEYCFEEYNGGGTCIASKTGRTTNCMCTYNCHGNNL,1
MKSSIFFKLLLLVSLLVVIFRQSYAVADYCNRDADCKRVCLRPYACNLTRHLCMCHPNDVSSSKQHCIPEHKGFGEGGPPPQRLKLYR,1
MTYKATILAIFMIILVLGIGTKETRGQETCHDLIMKRDCDEATCVNMCQQKWKGSGGSCFQNFNVMSCICNFPCQV,1
MSKSLQLIVTVLCIFTILVLGEICLAKGQPLEEMVECKEVLWPEECKYDACAFACALKRHGKGGCLEGPDYRSACICQYACKRS,1
MASSKFVLFAILALSLLLSGTEARKTVWPSSELDPKCCSNQPEFGICDSKEDDERCAQMCLDGCPTNKGGGCQPITEAPGAVCSCYCA,1
MRYTTSFIGLCFLIFLLKNLVNGGLIRECDYTMEGYGPCGPNGRSLCLDTFWKTPPSPGLSKNLEGCRCEDRGKRPPIFTGLSHTCRCCWSYGGGSDD,1
MEKTSLKLIFLFSLTVIAFCSSLGDAREMVKAEVNCIGGKCPEGKKNCNCMPPIAHVMDDIRPCNTDGDCYKFCPRECELGTCYCRCDYGCTCTC,1
MKFVSVFLVLFIFFLVVLEAPEKIEAKDDKFICVVEYGGDVGPTFCNPKFFPTLCRQNCRSFKGAKGGKCVKQPKHKHIKCFCDYCKDD,1
MAKFCTTITLILVALVLFADFEAPTIVKAELCKRESETWSGRCVNDYQCRDHCINNDRGNDGYCAGGYPWYRSCFCFFSC,1
MKFAAIFLVTCVFFSLFSSNLSQGEKLSMDPTRRPWCPSKKQMFGGNCGNDGDSLCLMLLAASWDESLRHSSISCNCTTYPNYKILCSCPNMICP,1
MDVTKTYVTIFVVAILTISVLIQIQQYDRCIGPCLRFYGNHQCYKNCRKAKYDGGQCDFVKKGEKLPECCCYYNKN,1
MTSLIAFLFTVLVIVSSVHCRMTTASTPGYGIKQEDRLCIQGQEGTKLCSSGTSRDCLNFCLIRGYAGGSCYAYTLDQCCCRIPPPKLK,1
MEKKSLACLSFLLLVLFVAQEIVVSEANTCENLAGSYKGVCFGGCDRHCRTQEGAISGRCRDDFRCWCTKNC,1
MKSSMKMFAALLLVVMCLLANEMGGPLVVEARTCESQSHKFKGTCLSDTNCANVCHSERFSGGKCRGFRRRCFCTTHC,1
MANATSFIALAYLLASALMTTVVLGNRQCVQAMDCTNVCSHGGLCTKNGKCVCWSPNVVINSGPPCWSDEMCFSTCGGNGGYCNYDIGGCFCQ,1
MAITMRTLVAFVFTIFFIISFVHSRTTTSGYGMLFDSVACEGGFEYCPRGGGNDKCTTFCRSLPNKYDFGVCDKIYACCCHINV,1
MGSLRVSTVVIAVVACLSILLISPTEVDGRLVCDTPAGTCTSSSTCNDQCNTWGGNYSGGECADSSFPGLSICYCCHYVGSSAEMESM,1
MGSTKTLVTCFLTIILAVSLSNHNVLAIDAGIKGFDTDHCDTRCYGRDECMNYCIKAGFPKGGQCGSLCIPCGFKCCCQK,1
MTTKKTSSVVLPLLLVFALILMPMVAGQLKSTCRIAEAWKGAKECNAKCAALGTTRGGVCQKFLGDLYCCCWD,1
MQITSIAIVFFAAMGAVANPIARESDDLDARDVQLSKFGGECSLKHNTCTYLKGGKNHVVNCGSAANKKCKSDRHHCEYDEHHKRVDCQTPV,1
MAITKKNLIAFVFTILFVISYVHCRSTSDIVSGSGIKEDEHVCFKTSPCLPEVGGEKGCIAFCSRMKFTTGLCLGSVVCCCYT,1
MEPSNQIFFYLRRSKLLSGLGEIRMAKGQPLGTMERCYDMLTWGECVPDNCAFSCALKRHGKGGCIKAYDNRPACVCYYTCLRS,1
MTTKMVSSHRLLTLMVFALLLIPMISGQSSKCTKGCTSTPECNIKCMKKGGGHCQAYIGRSHGRLAIENYCCCNNYSNSPISSPVMN,1
MGSLRLSTVAIAVVVCLSILLISPTEVDGRQVCDYDKGECNSYEKSSTCIEPCKQLDSKFIGGRCIPVGGITGMGLCVCCRDVQRGAEKESM,1
MVSSRKCVFLVFLCMVVLLNPKSTKAKDIDGRKPLLIGTCIEFPTEKCNKTCIESNFAGGKCVHIGQSLDFVCVCFPKYYI,1
MKLAAIFLASSVLLSLLPIHLSQGEAAGERRQWCPSKQQVFRGSCSDDGGQKCLNDLLWTWNPSVRLSPIYCDCTPKRHNKRLCDCPSMICL,1
MENKFFAAFFLLLVLFSSQEIIGGEGRTCQSKSHHFKYMCTSNHNCAIVCRNEGFSGGRCHGFHRRCYCTRLC,1
MRSATLLLVSCVLLSFILGNVKEVEAVLKPMDQCGRKDIFLGGCGSNGSKTCINDFVKKGGVAAKPSSCECDDFGEEHLCRCYVPC,1
MKFVSLASLGFALVAALGAVATPVEADSLTAGGLDARDESAVLATYNGKCYKKDNICKYKAQSGKTAICKCYVKKCPRDGAKCEFDSYKGKCYC,1
ITCGLVASKLAPCIGYLQGAPGPSAACCGGIKSLNSAAASPADRKTACTCLKSAATSMKGINYGKAASLPRQCGVSIPYAISPNTNCNAIH,1
METKKISYFLLPSLMIVALIFQPMCSAFTIAEPYIHPCMKGFCSFKSECANKCIFMGHHKGGDCIGGLDGIYCCCLA,1
MAKAASTLVFPIIFLVMFALIEQNMGCMAVLGSCGVITDCSGSCKTKFGQDASGDCDRDGGQGTCMCGYPCPHDKLHM,1
ITCNDVTGNLTPCLPYLRSGGKPTPACCAGAKKLLGATRTQADRRTACKCAKTAAPQLKVRPDMASSLPGKCGISTSIPINPNVNCNTIP,1
MATQKFSYFLLVLLMVFALILPSIISVEVIPCIAGSKCTNDMTYNELCRFKGFSKGGFCQKYVHQTIGRCCCHPTGLESQESSISGDTNVVITN,1
MIKSFQLSFTVLIVFTVLILGVVGNVEQKSQDWCWSIVNKDRCLQKECESLCSKKHPKGKFMCIPSTPGGPFQCHCRHPCR,1
MAVKLIYLFLFLYIALLISGRTMSTTAGRRDGKSGRTEWLYVAGECAKLPRCNKYCVSNGFHLGGFCEKLSPQASYLSCVCKYT,1
MWGRQIVLKIFFLVLSCVIVIETERIDICFIPCTRRYGDYECWFDCTYNRYKEGGCVEDVVVKHNRNRPTFRAVELCFFSIKFMYDFSMK,1
MMNVSLKLSFLVFILVIMSNLGSEARELAGVNEIFEIAARSSNNAGTARALQQAPPCKRDVDCSFECPKGGFCNDRLGTCDCF,1
MKFSMRLISAVLFLVMIFVATGMGPVTVEARTCASQSQRFKGKCVSDTNCENVCHNEGFPGGDCRGFRRRCFCTRNC,1
MTQKATILAIFMVVLVLGLETKETQGQEMCHDLIKKTDCDDATCVTLCKQKWNGNGGGSCFQIVNLKSCLCAFPCQV,1
MSGQKYQLVSLLLIICLLFSQSTASGCNFKGSCRTDDQCKRICRGHGLDPSFQLCVPYSSKGGKCCCLHYEGAPLSSEVI,1
MVRTNVVSFVLFAAIVLCILYGQKHIAPWIFEDKSICCKEHPSVGRCLPGIDDDAEKDGKCWKFCIEGCETGGFCKLFEHKHICHCNCSG,1
MEMRKSCGFFFLLLLLVFASQVVVQTEGRVCESQSHGFHGLCNRDHNCALVCRNEGFSGGRCKRSRRCFCTRIC,1
KNKKVVIIPGPKGERPDIKVVEGPSTVEDDFCYDCVRRCMVKGVGFYFRSCKGFVCRCYYPFMGGYGP,1
MSSKIKFVALLIVVISLLLNNAQSTREILSAEICGWNDPAVHCKTKEDCFEKCGGRPAKKVFCVRPGDHSYDRLCCCRA,1
ERIDICFIPCTRRYGDYECWFDCTYNRYKEGGCVEDVVVKHNRNRPTFRAVELCFFSIKFMYDFSMK,1
MRFFATFFLLAMLVVATKMGPMRIAEARHCESLSHRFKGPCTRDSNCASVCETERFSGGNCHGFRRRCFCTKPC,1
MANNMVASPYKNTFMMIALVLILLISGSEARSNGIYDPMCPGVCGNLVKPDCNGLCHELGFPAGGYCKPGNTCCCKKKDSGPVDVPPTA,1
MASRATSLFIFFFLISCTFMLLETNASKNKSRSDLPLCGFREHCDGLWCPGEGGKYSCINWSCNFIEDCEKRIRCEKTGPCCFDGLCDCTNF,1
MGSLKLSTFAIVVCLSILLISPIEVNGWGKCDLRKGLCRLADTISTCDVPCRAVDSKYHGGECLNVGGGQGICWCCRDYDAAKSGAEKESM,1
MTISKKMLIVFVLTIFVVSFGHCSDSFPGLGLKKQAHKQCYSPDLCTGGDSKCDICCVLISGVYYGKCIQSKCHCLNKTK,1
MAGIANGVGLLISFMLICGGMPKGHALGTSPYCEKVLSRFAPPGNCLKKNGNALCKESCANEQFREGVCLHLPKPQSKLNCYCSVLKCP,1
MGPVNEANCKAAMEIVCRREFGHKEEEDASEGVTTGDPDCPFTKAIPREEYANKYGPTIGDKIRLGDTDLIAEIEKDFALYGDESVFGGGKVI,1
MAMTQVFVIFILLATSLCNSNALPSSVINGFGYDYCIVECSITFLDDACKPLCIDRGYSDGGCIGLSPHFKCCCKK,1
MIQIKFLCLFLAIMTIVVLDSNVAEARDCLSGTFKGPCWAWSGEKCRRLCIEEGRVSGHCSGGSKCWCEGC,1
MTSSSKCLFFVFLCLAALLTPYLAEAEDRSKLIPIGPCSKIANCNQTCIESQFLGGKCIKWYPDSIKETCACLVKPSITHV,1
AIPCGQVNSALASCVSYAKGSGASPPGACCSGVRRLAGLARSTADKQAACRCIKSAAGGLNPGKAASIPSKCGVSIPYSISASVDCSKIH,1
MRFTSMIFVLVVILINSLFNFNVLASSVIETTKNDVCSTPCTRRYGTYECWHDCLHERYNDGGCVDGRCCCKK,1
MAITKKILLPFVLTILFVISSVHCSDDTQGFGIKQEYKQCYTPDPCRKGGNDECERFCVAKSGLLYGKCINDGSKDVCCCLTK,1
LIYAKVECLTTGVRTYVGKQSWPELVGTKGKTAAATIDKENTHVTAVLCPPLTTLAACRTFDFRCDRVRVLINRIGGVVTKTPTVG,1
MNITKSYVVIFFLVMLTNSLSNSDILVSSVIETSKYDVCFIPCTRRYEDRECNDDCLAKDFNDGGCVDGRCCCKY,1
MTSRAKSLFIFFFLISCTFMLLETDASRNKLSSYIPLCGSNTYCGGLWCPKKGGKYSCISMSCDIQEDCPKLVRCKNSPGPYCMEGFCTC,1
MAKASSTLVLSIIFLVMFALVEQNMGCTATMGPCEKDKSCSATCRATFGDRANGFCDYSTSTSPGGECTCVYHCPPVVPHESHL,1
MKMNITKSYVILFLVVVMTNSLSNSEVLVAPVIETAQNDVCFVPCTSRYGHYECAFDCMHKRYKDGGCVHGRCCCKT,1
MAKTASSLVLPIIFLVMFALVEQNMGCMAVLGSCGVITDCSGECISRFGPQARGYCDRDGGSGTCVCVYPCPADKPHM,1
MKNSFRFSFTVITTFIICVLVSGAMVNGQCSFPQPVGPNGKCVPKDCKSLCHKKYKGGSICTTGKPNICMCLVCRRRSPEV,1
MKMAKAAATNDFGFITCLVIFLVLAGISNGMRMTQKVSCIEGRTLWARPPKFFYCSSTLCEDNCINTGAYRGGTCDMEDEVAICRCHRCKKII,1
MRSATFFLVSCVLMSFVLSHVKEVEAGLDPMAANLRVRKDIFIGGCGRDGNKTCMKDFVKKGGVMNKPISCECDNLGYEHLCRCNFS,1
MRYTTSFIVFCFYIFLFTNLVQGGLVRICNHRIEGYGTCGPNGRKICLDAFWKNQPSPGLSKNLEGCQCEDRRKRPQFKGLSHSCSCCWSYQGNSDE,1
MGSLRVSTFAVAVVVCLSILLMSPTDGRRVCDSAAGLCSMLFSCNTQCNSLGRNFTGGECSDARFPGLSVCYCCHNVESSAEMESM,1
MNITKRYVVIFFLVMLTKSLSNSDVLVSSVIETSKNDVCFIPCTRRYGDWECYDDCLGKNFNDGGCVDGRCCCKK,1
NTCIEGIGNCQQCDVRCKARHGPAAKGACDSKFQLCTCNYPCGQGPSPPQPKKCYGGAGICSDRCGAQCCNQNCAQKYNQGSGFCDSIGNTSLCKCQYNC,1
MVQMIFLFAILAVMTIVLMEANTVLARDCLSGTFGGPCWAWSGEKCRRLCIEEGHVSGHCSGAMKCWCEGC,1
MGFKNNLSLVSVMVFALILLPMISGQTMQCYSGIACTDDGTCNDYCNPRNNNLGGVCLRRANCCCCYVSVVKSQESSLSKDTNNVFITN,1
MSNLRLTIAVFLAALFQTLWWKPRGKRPQSNFHAKRIRTVLQTLLVMLCTDYRCDKGLCKCHGFGGEKENPTAAPLTA,1
MATNKFLSILLLSLMAFAAILLPMISGQIITCLPGECTNPSECNAACKSNGYKGGACVSMSIGSTTGACCCKPNFKSQDSFKSNDIIINNN,1
MEKIVFRKIVFVAFLLSLSCLLEGEARMSGDVTIQRGGSCNNDNTCHDTCPGCRITQCIFRQCVCTRCNTPRSSLRIESHM,1
MRSVIWFIVSYTLMLLVLRGGKEVEAEKLCTTIGDLDGKCSQDGEKLCMRYMTDQSKKKFLSCTCNNVVMLHKYKHYCECQSHCTPKQT,1
MDITKNIVTLLLVVLFPILFYYNNVLAFPASDQSIYARCIGPCPRYAVPHWCENECLSRKYMAGGECAFIEGEGPTPRCCCINL,1
MKLSVRFISAALLLFMVFIATGMGPVTVEARTCESKSHRFKGPCVSTHNCANVCHNEGFGGGKCRGFRRRCYCTRHC,1
MTKSTFLFVYIILILGSMVNEIQGQNAICQKFLSETDCGAGSCTALCLQLWKGIGKCIKTDDHKLLCLCKYECIV,1
MASHIICYIFCIIKLSCAHVCLMSFGSSYRVGVHITHEKVAACPRQNQRLYSCDSLRILYHYSCLTTRDLLYICDCSDFENIICLIRLLLNLDFVEVKLV,1
MKTIFFFITFIVLVSSCTSNIMTKSISQVKSQFFSPALSPNVDPADEHIGHSPDDMKIIFCQQCAFHCIEKKKNIGNCENSICRCTLEDIL,1
HVCLMSFGSSYRVGVHITHEKVAACPRQNQRLYSCDSLRILYHYSCLTTRDLLYICDCSDFENIICLIRLLLNLDFVEVKLV,1
MKTLFFFLTIAVLVSSCTSNIMTKSILEGKTQFSIPSLSSTIDPAYEHIGHFPDDMKIIFCQQCAFHCIEKKKNIPHCENSICRCTLENIL,1
MKYFTLFMISYIFISIFVFSHIHDVEARNRICRTSEKYYREFCGHAGNDDCLSKSTKKPKPFKCVCHDNRSQNITSINDRYNNCICTFYC,1
FFKKLFLRASNIMIKSISEGKSQFSGPALSPNIDPADEHIGHSPEDMKIIFCQQCAFHCIEKKKNIAHCENSICRCTLEDIL,1
MRPRSRAGDKFMSQGQELCHEYFQLTAPCEKQPCIDMCSSKYKTGKGVCGPAVHQCFCTFSCTV,1
AETTKFSYDHCFHLCVEGEYGSRECFVDCTQKGFWHGVCANKTTAKDPIHCCCYN,1
SDSTLGIGINQDWKKCFSPDPCKKAGTQGCMEFCRTISFLLFGECTSKPDQCCCVTK,1
DEGKRCHTTIDKGNFCDLVDCRLSCFSGYNGVGKCFDDPKVPGRSNCGCLYNC,1
MTQGKRKHPCDLKNPSKRAPPATCNKPNGAILCGDFCLHEGYNIGKCVMRRTGKACICSQCEGW,1
SDRTSGVGINQEYAKCYDLADCQKPKVDDAACERFCGAKSFLLYGKCDTATNKCCCKSKTK,1
QLIVPCKTSEQCKSIRCSNGSAQCVNKQCQCPSLKQIYSVTDVSCKTVSDCVASHQCPTGLSACIEGKCICLP,1
VEMGISVQALPPTCGPDCTGRFMNQDCSKYCAALSYKHGVCILFRGLPPRTSTLRCCCG,1
DASCLTTKECVVRCSDEDAQCIHGECHCPHLKVDIEPTKAIRCKTDLDCPDPHQCPKYDYYACLNNGECTCISV,1
RPSFKPIPLFGEKLTQCFDTRPCLQGMLKCIEFCSSMGTADGQCNNENLCCCTHE,1
DCKHPVGPYTDSCFTDCVSGKYGYNYESAFCSRDETGTCKICCCELINE,1
TDPVPTPPGLHIPCGKGFTSKECNKYCTGVGYRRGYCAPDEEYPQISSCYCKWRI,1
NLQQRRQMNQTWCSRPLLTHKQTGKCVIEDCESKCRQKWKGNGTQATCRNQCNCHFRCPWIQGQP,1
RQRDPQQQYEQCQKHCQRRETEPRHMQTCQQRCERRYEKEKRKQQKRYEEQQREDEEKYEERMKEEDN,1
EKLTTCSRFLSQKSGKCVKEDCDRMCKQKWPGKYTVGHCYGQFKDAKRCLCSVCGPDRQPP,1
GAPPQDCWNLVTFPAKCGIHGKKKCFKEMESKYQQRFLQCTCKNLKPEPKSPKDEHDCTCQRANPYECNS,1
MKKFGCNTTHPFPGKCGNNGKSSWVSDMKKLPSAPKNRDIRCECSDRPSLARGMPGERVCRCDYDC,1
QPQLCETKSLNYRGLCLKWRSCKRVCISEGFPDGRCKGFFNNKCVCRKPCALLSTEN,1
IDVHDAMCYRSECTSVCDQICLSHGYTNGWYCGTFRLHTGCCCLKKKELNQIISPSKN,1
EKLCTTIGDLDGKCSQDGEKLCMRYMTDQSKKKFLSCTCNNVVMLHKYKHYCECQSHCTPKQT,1
RNRICRTSEKYYREFCGHAGNDDCLSKSTKKPKPFKCVCHDNRSQNITSINDRYNNCICTFYC,1
MSLVYMYMYIGVVMSARIQESTNDILKPITCNTNADCAKFCKGPIHNCVYHTCQCVPGNPHCC,1
SDSALGIGIKEDWEVCFSIDPCLTGEGTLGCTKWCRNHINLSLVGYCRTDPEHCCCVAEK,1
NMGCNDYIVGDVCVHCRERCLRYYPVTRKAECYRNHCLCIGPCPDDRPHKRFQMLNSSKNVKAQILS,1
TRIMDASSDCEFKGPCHKKEDCYDSCGVNKPPFNNAICVPGRDSFQCCCILS,1
KVPCLSRMFNKNNTCSFLRCEANCARKYKGYGDCRPGDRPHDKKDSLFCFCNYPC,1
DQTDKYCTIIIDPRTPCDLVDCRLSCYTGYNGVGKCIASKASRTPNCVCTYNC,1
EKRPWCPTRKQIFDGSCNRTDYTQCFNDLRNTWDDIGDLCPTDCTCTPQPQNKRLCYCRYLPCPST,1
LPTTARSPGYEIGPQRRRRVTCFSFSFCKPARGLASCDLFCKRLKFESGLCTGDLEKCCCIDYIN,1
VRLTENMCFKDDDCINQGEWCPVLRVCSYAECICPWGTRSKLPSCQIICAHLDKKSVNSYNPCGCNYK,1
MCLVCIGVVMSARMQESKKGILLKPKTCNTNADCAKFCKGPIQNCLYHTCACVPGNPHCC,1
LEGESKVSGQVRDETPHTWYCKYDDNCRENCPGCTITKCNYGVCICSNCYHQQSDLGVESHM,1
NSVEKDVMDGPCRLRGTCNNDGDCDKHCHRSTDAAAMDGHCLFDKPTGPVCCCLFD,1
ANKRCHLNQMFTGKCGNDGNKACLGDFKNKRFRYDLCQCTDATQISPSLPPQRVCNCSRPC,1
SEIKAKINGLECFNTCTPYYDDYKCNVDCLSSGYPAGDCHIVSPSQPKKCCCY,1
DVLASSDIYICVTVIETTKNDVCSTPCTIRYGTFECFHDCILEHYRDGNCINGRCCCK,1
VVPSSFKRVEGPVTAASADFCYKCSRGCYRRYRRPVFCQGSICRCSSFIDDGY,1
KELKWCPSKDVFNGSCTDTGSPSYTCFLDLLGSKSASAMPKNCKCTPLPHNRRQCDCFVVCDSN,1
MFSQNICMWRDCFARCSPGYYERFECFHDCITKGYDDGNCVPGPKTGRCCCTR,1
NTGCFDYDVYQPCDHCRERCLKYYPVTRKAICRKNHCVCIGPCPNDKAIPNVKLFKNVKEQILS,1
SELDNTSGFEIKQEDKCYGPEPCKNGYEGCLFFCVRIAYYLYGECTMKPDHQKHCCCVTK,1
YCERVRSRSAPHDICKKKNGNAVCKEKCWTIEKYQNGRCLILPKTTKLDCYCYHFDQC,1
QKECIGPCDMFTDCQAACVGIRKGYNYGQCVAWKPKDDDPFTCCCYKLTP,1
KRCHLTIDKATACSLSDCRLSCYSGYNGVGKCFDDPKVAGPSNCGCIYNC,1
LYMCVSSTCVIQWCAIQCKRKEANGIGTCKPRPNQGKIQYRKLKEECHCVYKCS,1
ITVQADCIGPCNDDCQQLCKSKGYTDWTCASFRTKSSCCCKPPRHQIFEQNAQLNN,1
NMSVDQKRCWATLKENNCVHDECRSMCLKKNPKGHGRCIKSSKGRIICLCGYDCP,1
TEMMAVEGRICERRSKTWTGFCGNTRGCDSQCKRWERASHGACHAQFPGFACFCYFNC,1
FSPEDCLDDVGWILICTKPTCKFSCWTSRSVNKGRKMQDYWCSDSNTCHCVFCTGD,1
QAKKKRCPIGLHTYGKCGTDRAKFCFSEIESKLSFSKQVLNTISSCRCDDDRQGNKDLYWCQCDRREGRPCPAN,1
MSNGMPRTVPCIEGRILWNRTLPCSSILCGDHCVPHGYRAGTCDIVNDRAICKCSRCR,1
ESVIEPAKYGACLFLCDARRDDHACFYDCTNVAIYRTGHCVGNPPRCCCIRG,1
NVQQVKREQCHTVIPNKSGKCIFTECKSACEKLKKPVASLCLPPKTCRCYHFCS,1
KIVKRMQVGPSECVYRGRCRDSYECRSRCGPPEFSHETLGLCMFDYDDYEYFCCCTTNY,1
SDGTSGYGITEATKRCFTPAPCTRGLFYCQTFCSSLSAVLIGVCESGICCCILNQ,1
MIMGVSYHENRCHDWVDCAIWCKQWVPQPKCINRVCDCKPKSLPTNDEIPKSASSSSKN,1
FSVQIGISVQAAPPTCGRDCTEKFLTQDCDKYCVGLSYKKGVCILSEGLPPKTSTYRCCCS,1
FKIHEVPEPTGKWCGYSVPMKPCINDDRVKRCIAENTHGWLMATGMCTSIPSLKDCYCMHQCP,1
SIFIKYSDRTCHVYIKAENCEIDQCNWECGTKYKRVGVQGLCVPPGFDPIDQACLCSFNC,1
IVCNFEGHCVTSDDCINVCKSGEDPFLCVRSGPHKGMCCCLKTNGSVLE,1
KQRLCIKVLTNASHVSKGASTCDSKLCTSLCEKISPQGVSFCKPIATTGQSKKGNPVCNCRYWCRSDGTPHTT,1
LSNSDALASSVIETTKNDVCSTPCTIRYGTFECFQDCILDHFRDGNCINGRCCCKY,1
MIMGVHYHEYRCHDWVDCAIWCKQWVPQPKCINRVCDCKPKSLPTNEEVPQSAYSSNSNY,1
VSGPPKCIALCRPGYYERFECFHDCITEGYDDGSCVPGPTTAKCGIITKTTNKICYSFAFE,1
NFASGEASSQLCFNPCTPQLGNNECNTICMNKKYKEGSCVGFGIPPTSKYCCCKT,1
LGTSPYCEKVLSRFAPPGNCLKKNGNALCKESCANEQFREGVCLHLPKPQSKLNCYCSVLKCP,1
YDLFTGIGIDARTVPPTCYESCNATFQNPECNKMCVGLAYKDGSCIYPPPEVDGLPPKRPYFPRCCCNPIILSPPSP,1
DKRCSIIIDLSPCYPIECRLSCITERNGDGECVVSKVGSTPNCLCTYDC,1
KTKWGCDMNRPFPGKCGTNGKDTCISDIKKMPGAPKDLVVRCECSQRFVWKGYPPERLCKCQYDC,1
VRHNLAVGDVCATNEECRINCQCDAAYCDLSCNMCVYMLHVMDTIDANIPNQPCISEYQNCGKKTSSLQ,1
ENGIMIGEAKKCSNSWICEGDEKCKEKCMADYKGNGTCYYPSPPSKQHPEFFYPTCWCGFDC,1
NKKMVGEAKKCDQTWTCEGEDKCREKCLTLHNGVGVCDLYTAPLVPKQCFCHYDC,1
SCDFPLGACTPFRDCKESCIKFKTRAGQTFFDGKCRPRDRPSVWTACFCCYYDSIGAQ,1
RKKRRQRRRRKKRRQRRR,1
KRLFKKLLKFSLRKY,1
RRRFWWFRRR,1
RDWERREFERRQNELRREQEQRREELL,1
KWRRKLKKLRPKKKRKV,1
FKCKKVVISLRRY,1
KKFFRAWWAPRFLK,1
VNWKKLLGKLLKVVK,1
KNWKKILGKIIKVVK,1
KKFFRAWWARRFLK,1
FKLFKKILKVL,1
KWKLFKKLPLIGRVL,1
KWRRKLKKLR,1
VNWKKIILGKIIKVVK,1
WKLFKKILKKL,1
VNWRRILGRIIRVVR,1
VNFKKLLGKLLKVVK,1
RRRFWWFR,1
NSMERVEELRKKLQD,1
KRLFRRLLFSMKKY,1
RDWERREFERRQNELRREQEQRREEL,1
YGRKKRRQRRRD,1
YKLFKKILKVL,1
KNWKKILKKIIKVVK,1
AKRLLGYKRKFL,1
KRLFKKLKFSLRKY,1
LRRLLRRLLRRL,1
KRLFRRWQWRMKKY,1
VNWKKVLGKVVKVVK,1
MLRANVVVSLVIFAALMQCMNGKENITPWIYSMKQPVSCNREHSEIGICLSGIDDDIQNDGKCWKFCLMVAKSGGYNADK,1
MASNKVSFFLVLCLCVLSTAEFGEAQILTGIKCPDPNGHDKEDKCNIYCLNQNYMGGSCQGYKNHYMCECYVG,1
MASNKVSFFLVLCLCILLAGECIESPIFTGNKCSDPTGMDKDGKCLDYCHAQGYPGGSCIGFIDQGYMCVCKVG,1
MISTSLLLVVLLFAILAIVDAQWGYGGPYGGYGGGYGGGPWGYGGGWRRRHWGGYGGGPWGGYGGGPWGGYYGK,1
MASSSKCAFLVFLCMIVLLAPSEVHAKSMAKAQGGWYLVEGLCSKFPDCNKHCKEQGFLGGQCLKLGVNMLCFCIHT,1
DHHDGHLGGHQTGHQGGQQGGHLGGQQGGHLGGHQGGQPGGHLGGHQGGIGGTGGQQHGQHGPGTGAGHQGGYKTHGH,1
MKLSLRLISALLMSVMLLFATGMGPVEARTCESPSNKFQGVCLNSQSCAKACPSEGFSGGRCSSLRCYCSKAC,1
MTKAITLAIFMVVLVLGMVTKETQGEEKQCYDYLLTPQENCEGLICAHECTMQHGGNGVCVDTTSTVCICTYDCTS,1
MAKNLNTVSFTVLLLVLLMASTGILETEAACFKFLGECGAVPFPGTNADCTSCCVGNFGSAVCAGRVEVEGGVKHCHCYGTS,1
MASNKVSFIFILFLCVLSTAEFGEAQNPRGRKCEDPNGVDQKAKCYIYCNEQGFLGGSCQGYTNHYMCECYVG,1
MAKVSSSLLKFAIVLILVLSMSAIISAKCIKNGKGCREDQGPPFCFTCSGFCYRQVGWARGYCKNR,1
VLINGSSDEERTYSFSPRASPFDPRSLNQELKIGRIGYCFDCARACMRRGKYIRTCSFERKLCRYSISDIK,1
MKGIAMLLVSCLLFSFLSTNLAKELKWCPSKDVFNGSCTDTGSPSYTCFLDLLGSKSASAMPKNCKCTPLPHNRRQCDCFVVCDSN,1
MAKISCSYLLILMLALSVFSVVEKAKGDKRCSIIIDLSPCYPIECRLSCITERNGDGECVVSKVGSTPNCLCTYDC,1
MHSKLRVVYVLLILFILFIRHATTTYCEKVRSKTAPRDVCKKSNGNALCKKTCWTIEKYVNGKCLILPKTTNLDCYCYHYDNGSACRA,1
MSTKLFSYFMLLVVLFSVLTIIPKTEAQKRCRQELEPGKQCVLAKCRELCFKQLKGFGSCIEKPPGSSKYTCNCFYNCGPPGFF,1
NIMTKSISQVKSQFFSPALSPNVDPADEHIGHSPDDMKIIFCQQCAFHCIEKKKNIGNCENSICRCTLEDIL,1
MAASKTTIFIVFVLCLSCTLLVNISGIQATSSTLKESLTAEIKPTKVDRCKTDRDCPQSHRCQKDFYYGCVVGECICRAV,1
MKSFLVAFLIVLVFFCVEMKIGNGFKIHEVPEPTGKWCGYSVPMKPCINDDRVKRCIAENTHGWLMATGMCTSIPSLKDCYCMHQCP,1
MRYTTSFIVFCFLIFLQTNLVKGRTIRICDRKVEGNGTCGPNSNNICLDEFWKNPPSPRLAKSLEGCTCEPRGKRPKFKGLSHVCWCCWSYNSSNPAG,1
MTTTKTMLVAFVLTLFFVISSVHCSDGTSGYGITEATKRCFTPAPCTRGLFYCQTFCSSLSAVLIGVCESGICCCILNQ,1
MAKLSCSYFFILMLVFSALLMVECDEGKRCHTTIDKGNFCDLVDCRLSCFSGYNGVGKCFDDPKVPGRSNCGCLYNC,1
MKSSTTSMQLIPTLFFLTILLASPEMVEGQQMCEAKSLDWKGMCLKWRNCRQVCISEGFTDGRCKGFTRKCICSKPCFVLPN,1
TVKSYSEEKTHSFDLTANPPIDLNIVDELPRDEHLGVSHADNVIGFCQECAHHCLQRKRVLGECRWFTCHCSRITIGVGL,1
MTIKKFLPLLLSSLMVYSLILLPIISGKSPVSCDGACTSTPQCNKICTSKGYKKGICHGSAHLFYICCCYAKFESQYDPSISSPPNY,1
MAKPCAAFLVFLCLSMLILSIPDISCQMNDCDCDHDHRCGEWEDESHGNCKQHHLRVVCTCTLDCLDISSTSNA,1
MTFFLVIILAISSSNYNVLAVSGPPKCIALCRPGYYERFECFHDCITEGYDDGSCVPGPTTAKCGIITKTTNKICYSFAFE,1
MEKKSLAALSFLLLLVLFVAQEIVVTEANTCEHLADTYRGVCFTNASCDDHCKNKAHLISGTCHDWKCFCTQNC,1
ELVLPCKTTYDCVNLPCLGRPPLCINGQCKCTTTLTHQAKLDNLRTMNDAKTCKYTSDCDPRMRYSCVSGSYICLNGFCTCT,1
MRNLINFAVLIMTIFIVSASGARETRMMEQTCPVFWPMVPCDANKCEQMCRDYYGSVPSYCNRIGTPIAECACSLTPC,1
MDFTKKILVVFAFTIMLGISSVHCRPSFKPIPLFGEKLTQCFDTRPCLQGMLKCIEFCSSMGTADGQCNNENLCCCTHE,1
MSAQKIYLASLLLFICLVFPQSTAIVCNFEGHCVTSDDCINVCKSGEDPFLCVRSGPHKGMCCCLKTNGSVLE,1
ILINESSDEQRIYSFSPTTSPFDPRSLNQELKIGRIGYCFDCARACMRRGKYIRTCSFERKLCRCSISDIK,1
ILINESSDEQRIYSFSPTTSPFDPRSLNQELKIGRIGYCFDCARACMRRGKYIRTCSFERKLCRCSISGIK,1
QGKKKPPCPLGLSANGKCGHDGPKLCFSEMERKFNKDVVKTITHCKCWDDRRNNVDKHRCTCYLKHGFPCTNG,1
HNFLPCVITNDCEYHHCSSGTVLCVNRQCHCSRSSTHQTKLDNLKKMDYAKKCKWTKDCDPRMRFTCVSGSYMCFDGLCTCTN,1
ILINESSDEERTYSFSPTTSPFDPRSLNQELKIGRIGYCFDCARACMRRGKYIRTCSFERKLCRCSISGIK,1
MAKLSCSYLLVFMLVFSAILMVEKVEGEECRLTIDKATPCHLSDCRLSCYTGYNGVGECFDDPNVPGPDNCGCRYNC,1
MNNLRVIMSVLLAVLVFTATVSESAEEMGKGEVTISLRCKTKTECLKNIACEACVDCRCDKGICKCHGFTAETNNPTV,1
MAKNLNSVSFIVLLLVLLVASTEILKSDAACFTFLGECGPEPFTGSNADCLACCVALYKSPPVCAGRVEGVPAHCHCYKS,1
MMKNQFQLSLIILTFFILLELGVMGNVQQVKREQCHTVIPNKSGKCIFTECKSACEKLKKPVASLCLPPKTCRCYHFCS,1
MMKKLIQLSFTVMIIFTILVLGVVANEGLGKPKKQCNEILKQSNCVAAECDSMCVKKRGKGAGYCSPSKKCYCYYHCP,1
IITKTMNSKETIYLDNPAVSPSIDQNLVDIHLGHSFVQGVMSFCYDCGKACFRRGKNLARCQKFVCRCTISKLR,1
RECKTESNTFPGICITKPPCRKACISEKFTDGHCSKLLRRCLCTKPCVFDEKMIKTGAETLVEEAKTLAAALLEEEIMDN,1
ILIKESSEEERIYPFNPVASPFDPRSLNQILKIGKIGYCFDCARACMRRDRYIRTCSFERKLCRCSYSHIHHTHG,1
MEVRSLNLCFLLVLVLLMSPAPTAVAFSPEDCLDDVGWILICTKPTCKFSCWTSRSVNKGRKMQDYWCSDSNTCHCVFCTGD,1
MGFTKIVVTFFLVVMLAVSSSSQNAMASEIKAKINGLECFNTCTPYYDDYKCNVDCLSSGYPAGDCHIVSPSQPKKCCCY,1
TLINGSSDEERTYSFSPTTSPFDPRSLNQELKIGRIGYCFDCARACMRRGKYIRTCSFERKLCRCSISDIK,1
HVREVKSVETKAKRVKKVCEKAQVFEQNCGWDGNKTCIRGFNKIKEYPFHCECGIYDAPNSRRICKCKFPYSPC,1
MESKRSSSSPLLILITTIMIIFIISGPKSVDADCKHPVGPYTDSCFTDCVSGKYGYNYESAFCSRDETGTCKICCCELINE,1
MAKLSCSYFLVLILVFSAFLMVERAEGKRCHLTIDKATACSLSDCRLSCYSGYNGVGKCFDDPKVAGPSNCGCIYNC,1
MGITKTSVTFLFLLILAAFVSNYNVLASEIKPTGRIDDQCKQMCSATYGDGKCASDCRKAGFSSGRCLTSSPFGNKCCCTK,1
MKNSSIILVLVFFFFISSSGEAKTCSDGWTCVGEDKCKVNCMAKHKGVGTCTLYIIPSFPAPITSYICDCMFDC,1
MMQIKFLFTFLALLMMVILGAKEADADCLSGRYRGPCAVWDNETCRRVCREEGRGRVSGHCSARLQCWCEGC,1
IVMKSSNSKERTYPVTPALNPLTGQHSLRQRQLIFCDECANACFRRKKPVRSCQRFICRCAIRDVGY,1
MAKATSSLVVPIIFLVIFALVEQNTGCFDYDVYQPCDHCRERCLKYYPVTRKAICRKNHCVCIGPCPDDKAIPDVKLFKNVKEQILS,1
MEIKFLIVLSAVLMIIFLGAEESHADCLSGRYRGSCAVWHRKKCVDICQREGRTSGHCSPSLKCWCEGC,1
MAKLIYSYLFISMFVLSVLLALPNAEGADIKRCVVDVKLSKPCTFQECIPLCFQRYNGNGVCTGKKNEICTCAYNC,1
MAKATSSLVVPIIFLVIFALVEQNMGCNDYIVGDVCVHCRERCLRYYPVTRKAECYRNHCLCIGPCPDDRPHKRFQMLNSSKNVKAQILS,1
MRCVTSFVVLCILMFLVVNNVKVDVKAQRRKPVCKLTGVLNPGKCPTAIHDASNLCSRKLASPNMTFKRCDCQNTEWRGKDHYQCTCYIKLPCNQ,1
MAKIKSLDVITVAIILLLVIADQATAITVQADCIGPCNDDCQQLCKSKGYTDWTCASFRTKSSCCCKPPRHQIFEQNAQLNN,1
KSTCKAESNTFPGLCITKPPCRKACLSEKFTDGKCSKILRRCICYKPCVFDGKMIQTGAENLAEEAETLAAALLEEEMMDN,1
MKMAKSANEIGFITCLVVFLVLTGQSNGMSNGMPRTVPCIEGRILWNRTLPCSSILCGDHCVPHGYRAGTCDIVNDRAICKCSRCR,1
MGSSKLLVALTLVVMITISYDLFSEIGISAATLVIPTCFENCNATFQDPECNKWCALLAYKDGSCLYPPSEVDDLPPIKRPYIPRCCCNPITLSPPSP,1
MGIKTLIIFFHIFILAVLSSNNIILTSGAEIKKFSYDHCFHLCVAGEYGSNECFVDCAQKGFWHGDCANRTEKDPIRCCCYN,1
MAKISYSYFLVLMLVVSVFSVVEKAKGDGSCTIIIDPKAPSCDIIQCRLSCITDYNGLAECIASRIGSPPNCVCTYDC,1
MGSSRLMITFIVVAMLAISSDLFSVQIGISVQAAPPTCGRDCTEKFLTQDCDKYCVGLSYKKGVCILSEGLPPKTSTYRCCCS,1
MKILAFFIFVLLIFSCSSSMIMGVHYHEYRCHDWVDCAIWCKQWVPQPKCINRVCDCKPKSLPTNEEVPQSAYSSNSNY,1
MEKMVLRKVVLLAILLSLSCLWVAKALEGESKVSGQVRDETPHTWYCKYDDNCRENCPGCTITKCNYGVCICSNCYHQQSDLGVESHM,1
MKCGVLFMISCLLITFLVLSHVREVESKTKWGCDMNRPFPGKCGTNGKDTCISDIKKMPGAPKDLVVRCECSQRFVWKGYPPERLCKCQYDC,1
MGKTISFSAIILVFLLVSTGLMKQGDAQAQKCEWECKLLPNFPCWLKGAGEGLCDNLCKYEGAISGVCVSDPHRCLCRNRKPGCS,1
MAKSVNATGFITYMVIFLILTGISRVKAKKPPCLEGRTAYVSPGPCSNSLCTQDCRPAGYHTGKCKVEWSTPICKCYGCRKV,1
MAGFSKVVATIFLMMLLVFATDMMAEAKICEALSGNFKGLCLSSRDCGNVCRREGFTDGSCIGFRLQCFCTKPCA,1
MERGMRLFSSLVLVLLLVTATEMGPKVAEARTCESQSHRFKGACLSDTNCASVCQTEGFPAGDCKGARRRCFCVKPC,1
MAKTQNFVCFTAVLLILILVSTEIPMIEGKTCKLFRGECPVDPCEPEKCDECCKATFGKQICGKCEQESTELHCHCRR,1
IHVEQAGVCEFTGEFPGKCGNNGRKMCVEAMNKKNKGSPGENKKNLRCECFDNPVVILGRPKRICRCRNNC,1
MAKLIVNFSALLMIILLVSNGLPKAVAQTCFKGEAQEGVCVKVDGSKLCDLLCRATNTTWFGACEVEDNETHCHCYGPC,1
MKNSSLLFILIVVFVISSSENGIMIGEAKKCSNSWICEGDEKCKEKCMADYKGNGTCYYPSPPSKQHPEFFYPTCWCGFDC,1
KTVAGFCIFFLVLFLAQEGVVKTEAKLCNHLADTYRGPCFTNASCDDHCKNKEHFVSGTCMKMACWCAHNC,1
GLVRICNHRIEGYGTCGPNGRKICLDAFWKNQPSPGLSKNLEGCQCEDRRKRPQFKGLSHSCSCCWSYQGNSDE,1
MRCTTLIMVSFVVSCLLLSLVEESEAGAPPVECWSEILFSGKCGFHGKKKCYKEMESKLKQRVLKCRCEDVKKDSNTSKDEHYCGCQRENPYECN,1
MVQIKFLFVFLAVMTIVVLAANMADADCLSGKYKGPCAVWDNEMCRRICKEEGHISGHCSPSLKCWCEGC,1
MKVSPRLNSALLLLFMILATVMGLVTVEARTCETSSNLFNGPCLSSSNCANVCHNEGFSDGDCRGFRRRCLCTRPC,1
QSCNNDSDCTNLKCATKNIKCEQNKCQCLDERYIRAISLNTRSPRCNVQSCIDHCKAIGEVIYVCFTYHCYCRKPPM,1
MRHATSPIVFCFLIFLVMNHVKGQAKKKRCPIGLHTYGKCGTDRAKFCFSEIESKLSFSKQVLNTISSCRCDDDRQGNKDLYWCQCDRREGRPCPAN,1
MMSSKSHFVALLLIIFLIVNVQSTRIMDDSSDCVFKGPCQRRSDCYERCGLKPPSRAALCQPMGLQGRVCCCL,1
MKKSFLFTFTVLTIFTILVIGVAPEKLTTCSRFLSQKSGKCVKEDCDRMCKQKWPGKYTVGHCYGQFKDAKRCLCSVCGPDRQPP,1
EESRMNINAERRPWCPSKIQMFDTNCEVDGAKQCLDLLISTWDPSVRLTRVSCICSDFPYRNMMCSCPNMICP,1
MKITILFLTLLVLSSSCTSIITKTMNSKETIYLDNPAVSPSIDQNLVDIHLGHSFVQGVMSFCYDCGKACFRRGKNLARCQKFVCRCTISKLR,1
MANISWSHFLILMLVFSVVKKGKGDQTDKYCTIIIDPRTPCDLVDCRLSCYTGYNGVGKCIASKASRTPNCVCTYNC,1
NIMTKSILEGKTQFSIPSLSSTIDPAYEHIGHFPDDMKIIFCQQCAFHCIEKKKNIPHCENSICRCTLENIL,1
MKNSSILLLLVVFFVISSSGEAKTCSDGWTCLGPKEEDKCKENCMAKHKGVGTCNLYTIPEFPAPITYYMCDCMFDC,1
MKLAAIFLVSCVLLSLLPSLTIAEKRPWCPTRKQIFDGSCNRTDYTQCFNDLRNTWDDIGDLCPTDCTCTPQPQNKRLCYCRYLPCPST,1
MRSISFKLLLLVSLLVVVSRYTLAYEDSCSTDEECRRNCLCDVAYCDKSRDKCDYGFMNRVDVRFPKHPYISKNKDGSGR,1
MIIVIIFLVIYFNNQLYMCVSSTCVIQWCAIQCKRKEANGIGTCKPRPNQGKIQYRKLKEECHCVYKCS,1
MVLLASCVIHAHIISGEIEDVSNTRSPTMMGANRKIIGDNKNLLCYLKALEYCCERTKQCYDDIKKCLEHCHS,1
MEKAALIFIGLLLFSTCTQILAQSCNNDSDCTNLKCATKNIKCEQNKCQCLDERYIRAISLNTRSPRCNVQSCIDHCKAIGEVIYVCFTYHCYCRKPPM,1
MAKATSSLVVPIIFLVIFALVEQNTGCFDYDVYQPCDHCRERCLKYYPVTRKAICRKNHCVCIGPCPNDKAIPNVKLFKNVKEQILS,1
MAKLLCSYLFICMFVLSGFLVFSSAKQLKTCTSVIKLGHPCDIESCLNECFRVYNTGFATCRGDKYSQLCTCEYNC,1
MRCVTSFVVFCILMFFVLNIFTVEVKAQRLVPLCKTIGYENPGKCPADGNKFCRRKLDDRYVKYKRCDCQDTKGRKQNHHRCICYMKLPCNQ,1
MKKYFQPSFVILIIFTVLVLGVVGNMSVDQKRCWATLKENNCVHDECRSMCLKKNPKGHGRCIKSSKGRIICLCGYDCP,1
MNYKIGIMSLLVITSIIFLFLVPDKVEAQKECIGPCDMFTDCQAACVGIRKGYNYGQCVAWKPKDDDPFTCCCYKLTP,1
MKSTIFVLTLLIFVSLYFNIIVYVSFSFIGTSEIVVPSSFKRVEGPVTAASADFCYKCSRGCYRRYRRPVFCQGSICRCSSFIDDGY,1
AVSCGDVTSSIAPCLSYVMGRESSPSSSCCSGVRTLNGKASSSADRRTACSCLKNMASSFRNLNMGNAASIPSKCGVSVAFPISTSVDCSKIN,1
MGITKSLMIFFHIVLLAVSLSNNIILTSGAETTKFSYDHCFHLCVEGEYGSRECFVDCTQKGFWHGVCANKTTAKDPIHCCCYN,1
MAITKKCFAAFVLILLFVMPFVYCSELDNTSGFEIKQEDKCYGPEPCKNGYEGCLFFCVRIAYYLYGECTMKPDHQKHCCCVTK,1
MKKIFQLSFTVFIIFISLVLGVVGNVQQKRSNRCIDFPVNPKTGLCVLKDCESVCKKTSKGLEGICWKFNAKGKDPKQCKCCGLWPPLY,1
MVLNNKTALWFMTLVLLLLSSREMVPGAEARLCRVRGTRGHCFNDHGCDKVCTREGFVRGKCNGILRRCICDRQC,1
MSKTFQPSIVMLTIFLILVTSQRRKCDEKIVLQFCNGRNRCYEYCDTKECVAACKKKRNGEGICNGDVFSVSAQCLCLYKC,1
MAGKGVGTPLSALFLLVLLVVTIGMMEVQVAEGRMCKTPSAKFKGYCVSSTNCKNVCRTEGFPTGSCDFHITSRKCYCYKPCP,1
YDLFSEIGISAATLVIPTCFENCNATFQDPECNKWCALLAYKDGSCLYPPSEVDDLPPIKRPYIPRCCCNPITLSPPSP,1
IITKTMNSKETTYLDSPAVSPSIDQYLVDIHLGHSFLQGVMSFCYDCGKACFRRGKNLARCKKFVCRCTKSGIK,1
MKRSFLLLLTILTIFIILGQGVMGNDEQLRGNRCFQIKFKTGKCVPKECQTACQEKLRKPKLKGEGFCMKECTCCFYT,1
MSKSTILAIFMIVLVLGKVTKETQGQEMCRDILMKAKNCDEGTCDTLCKQKWKGNGSCFPNVYTYRKSCLCTFPCKT,1
MAKNRVLTIFYCTIYYCICFKYVLLGMVVEKTQGHICHDYLEGDHCDPKDCNLDCRDKWKGTGTCEPPTGTPLTRTCYCTYDC,1
MHNISFKLLLLCDLFLSSSSVRHNLAVGDVCATNEECRINCQCDAAYCDLSCNMCVYMLHVMDTIDANIPNQPCISEYQNCGKKTSSLQ,1
MAGKGVGSRLSTLFLLVLLVITIGMMQVQVAEGRMCKTPSGKFKGYCVNNTNCKNVCRTEGFPTGSCDFHVAGRKCYCYKPCP,1
MKSSMQLISTLFFLVILVVAPGMKMVVEGQPQLCETKSLNYRGLCLKWRSCKRVCISEGFPDGRCKGFFNNKCVCRKPCALLSTEN,1
MTSMKLHIVALCIIVSFLVNVQSTRIMDASSDCEFKGPCHKKEDCYDSCGVNKPPFNNAICVPGRDSFQCCCILS,1
MSKTTVIAIFMVVLVLGLVTKETQGQELCHDYMSGTELCEEDKCVAKCIWMHGTAAKGTCMPKPSKQCVCTYSCNA,1
MTKSIISAFFIILILGMMVNEIEGQQQQQRCEEALTEIDCGAGNCNALCLQKRKGLGRCVQRTPCDKLKCMCYYPCSS,1
IPRGWQEPCFCPSKNPYCDCGDDLQVPTTSVISPKPIIEQCARCERNSQCNKVCPATCKYKVCIFNRTCEFSTCHCYRC,1
MEKKSIAGLCFLFLVLFVAQEVVVQSEAKTCENLVDTYRGPCFTTGSCDDHCKNKEHLLSGRCRDDVRCWCTRNC,1
MASTKYLVLLFICLSVLLTPGLGTDPVPTPPGLHIPCGKGFTSKECNKYCTGVGYRRGYCAPDEEYPQISSCYCKWRI,1
MNKNIIFSFTVLTLFVIFVQVTGVIGNLQQRRQMNQTWCSRPLLTHKQTGKCVIEDCESKCRQKWKGNGTQATCRNQCNCHFRCPWIQGQP,1
MKNVSQVSVAVLLIFSILVLGIGVQGKVPCLSRMFNKNNTCSFLRCEANCARKYKGYGDCRPGDRPHDKKDSLFCFCNYPC,1
MSKLTNVVIFIVFFLGMMAKETQGQHICHQILLNNNCDGATCTSLCDKQLQGTGQCYKTVDKRFICLCNYLCRT,1
MKFVAIFLVTCVLFSLFPSHLSQGEESRMNINAERRPWCPSKIQMFDTNCEVDGAKQCLDLLISTWDPSVRLTRVSCICSDFPYRNMMCSCPNMICP,1
MGSSKLMVTCIVVAMLTISCDILSVEMGISVQALPPTCGPDCTGRFMNQDCSKYCAALSYKHGVCILFRGLPPRTSTLRCCCG,1
MNTIVLFLTLLILVSSCTSIVMKSSNSKERTYPVTPALNPLTGQHSLRQRQLIFCDECANACFRRKKPVRSCQRFICRCAIRDVGY,1
MGFTKILVTFFLVGLLVISSSPQNAIASEIKAKINGLECFNTCTSYYDDHKCNVDCLSSGYPAGECYTVSPSQPKKCCCY,1
MALSKFQLVALLITYTLLFSCQSKIVKRMQVGPSECVYRGRCRDSYECRSRCGPPEFSHETLGLCMFDYDDYEYFCCCTTNY,1
MGMWCTTLFMVSCVSICLILSHVQEVEAGAPPQDCWNLVTFPAKCGIHGKKKCFKEMESKYQQRFLQCTCKNLKPEPKSPKDEHDCTCQRANPYECNS,1
MKTIILFLTLLVISSSCTSIITKTMNSKETTYLDSPAVSPSIDQYLVDIHLGHSFLQGVMSFCYDCGKACFRRGKNLARCKKFVCRCTKSGIK,1
HEEPKVAPTEELMFAPSNQPRYCRSRQVFDGSCTDRGTPRTTCFLDFLGARSASEMPKNCDCTPQPNNKRLCECSVICTDCCVKN,1
MAITKTSATFVLLIILAASLSNFNVLASDIKPTGRIDNQCKRMCSATYGNGKCAADCRSDGFSSGQCFTSPPFDNRCCCNN,1
MEKKSLAGLCFLFLVLFVAQEIVVTEARTCENLADKYRGPCFSGCDTHCTTKENAVSGRCRDDFRCWCTKRC,1
RTIRICDRKVEGNGTCGPNSNNICLDEFWKNPPSPRLAKSLEGCTCEPRGKRPKFKGLSHVCWCCWSYNSSNPAG,1
MKFATCFLVSYVLVFLVLSVCKEVEAKELCNRIEDIDGNCDFEGEKGCLKFMTNKYKKERHVSCTCTNLYMLHKTKRFCDCKHRCSG,1
MNITKAYVIFFLVVILTNSLSNSDALASSVIETTKNDVCSTPCTIRYGTFECFQDCILDHFRDGNCINGRCCCKY,1
MKVEVIFLASCVLFSLIHAHLSHEEPMKEPEYCRWTNAFNGTCSDRGNPQTMCFFDFLDAHTARVMPKNCACNDLPGNKRYCECSFVCNS,1
MKSNKATFFLGLLLVYAFCIMLIESRCYTNDDCKDGQPCPVPLACLFGSCICPWKSQSKLPICQIICANLD,1
MASSYTLMLFLCLSIFLIASTEMMAVEGRICERRSKTWTGFCGNTRGCDSQCKRWERASHGACHAQFPGFACFCYFNC,1
MAKFASIIVLLFVALVVFAAFEEPTMVEAQKLCQRPSGTWSGVCGNNNACKNQCIRLEKARHGSCNYVFPAHKCICYFPC,1
MGIKKTSATVFLVIILTISFSYYDVEAESVIEPAKYGACLFLCDARRDDHACFYDCTNVAIYRTGHCVGNPPRCCCIRG,1
MAKTLNSICFTTLLLVLLFISAEIPTAEANCDTYLGEVTVYYPCRERDCEAQCYEHYPHSCKGECEHHDHVVHHDNEEEHCHCYGR,1
MAKTFSSICFTTLLLVVLFISTEIPKSEAHCDHFLGEAPVYPCKEKACKSVCKEHYHHACKGECEYHGREVHCHCYGDYH,1
MKYGVLFMVSCGVMFLILSHVEEVEAMKKFGCNTTHPFPGKCGNNGKSSWVSDMKKLPSAPKNRDIRCECSDRPSLARGMPGERVCRCDYDC,1
YPIKPEAPREDASPEELNRYYASLRHYLNLVTRQRY,1
DSHAKRHHGYKIKFHEKHHSLRGY,1
AGETHTVMINHAGRGAPKLVVGGKKLS,1
QDYCAQEGQQEVQRKDLSDLERYLRQSRQR,1
RIIDLLWRVWRPWWPKFVTVWVR,1
DPAEDLARYYSALRHYINLITRQRY,1
TLRGDERILSILRHQNLLKELQDLALQGAK,1
KYHSGPSDKSKVISGKCEWQGGQLNCIAT,1
ATKVKAKQRGKEKVSSGRPGQHN,1
DSHAKRHHGYKIKFHENHHSHRGY,1
PAEDLARYYSALRHYINLITRQRY,1
RIIDLLWRVRRPQWPKFVTVWVR,1
RIIDLLWRVWRPWKPKFVTVWVR,1
RIIDLLWRVRRPWKPKFVTVWVR,1
NPAEDLARYYSALRHYINLITRQRY,1
EPAEDLARYYSALRHYINLITRQRY,1
RIIDLLWRVRRPWWPKFVTVWVR,1
ARCENFADSYRQPPISSSQT,1
RIIDLLWRVWRPQKPKFVTVWVR,1
SWSSFFKKAAHSGKHVGKSASTHYL,1
DAEDLARYYSALRHYINLITRQRY,1
NAPAEDLARYYSALRHYINLITRQRY,1
FWSFLVKAASKILPSLIGGGDDNKSSS,1
KAEDLARYYSALRHYINLITRQRY,1
QSERFEQQMQGQDFSHDERFLSQAA,1
GIVEQCCASVCSLYQLENYCN,1
KAPAEDLARYYSALRHYINLITRQRY,1
GNEGGGHGGHGGYGGYHHHGGGGGGYGGYHGGGGS,1
RWRSFFKKAAHRGKHVGKRARTHYL,1
SGECNMYGRCPPGYCCSKFGYCGGVRAYCG,1
QKLCERPSGTWSGVCGNNNACKNQCIN,1
NIFNAISAAGLGNQIKVSTAIDTGVLGTSYPPSK,1
ANFEIVNNCPYTVWAAASPGGGRRLDRGQT,1
GVGYKVVVTTTAAADDDDVV,1
GILDSFKDVAKGVATHLLNMAKCKMTGC,1
EQCGRQAGGATCPNNLCCSQYGY,1
RWKLFKKIEKVGRNVRDGLIKAGPAIAVIGQAKSLGK,1
EAPAEDLARYYSALRHYINLITRQRY,1
MLWSASMRIFASAFSTRGLGTRMLMYCSLPSRCWRK,1
DSHEERRQGRHGHHEYGRKFHEKH,1
GWGSFFKKAAHVGKHVGKA,1
SGPNGQCGPGWGGCRGGLCCSQYGYCGSGPKYCAH,1
ATFTIRNNCPYTIWAAAVPGGGRRLNSGGTWTINVAPGTA,1
TPAEDLARYYSALRHYINLITRQRY,1
MAKSATIITFLFAALVLFAAFEAPTMVEAQKLCEKPSGTWSGVCGNSNACKNQCINLEGAKHGSCNYVFPAHKCICYVPC,1
MAKFASIITFIYAALVLFAAFEVPTMVEAQKLCEKPSGTWSGVCGNSNACKNQCINLEGAKHGSCNYVFPAHKCICYVPC,1
MKNSSIMFVLIVVFLISSSENQKMVGEAKQCKTGWACFGEDACKEKCMAKYKGVGTVTYFPFPPETIIIYCECLYDC,1
MAKSATIVTLFFAALVFFAALEAPMVVEAQKLCERPSGTWSGVCGNSNACKNQCINLEKARHGSCNYVFPAHKCICYFPC,1
MSKSTFLFVYIILILGSMVNEIQGQHAMCHEILPETDCGAGSCTALCLQLWRGTGKCVRTNDQKLICLCNFECIV,1
MAKFVSIITLLFVALVLFAAFEAPTMVEAQKLCERSSGTWSGVCGNNNACKNQCINLEGARHGSCNYIFPYHRCICYFPC,1
MSKPTVIVIFMAILVLGMATKETQGANCVNYFEITFPEVCEANWCAAECLKAYKNGKGTCWQKFCQCVYDC,1
ALSFLFLFLFVAQEIVVTEANTCEHLADTYRGVCFTDASCDDHCKNKAHLISGTCHNFKC,1
MAKTVLGIHVTFLTLLFAVILLNDVMYTPVEKICERASGTWKGICIHSNDCNNQCVKWENAGSGSCHYQFPNYMCFCYFNC,1
MAKSAAIITFLFAALVLFAAFEAPIMVEAQKLCEKPSGTWSGVCGNSNACKNQCINLEGAKHGSCNYVFPAHKCICYFPC,1
MAKTVLGIHVTFLTLLFAVLLLNDVMYTPVEKICERASGTWKGICIHSNDCNNQCVKWENAGSGSCHYQFPNYMCFCYFDC,1
MAKFASIITLLFAALVVFAAFEAPTMVEAKLCERSSGTWSGVCGNNNACKNQCIRLEGAQHGSCNYVFPAHKCICYFPC,1
MAKFASIVALLFAALVVFAAFEAPTVVEAKLCERSSGTWSGVCGNNNACKNQCIRLEGAQHGSCNYVFPAHKCICYFPC,1
FFFDTSEEYGRSIDVLLDSLKTKDSVIVRDEDDETEDASDTDELPEAYMTFYRSDA,0
KEGLENIKDKASDLAEDVAEKFNDTVDSVKHKNEKMKFPLLFISLALAAFLTRVQDA,0
FFILRKNNHQITVLHVYHHASMLSIWWFVMNWVPCGHCKYLEISVAVLNTTWVLS,0
LTERVRSLYEPEMTPSIVDATAGLGRDAFVLASLGAQVLLIERVAAIAAL,0
QNTNESEKLRGILSLLEGVETQGALSNFEIDILRPM,0
LRVEELTPSDEARMGFVVKQELSEVRTIFIQELGAAISSRQVEDVR,0
WNTVGQLWEYLQTGRGITGKGLAQMTVTTLHSRQEVYQQLHDYLVDL,0
SLRLIGKLMDDSDLEYMESQSDERISGLSAKVQVLKSITGKINDEIKSGNSLLDTMNDQ,0
GILTEEFAGFFPTWLAPVQVVIMNITDSQSEYVNELTQKTIKCGHSCMSIRIVPKE,0
AYNLRTARFGGPVLALDEDVGILILAHAIDSNADVAAFPPLLDS,0
LDSVDLIEIVIEIEGAFDIKIADTEIQQIKTVHDVVELIKTKLAAKM,0
IVDAASIIEILSLCAVKGTKVTIFTEKEEDTNLADKIKDFFDIGFGENENEMRAP,0
IAHELFNIKKDMESQESVISDKADKLLELISLEFKTMRNNVKTI,0
IVIVIEGPTAGHLGETLLGISAMEDVLGAHMVFEQAISDEEVSDDGRTHAAMKLSHYIDH,0
LKQVAMHVTAANPEYLRATDISDDVVEKEKAIQLDMMKNDPKMEK,0
GEDEEEALEAVKQVLAQENDLNPMADIDITTANRIKSIIADQLGVSPEEVIDNAR,0
GQPLVLPAYDQVLKASHLFNLMDARGAIAVAERQSYIGRIRELCKACALAY,0
DMEVKDVKIAPNANPGKLEKDVKEAVSRALKQAKDGAAQKMKGITGGMNLPGMFMQLHI,0
QLESVIKSLEAGDQALETALELYERGQMLIQRCMSLLDTAELRVKQISENG,0
AGLGDVYDLRFFDQLRQIRARPPAGTLDVARFAFGSALLWHPSRWDS,0
ARMMTAIDRAKLGEEVQGMKSIKVTILGKQYPLKVEDSEEENMIRICN,0
WTSVARARSVWKGPNVVDFGVNVQQCIKGNVPIKTAVRSATILPRMVGAQFMV,0
IALVVAQRYDGTRSLAQIAQELAAEFDADAAQIEADVIELTDTLHQKRLLR,0
SPLLEGVQLTLKSLLNTLEKFDIVAVDTEHGFNADLHQAVGIDPNAKSG,0
LDLPGIIEGAKDGKGRGRQVIAGKEYDCMGSKIDISDLHNDPVLA,0
ISFEEAVKELESVVNTLEAGEVSLEESLKLFQRGIFLTNLCNKKLTE,0
EGFGAEVVNVGLVDSPVVAREKAQVLKTEDVDILFLYVSTYALSST,0
DAIQAVSTVMRNEGLAKMLHLIMSSPVTLDIDYLETFIAQADDILLLQDAVYAGVANSHYFSK,0
NVNESHLREIFGHIGKVAETKIARNKFGQSLGWGLVTYGDITDPAEPIS,0
TFQVTTATNFIVLHSKDLNLARILIVQSNETITPVLQHLEYPKHQQLYIKIDGTFI,0
AMGGELSELGIIHDGGMLIHDGKIDIVASSTDIEKKADGAEIID,0
SAEDDNQLTEVEGDGGCLRSGKWGSMLQNGIDLSTVDVSYVSSRSWYFLNLFGLRG,0
CLGYCGICFEGPFALVNGEVVQGATVEELVNNVYEYLDENPMFMG,0
PDEDAAMIRDQITKALNQALLSAKLPSEAFTLEHPADLSVGDYATNIALILA,0
AGDAVFLDIRDPDSYVQDHIPGAIHISDANVAEYVATTDKAKTHIVYCYHGITSQS,0
PVYLCASLSLMNKAKIFMNGQSQAVRLPKEFRFSVKEVSVIPLGKGIVLQPLPN,0
FVNDTLSLKHTSAGPRYQYLINHKEMGLGVSAEQPAGGAEGFHLHGENSPAQQ,0
KRHLVKSRLGFLEFLQNLFKMHLTLEFGGGLELLCESVKIH,0
ITGNSMTNQNELNELNELTFEDMIRELKSINDQLSSDEISLDKA,0
MFLKGNSDKQVGFLILLLGSLGFIYYTVSSFMIILFPTETTPGK,0
QTKLDEAEQRVSILLSNSDDAPLSEFTDLPEMDIEERVKNIVAAQFGIPV,0
VEDNMANEVIGAGNRPEFTPVEELSYEEARSELVNVVRVLELGQMGLDESLAYWERGEA,0
GAIRGRLPQCPVEVMGIRFSNPVGLAAGLDKHARAVDGLAALGFGFLELGTVTPLP,0
INAKILMGKDTIQVEGVVINCLPNTTFEVKIDDPSYPSTHTIRAHISGKMRMNYI,0
AASAQELYSSLEQVVAEEEIERVVVGKPITLAGRESEQTKISLNFADSLAKYLRAGGH,0
ITMDYKGSYLRICLLHPVQKTAFMMNNSEFSKIAETVIAHIADRIEEQNQDIDVDLQ,0
ELNGNYLPSMAVFDETYRAYEASESTGGDSYQMVNVALLLDQIIATPLRSMVEAQQE,0
KVAHLARLELSGEEVAQFTTQLGSILDYFQQLEELNVTDVPPTTRAIESSNITRADQL,0
GVTQDSNIQELGLDSLSTLELVGAMERELGVQIPDEQLVGIQTVGQLLEL,0
YYEDTAPLVPIYAERGILVEVDGMGSIEAVAAAIDAALKETAMSKSSQSPSA,0
TGEEAIELLLAEDHDEIVSEASDLIYHMLVLLAAADIKPEEIFKELE,0
VLHVLGRGEWKNMDKLKSVLSGTDGPNENGNILQA,0
ILKEMHHFPDVVVTDRAVFFDGQELPWYIAEEGITFQVSNTGIHTLTVD,0
EGVALVKKSEKLLQRAERKVTILTEEGEALFEAAQPSGVEEEGE,0
KDVLALLSELTEKNVLHTMAERWTKMVGFLGAAANWTIPIASFMNLKN,0
ADMVVTGQAGGGSIKIDMTGQHHAKKVQLDNTIMREDKSIIEDLIAAAINDAT,0
NKLRQRHHQGDKWYGIDIVKEDIGDNFESCVWEPAIVKINAVTAACEA,0
EIARLASVSQILSSFRFHDHTVLSALTHSQVGSAVTARASTYEPVVQSAMTYQEAVTELEQILAQLQE,0
WKESGRWNAYGAEMMRINDRHDNEFCLGPTHEEMITTLVKNEINSYRQ,0
NGGVSGAPLTNHSINIIRGLRARLGSEAIIIGVGGIMTPQDAK,0
IEQQMDIELPKGDAKDLTTVGDMIAYVEEHTSKKYELANK,0
HYFNNTDGLIYVVDSLDRERIGKAKAKFHVCRLSVRAAYRMGFQ,0
KDQQGFGFITPADGGKDLFFHFSGCVDKVDGFNMLQEGMEVSFEVQDGQKG,0
TAPLELDDGAPEENGEMDSEEKISCYLDYYCLKIQSELKQLGIR,0
EITSIEPVMNSEYFAKTKKVIEEKAGVSPSEIHESSFFEDDLNVGEMEL,0
QDLSADSLDVVELVMELEDEFGIQISDEDAENITTIGDAVNYITEHQAMSNDQF,0
HAEPESDLQETQPMNSSVHIASLVVQCRPEKLGQVQTAIAAEPGTEIHAADPAGKL,0
CSRERCLKALYLLGLKEMQSIFEDGNSISLNYEFCNENYEIYTTE,0
EKYKEKVPNIVKFKEGKIKSDGKIIIRWEYENKSMDQNEANIYNENNENNENNEN,0
DKYTQAVLLSKTCLDQLNQTEAAIDKMVQENKGEIQESILNIEGEMK,0
IKAAAVNAVKNAADEKQIEELRVAYLGKKGELTAILKQMGGLSPEERPKMGQLVNEAKSYVEG,0
VNTTTGKMTMSMHSDLKAQIQRYLVQSGNYEKISNTLNEKLLESGWLDKVK,0
GRVNVDSETLFRQFGEIETKVEKLIQICGSQQTANLELHHKITQLEE,0
GVLCPLSKHMLIVDFAAQLKLPLLIVARAGLGTINHSLLTMPAKQRFQ,0
GVCGTGVRIIVIATCASVRTVQQLLLRELSFVCVECYRTRIHHGGSQMGLAG,0
PIGPNPVLADMNADPVLSYNFDAIEYSVRQEIHTTAARFNAALQELRSQIA,0
SESSLEFLPEVNAFTGNNGVGKTNLLDAIHYLSLCKSYFNPIDS,0
RVFAMCQMKSMPNRFKEYLLSQEIGFASCEVIGTPINKSKGLEVESQFQG,0
HRFGNLFLISPSSNSILSNYSPADKKKFYVETERAESPKQAIMMSYK,0
EAEAVESLDKLAQNKFNLEMDPADADTLRTGVGQLAAEHDEVGGALHRIRDLA,0
LALTVAVDTFFWKKMLWPEGQVLWYNTILNKSSNWGISFCPKSAPVY,0
SSAEHLQGWARGCGITVDQAERMVTDKGEWLLFKQEVKGQPTADIV,0
MMKEIELHLVDAAAPSGEIAIKDLAALATALQELTTRISRDPINTPGPGRTKQFMEELS,0
NNTGEISDITTAIGQMKGVLSCNMVFHQIEQEPANEHHNTNSLTLERGMYKGRELW,0
EQELESTRERLAKHEEMSEGWEEERTTIRSRIEKVLGELEFLDRSSDISAC,0
GEITLMNRNFERPISLGLVIASRAFFSPEPCAQAREDVLKQMNLLG,0
LHIGGFEELNKLEMSGTLDKILNEKMAYQIVKWTGRMAAVLSGD,0
IRGGQPLLKEFYLLMVDFFFIRSLISAHILKVGLITEDDVIDIFYSY,0
WWFLYADDGPHVTYNQLTHFMQCNEENPDFEGLDCEVFEAPEPMTMALS,0
VEAVVNGKMEIVSLKISPDAFTSVSPEKLERNIKDTINEAIGKAQKS,0
SYLMIAKLYQWLIAGSILLSIWLALLVDYVQSDMISQNKYTIFMIPIYLAVAFAVYSAAV,0
VLLLMDERLYRMPGASAIIGSDMHEKSEKSVNSPENIEQRVTDIIVKQLSV,0
GLLHLAGYDHDEEFTGTMRDKQEAIMQELAIGRMSTPVETPTIRILTLFPDMV,0
FTCEHRPRGVEAVEVRQPALLSTAAAMAAKSTTTIEVEIFGQVYPVRGEHDREHLEALA,0
ITSDKIEDKNLSKPVIEIIISKMTPINKENLTRHEVIGLQVCVVKSSNRTHVGIK,0
GFSAKCSSLSSMDQTPIADMKFETALAELEDIVASMEGGKLELEASIAAY,0
YEIQTVLSEDKSHGYVLKDGEVIANIIGEAKDYLLDLAGQAMAITPD,0
LDTIMSDQLLHIISFIVHVRPDALTQTTAWITQNTVGEVRGEDAAGKLVVV,0
LEGEIEACMTKFNFEKQLSRLEEIVAKLEEEQTDL,0
KTLATFEAKFAALGKGRIASLIGRYYAMDRDNRWDRVEQAYDLLTLAKGEFQADTAVAGLQA,0
ALALRSAPTREDFVLALQPRQFTVDGTVAEAEALLISHMTEYSKGLS,0
EARLMGTENNHRIRVTICGQEYTVRGPASEAHLREVAQLVDAVMQRVAA,0
TKELVKTKDRLLIKISLIKTNFLFYKNHPSIVFSHVIFRSAAVFFYVFA,0
KSLQGKEKKEKKEFLQINYSIWRAARTGFQVQVATDGLQAGRVDEVGGLDVAG,0
STMLARYTKMSSLFADKNAFKLDLLRMLAMAATPRQTMIGPKPTLLDIDLFCHETLQLS,0
IEYVQKHLNNQQEMKNKITKLLENALNISVQKGQLPEVSLPCMEV,0
IGDSFDPNLHNAISKVESEELGENQLAQIFQRGYKIGDKIIRHAMVQVAN,0
SSPVTTAKMSLERLVQDLIDLLKSMFKTADSSSPLPSFILIGHS,0
NANMDVINQSSNVAEKSLSNVTMKTNNILKVAVGASSVAQKALNSIANKGYNFIEDKILKGN,0
RQIKVREAYHSYQLQQNYPDRTPIGEIQLKGHWLIQAGFTIDTPVHIRVMEG,0
FNTFFSETGAGKHVPRAVFVDLEPTVIETTTFFQMRCAQVLTASCSTLSSSAD,0
KAASGQPQSKMGTSVYFGTPSGSLVTSMIGNKPTIADVELELSDLVLPVDLLSGESL,0
LAQMVDDDDQVTTIEQAGDDLSNNGVANQGYQSQFASDDDDNPFME,0
KGVDFDELRIDLDPVAFAAMQEIVPNARTVPQIVIKGAPVGGFDDL,0
IISRALFTGIDEAVATMRSLLNPMQLETDALMNPMSSHLDSLRQYTTIVADTGDF,0
EEIVEHLREAGISATQATVSRDIKELGIVKIPLKDNTYIYELPKINREPSI,0
SNVRVKSFADYTMSDGSRSDVAMADLSVEVDLTPIFNWNVKQLFLYLVAEYSTSTSPVNQAS,0
DKLVSEMEHGTVKSFDENRGFGFIVLDDGTEVFVHYSAIEGEGFRVLKAGDQVS,0
RHGATEAEPPSLNHAPSPLSRSNYRIETIRVPTKELDSLLTQAGELTVTKIRVAHR,0
AVIAVHVVLALFVYAAWNEGSRQWREGKQDHSFDKV,0
TLAAGADIDFVGAEAMDYIISPIV,0
KELEATIVNVEEAGGKLKISMNG,0
VEEIESDGAVFNPNLHNAVMTESKDGVE,0
PNFKPEELQGLPKTHALNVFLEDLV,0
LMSGGMLGLYSQFEYNEEKHSVSF,0
FWLNPRQVQVVPVGKGF,0
HLNAAEQRVQELMKDKGGLIEEKGE,0
RFPLSNIQPHQMEFTENMPHIIVKL,0
CETNTGEVYRGKLIEAEDNMNCQMSNITVT,0
KNPLMLKPLSDRLIVSVEEAGEQQ,0
GWVRTMASHLDNYGQQELA,0
TIEELGHYDPLLKQANFKFDE,0
DEHPSLLAALESHNVAVEYQC,0
SHDPGIMAEQERILIAYEPVWAIGT,0
IGPNGSGKTSVLEAIYLLGHGRSFKSS,0
ALYFSAESEYMQKAHSASDLSYFFASGSN,0
DNMIKGTAVIEIDIVECTGKYHKGTG,0
AAGIDIGIVTSVDHFPAQDLLSVR,0
DNRIIQALPTIKYLLENNAKV,0
VYLLGSEKGEYGLELALKDPDSLIV,0
IKSLKILLSALMGDSKEITIKVV,0
VWLATAQLEAYSEDMGDQPCASG,0
QTLVKIVGKDDNESEFSAEQKE,0
HPLETIESNSVETVAQRIKAIMSEKDI,0
LTDSFTHDLGADSLDRVEL,0
PSLIVWVAALENIMFQYDSTH,0
ASWLGNELHSFAEMTMMKIQGIR,0
ILEALEKEQRIDFLCLFTLE,0
EDELELIDFSTDGLDAND,0
GPDEDKAIEALDVLITNNFYEDMY,0
EKALADELEASKALKAKVQELMA,0
FQNLVYPLDERLTLSGLGYHYGIE,0
FYRLREFLLAQSPAYMNG,0
LNVQQAGGSLLVVSQFTLAAETQK,0
ADTALREARSMGVSLEARFTELLI,0
EMNSKLAEDLGADSLDAIDIVMTI,0
DSLDTVELVMAFEEEFGIAIE,0
LTEEEKEEQGRLRWDYINS,0
FECDIQIGKEELIVDAKSILGLLSL,0
AKTGTEIEVICDGEEEAVALPEIVNFI,0
AQTEATAMKQGIHPEMKLITVK,0
FEFEDEIIEDRQLDIAAANQ,0
TSDTYSDRASARARREARLASLTS,0
FKVDAYQRFDA,0
PTRHDPPPSEQESPVRRMLRDLRE,0
SIKRLGIPDSRI,0
EEARRDDRT,0
KQLIRQMCD,0
IGRSEDRLRKRT,0
VRQSICALRGAE,0
DDIRIFLNLGKK,0
KHAKAELRYRLLYPDVECSEETDLRHPAFLTCTCGKCPCQRQKEEV,0
SAHGGQRQSVIKTVAAMPEPAVPDPVTREPDTTLHISSAVVRTLPDRCAEVVKCV,0
NQINKASPRRLPRKRAQKRSVGSDEDMILYLQGGCVERSVKLEQINDDDRIFYITESEPF,0
EMMRTSPRDSISNLPDEILGKILSLLPTKVAASTSVLSKRWRNLLGLVDNLCFDESVVVYP,0
PEKKYHSKSDVGFMNNLEKIYRLCDKIEKEKKYLFCLWPIVDGRVGLDVLDYE,0
DYKWQKMCVHDYTMPAQIICGKTISAWLRKDGSTFRLLSFPQRNP,0
RINELARKAKSAGLSEEEKLEQGLLRREYVDSFKENLRSQLENIEFVDAETESASA,0
DGAVQDQIDDTIADAVSRARAAMPHGESCAECVNCGEDIPTARQKALPGVR,0
TLTRQCQQALERAELKVQELSQPPASEDAPASSPEAGIRCEAYLDNEKLGYKIRQAQMQKIPY,0
GAQLGRFVNHHYLHYVEDPVHHRLMVKKEILEHVHDAEIAKAHLRKMTGIT,0
TQERDSLRSRLSAARARVDALLDRLPDSASPMAIDGADHGTDRVGSNRMDKKTSFETS,0
NDSHIFVRPDQIKEEFKRVVNMIIDVYKDFGFEDYSFRLSYRDPEDKKSTL,0
GLRDSWAKAQKKNSLAKKVLAANVNGELTDLREELVDGSEVAFLTFE,0
LAQYAGITKDVVLVGSKTHIQIWDRSTWDARSERLPDAVQDISRRRKGASRL,0
TSHYFDPSKVSKLMKDKIKKMQRSSDLETSAGSTGKSDVLVTVQRIK,0
GHVVVTCDCGTHARYPYTGMFKKSVLFATLLSGVMAFSTNADDKIILK,0
LTKKKLSMASTLPPTTYSIRTLSEFKCMIPEDISLIAPSTYAKLNLIN,0
LMLLGLGYEVHWHYMTFLLLLVSVCMMATGEERTKRDVCELPFEEGPC,0
EAALEPAMIKYDYEKAYEKLEEIMKRLEEGSLPLDESLKLYEEGIKMYRICSGLLEKAQ,0
LRSNGIRASVDDRNEKIGKKIREAELSRVPYMLVVGEKEMTEGK,0
LLKEVSKDTWEAMTKPAKRVKIGTKIHFTDILTAECVEILDEGLRIFKL,0
KELRWFELSSKLEGMPDDDASGDDALADGDREALPALEELRDAVARA,0
YMNNRIRNTMENNISNVRIHLHRKCDVNEQDIYGKTALHYAYTKRNIDIIKIL,0
ELMLRHQPKESQDENLMKKKSYVIITETGIHARPAAGLVKVASKF,0
TLLIAASLSFFSASALATPDCVTGKVEYTKYNDDDTFTVKVGDKELFTNR,0
VSLKLLRMTDKQASVKSTDMPKEMQTEVIDIAKQAAKDTQSDGDIASKIKAALDEKFGET,0
RAVVQRVKRAKVEVDSEITGEIDSGLLVFLGIGKEDGRQDADYLLEKIINLRIFEDEEEKL,0
CGRKRPFLGIRLKRLELVDVVRMKSKEILGYDIKEISNQTVEQL,0
PLDELESKVKRAAELIGDLRSRLAATEMSVKNILDGLSDSAGAPDADARDEEEEDDEDDDENEE,0
SSNKKEKKNLDREKKEDNMEQEKIISLIICSRQMTMLQIMAKVMQMEC,0
RKHVVFREAKIKMLVLRRKVGQVIQINDNIRIIIQDVQNEHIVRIGIEAPPEIPVHRMEIY,0
GEVRFGLTAPHHVAILRSELLDRHADHPSRNPKHKSLPPADEAL,0
ATNIQPITGQPEWMVLFIIHYQKEFKKIQHLEKENSKVKSDVKKL,0
SKLRDQLQILCELRQVIKKVEIKLSMSTELFNQLEQKVTSAVEALELLKMEAEELREENTRLKQ,0
KVILNSDLAKIYISFFPKENQYNLIKIINNKSKYYKKILFKKLRFK,0
FEGQWLKALGFCVGDRLQVDCEENRITITKLSDDNGMVYLIEMVRI,0
QLDKDQIKTFSDFLMSYNKLSETCFTDCIRDFTTRDVKDSEEKCSLNCMEKYLKMNQRVSQRFQE,0
SLSGACRRPGYRYGASRISQTLKQKGVPDEVVAAAVGEMKDTEVARAREVL,0
LHLCAWMAQRVIDKFGDEEISIGDYVLSRGDLLTLIIMDFVIRIKEGVIKKESF,0
NEPIPEELLRLIEEDRDDRQSMRRTAAYRAGIGRVNAYCEGTTGHLAALLCYLYPVRA,0
ISKGSKVKYELDKNQDQSKAHRCQGLMSQMEHLHLLEFHRPDETATVHSCWLQDSIK,0
RIDDMGKRIDDIEKSVTELMNDLGFSDDENEKVKQLMIDQGERDEKIICVH,0
VNMDEFVDLTAKHDKSVSWMKKNKKINFEDSMNRLEDIVNLLEDQSTTLEQSIDLF,0
EYRVSCPPEERSNLEQAARHLDTTMRDIRNSGKVVGVERIAVMAA,0
VAVLRIGHRPERDKRITTHVGLVARAFGAEEMLMNGRDAHVEES,0
KPAVVSVQAAPAPVAAEVKMAKEPTQNVQDVFLNHVRRSKTPVTVFLVNGVKLQGIITWFD,0
IWERKDLEYRKASYETDIESIRLRINQKQNEMMEIIKNDKMINESTVLSKNPEMPSRKY,0
IKGAIEKGEKVRGIVLENKADKFSRKRIDEYTESYYGKAIEEIDTYIKPIIDAMEEYDLLIIT,0
FKHALKNGDICETPDKPKGTMAPYSLLVTRLQKALGVRQYHVASVLCQRAKV,0
RKSLCEIRYRDGYREVAAFMAYESGKMCVQTRMLVAVAVVLVVLAVLSDPVS,0
YYTEFTPTEKDEYACRVNHVTLSQPKIVKWDRDMGDPAQQEAKHREAEMRNNI,0
AAARRTRPSVGDRPAEANRAEALIAGAAALEVALTGAQADRLLGFGELL,0
KHAYFSKYDEIQTIINQLKVKDNVHNMVKDLFYHRDQVRVLARLAAELAAQP,0
GRKRPVPKVLCMVNPQTRELLNSSSRGATVLLLRSMTKRTFGGT,0
FNELSDKIGLLAEMTHALRRENAQLRKDNAALAAENAQYVQRMREA,0
FEILINLIKRLKNISKEVVENVNINLFTNEEEKELYNLSQSLSGDFNDIDMLIEKRY,0
RLNGSLRSLPPEQRKDAGKLVGQSRARVTQAFQAREAEIQEQEAAARLVAEAVDVTAL,0
NTPQVNTSGERLGKKIRNAEKAKIPVMSVIGDKEVEAESLNIRTRVSGELGATPIAEVLE,0
SIRTLNQETSKVLARVKRGEEINLTERGKVIARIIPASA,0
RVFHSFSKRVLVPPSGPSMRHNSVVNNLKHMDLSRIPPQPKAGILNVLIEIPAGS,0
AVIHYRPDETLMDQFENSRKVSKCLMYLDNNNTAYNQYFSWHDTGDVK,0
ELREEVNEVEEEVKENKSSDVKENEDNKTEKSTMAEDKKKAPKDSFFKGVISEMEKTSWPTKEEILKYTTI,0
TKTHYIPYIKQVIKSVDLEKKLIIVEWEGIEMGKVTAEDRPAFGEKINRVKEKVESGIKE,0
LAIQMPVEKIQIRRDYVLQYMVNNDYSLNQLALEIGVSPATLSRVL,0
MLVLTRRRGEEIVIGDQVVIKVVESHKDSVRLGISAPKDLTIRRGELLE,0
KEHLVKCEIALGKGKKEYDKRHTERERDSDRELQRAVRSKGKDDMHKFKIQPLA,0
SVWMAVIRASVVPYQKDRSSLSAHPAWAERRGFECITDGIF,0
RIRVLPGDRVRVELTPYDLTRGRITRRLMLVVTRKVDQSIQVGDDITITVVRVGQG,0
GAEPQGLMATLNIVNKSPFEKRTLEQCLSRIADDDSVLLIEDASVV,0
RLPPHSKAGQRLTAVAMIFEKLVAVLAEHVDCDPASVTMDTTFE,0
KFICLNATKAYEVALKKYHGWIVQKTFQAAPYKCDFLKPLTKGQNVTEEECMEK,0
AAGHKCILGKQSCERLGLIKRIESISKREDLFTGIHIFNQPSI,0
IENESITVDVLADKVRRASELVEFCREKLRSAELEINKITSQSDSQISAKM,0
YTMVQEEVEKKTAKGSSSCTNGLLWLTRFFNFSCVICLFYCSLIEIPIGV,0
SESIVDPSDVWDDDEEMDISDWRARIDTVDQIIIDLLNRRMGYAQ,0
TDKKSRKMKSSMSQHDIDNVRRQMKIKTGSVKRLWKEHNLYRQEALQLK,0
ANTNLPDEQAETERSRVSRRASSAWEDESEIKALEPLPLHHRHLAGASIQ,0
ENYQRMVELLMRYRDALRELEQIISSLENEEVDVDELAEKVKRARELIDFLKSK,0
AKSVRLRIYGTEYPLKVDDEDLTNRAAEHLDQMMHDLHSQIPDQPP,0
EWNPEGKAPPGFKNVPYNPSTFTRKPGSLPRHTLGLDIKPPISGNKKMFGLG,0
KIENGQEEQVKEDRLDYVQETLAACCEALRGSDLARDPRAEKQLVALLAAPLDAYS,0
IPLKFSTQIYFEELSCEHVWFFLPFSVDCLLLLKRVKTISRSVIRTV,0
GDAPFLDRLRRDQKSLRGRGSTLGLDIKTATRAGKQIVERILKEESDEALKMTM,0
DLTAIRDYIGQFSPLAAQRMALRLKTAADSLAEYPERGRLATATLRELVVVPPYVIRYYVAD,0
DTAHVYCGRRLATMLLYVCDNQYQVKRPPYISSENEGYGWKWLERQRA,0
AGLGTGTKVEISCDGPDEQDALGGLLGIKDGDETLFGEMKKISLPKI,0
TRRFGKEMYETYIKLSTNPFYTADSPIQSTSFDQKDTLYGRKYLVIGTKMADLDSPPKLSGVQPPS,0
PTIVNEEGIIKATCDLKPEMSAIEVVMEKSSRGNKKMSAAGYSVRKIGAPNTTDFRAYIE,0
NNCDALVNLVAVSQFVGKDCEVIKRTITQLQDIDSSHPWLADMKARRAFWMLQ,0
LHGDLIVIQNPVPGLFHLWHEKRCADELTPKQYRMCIQSKAMNEASHSHLG,0
RISAFGYLECSAKTNDGVREVFEMATRAALQAKRGRKRNTCCLVVGSFQL,0
LSGFLTHIYFRREIHTIVFFIGIFLNEMVNYIVKHIVMKTRLHGQHIAEERLY,0
IDETILHPDEYKNFKKRMKEAFKSYQKKLRKEMVQDMDMDSLKSMFSMLTQQEIAFAKN,0
MGKLSAEERPVIGKVANEVREAINDAITRRKKNMKKKDPKFEDYLKEL,0
IVHYNQPSRSRKTDLAWHITLLLLNPCLILIDHGHFQYNCISLGFTVAAVAAILSGK,0
ERSSGKFMRSFRLPDNAKVDQVKASMENGVLTVTVPKEEIKKPDVK,0
LTQELHEDEKLDIIEPGAISMIDVEDEAGQDPKLIAVPIHDIDPRRDEYKCIKDI,0
SFEEAANELDGIIEGIDKGEDDLETMMASHARGQLLVKRCQSLLEQAEQQ,0
QISKRSQKLIKLFNKKEDTVMYKVKVYVSLKESVLDPQGSAVQHALHSMTYNEVQDVRIG,0
VRPLQLLGTCAELCRGDWDCGPEEQCVSIGCSHICTTNMLPGFTMIITSLLLT,0
DDQTSIDGIRRGAFRLHPVGFWGISKGCITLPETHDFYRLREFLLAQSPA,0
FPVFDVPPDAPTVTSEDVVRALEDDVMSSSKKNNLGYFNNLKTEEVSQSQ,0
TDIRYKKTRAMRRALTKHEASIKSAKQLAITGAYERETKLLPTLIFIK,0
RQKREKLKNKLMTVVDFDGVAYHLSTPESKCYKENMAHTVSLKKIWCYLEF,0
QKQEDFFNSKRRLDNDEVEVRYGMFEDPVRSSSAGTTMTEDDEAV,0
ALFGIGLFVFTYYTFWTMVL,0
EEFDVELDEREIV,0
EEQIKEIGVG,0
ETAELVEKYLARVVLRHVF,0
KVLYQRAGEIAE,0
ASIQFELLSSTILFL,0
EIILTDRDLTTFG,0
AKSGGDVSSGSFA,0
ISNPAHDNTGSQIETCH,0
FSVKNNGQSGRPQV,0
RAKDLQSESEDLK,0
RFELSRERSIFDVLM,0
ELGVDFLQSQMQELAPEL,0
YKEQLESIAQMDTYRMR,0
DESNACVSNTPVWD,0
VETIQDIIDLLEKNN,0
IDMLKMSNAEE,0
KLVDELGVDSIGMLD,0
SMPLPTDVGQKITSIVAARL,0
EACFSFHSS,0
MVSNYLEQVNIQFETVDVTQ,0
IFVEALDKNDSLNKK,0
GKPPSYSKLGHEP,0
LREVEGVFYTTLTMVD,0
ELSDDEYYW,0
HQIKALTTGLDL,0
IYSTDHPFLSSHVI,0
VAALEAGDLPLERSV,0
LTVKQDKSLTWDMNR,0
HEKGENAALEKLGEEATETI,0
MFAAKSDVSAFSDA,0
EWAEEVVRQL,0
NSFYEVFEKYPHFID,0
SMEMDLMVSCFS,0
SDLNEYGIRLFV,0
DFAIIDGMVVEVTSV,0
MVALNLSHEVLHSA,0
LLGVGVDDTQEDAA,0
TNETISVDELASKV,0
HREELLTPVAQ,0
AVNDSDMAIV,0
IVIGQAGNGLVSVSMQGSGT,0
DNILFISTLHGGMD,0
SVVGSYPPKMEI,0
GMFDKFKDMYKWQK,0
YHLENQFGICQQ,0
MEVNVDDTVMFESYA,0
QFARTLERGLAL,0
FFTHMPADTGMAFVL,0
TLIDGVLAANMVYEHAEEVT,0
AQVQNSQVQNTASQ,0
KLGTEARMGSDTEVESKLSW,0
EHLHLLEFHRPDETA,0
ADVIVVNTCGFIES,0
DYSQLTPYVKDSAIGQD,0
IVVTIEAETSVESHDIAATF,0
KHLIVSTWKTANSF,0
GVNLVDYPAFVDLCEKYEKI,0
YEEEFETEIQFLM,0
RHWLRVAHGTTPAAA,0
RVVQSIRQGEHV,0
LHRAEQSLHDL,0
IHRVILGSVEHMFAI,0
WIAMLEDTTSQELQK,0
APSAQDPFYIIRQEI,0
YSIAKENQVQPKDFFKI,0
SYTSQQ,0
SGEFLQ,0
AVQVGT,0
MNSLAQ,0
VGRHYATKV,0
LIAQLQS,0
YILNTLH,0
EYGFASVCIN,0
WDEYC,0
AKGDIILLI,0
KLYEQGTLL,0
ACYQMI,0
VDAVRVAGLA,0
DEMSTDTNF,0
QYGYSQ,0
SDNSPALNS,0
SEIVDDV,0
KKIIEEKGMY,0
TVALAT,0
YSQEQQND,0
EASALVAN,0
LDAVEGECDYCGE,0
ATIKSYDPT,0
AMLETL,0
ARLKNL,0
LSNVKT,0
IEAKSD,0
KCLDIV,0
ISELNL,0
VGMTLPKSIA,0
AQKIQKDI,0
SAPITE,0
FLALQATGWRERAAQSAPDSLAQTHLHERGMKYTELAASAVRFGCQCSHESVVASLATLNREDLQSMVDEGVIELTCDYCNTEYALGRQHLQ,0
EHLGFWDDSIAVEGQGQLSKPLNATLNAMIEAKFKITYSHGMHARPATMIVSKATSFESKMILEYNDVRVPLKSIMGVMSLAIPQNVNFK,0
VDRYDAIMEVMLASLREERRQTYSIFLPFHPETGRVLYVPMKSINRDDYTITFDDEEGREWTVPVTGGNVKLQWKPDFGARMKHSTIDPVNDKAFTI,0
TPPPETVAPPAADERCDRCNAAGKLRIMDKVFNVGKLVDFQWKLGVSIASNHSSQLNTPFITVFVKVLDSNSEVTSHSFELTIPE,0
TAILLWKAGMPQIMPLNWIFYYMNFNLMFLLLIISYSSLKKLNLNNKLIFNHFNKFWMWMQCGVVESMNNDCERSPNRAGLRVNFSDKGE,0
YINHNFATESEARQALNEETDAQGATYYHVILMREPGSNGNMHASADIYRMKLFGMIFLIATVAFILLGVLLKLAAFFFVSIL,0
VEGRLEGLGAAIEKKPSYVFASLEQELDKKLFGQHLVKKVIVKAVTGFLNNTNPKKPLTLSLHGWTGTGKNFVSKIIAESIYEGGL,0
ELEKDSLPLDQAIVLFEEGLNLSKQCQERLSGYENQVKALVQKHQGDQNDMITNVQEVKYMIFNVIQDIIAEQLHIDKKDITMDSHLRNDLNA,0
KGILTVGVVTKPFQFEGARRMKTAEAGIEELQKSVDTLIVIPNQNLFRIADEKTTLFSAGFIAHRASKNVVLKYFPELH,0
LAHLTELPDSDHWCGWEMLARWSSRINLVAPTTLADLRERHILDSAQLLAHIPEDARSLCDLGSGAGLPGLVLAVLAVEFR,0
DISEMFEKKSGNEVKDFELKKQISCSLQLSNKSDNHMVLRIRMDTPNHFNWGSIFAIRISSGGDDVAQEIETETK,0
VRRAAELAFIAMPERPGLGGMMDGLNVKSLEERSEADIASPSSTGTQDHLMGLLDGREDLDKEDGKPELEAVYETNCHWESCNKEFDTQDQQAIRET,0
SREDEFYLRAQGADYMDIMEAGGGIASSVRSTDGQLLLGDDVVRRACDRHQGIGGDGFIRLIRSSALPEGRELLEQDPSAEWFMDYRNGD,0
FTPYANYMPGYEDDVIMAAGTFIQGASIELSADGPIRPPYVAYVQGGLTYSHVKIAICSAIDALIEKELLTISMNLETPSQENLNFMLTEIT,0
FLFDPEKIHHFTFALIKFISKIPGISTLIRQLYQVEDERLHRNLLGLTFKNPVGLAAGFDKDAKLFKELSDFGFGFI,0
RYSAAPHQLASGYWQSGAQVRTWIYLRLLAALLKFSRICEIQSMENLLPFRQYPNNQILFLMPRSFEETRQAIESLKSGVV,0
ETMLEITGRLGIPYVFKSSFDKANRSSADSKRGPGIDEGLRDLQYMSIAAIIDHTVLKPTVLLSEIEQVCTEAKEYGFASVCVPPNFVKHAKKH,0
GQALHTSIDETGRLVLPQKIRDKVGIINDAIFIASGDTFQIWHPDKYTQHNSEIDSWYDQQDSDFDPLFLLEGED,0
LNDDLSGSLEDLVGNFDQKINHCLRDLGESTEEMAPVTVRTQDEIMSESHPVVLAANPVGRGGGCDEKMTLDLKLFPVEATTLCFDKEEFMTPDFD,0
SFKQKITNLVEASLRVTFPNGPNVVPLIAPCAKKDAGDYQCNNAMSLWPRIRNMGTEFTGPEPIGQDNLMTQIAGSTSDSDSGGGPTPTDQVLF,0
VEDEADMIMEGMPNALGDIIISVAHISRQAEEYGHSFERELGFLVVHGFLHLLGYDHMTEQDEKAMFSRQEEILSAYGLTRGALLGVGQGS,0
MKALWHSEVHDEQKWAVNMKLLRALGMFAGGVVLMRSYGDLMGVMEAGERIDASQLPHRVLETRGHAISILFGFWTSFICDTYIVLA,0
QAYWGTEEPADKAGGYGLQGIGSIFVEKIYGSPSAVVGLPMLETELLLKQFGIDTWSGRIDRTAENSVEFDSFSGGLLDWPHYTRPATYET,0
LGYYEEAEWLAAEYVPSLDEYIKMEKLKEFLKGVRDELKRVVWPSRELVVKATISVIIFSLAIGVYLWILDLTFTKIISFILS,0
HDLSLDNIKFFKQNIPGLLEVSIGHALISEALYLGLDNTVNMYLNKLKMVVFDQVYKDGVSGGDNQERNEEFHFRGPEENIQNQARR,0
AGLMGVGQLDYSHSTTMLMHHVTAALRAHALFTRDVDYIVKDGEVIIVDEHTGRTMQGRRWSDGLHQAVEAKEGVEIQNE,0
GRDWKLNPGDGAFYGPKIDIMLWDALKRQHQCGTIQLDFQLPIRFNLQYRTDENISEESTNQEQPPSHQNADQNPDNMSIMEGSADIFL,0
FLQVYVIGGDGTMRGAVVIFEEFKRCRLRISITGIPKNLDNDIEIIDKAFGFQTAVESAQMEKSDRRSEESHLWIPLQCLDQTLRAILKCLGLFHQD,0
NAAPRSDRSGANMPTGTVKWFNGRKGFGFIEPDDGENDVFVHVTAVKDSGLNVLNEGDKVSFELVENRGRMAAEKLSMVGSEESKDDSEDQAD,0
QILSLKVLVQQMASVPSIGCLLARNQYYRKSSVSSVSSLTSSDSVNFIDDDKPQQGLPEVAESTWWFKSFFHSEPVLSNVRIKDLSATGSLSGRSMDIN,0
RSTLEVVTSYAGIHAVWSHLIAHELYKRKKFVTARLISQVARFFTGIEIHPGAQIGKRLFIDHGMGGSHWRDLSYWRMWLILDEAHITNVAV,0
EFAHYQDFRIKGMLSKEALIKILSQNEGGNDMKIADEVVPMIQKYLDIFIDEAVLRSLQSHKDINGERGDKSPLELSHQDLER,0
TTKESTAESTRQSGGKVLVHCQAGVSRSPTICLAYLIRVFRLNLDSAFTFLKSRRPIINPNLNFMTQLVEFEMPDAVPTIIKAEMSEQM,0
FGLLQTFPYILLTSPNFILSCDDVVSNYFTKGKRGKRSGILVIFSFLKEAVLPSRQKMYFLFSGSLLHSLYSVAQVVPFFPIDDV,0
KHFEIRIELREDNIPNEEELFEILTKNKPVGILKQKDDKFLRYIMSLMKNMMLLMDSGKSDINKHAYKETATPLPVDPPSYE,0
SEEAAEGIATVGDLLEKIRMEDQALTLVGIGASAGGLEALTSFFNHLPINTGFAFIVATHLSPDRPSLLPELLQKHTERQ,0
LELPAVAMEVHPSERPEFGDFSTNLALVGARVAGLPPRELAERLAKKLPKDAFSQLEIAGPGFINLFLHTSTIQMKVERCQGFN,0
QVKDYFERALAGELNLTRVSAPLFVYPESGLNDNLNGIERPVSFGIREQDERRAEIVHSLAKWKMNFIAKINILPKEALLD,0
QIALLEGILSTTLIYHEFAELEAGEEQQMLILTRKLGESTIIGENIQISVVEINKHNIKLGINAPKNITIYREEVFKKIKEENKLSSTSDIIDLT,0
VEFNSEELQIVNESDVMGIVQKDFGMLSAYMYYTGIIFRGYTYGTGEAVVKGGRYDGLLSHFGKDTPSVGFVIVVSQLMNAMELIEVKTKVKEIIAE,0
PFLNGDEPGKLKLPLSERHEDVDYLTKEQCIQYFNGYSIHLIPPRISSMPSLNIDFDEAEMEQIRAAARADDLSLKKF,0
EAAEKLGLNPVVEDGKAYPSFWWLEEGRVVVDKNKGKTEVAREIAGELKSMKDLIKLVDHTQLKAYAALEHIKNLVKEASVFGCYAVCVNPVYLDFVLNT,0
TQKFRKLLSKGYFQSKTAMGRHEVGHIDNSMKIPLNNGAGCRFEGQFSINKVPGNFHVSTHSATAQPQNPDMTHTIHKLSFGDTLQVQ,0
LKIILDGKEETFLEEMLQLIFQTPPDAAVLARIGAGDDVVFLDGAVLGLLKNSRWAQEISRLTGACQVFALADDLQIRGLAQADLVAGLA,0
RSIQILEHFDRIGLTRRIGNDRRLREGSALAEQLLGGVSPMLDVHDPISGEYALEVSSPGWDRPFFQLEQLQGYIGQQVALRLIAAVENRRKFQAK,0
ELNGEKYDKLTRHGFEAISSALVLYYEILDHGRFDSLDFSCMAVYGSDYVVMRPKLAGKRLDLITAFMNQDEVHILRA,0
MDRGSSLTLGPYQQVDYFLSAKINQGFGEENGDFTPLVVPISNVLDADLVDSNSAKNSVVMPLVGFMKEKKRATFYLYKNIDGRKLRYLLH,0
MHIVLALFVVGIMLLDWHLNMVLPVAKPSTGDAQEVITEAISAAASRMAELDSGIIIRRMDGHDPVLMTESSDKAIQRAMVFFSEFV,0
QKYDYNRPGFSMATGHFTQLVWKNSQKLGFGYAQSNGYTAGVALYSPPGNYEGQYPANVQRPMSDRKAVIKNADMGEEMQQDAVDCATQ,0
TLNISADLQSLFTWNTKQISLWDGIIPAKENAKFWIHTSNKYRFIDQGSNLRGKEFNLTLHWHVMPKTGKMFANKVVMSGYRLPEEYR,0
EDQALAIGQEMGKRILSNPVMEYFEVTVHAYEQMEGIVKWFNNQKGWGFIVPEDGQEDIFVHYSEIKGDGFKTLKAGQRVTYQLEHG,0
LVMAFEEEFGIAIELEDGGVKTVADLVKLIESLQNAMTAKRELSKCKNEVKKSTLIKIKKMTFEEALSHVEKIVSELD,0
TFRFEIWKDEKGRIAARNLRLMDAGIVDFYNAERGFGYIRPKGGDPDVRVEFEVLRVAGIRMLEQGQSVQFSTTENAVTGKI,0
GLKLEEMMSSADVFILGQRYQIKGEESEEYIKMLARYVDKKMSEIYDASPNIHPMKAAILASLSMADEYYKLKEQYETIKTIIDDQA,0
FLSNMNINKESIHGFLKQCERVLRISKKPDNEEYLTVAKVTGVGIIIIGLIGFILSIVSQVLFYSMNYIPDWNEELAKKIAKSEFIN,0
FAESLFILAPDASARAIKLNNNDKVISYDEFVTLSLSTNQSITWMAKKKLENLTFEESLYELDTIVHNLEQGELSLEESM,0
IVTIDGMEYTVVGEETEEYIRKNAELVDRKIGELKSQTSFSSLTCAVLAALNLSDMYYKAMSGGDNLRAQVREYAEENAALRAQLSK,0
GVIEAMSTPDSQPVSIKLLDKAFNFNCPADAEAELLASADFLNDRMLEIRKSGKVLGLEHIAITAALNLAHELLQSKQSLNSDVETHLRHLGNKI,0
HSDSPEDAVEMIKYIKEFLISNFQFLNIKVLYGGSVDGKNIKKFVKYKEIDGFLIGGASLKPKEIKNIIKSIIDIYRQL,0
IHAYHTEGAGGGHAPDIITVAAQPNVLPSSTNPTRPHTVNTLDEHLDMLMVCHHLNPRIPEDLAFAESRIRPSTIAAEDVLHDMGAISMIGSD,0
APSVTLVGKGVVFDSGGLDLKNAAGMLRMKKDMGGMFDKFKDMYKWQKQAKTMQKELQKTVFTAHTPDEMVHVEVNGA,0
ASWSLSGDVLALSGGDNRITLWRENLQGKWESAGEINEDPSAVGLKEDFRNRFRNVSRLMDCVGCDKCRLWGKLQVNGYRTALKVLFEYDETKNG,0
LQSGASDESVSPSMNYPNGKPYSKNKSLDGRNPSPFSSNIEYGGRGMSLEKDIEHSNAYYLKSGIAVIHKKPTPVQIVNVHYPNEARLM,0
FVSTGLAYDVFGSPRPNEYFTESRQGIPLITGRFDSLEQLDEFSRSFMTQSNPNEQNVELNRTSLYWGLLLIFVLAVLFSNYFFNMI,0
LHIASFIVRHREPGASALDDFLTGAPQMQCVARADGRSIVLCEGESETELMQAIDALQALQGVLGVSLVYHHAEPRDELLQEIEPMGDTEQVVTT,0
EKIKSQLYSMDGIAPDQQRILYKGLALPDTATIESSGIKNDETVHMVISLKGGMMIVGVHIRHGMDISMNSRNRKHGH,0
ESNSIPKQCEQLFKETENLIAQAEKQPGTHIQVNKIKSKLNQSKQQILQMELATQLKSCEVGLAKLSNLKSYSEMKAVLVQMLKGYKRWI,0
KYYTLIINNAFIENEIVPDLIEKHMNMYWFLGALLYFLIGTYIFIRVTRDSQSGSWILLALAAPLIIAGYPYFYSKKLLSKRRM,0
HLIKCQNSNSEIWFSGIDIDTQILFHTVEVDMGLPGGWELVLIVGVLVLLFGATKLPQMARSLGQSARVFKAEARGMKEDE,0
YATTVGTPYKGGNLYHTDVSLLGEPTEFEYLRKVLFEYMMGRETKTMAKVITTVLKFPDDQTQKILEREDARLMSWLRSSSMSFIFDWIYS,0
CFEKGIKIARDCHDALRNAEQRVELLTHEGNTLVSHRFEPDQKMNNELENEKSNESFEQLLTKLDETVRKLEAGGLSLEQSTDL,0
IDRETIKPESHTIDDLGIDSLDFLDIVFAIDKEFGIKIPLEQWTQEVNEGKVSTEEYFVLKNLCAKIDELRAAKAGMRCVPV,0
AIGEFQRGREEIEDELQDMTGDDDEDDATSESSADSVSTDSVSTESSNMSGNIGANPIGKKVNISCSLDEAIDELLMESALKSGWSKKREAELRLED,0
LKHGNYNVKGWEKDNLHSDVSCQLTQITEISTLCEKANNPNHQYILETIMLHTPIGRLRTMGFIEGMSLLILLFIAMPLKYWAG,0
IDDLEKSIADLMNQAGIEGQGPEKIFYAASYSSQHQMSRMALTLCHAVKEGLLEPRDITASLIDRYIEIEDGPMIDCYLRTSGERRLSDF,0
PPAPPAPPAAAPQAAPAGGSGRKKNVNHNVITIGMLIMILIFLIALLGLGLSQTHLLSVLLCLEMMMVSLYLGLGMVSISGLHYPLMIALVLLTFS,0
GKGALTKISISDAAMDDREMLEDLIIAAHADAKDKMDAMVADTMGSVTGGLNLPAGMKLPFMDYKMQFAESLSNIFTNELTQKQILD,0
LEEALRDFERGIQLTRHCQKALSAAEQKVEILLENSEDADVGQFRPNDDMNEPIRTTVSIYGDDYALVGDLPQEVVQALAFHVDSRLRVLASKNPRTSQN,0
PSSSWTSILAASEPVALFCAVSFSNIRDVDSEAMRAKLQDSMVQKEALQDQVKIIGGDLDGVRKEQQAIRAKIKQLDDALKEI,0
HLIRSSSFSSDSFTNALTVMKSSDRIILLDDGVYSVNHPILQNALALVGKESLFVIEHHYLARGLVTDDALNFISMAALVALTESANQIITWQMQFQ,0
TLENDMQFEEAMKRLEEVVQRLEEGDIPLEESIHLYQEGVTLSRICGQKLEAIEAKITQLVEEDGQLKQKAFRVEGEAMISFE,0
SVDTLIVIPNQNLFRIADEKTTLFSAGFIAHRASKNVVLKYFPELHFYLDDIFSPQDYIENLLWQIQEKEKSNRITPIVIPVVHTD,0
RLFSQFFTPRLSLSLNQMLGNLCRCMYDAFRPLVIRISHVEILSELCDILKYELAEEHLSDKGKSYISRSIQLFFRLVQTS,0
AVEEVKKDIIVKLIGAFMKLILLGAPGAGKGTVAKLLTKIDGSVQISTGDILRGAVAAGTELGKQAQAAMKAGDLVSDDLIMGIMEER,0
FTETIHADSVAKRPEHNRPEALKVSCGKCGNGLGHEFLNDGPKKGQS,0
NCPLKNGDLRTPVITIFDARGCKDHANKEYTGPKAGGADDEMCVKVAMQKIAVA,0
IRRGAAGGAKMSETATAYKLFRCLQCGFEYDEAIGWPDDGIEPGTRWDEIPEDWSCPDCGAAKVDFEMVEVDRMAKRD,0
DKGKEGSVTKVFLKTDRVIVEGVNKVKKHQKPTQAEPKGGIIEKEAAIHVSNVMLLDASKKKTIRASKRESNKKMAR,0
ASGPSYRGGRRQGKVTVKYDRKELRKRLNLEEWILEQLTRLYDCQEEEIPELEIDVDELLDMESDETRAARVKELLVDCYKPTEAFIS,0
DIGGWYEHDCRIEPLLTEAEWWAKLPDGDLYQRCPDCDGRGSISIMDGQGRETEHQCERCYHSGGYVKVERGSE,0
QKNYKHLFDVNDKSRGGSFYLQSKVYRALERIEEEMKQQREEEERKARRKADVTQEHPSQSEPFSGFLAVVIACCLSGFAG,0
ILGIVKQIKGGGLIIVELQNGTMIDCHVSGKIKKYNVHIILGDTVEVEISPYDLTKGRIVKRLLDPKPEESTEQKMVKKKETIQFE,0
LVLLIEEDHYLSPDFYYILKKMWNKKNEESPDCMVALASGGRARARSRQLPARDGGRKRTGERLPLPHCTGAQSKMDDDEFGGFEAAES,0
RRGGMKVLIFGKQASGKGTQAKLIAEKYRLVHIATGDIFREIRKEDSELGKKVRALIDGGKLVPDDVTTEIVMAKLKSLGKKGFILDG,0
FYDTVKNGGWGEIRARDAGNMVKRAIEIAEQQMAQNQNNRMKRREAVCAHRHFLGTGKPPHPLGRSIPVEPCPGLPAFAEVDLLSLLVPIK,0
HYEKRAKGVPKCPITGLPIGGMNKKVYRFGIKIRAPSRPYGGVYSHKVLARALRLAVRKMTEYKLVVVGAGGVGKSALTIQLIQNHFVDEY,0
GGCKPIFKGEYDSCPECGAEVRIKEVKMEVIEVVYEDGVFKPLKKIKLKEGTRGVVVVRLPKQISEIAKKYRIKVRED,0
GYEVKGTKTKEIISFVMEADSEDDAREKVDDMCQKLLCNPIIHNYAIKIIKMDLTCGSCGKMQSESVLIGTKPLHSYILAAFTKFNEN,0
TLVIWTVVWLKLLRDALLMREKEFSKSTHRLKVTKEMDIGTLLNRAHKVSTFDGKNLIVLDNGNLYDQAGRREVPV,0
IKILEANILKNFSTTEHDAPMNLSEELDSIYKEAIQKIGSSISEEDLDKNKNDFIGKKGKLTAVLKNVASLSIEEKKTQSDKKQTNF,0
EEAKKRGANPADVAKELVENFKDKISNFKLIDKVEAFGPYVNLFLNTSEVSKLILEEINENVLAKVLRKAPQMIAQELVEKIDTTNFEKVEAVGPY,0
EEKSSSQDKDSYTKTMLEKDTNTLARKMGEEAIETIVAAIGQSRGDAINESADLLYHWLLLIKKLDINPNEVYRELANRRKTSEMQFRYGTEEKS,0
GEKFKPIGRSGPDRTKALVLNNGESGIGARAKKAKKLRMLFNKSRYGARKIIYKLTNEKGVDKNIVENIVFDEIDDDFELELAE,0
SIELMEFVINVEDAFSISIPDEDVETLMTIGDLIDYLQKKLAKMDKDLIKRINELAKKKKTLGLNAEEQAEQKQLYAVYLAEIREQFDNT,0
PQHLRECKNMDIADIESRSSQELHEILVNLRKEFVNLVFQKKLAQCNNISRFSLIRKSIARILTTLNKRRREEKNAMS,0
DIPDEDVKSISIVEDAVKYIQDFINMGDVFPELKDNEKKIKAIIKEEEASFENTLAKGYERFRKAADAVKENGRAIL,0
IQLFNMLQRIYATAFWTKDELNEHLTRIEEAEKRDHRKLGTQLDLFSIREEVGAGLVLWHPNLSVVRQ,0
GSFVTHGTERLHMVSFSAIVFLSRNPSSRLQPTAFEMRQRNEKFAKDARSGKKPTHLSRQEKLAKRSPVNIWILGVI,0
QNSFSMCLLFFLEPCKKNQTSGSKTSMFLRSCIIRLKSLDLIHLALSNNLADLLVSRKSVQMPAKQRMSVANSVFSRNVL,0
SYTRFVQLCTECKNTVSWYMAEKRSFESEVKELEKIIKELEENSSNIDDAIDLHRKAEKKLKECEEILNEASQKIEMYKRDENMINQ,0
DKVLEKFGEEAVELILACKNKDKESIVYEAADLLYHFVVLLSKFDVKVEEVYDELRRRKKMPETDRIVIWPIYFDSRLSRNDGRRVSRRSAVK,0
DEYGRLHQVATVDSQSFLGSPINAFLLVKRLSSDWMDLENQRRTEELGAKVNRLKHLTLDMDKELKNQNNFLGSM,0
VTDKTRRVLLVEGESSMLVLSRKKGEKLLIGDEVEIIVIEVDGERVKLGIKAPKGVKILRTELIEEIKGENKAAFDLSLKAFEEI,0
NMLFIKNANNVKSLIKGECTLSVEIDGKEFIINGIKIAKRPEDRVGMKIQEMVDLIGEKVTILSYPDSSLLNKTGVIIDETYKTLV,0
LKAGVERLDEQVYVLARKLRMAQGDNQGLAITLLGKQHMIACPKGKEEELLAAANRLNDELNEFKQRAHTKSDDKVLLMVALNLCHQLLS,0
QVYKDCKSADVKSIISLLMLEAPCGTALTFEFDGSDEEIVAVEIQRLIADKFGEDNMLHIINKSCSQSLSFNECLKRAGLDDCILLIEDA,0
FAEKVKRMFSGNVVLVDETLTTESAERRRLEKDLAVARSDIEAAQRKLSSQSFLDRAPAPVVARNRDRLAAAS,0
KIVIHGATIEMLIIPIKDGENIDRALKRYKRKFDKTGVVRQLRKRQAFIKPSVINRAMIQKAAYVQNMREGLENM,0
LQPGDVLVFNETKVISAMIKKLNKKFLNKNDVTDVLSFDLGSKGEIIISVETAKKQALDVSHSIELEILYLIIHGILHLSGFDDI,0
GRRQGKVTVKYDRKELRKRLNLEEWILEQLTRLYDCQEEEIPELEIDVDELLDMESDETRAARVKELLVDCYKPTEAFISGL,0
SKTLPNTYFKVKLNDDSGREITAHLSGNMRRFRIKILVGDKVKVEFPQVNSELGRIVYRFKEDQCESALLSLALQCAKRRVVVKRNRRSPD,0
HYNRGFRQAVSVVVAMEKLRKMLVPCPQTFQDNDLSTLIPFMAIYNLYIFNKDGTCIFYREWKREKQSGLPRSEEYKLMFGMLISL,0
EGLESQIEVASRKLEDQKGVKGNPSEIDRLLSQIHTLQEKIKALEKRKSDPAKMISTSTESPLALIDLIQVFVEALDRMFENVCELDLI,0
IRESKKKRELAEMNLDDWRSRINDLDNQILRLLNQRAEAVLHVGDLKRRQGAPIYAPEREAEIFRRLTTTNSGPLT,0
ISSVFFLHMQQFESQVKDRFRFPIFRLERKTFGNSCYQVETLKVKCRPRHAKSCNLLTLLFKSRTQSVLVPNF,0
DKIDPSKFRINSTLVKDKKGNYVALFENEYAMRTAMEKNPDAKFQEMAPMMFCNQCEETVKGIGCTVKGVCGNEDAIAVYQDVLV,0
LSVADAMDVKVQVLNITNGNRLETYTIPGDRGSRVCCLNGAAARLTQVGDRIIVIAYADMTPEEAREHKPKVVVVDENNDPKTILEY,0
PDRIVLKKYDPIIRRHTEFREERMEVKVFRVSGYFEKDGRKFKFTKEYRALKEEHVKELVYSDIGSRHKVKRRKIFIKEIREIKPE,0
PALLEDGAEKTLFETFERVRGDLAAAWERRDYTESLALVARELKEPIDRFFDDVLVMADDEALRSNRLRLLKNIADAVTQV,0
VREQALMRVDALLRRIQSHLEDGPETAPAAAADASPDRRLEGEGRRLLHLGNRPLGAYLFTSPHWQRGPLETGLCRPVIPGQP,0
AAMQALIADNVIGDFRAPDVMRFGITPLFVNEADIIDPVDKLERILEEERFKDAEFQKRALVTMAQKKFEDMVER,0
FSEIASQDNGFRTLKEGSRVSFEIGESPKGKQALKIEIEETAMTKKKNNLKETFQDLDDILKQLESSDLDIDKMVELY,0
KGSKRKILSLISDEIIKMRQKSKMIVISNFPVYPKTIVEARPIGLLHMADGKHRDDKIIAVHHNDPRFKDFSSLKDVPDHMRLEIKHFFETYKA,0
TITVTAGAVRIVINGEQKVQEVNIDRDLVDSENLEKLEREIKSALEQAITKSQAIAANIAKGMGIGFMKKTCTFEDIKTMLIECANVN,0
KYNIFLDEERLRDIKTVGDVVSYVAELKGMLGSYGYSEIRLPIVEQTPLFKRAIGEVTDVVEKEMYTFEDRNGDSLTLRPEGTAGCVRAGIE,0
RGEVCPFTFIETKLKLEEMKSGEILRVIIDHEPAVRDVPRSVEQEGHEVLSVEKVGEKEWSILIKKKMSDVDDTIVDSIA,0
TMLPVSNEHHLEYATSINEVLLENNIRSSIDSSDERLSFKIRKHQTAKTSIEVIIGDKEIESKTVTFRRHGAEDSSTVTM,0
KLVIQETNNSKFGDYQTNFAMITSKDLRQAPKKTAEKIVENFKDSKVIDKIEAVSYMTKEEVLTKICDMVADQFSVNRDKVNGKLNFQNDLDADS,0
KSEALLPRPPAREIGVEVGNLSELATRLDELRDALKQLVESQNLKLALLMVTDVVRGNSRLVVQGNSRIIGALPYRRLDDETL,0
FTLTVKGEYSSYKDFPVVLYQIQTKYRDEARPRAGILRGREFIMKDSYSFDVVDDGLKTAYHLHREAYQRIFERLAVR,0
SINEIIKKKFANTINGYDPEEVDSFLDEIVDDIKKYLDTINQLEEENKNLKKLLKGEMAKEEMLEFEGVVDEVLPDARCRVKLDNGHEVIAYTSG,0
LFFVEINVCLSFFFLFYFIFVLFFAAEVRNNDFMEDFDDLVNRVTPDRPRGWNHLGCDIKKLSQVKS,0
DETTNTLLVATGEGKGVKQVPKTAATFRFRLDGETRGATRVVVDGDRLVARPARRTETKGDSLWQMTKSNLSDFLVLVTI,0
FDDPESLGFASSGIMTAKMAEPLYFRIWSSLNIICLMVTFLNVQLSKTPIVLMPLFIALLKNNRKRETKKQTISVLVQKR,0
PNWNVKMGDIRPLTGSNGEIRFDNNYFKMSSLKIKLVKGRAGKDKRQLATLDALDLTRKDKVVIKPDNPQIRGMIRTVHHLVEWEEI,0
QKQAEETAAFEEVMKDLSITDKIKPVVVEKKIIINFMVPRRARIKISNRIFLQFKHERLLDLLEKEKSVLQEKIKEALEEQKKQHKDALERCVAE,0
KISLDDENGQWKKNNQSKLIEESKKLVIDTEQRLTKAIDELEKIKCMASSASQSYQREEQNDRRLQELSTKISLLRNVTNDIYAEAQD,0
RKDIEKLRQSSVVMLIGQKVRIKYSKSKIANDIAVRVGDIGVIRGIKFINNQCVTIIVEFENHTRLWMFREEL,0
VETLENGDLDLEKALKIYKGAVADVDSCRKALETAELEIRRLEKTDSGDFVKEAIDDMSSTITTEKLFEAVTALLEEIAEVPADTVTRESHFRDDLD,0
LAPARFPSVSSSRSKFYIQEPPHGSPNWLKVGLTLGTSVFLWIYLIKQHNEDVLEYKRRNGLEMAANATTNPSQLLPLELVDKCIGSRIHIV,0
KHYLRVMEKVVNGSEEYLQKETKRLEAILKKRSLSPSKLDEIKIKANILRSFAEQKEEEAEDTIRKDTAELMAPTSNI,0
VITPGARTRGTRRIITGEATQEDYYTGDHYATFSLIDQTCMNKRPLIEQALKRVNNRYELVHAAAKLAKDLYETGAESYVTEEGIPLK,0
NEVFQALMHGTRPSLADITLILEEIPEIIDLHCDEQFDSSEEENNHQLTEPAVQAYGVVTTCCKCGRAVRLVVECGPEDIR,0
TAKAIRTAVFAAGVQSSKKVQFEIFDMAACFVCNKKAVYGKSVTFSAERNSRVFKPNLQSVKIRMPDGSTKRVMVCTKCL,0
KADLEQQRSQWEDAVKSMLSKFEQVTEAMLILSRRASEKVTIGNDITVTVCRVKHDQVKLGIDAPTGVVVMRDDAVAQAPK,0
DTDNTDLPIEENTDHADPPIEESTPTAEEPPTYNLRPQRRVDYKPFYFLTTNATCLKRLMAKKLRGQGTERVLKKLHTNIELGQYY,0
MARKKIDSGEVTFERALNELEAIVRLMEEGNLDLDDALAKFEKGIALSRICSKKLAQAEQKIDILLSSETGEVILKP,0
TELLRIGDDIAIHVLRILGSSVRLGIDAPRDIPVHREEVYRRIRAGSGRRSTPGSLPGVGSHRAVDLSALPGFRMLNRPTPSPA,0
QNIKIYNHLKVHEIIYKTEELLNISDNRYKITIQIANRAKRKKYEDLDIIDDPTIKPIIRSILEMVDEITQPEIISDMSSINYPFVTEKAM,0
ADEARNIAEESCKKVLVNAVMETADISVAELAMRTLSGFLNPGNPKKKIDLCIDFSLLRDLNYYTGFVFQGYLQGSPDPVL,0
DSIDIIDLIVTLNNMLKLNVSAADFKDKRTLSEILDVICNAVMALTPEDVVNKRFQPTKFREGYDQDEVDDFLDEVVVEL,0
IVCASEEQSDNRLPNIDFGLDRGHSGRMTAEYLMGLAAANDPNGPGRRRRSPIVREEILRHPMFLLQFAQRVKDL,0
PPTYNLRPQRRVDYKPFYFLTTNATCLKRLMAKKLRGQGTERVLKKLHTNIELGQYYEAHQQYRTLYFRHLSQKKYGD,0
IVEYKCCHDSPLCNKFMPSIKVRENEPFDIALRRFRRICDRAGVITDVRKKEFFEKPTWV,0
QIRHKCCVPPPKYFFFVFPKGYRMPMNPSRNPGHGDKPFEERKLVGKYIFPNKDDPR,0
CAKKLDEAERKVEVL,0
CRDRLERANSEL,0
QLSSGGKNLSKEEEEELKRLTREDEERKRRVAGPSVGGVNLLEGGTRGAPGGGFVPSMQGVPESPFSRTGEGL,0
SILGVVLTGMGGDGALGAVKIADAGGSVFAQDEKSSIVWGMPGAAMEAGACVEALDLEKLGHRIGNLLLVKGKKDEMEISF,0
RNCWDALHHHVVSSGSSFGSGGGSGSGIGAPDGNMHQFYINDAPSLKIAPINLWV,0
QDKEGIPPDQQRLIFAGKQLEDGRTLSDYNIQKESTLHLVLRLRGGVIEPSLRILAQ,0
VVRVMEFTAEQLSQYNGTDESKPIYVAIKGRVFDVTTGKSFYGSGGDYSMFAGKDASRALGKMSKNEEDVSPSLEGLTE,0
LISPQQTEHALSTGTTTLIGGSLGPTFEVATGGPRNLGLFLKAGEYTPMNYVPFGRGSSDPAAV,0
LTADSLHFKGTGGVDAKPHEVTLHFLHPIKDQAGDSDDEGGLLSLVMVLGAASTRQFLHGRVDPFHASTEES,0
IKESIIKLESFDISLDDSITEYEKAIKLIKEAEKKLKEVEGKLEVIKINVEKEMPLYPEYAKAIESDTADIKNSGGRQGG,0
QNAVVSAMEKHQVQWLIHGHTHRPAVHELIANQQPAFRVVLGCLAYGRFNGKSHGGMKGESTEALLPNMVATSLAKLPIP,0
TPKEEGGTFLPTAMLCIPCHKQIHALYTNQELAVRLNGMAELRSDPELARFVKWIRKQP,0
RVMPGAEGHLILVDQTGGTIHASPGLSHQSSTMGVFLTRTGRIMRLWVVREVRLGEQQYR,0
AAAALACTGASDVDAARTDGASEGGFTRMTLQAVVIGTSAGGVQALSQVLPRLPADFPAPVLVVVHVPPKQS,0
LARAVADLPALVEYALPFCRPGGWFVAQKGETGAGEAWNAGKALELLGGELRRVLHVELSGLPED,0
EAIRTDAEGRAAGTAPFNAGNDFWDEAVNRNSGTDQPLDWAGSLKGEGLGTTLFSAREGGDMTALCGLPRIGVCELMRQA,0
LGYSVTEAKVQETKQALEDGADEIDMVVNISDVKMQGYDFYVLNQEHNVTLQIGGSDQWGNMTAGTE,0
GILKDHPDWVNSPCNEKSPLQLAVHGGFMDVTKFLIAAGADLDMTDEDGDTALMFAIYGMGIIFVLAMIRQFGA,0
RVGLRSASLAGEAGGLSGKPLFERSTAVLARMRKLLGSQVTIVGVGGVDSAETALEKIRAGIADYERGVARFAA,0
GMIAAPPAQQQIMGERWRLGQKQQTQAPPGMLTPPPRPFLAQASLQGGISRIKIQYVSDHVKRLQPVPLPPPV,0
DFASIYSDLISNIQPRIQIIGKPENLKQIDNQKRIRALLLAAIRNTILWKQSGGI,0
ATNAKSIMGLMALGLKKDSEFTIRAEGDDAETAVETLATLVNNKFNLHPRLSLNTGGSVLIISRFTLSADTSRC,0
ALRDCLPNEVELSTKNVSIAIVGKGQDFIIYDDDDVAPYYVMEVEQQPADPSAGGPPAFDAFLQT,0
EELDSLVNQMESDQLPLEELISHYERGAKLLSECETTLTSAKKRLETIKNGGTKGSTKT,0
VLAFLGVMSLKAPARATTAAPGTGIKDDMIPGSGGGNRASEETLGIDKWVVFGGSWGSTLALAYVETYPGR,0
LTRETMQDDNTTNFSEVLKRVEPEAVSLVSANTKNEIMQQIKAFLCDILDTQVFGSGGITNGK,0
LAICFMLYIPLSADGHSLDIVHQVPEGHVGVYWRGGALLKTVTSQGSTLRCLMHETCSIQCLREMLYVQIGG,0
QRINDYVGGFKSNMNIGTAMTFADAIGCSIEELYVWNFKERRQLTKMFLRLIDDNGIV,0
WADLLIDLSLPGYEFEAMLTYEDGITYDLIDRLAKRQSKMHQDVLEDIGGY,0
TCSSYAIQAINLHGSVKGSWLAVKRILKCHPLHSGGNDPVPEKLTHINHQHEKMKVIDI,0
EALMSRIVRDKKLGVKASGGIRSLADLRRMVQAGATRIGTSSGIKILQEAAGQAVTGEAARYMPLIERLVALST,0
AFHLSSLSLMSGSIYIIHNSIKAPAKRVMTKDEHARLFDGLYNERFNDFWEVNERLMSFKSPIGGDEFG,0
PDGGGRDIFVHASGLVGPATELREGQRLSFDVEQAAKGPRAINARVIKMPTRYREQLL,0
KAHMADEALFLLLHNEMVSGVYKSAEQGEVGIYVLQDNKFRLLTQMSSGKQYLEHASKYLAFTCGLIRGGLSNLGIKSIVTAE,0
TATGGASALKIYVKKPEVSRAVAARTHYNCPYDDPVPMSPSTGNDSCEVLKITVYRETVYVRLDEVDFLME,0
PTTKEQKAFEKNLFNKTHRANAEIIMLDGLTCVYKSYIDLFFYVMGSSHENEVIFIELLSYIIEMASRGGVMVTGTN,0
LALGAPGYYACLLYCSLGLSYFLVKTLRLRLLTGGEAKRHLTIQEGLISRQEKEIE,0
STPSASDQVNWFRNSSPYINAHRGRTFVVLLGGEVLDTPRLPTLVHDLALLNALGVKLVLVHGARPQIS,0
LSVAAFFDFEEVRGRERATRSETAKAVCRGCPVRVQCLEHALAVEDFGVWGGTTASERELLRSRRQVADAS,0
VKKIEETPYEELSNEFANSDEFGDSEDDEEYMLVVVESVADADKLIRGTGTHITSLNVGGTKPREGTKPYGKAVNLTEG,0
VGGGDSAAAIRILGVDEKCFDHISTGGGASLEFLEGKELPGLAVLAAASTDMDDTKENEMKVASL,0
CKRVAEAHIGERLAARGGDARISGKQALYIWAMKIALDAMGGDFGPSHLVPGAVMALREYPHISKLFLVGDTAQIEA,0
VSLTEQHSPIVSWKDMNDPQRAIIIILDGVGIGELPDAGEFGDRGSNTLGNLAEAVGGVYLPNLEKLGLGNIVPIKG,0
QAVRVDPGVFDRRDVQALQTAIAEAVQTAADNAGKLATQKMGPVEITLHMTHDHFQGG,0
TCGIKCGHKILITLEGEDAEHALAAISEGIVGGLGEMRVSDFRFDLPESLIAHYPHPQRSGCRLLSLEGKTGNL,0
RNQDGGTVEACGNAARCIGRLILDETGKDAVMKISDFDFHLPPNLIAQEPYNPRD,0
VLAGPGQLIVRLAAEGMRPAESIRLTPMSSQNWQYIDQLVYWGGSAGEGLIVPPTADVIDAAH,0
EKLKSPVADLNNAPGRKAHPIMGGLFVGVFAEDTPWAHLDIAGTSWADQAGPLHEK,0
QVQQLAERILLDSTDPPVEQDLDAAIADLQKLQLNNLPEPPVDFSMHYRDEIVLLIAGVLIGG,0
LQGLVCAGMADMTRPAEKLSTAQSAVLMATGLIWSRYSLVIIPKNWSLFAVNFFVGCAGGSQLFRIWRYNQEL,0
KAAGGVHTLEQCQQLIEAGATALGTSSGPQLMQALRTPIASGNGRIDGMDIIQELYGIILGRREKSGQGSYTS,0
TAELARENERQNLVARATLETVWQRHIADSAQLLEWGGEGSSWLDLGGMERGIMLIRSQLEDVLKKRGVAVIQA,0
KWFNINKGYGFIKRDLGGDIFVHYSSVICEESECHLEEGNKGIFHHSRRPE,0
KQAEETAAFEKIMREVMGATRSSHGLDNAQGYGAQYDSAYISQAANGAYPKHQLSMPSLGSYRGGSLPNVNQMSMILHTV,0
GIEVKYFMEDAPKKFFRLAPGKEVRLRNSYVIRCDDVIKDDAGEIIELHCSVDFDTLGKNPEGRKVKGVIHW,0
GRPLDYIGYYNPMVDPAEVKIDTEKVQKWLERGAEPTDTVRALLKKNAQMSRTCQITRKKPMNGNKRSHAM,0
GIQRVAIMEGKKYSKGFMEDGDIGVQYMGRRKSKRKPPPKRKAIEPLDQQFNCPFCNHEKSCEVKMDRAKNTAM,0
PMSQKQLPPVKVRDPTTGKEVELTPIKVWKLSPRGRRGVKIGLFKSPETGKYFRAKVPDDYPETGTICYNHLT,0
DVLFKLDEDPRKGRQTISQIKVVDMQWKFDNKNNMDSVTEVKIKTKWKINNKKNKDMIADPPYPHGTLDWQAQALCRRTTP,0
RSSRHGAEGPDTTRRGSCCSSSSSCCRPSTPRHPHNHECKRQLLLLGALLGLPSNTMKYVLVQKKKKKMTLTKSAVLILVLLLAFDNFADV,0
HPELKDILESDSHLDVEDIVNVLLSNNLLVCCDRVVKTVRPRKRKLSTWLAHLEI,0
DKPEDATVDGEVFITRCRSEIGEIRRVRITHAYEYDLSGEGIAMSNMFCFQCQQTSGNKGCVRTGVCRKQPETANLQDDLI,0
KCCKPVSCGMCKKTENTLIDYKGNPISLADEFTVLTDTESEEEGMADLEKPLLEKVQTTLVAKCDTEAEKKLPCKSKKMEFFWTVLKSNDSIF,0
QMVDKSQKMDTTVKDKIYQIIARQL,0
DCRDGYYEADLCPDRSIHSFQ,0
KRHLRGIVNVHEGDMGSIAKMLPSAGLMYKITATIE,0
NKSSSKGKNNIETEEAEDSAGRGSTYGFGPYGGGGFSSKSSGEE,0
VDPFDIADEDLPFMLRVDIITLFPDLFTL,0
EEEIEVEVEAEPPALQPYRVDVPCGVCS,0
RQLEEEAIEKFNQPFKKMLAAIAEKRAGMSELVEI,0
VMVVMSDMRKGFNESLEAERAIM,0
ESTSYNGCIENLDCKFRKSF,0
AACKRLTEAGIRVSLFVDARADQID,0
FFNDPSAGSPTETLLRLLVPLNDQVC,0
KLKQQVLDPQGEAIRRVLAGLGYSEVEQV,0
ESILEHFGKQNEPSCHITRGAL,0
RFTTYAIKGDRNSGVICIN,0
VREFGLWHLEPEQITQGFGRIPMRCKYL,0
EDGDMFGDDLLAFESLLPDDMKIMFP,0
EGRRLAKYIQQNRVVRSTILA,0
LTIKKRFKSLEEFEREQQIEQIY,0
KRQKMEQIDVKILDRDYRLAVSGDTKP,0
EPQPVMRKRGREPTAEGMDGPI,0
EQIKHHITRMGAVCNVYDQ,0
KPSIKRREEKLKAIYKQHLQQQANGM,0
VTRRLFQKQLKENPPINEKMIRAM,0
KRQGDEEAANYYFSKYITAGDNWI,0
WNHSYLYAGHAYYKPEPYRDRANKW,0
RRYQSKENRTMAKNDFIQMLI,0
EWNRDLQLKRVQLKQEDGSLCLVQF,0
DHQDRQVYRDRPYAVSVPCKSCRQ,0
DIADLKMAVSFSQFNRRFLN,0
EEKMKRLTEITSRLENEQLSLEEASKLYAEGMQIS,0
SFPACIVFLFQMSQRQRSFNANLRVFK,0
AQELKKMQNTLSKKQKEFEEKVF,0
VAIKVLRKNPLEDPTQDQIV,0
EAARPREDADRDVETQARENAYDLE,0
VRYCQTKLAQVEQKLQVLDA,0
HQKNVFNQSRLKVGARVVFNAENSEK,0
CRETVSNFLNDTPHLAGVYSVNLIYHH,0
ILEHFDRIGLTRRIGNDR,0
QRFMDRLDKYLTRADDRAL,0
ELITLRDFKFDERFAQYCSNDIK,0
GVDDMTGEALVQRDDDTEETVRNRLNIYYKHTSPL,0
IDGRLIESPAPGIISRASSVAQVVNALQERKFLV,0
FASPEDLASAPALAELLRRECVG,0
GIWGGATERDRRRIL,0
STRMPPKIHPSLSTGYFVSLDTMPP,0
IWLCRQCFREISRGMGF,0
VLRPAQVVLKSSPHARAKEKKMIEI,0
QLSEYQTSVSQVAVTPPPKPETPQIFEYQTSDSIVN,0
TADLDAVAAAGGYDDTDAMVEEAVRELLRRRPEL,0
RKGKNVLVSGTRDMSCNMPLVEQLL,0
LHKLPEKLRRYVLRGEDEIAPGLL,0
SWTHNIAKEKEFLRKLV,0
VEKKTGELVRPHRAHKGADGALYYKGKQI,0
KSFKPHCYEEKKLMLQQKLFEKGIN,0
DSLDAVDLVVALEKALKVQIPETVAREMRT,0
RWMNFQLKKAGYKRIVTNFSTDVKV,0
CSNALKDCSTRVKEIFSENIKKIGEMSVI,0
RLKDRHMSDPDLELRKQIQSHLIQ,0
KEETGEFKGMRVELIGHLKSVVDKDALEVRVEG,0
LAPDASARAIKLNNNDKVISYDEFVTLSLSTNQS,0
LLHKSGASDYSIHLDRETNTLFGVLTRPADHTMASLPEHPVVKKWWAHMADIMATNPDNSPVQSEL,0
DEREPMNDYHVCSLVVYVSAEHAESVKKTIESLKGAEVPVSNEVGKMVVVLEGDSKDGLVERFEKIKTMPGVITVTLVYHQ,0
VDLCEKYEKIINWFMADKQMTSLEEKLSELEKLTVQLEDGKLPIDEAIAVYSRGMELAVSCKQSLDSLSQRIQIAKKN,0
DPRCVDTGLTDDVPTNLVSAGLSYSQLIAGAIRGALEAVHFKVYASATDSGANTEKKVQVLVATIAFGMGIDCKGVH,0
MSATKKPVDKHSAVTREMMVSNKLGIHARPAAMFVKTANRFECDIYIEKDGEKVNGKSIMGLMMLAAGPGSKLTVRAEGED,0
QYNEDNFKEDETESSGPTGPDEGEICALLNQGRYIEALKLVLGNAPVGSTNQQVKDNALAITLMAKFGSFFDEIREALKP,0
PLGSNWNEFEQQIFNEEEIRESNLRVALIKELITSRQQLGISQKQLETLSGVKQPMIARIEKGQTNP,0
IAEYIVSEFDNQKLRLFKMEDVSMGMWVQKFDKTRQPVEYSHDVKFFQAGCFDGYYTAHYMLSSDHSPSTPDLKL,0
ASRIESDCLVVFTAIEAGDTPTFVTHATTDITDRDRQLGVSDVVIYPYVHLTETPNGRQGNFMQKQIEIFTDGSC,0
YPGMAETDPKTVQDVTTMVHTLLHQMQDKFQTMSDQIIGQIDDISSSIDLEKNIADLKTQARVEETEGENKIPPICNTMD,0
RYAHYAFGLVDIKSGVLEWLRYSTFYVLYPFGAGSEAAVMFLAFRMEFTIHVGTLTGQVISLNVFSHFTIGDIK,0
RYVDEDGNPVEDQKAGHSVKSDGLSGKLSMTWRNRAACRPNANGFNPLVHEPNVIVAEAFFEPAS,0
VGDRVRVTSSVVVYHHPEHKKTAFDLQGMEGEVAAVLTEWQGRPISANLPVLVKFEQRFKAHFRPD,0
KRLGIPDSQIILMLADDMACNPRNPRPASVFNNAYQHINVYGDNVEVDYRGYEVRNNSETLDECKDNYCLSDTRQ,0
EEGRAVFNLEESIAATLKIEDHTCHYMRGLLAGFTQETTKKELECIEEKCMSMGAKTCQFLIKPRNEFNPTSELTK,0
MSEEMINEAVEVAAEAIDRFEGEYKDIAAYVKKTFDKKYEQSWQCICGKDFGRLTKIRQIMPQPMQTKEKV,0
GKMSALYIDIAKKNDTTSSPCMLKGTIKSYNEKNAFGFIDQDDEEEDLFFFKDAVRSDQIYQIAAG,0
NTNPNCVLKDANGNIAHWALAEVVDLYGNYMRYEYAVSMAKARKDAGFKFEKALERIERIVERLESGEAELEQALSLHQEASELMA,0
NETVQNEIVPVLPFYALIVLACFLGARLGYMILTFNDVPQEYESLQKEIEQAKTELRKANVDVDYQDQEGYENFKELLE,0
ARGQLNQAFAAKEAELFAVEERAKLAASGIHTAQDVIKMVMAGADVTMMCSALLKNGPQHIAQVLSDLHHWMLEHEYISIQQMKG,0
VYLYVDIDQAEMAVEKLKKLHYVKRVSLSQRPNIDMDFGARVGKPEEMITQKTDSEELDDLFIAALGEKAKT,0
VSLDRVKRGRGPIVVTTVGATLVVVLSSSLYSMAKIQQRTLEAGILNPTDQVLMSKHMLEASL,0
CREQPNIVDGLPAAVLTYCQVWKIPAVFYMLKFMCFFPILSFFSTNVVMNYSEIESKVREATNDDPWGPSGQLMGEIA,0
LANKISTFKDIANEINGYAQEDSTTLNTMSGTMTRLSDEIKHGAHKLKRVVNSNPKMTRMVAI,0
GLFSNEMLKDTNMVVIEAQVDMPVVGAITLYVSLLTFTLRVHPDRLDYVDQVLVEALFELIKGLIGDMDETQDDEVSI,0
PAEPLQKLLDLYEEGVNYLNICKQRLSEAEAKVSILDQKLQEQNQTEPMTKEVKTTRNLKVIEQSGYRYQATPTVML,0
VYRAKMKEPVWRELKQWPLHSLPSQVSDWLLEPGSLTRRMKESFQAPFGVQLIEQGLAKPTLADIPVANKNKK,0
EAEALAVANAYRVLETMDDEWMLKNLAKLDQTEMDKVNVDLAAAGVAFKERYNMPVIAEAVEREQPEH,0
DKMLSKSIIRFTIDDSEIIDGQGVQQRPENRIHMNWRMNMTPESLVRHELAGLDVEVA,0
QAIESLKSGVVLLLNLKRFETQSAQRIADYTAGSACAISAHHIEISKDLFLLAPEHCKI,0
MLEDLDYKREVLNKLVEKYTPQFAGKALPDNMIKGTAVIEIDIVECTGKYHKGTGLTPTVDDVREAHAFMRDEL,0
QIMDALAHRHQPRPDQKMEGFEEKLERLENIAELMRDSQVPLDEAMKLFDEGLTIAQQVEKELR,0
EILKEETLQSLVDHDVQTNSVRKQRSHSRNLLKIKCGLEFLKVLFEQVELTQYVPLIHWLLMSLDLQV,0
KYAVKLEEKEMKSITTLRKVHDLLASKLEKMLHIIKTQSAIAGAMSYVSDNDAILLVEDAVYVSNTEH,0
DLEEPNRPLNIFLPESRLVLLDSKAKKATFLQHIIEQLELSHAEIVVGRAEEIAHQPLFRQIFTLVVSRAV,0
DNKEVKKKSDLKKSSMPITDVILVVFSILVIIAAVYLFLFWYLSQEPESVTAESKDLMAKFEEG,0
LFQLLFLHTSNANTIIGNDRTYSRTFNNYQYNDIMVSWAGSASEGIIVPPAKNETEKAHINGTKILGNIFL,0
ILGMMQVTKRIPFEDENVLNLVRAVYIGSNVLIAALYFYIQLQINKKKGKENISSPFVRGAVDPE,0
YKDMVETKRGMKLDYTKAPKLFYHPLYNIHLILNNMSKIKSFIELYIHQRVIIVKLIAIVNERICILSLD,0
TALEEIVRKLEEGEIDLDGAIEAYARGAALKRHCEGKLRQAEQRISRIAVGPDGSLSASVSEDDGTDTMSQKKP,0
SLLTDFCIGFHSTQGWELMIGSVYKDFGFTPNDQILSCLVSIFPVILDTIFKYSIFRY,0
LMAIGYRLATFNDCNEASQELQQEVKLARADLSAKGFKFMDSALEDYQHSVVVGDQCIKITGQSLDLVQ,0
FLKGKNWKTELTEAQSYWTFKSDVTPSVSDSDGVILSVSEVRRVMNRPSLLQRICEIITQITGQA,0
VAPSATLTDWLKNQQASEGFFVLDNCELSDTHEMNSAYKYEDGIERLEYIAEQLEKGDLTLEEALTFFEEGINLIKT,0
AFEDEYDIEIKDKDIRQLHTVQDIDKYIEAHAMRKKIAAGNWKMNNTPEASVALVADLKNLAEKEGIGNATVI,0
ILTELQSGSARIDELGTRVQRAAELIAFCRQKLRDTEAQVENLFPPTMSGSNPISREAVSVAVAEANQAIEAA,0
IRHVAKLARLDIAETDINAFVSQIGEILDYVDTLNQVATENVEPMAHAISLTNAFREDTVREAGPV,0
DFKKIAYTKAELVDKQKNTAMLVILAESAAVVSESPSDLCQTKQEEAFINRLPPQQIEKSPWSNKYDPPLEDGAMP,0
LQSNGMQIDMATLATADTLLLIENAVLSALEVATAAPCPVFMLAADARARGLIAKSGAGAEATGATPQIDYEHMVQLS,0
TIVRDEIVGIMGRIGYVVAEGPEVEDDWHNFTALAMPEMDERQAPEVASLSFEDAFQELDATVLRLEAGDLTIEGALALFE,0
TSQLILRFKFNDVQFLRALGEKIGPEVIHQTEPHETLSVMTLHILQTRQSLQRALPAIAAEDCLLLLADACYLALSD,0
HPLADYLRLLAGVCQAQQQVLDNPPASAPLDPARTRECFKHAMPPLAADTLVMINMLAFLGQKVNYEVNYGYIPN,0
YKEIAILKKLEHPNVVKLCDVRTDTVRIVDMAGEIVEPWDDNIHQTYKQENVIGKGAYGVVYTVT,0
LLSSLLKALDHGDGKSASSYMPQVTVTIAGKTYRMACGEGEERHLEGLAASFDARIGDMRKAFGEIGDMRLHVMAAL,0
AAGTESFSTDAMPSACVAFSPLSPDPASCLGAHATAGNHHVPVLRLSGLWLEQLGFAIGSKVRITVRTGEVVVSVVEGDAGST,0
LGLLGVNDLTQACPKVSFEPIPIHYCAPAGFAILKCKDKIQWDRNMPECQHSTMHTWNQTSSINSTAVKWQ,0
EFKIEVIDIDFNNIKTVEQFINIITKLIKMTLKKDEFTIDMIIGLKVFDLQGEFIGTINDAFHTKANDV,0
WVPPIEQAQAADQEPQFVHACNGFLMLCMEKKDKQMAKSKGKLPEEMAFEEAFQELKDLVEKLESQNLQLEEG,0
PKISDDIAESPEGVRAVRPLVQRPSAAVTPAGEMEPAVVKWFNRTKGYGFVVRHAAEGDIFVHVETLRRNG,0
NEVVKRLKASNIRAEVCHGERLPKLIRNAEKQKIPLMAVVGPKEFETQSVTVRSRFAGELGAMTIDDFMS,0
GFVKNLNDGRVEIVAFFNTKEQIKKFENLLKNGNRYSNIENIEKKTLDEKYPFQFNNFKIYYMKNTIVQQ,0
TEHNLENVTKKCSSSEKRCSNLTAEVSDLTQKLSVLKEKAQKQDVTVETLQSELDQEVTRLEAELALVKEAELVAIQAQKD,0
DMGDDTACMNCEGEMSDDEGISIYDEVEIEDMTFDEAMGVYQFPCPCGDKFQITLEDLLDEQDI,0
ITWEMLSEKLLEALNNQINFEFYSSYIYLAMASYAESEDLAGFANFFRVQAQEEIFHAMKFYDYVNQMG,0
PAARGSHVSFAFEHGYAAMQALIADNVIGDFRAPDVMRFGITPLFVNEADIIDPVDKLERILEEERFKDAEFQK,0
LITHVKLSSDWYMGQGKLMPMATTIEVADYTNIMPITVSITVYLGVSIGIDTSTTGFTCFSRYMSMRLVVVLLPLGIALGW,0
TRSNWQQRNTKFFPSINLSGDWLQDAGFNIGQAVAVEISQGQLIIKALMREANMAGKKTSISKMSFEDAL,0
KDITSEMFEEKSGYEVKKYKLRVLYVPPEPAIASPDEGRIQGVARVGSGPSLHPMHRSDYAERQLRIMQ,0
SPPPAIHLKGQWLKAVGFETGFTFTVKILNGCLVLIPYSEDTRAMKVQAIILPVLPTNLEYAGEIYNWLQAKG,0
ALALFEEGIQHIRHARELLRQARLRVEQLQVEEDGTVVLEPMVRGESMTTKKASQKDLSKAFSKLEKIAEEFEKGEVDL,0
LGCINHAVLMPSKSQKRLLKLLSQEFHWQLKPELDEDWYTLYARYIFARHRHGSMYPP,0
MIQNDSTKLEQMVEIFERGTYLSKYCKNKLEDIDEKISLLVKENNIIEEKEISDMRSLPILAR,0
REAQAQGLTGWVCNCEDGAVELVATGTAQQHAKLAAWLACGPPMARVDRVIQTDEPLVLFDGFDIHYMSLQEQFDQAASN,0
QILTDALFNHEHLPAHSEWTEGPNDPMQKLKKQLADKEKALADELEASKALKAKVQELMALYLATLYVTATRTALNTLDLLAFS,0
IDSVLNAMPNQIEKLEANIATIQQQMSQLDFYQKSQQEIAKVQKQLEDLNHDLEQKYLLWEELLELEMTFEENLKQ,0
IPMPANNVTKEEATRLVKWVLSLKQIDYKMNSHFASAHTPFYINTKEARYLVLKAVKVCDVRTVECEGSKAMSEKFNF,0
QEMHSAKGNNGNAEGVVISHAGSGSILDGLRIAVPLIVVPNPSLLNNHQIALAEELASMGYVVHGKLAMSSSRLFRNDSEEEL,0
YLLENKHLFYQYFKISNTCIDHLEQLINVNFFSSDRTSFCECNRFPMKVFSFTIGLVVIISLFAFALAYDEETD,0
LKTQLKSANKSGAQLALIIGEDEWKDHQVTVKNMSDGSQTRVEWQELIEQISELITPQGVINEMYKL,0
LDRLRFVKEGRVALTGETPVYRTWVKWVETEYHIYIVETSDDEDMCICVNCDLLVFCSLYQTIEILHKE,0
ALEMRHAAPSLNPVCGALHEVPHATLLGEAGKPLPLSLLTSWTDLHGRLDRMQITTGMEATYLYEQDGKILTSD,0
LDESLSPLKEAAVQSEVTLSLDEIVPGLMNPDKSKRYDRKLMYAQNSSQKTNCQVQNTDMDQQMQQYTIDLVTRALNRN,0
VARIEAGVRGMALDVAELLVVTDYFVICTGNTDQQVRAIADEIEEQLRVKCKIKPIGREGEAEGKWVLL,0
KNLATGEQETLQQADIAVHLAKLLTMSNKDFNTLYRELEKKVELLEKGELPLEEAVKTYTEGQELIKLLNEKLNKAREQMV,0
VIVVVHRNDDIEEKWIVTPENISFTKGKIMRQIKFQEKYFDSFIIMMKFEEAYKRLNEISAEMEN,0
HISSLVVQYRPDTQQSVLAALSAIEGAEVHAQTPLHKLVVTLESTNGPAIQAKVDDIRGIPGVLSTVLV,0
SAVLQRGPQALKEILAGIERWMEVREYESVAQLKGSMSQQNLPDPSAFARAAYLNALNSFTPPIGVRYSEQNPLA,0
QKLVVVISNIESGEVLERWQFDIECDKSARDDSAPREKSHKAIQDEIRSVIRQITATVTFLPLLEASCKYFMK,0
LKHLLAHPRPPATCAKLDLHGRNIAGVPGIPRAMEYLKLLGSEQLSTELVILKYRIALSTEPVEWLLIDPELPLVAEY,0
RSLEQAIPKLSSAVVSATTLAARGLMTEAPHVVAEGTVLSFARGHRLQHDRVRDVWIVQAPEKAFVVEGA,0
TQSHPLCGTSLEPTPMCKRVVQQCYLEPHHQTLRSPGKLSLDSFTSLTSLHASSACTSPRWSGTCYMTNQYPPQQ,0
NSVKEIEGDKVEEESCNGIGEEECLIRRSLVLHTDYIYTQNHKPMGIPNLTKGDAMRAAKHYRQLLSIDFNIE,0
DGSVHQFRAFDYDDMSTVNFDMDSVEAWRQKKIVEQLESAKGNGTSCITIIVPPNYQMS,0
NIHEFMNMGKIFQQVQQMQNKLNDVREKLEKREFEGHSGSGALKLMLTGKSELSSITIDPSLLKSEDKEMLEDLLA,0
DEEYVSKHLDELILNNDLNRFILMNNAKMWLVVKPTVGIPLFLVACAIASFLVHLMLVLTTGW,0
PNGLPTASASSAASNTTATCQESKNNQMHSKYPTTKYTKFSITKQAKSDRVESPACKLLEVEHLESDAKSGLLNLTRY,0
IFLSALSIVGERENIRKMYIFGRDVLLKIEGYNYRNGEPTDFRYTVTIFGRHPYGSQFNIP,0
ELSDSPPEDMEARAEKMCRDLLANPVIEDFRIELPGAPDAPVAPDERMENSSEKLTFKEAFEQLQKIVEQLESETVELE,0
NNEIIVNLKNDISISGILKNVDPFLNIKIENVIAISTNEFIKINKSITNIQLCSIRGSAIKSVELKKNGLE,0
REIATYIKLKFDSYYQEYWQCIVGKHFDCSLEFELSRYILLRAKDTFILLFRYNMMNYSIEMDKAKALFAQK,0
VGLMKLGTVKFYDKEKGFGFITSSNGYFELRVYAHGVVDQIESNNIVQFDVEQTKLGVEAVKVTV,0
AGLMKQASQMQSKMEEAQKNLANLTVDGSAGAGLVTLQLTGKGEMRSLKIDPKLADPNEMEMLQDLIVAAYTDAKNKAEAMGNLADQLAAKFG,0
VALFAVAAAFVSADVVTEVDTQSTLVTITDCDSTVTDCPARQTEAPVSSAPVSSSAAANTTVAGVSTYEGAAAK,0
RRLKAHQMLSHTWTKTETSLTMEVSKSMADQLEEVNSLPTTLMPRHSIVDPSYRPSIYMKNLLLTFLVVTIVCLDLG,0
SGEWDRIKSSFKAKLNETGWTDDFQDISKETARDMDPISFRDLLNELSPRAHTTIPLP,0
VADTGDIEAIKRYQPLDATTNPSLLYKAAQMEQYAPLVQDALATTPSIDAACDKLGVAIGCEILKIVPGRVSTEVDARLSFDMM,0
GTVDLGTMFNLQFRMQILSQYMESVSNILTAVNTEMITMARAVKGSMNVKILLLLVGLNLVMHSNATGDSETN,0
AETQEKEKPEGTLARLALIVAEATGRDVQEIQPSTRLRDGLGTSSLDLVEITVRTEEAFGVELEGRTVADFETVGDVVDFL,0
SRMITERTGLIIWVNDIKPAKNLERFGSIHYISKKMSYVVLYIYSDKLEETLKGLQRLPYVKKV,0
SDICRELRRRHEGEGSGMAVPQAHEILHHELIGLEVEVLEDSNPRNIGIKGTVIDESLNMLVIGQGK,0
DYRACQNYGPLYKRMHTNWQVCSLVVQAKSERISDISTQLNAFPGCEVAVSDAPSGQLIVVVEAEDSETLIQTI,0
MKADKMGVILVGNGIYHAVVKENGKDSPVLSKAGAQFYVLSDDLEIRGYTAANVNSKVKVVSYGDIV,0
FNIDLPDGDVEQFKNVGDLSNYVDKLLAIPSIIIQGRHDVICPPHTASTLAKAWDQSELVMIEDAGHSAFEPGVLKA,0
VIQDLLADILEVETSSINEGDSFVEDLHLGSLELIELVEAIEEEFSQRSDGFRIEDEDLEDLK,0
IVEEKTVAGIVLPDTAHDQLGRGEVVAVGSGRLLENGTRAQLEVHVGEVVLYAADAGMKVRLENQDYLLLRESDIMAV,0
IPMKALTEQYMQYIHAMNSLEINVASEYLVMASELLMIKSKMLLPQPEADESLEDDPRDDLVGRLIEYQKLD,0
