WADWVRWI,1
KTKTSIKQICNLCKIVRRNKRLVNTCKLHKNHKHKQK,0
KIRASVRKICDKCRLIRRRGRIIVICSNPRHKQRQG,0
FDKNQPWGVIRDLNVVNFKR,0
ANKPLQPISYPIFTFRWLAIHGLAIPTVFFFGAITAMQFIQR,0
SSDYLSFKFDKFAPNQLNMYFQGDASVSTKGVLQL,0
RYHMQCGYRGTFCTPGKCPYGNAYLGLCRPKYSCCRWL,1
QGVRNHVTCRINRGFCVPIRCPGRTRQIGTCFGPRIKCCRSW,1
GIFSTVFKAGKGIVCGLTGLC,1
TNTGTTGRIPLWLVGTVVGTLALGLVALFFYGAYHGLGSSL,0
MANAGLQLLGFILAFL,1
RRWWCRG,1
WEDWVRAI,1
KRTFQPSLLKRKKNHGFRLRMATKSGRKILSHRRRKNRCKLTVSDK,0
EAEPKPFNPVCYEPKEVGPCKAYVP,0
HCKFWH,1
GLLSVLGSVAKHVLPHVVPVIAEHL,1
AKFEVNNPQVQRQAFNELIRVVHQLLPESSLRKRKRSRC,1
LGNMNVFMAVLGIILFSGFLAAYFSHKWDD,0
CICCCMCVLYAVLWWLSVLVSLCELLIRSEFELERSMNRRY,1
KKKKVVAATYVFF,1
HAWNYIF,1
SKEVMKQMTINFAKPMEACKQELNVPDAVVQDFFN,0
GLNTLKKVFQGLHEAIKLINNHVQ,1
GLLSGILGAGKHIVCGLSGLR,1
ADTTGRIPLWLIGTVTGILVIGLIGFFFYGSYSGLGSSL,0
GKWGWIYITILFADVGGFKSSRHPEERRVQERRFKRITRGPD,1
FKKIRVRL,1
FELDRICGYGTARCRKKCRSQEYRIGRCPNTYACCLRKWDESLLNRTKP,1
SSMTKILEPFRKQNP,1
IQKEIDRLNEVAKNLNESLIDLQELGK,1
MADAAVHGHGDHHDTRGFFTRWFMS,0
ASFPWSCPSLSGVCRKVCLPTELFFGPLGCGKGFLCGVSHFL,1
LQMRATLAFLGQTLTYNTSCQRRQK,0
VNIGVNYGMLGNSYPTGPETERHFGLNPDTLHVVRHAQGFHNLA,0
ENSSSSSKALLPASGSPSPWFICRMLSKVTL,0
RVHITLECTECHERNYLSSKNRRNNPDRVEFKKYCPRDRKVTLHRETK,0
TTANSEEKTYPIFTVRWLSVHALGIPTIFFLGAITAMQFIQR,0
EDVVCC,1
WEEWDKKIEEYTKKIEELIKKSQNQQSW,1
TCFGGTCNTPGCSCETWPVCSRNGLPVCGE,1
ARFEEAENRLFNIKICLKCNARNPPTAKTCRKCGYKGLRYKAKEPRG,0
NQKEFQAVLDWMLSHTIIQFHEYNYMLQKSLPFLRR,0
FLGPIIKIATGILPTAICKFLKKC,1
KKKKVLLPFLFFF,1
ALPNQQTVDYPSFKSNYNFEKPFLYLAR,0
DLVKKVEPFSGTKSDVYKHF,0
KIFLYLLRKKIAEVWIFQNPANFLSL,0
SLGQHIYETYGDTWA,1
RTKITLACTECKQRNYDSMKNKKNNPDRLEMNKYCRFCKKHTLHRETK,0
CGYGLC,1
AASFLPAILVPIVGLVFPALSMALFFIYASIDDIS,0
TLRHYFFLQDYKRNVENLPFYKNQATLQ,0
RTASRASAWVGNP,0
DDFKQAILLLVVDFVFVIILLLVLTFVVPRLQQSSTINTGLRTV,0
HCSLAYGDASTLVVF,1
LDLSDEMAMLQEVVKQLNDSYIDLKELGNYTYYNKW,1
LRKKVTLSCEECHSMNYSTNKSLMSVDRITVKKFCRKCNKHTMHKEEK,0
ISLERLDVGTNLGNAIAKLEDAKELLESSDQILRSM,1
ADNIILECTECGDRSYLSKKNKRKHPERLSLKKYCPVERRATLHRETK,0
DIISLGWVFLMVFFSFSLSLVVWARNGL,0
GLPVCGETCVGGTCNTPGCKCSWPVCTRN,1
ALKKASLACAVCGSRNYSIKISGNLKPTRLEVNKFCKHCGKYTTHRETR,0
LVVYPWTKM,0
SKRTFQPSNLKRKRSHGFRARMATANGRKVLARRRAKGRARLSA,0
FIKRIARLLRKIF,1
NKMNGTNDEKHFNHFVIALSFIYGLTELGYLLLKDFITIAISLPL,0
TTLLDLTYEMLSLQQVVKALNESYIDLKEL,1
AYQRALAAHPWKVQVLTAGSLMGLGDIISQ,0
LPLPAPSFHRTT,1
SCVFIPCISTLLGCSCKNKVCYRNGVIPCGE,1
VRNSQSCRRNKGICVPIRCPGSMRQIGTCLGAQVKCCRRK,1
FLAAARIAKRVAKKARKLAKRAARKRK,1
KVRSSIKSLKNRHRDCQVVKRRGRVYVINKTDPRFKARAG,0
KIPCGESCVWIPCVTSIFNCKCKENKVCYHD,1
HLSTLPNVPWPNRSFTTKRPPLPNMSFSW,0
GVCRCLCRRGVCRCLCRR,1
GRFKRFRKKFKKLFK,1
RTACTQEADDGKC,0
CATCQIADSHRSHRQMV,1
RDIKTYLSTAPVLATLWFGSLAGLLIEINRFFPDALTFPFFSF,0
AQTVEVKMGADGGLLVFEPAKAGPHNVVFDEDNIPPGV,0
KKPVLKPFASLEIKVDPPITIGETSLGLR,0
DDSVVAAMSYSHA,1
DLAGEIHGLSNVK,0
KIRNSLKSAKVRDKDCRVVRRRGRVYIINKKNPRMKARQG,0
YYTVLFGVSRALGLPLERPK,0
ERAEDSGNESEGDHEELSALVDMGHDALWDVDDL,0
GINASVVNIQKEIDRLNEVAKNLNESLIDLQELGKYE,1
HFLLVVNILAVTLPFLAADIQNQEQTTCRE,0
LNWQVIVQLVFLALIITTGPVIIVYLSTRERNLL,0
KRTYQPKKRKHIKVHGFMARMQTKNGRKVLAARRAKGRSKLTVSDEK,0
GNIPCGESCIFFPCFNPGCSCKDNLCYYN,1
CPSHLDAFC,1
TRNVVRQEFEAPGKPQDSSQQDACLILVKGNWTTNEMEVK,0
DKLIGSCVWGAVNYTSNCNAECKRRGYKGGHCGSFANVNCW,1
LEAIPMSIPPEFLFGKPFVF,1
QFSDPATVLIITILAVTIAFTAVSLYTAFGPPSKQLADPFEEHED,0
MEWDREINNYTSLIHSLIEESQNQQEKNEQELLELD,1
SDVLELTDDNFESRVSDTGSAGLVEFFAPDATANDVPSP,0
SLDQINVTFLDLEYEMKKLEEAIKKLEESYIDLKEI,1
VVCACRRALCLPRERRAGFCRIRGRIHPLCCRR,1
DILSLGWSALMVVFTFSLALVVWGRNGF,0
AKDLEVVTSTYVLVEA,1
GVFCGELCIKASCSIPGCECIAGLCYKN,0
GWIWRWGWGRRCLGRPGLPGPGPGPATPLFLLLL,0
CRITKPALLVLNQETAKVVQT,0
LLEYSI,1
KVRASVRKICTNCRMIRRRGKVMVVCTNPKHKQRQG,0
DMRLLIVLLPVLAAASWAGFNIARIALRQLSRLGSR,0
ESVKITCARPYQNTRQRTPIGLGQSLYTTRSRSIIGQAHCNIS,1
PSHVRRKIMSWPLSKELRQKYSVRSMPIRKDDE,0
TAYFLLILAGRW,1
LALKISVYTVVFFFVGVFLFGFLASDPSRTPARKDLEGPQD,0
FAEGRIPLWIVGVIAGMGVIAVVGLFFYGAYAGLGSSM,0
WMEWDREINNYTSLIHSLIEEWQNQQEKNEQELL,1
DSRLLVIAAPLLVAASWALFNIGRLAIQQIQRLSA,0
NSKRACYREGGECLQRCIGLFHKIGTCNFRFKCCKFQ,1
FLGGLMKIIPAAFCAVTKKC,1
TTLTLHNLCPYPVWWLVTPNNGGFPIIDNTPVVLG,1
DLSNQINSINKSLKSAEDWIADSNFFANQARTAK,1
RVGITLACTECKNRNYASIKNKKNNPDRLEVKKYCKFCKSHTAHKETK,0
KKKKFVKKVAKKVKKVAKKVAKVAVAV,1
LLGGLLQSLL,1
HDWTKNITDKIDQIIHDFVDKTLPD,1
SSTSTVTPAHST,1
VNTGRVPLWLVGLVGGFAVITIVSLFIYGSYSGLGSSL,0
KKKKVVAATYVEV,1
TKRTLRGSVRKKKRTSGFRARMETPTGRRVIKARRSRGRVRLTTV,0
MKKAWWKEGVVYQIY,0
AFNLRNRNFLKLLDFTPREIQYMIDLAIDL,0
MDVNPTLLFLKVPAQN,1
VLYSPDTKVPR,0
IKIMDILAKLGKVLAHV,1
GSTTAESAALR,0
PSETAVPPPHPIPPDGGWGWVVV,0
PTWLTTIFSVVIILGIFAWIGLSIYQKIKQIRGKKKDKKEIERKESNK,0
DSMANTVSSSVVNTGNKPSETLNKTVKNYTPKVPYMCVIA,0
VIPFVASVAAEMMHHVYCAASKRC,1
RRGRIGRNPSQVGD,1
RWKIFKKIEKVGRNVRDGIIKAGPAVAVVGQAATVVK,1
VVDIVDTFRNNIQGATK,0
RGGCLCYCRRRFCVCVCR,1
VTVYDAEGTKVQVDGSLRLVE,0
GLWEKIDKFASII,1
IKVPLPDVIFVAHRNKHTRQGNITQTKY,0
MFTFAILLLCVQGCLIQ,0
KVRSSVKRMCDNCKVIRRHGRVLVICTNVKHKQRQG,0
MGWSLCFWHVSVRMTHDVVCYY,0
STPIPAP,1
SGNTIYFGEGSWLTVV,0
TAESMLFNGAIVAIVLVLVGLAWGFLLLKIQGGEAE,0
EAFAYVLILTLAVVTLFFAVAFRDPPKFDRK,0
QEFFGLNNCSSSNRLD,1
VNWQVIGQLLSATLIVLAGPAVIFVLAFKKGNL,0
SGFDPLITHA,1
CGETCVGGTCNTPGCGCSWPVCTRNGLPV,1
MSIIILATISTTQENK,0
VIVFVASVAAEMMQHVYCAASKKC,1
MIINNNISALNANRQLNLTGNSMTK,0
GTWDDIGQGIGRVAYWVGKALGNLSDVNQASRINRKKKH,1
NVYSVFIFAILAISSASGIFLPGGGGKKCGGYGGGYGSGVIIGAERPKK,0
ALWMTLLKKVLKAAAKALNAVLVGANA,1
AVKDYYKVQGDSVTRIKQFCPRCGPGTFLADHKNRLTCGKCGYTEFKK,0
ADLIERRQRSEFQFSAVGLGPRTDYEVDILTTFTKLNYEAYTYPR,0
RTCRCRFGRCFRRESYSGSCNINGRIFSLCCR,1
KVGSLQYLALAALIT,1
KVRNSLRSAKARDKNCRVVRRHGRVYVINKKNPRMKARQG,0
GRFKRIRKKLKKLFKKIS,1
EEQEQEQEQDTKMA,0
DIVGIAWAALMVVFTFSLSLVVWGRSGL,0
ESPAFFFTFFLWFLLLSVTGYSVYVSFGPPSKKLRDPFEEHED,0
ALAVLHVLEPFPTETP,0
SRLLHGQIPCVLTRSVHSVAIVGAPF,0
TISYKY,1
KKVPLNCEVCGNRNYNVPKKEGSATRLTLKKYCPKCNSHTVHKESK,0
AKGKRTFQPNNRRRARVHGFRTRMRTRAGRAIVSARRNKGRKSLTA,0
TSISDGQIVVALISAFIIVILASRLGKELYQ,0
ANPTGNQPVSYPIFTVRWLAVHTLAVPTVFFIGAIAAMQFIQR,0
ANTTGRIPLWLIGTVVGTPVISLVGIFSYGSYSGLGSSL,0
QERRQSPE,0
MANAGLQLLGFILA,1
MFFSSKKCKTVSKTFRGPCVRNAN,1
REAIHLGCEKCTRRNYHTTKNKKTHTEKFSVKKYCKFCREHTLHKEMKL,0
KVVSSLKSLKKRDKDCQIVKRRGKIFVINKKNKRFKAKQG,0
FLPVIAGVAANFLPKLFCAISKKC,1
NQGRHFSGGALIHARFVMTAASCFQ,1
IDLNFPSIFVPLVGLVFPAIAMASLSLYVQRNKIV,0
KKKKVVTSTYVLVEA,1
KKKKVVAATYVLP,1
ISSVKFSPNTSQFLLVSSWDTSVRL,0
TCTLGTCYTAGCSCSWPVCTRNGVPICGE,1
CRFPNITNSHVPILQERPPLENRVLTGWGL,1
FTVISYFGFLLVALAFTLVTYLGLRAIQLI,0
SNDSLWYGVGQEMGKQANCITNHPVKHMIIPGYCSKILG,1
CTGYHNNTC,1
VEIIANDQGNR,0
ADTTGRIPLWIIGTVAGILVIGLVGIFFYGSYSGLGSSL,0
IDYVGSFLGAYFLGFALFYGIGFFKSISNRII,0
ATCENLANTYRGPCFGGCDFHCKTKEHLLSGRCRDDFRCWCTRNC,1
CGECGGGHIVGRFCMVVRFLRLVFI,1
MDVNPYLLFLKVPAQ,1
YCKKCCYHCQ,1
PPCYERMPRRLIRPPPLLSVLLILRLCH,1
LSDSPNGPWVWVPAFSQAVG,1
CHPGSSSRC,1
PSATYFVR,0
HLRGPADSGWMPQAAPCLSGAPQAS,0
KPPSKPNNDFHFEVFN,1
KIKNSLKALKARHRDCQLVRRKGRVYIINKTAPRFKARQG,0
KYTAFTIPSINNETPGIRYQ,1
PTIVSYFGFLLTASTITPALFIGLSKIRLI,0
STFTHPR,1
CLSIHSSVC,1
GLFDIVKKVVGTLAGL,1
VLGHLAGRPESSSALQAAPCSATFPQASAS,0
AILISYFCFLLIFFLFTLILFFGLNKIRLI,0
WEEWDKKIEEYTKKIEELIK,1
SLIIGYIILLACAFGLAAGLYFGLSAIKLI,0
KSIDLTILSLKRKGIRTEKVLKNQNPDRLSHMTDKNAQPKSKEKEE,0
MWLILFAIVATLGLMVADDNIWPDC,0
ETATLVTISISCLLVSFTGYAIYTSFGRPSEQLRDPFEDHED,0
KKKKLLLPFYFLF,1
GVTQNVLYENQKQIANQFNKAISQIQESLTTTSTALGKLQ,1
AWRNPMNTLISLLLLTLIMLAGPAVIALWYFRGRQV,0
SKLMKGRKIRLAKACEQNRRVPAWVMIKTNRAVASHPKRRNWRRSSLKV,0
FLPVLAGVLSRA,1
RGILIHNTIFGEQVF,1
KVLASVKCICRNCKIIKRKRVVRVICSSDARHKQRQG,0
DTVVELSEWGVPCATCIL,1
PDPAKTAPKKGSKKAVTKA,1
NLTETHNFSSTNLD,0
ISEYGVVVIADRDESSWDFVEKRIDFSEFPLIES,0
FKAIWSGIKSLF,1
TSSMRGVYYPDEIFRSDTLYL,1
GSQLVYREWVGHSNVIKP,1
EFATNRVTVNDSRSALSSTLLLSLIMSATLLEYSLSMT,0
SDINTARLPCIGFLGIPSVGDDIEMVLRHG,0
PAIEPPTGTFGFFPGVPP,1
ETATVFSIFISCLLLSLTGYSLYTAFGEPSAELRDPFEEHED,0
AREGFTLECTSCKMQNYISKKNKKLHPEKVKLSKYCSKCSKHSVHKERK,0
MTRVQFKQHHHHHHPD,0
LTLKLFVYAVVIFFISLFIFGFLSNDPGRNPGRKE,0
DEAQFKECYDTCHKECSDKGNGFTFCEMKCDTDCSVKDVKEKLENYKPKN,0
TNKKNWKCAGCKNRYSSFDKEKKDGQLKFNCPNCGHTVRRYTILGGY,0
INLKAIAALAKKLL,1
EDSLSDWERVYLPIDPGVVL,0
ADTTGRIPLWLIGTVTGIPVIGSMGIFFYGSYSGLGSSL,0
MNEQSMKPYVIGLDLGGTNSVFGIV,0
TTWMEWDREINNYTSLIHSLIEESQNQQEKNEQELLEL,1
HPVLRQMRPQQQAPSQQQPQKALLAP,0
MLTYTGTVINVQTFAAKPDP,0
KQRQNKPPSKPNNDFHF,1
EALVYTFLLVSTLGILFFAIFFREPPRVTPKGGK,0
PSDEFDASISQVNEKINQSLAFIRKSDELLHNVNA,1
KKKKLLLPFLVLF,1
TQAVTDEDSSSHRDLAPTNVDFAFN,0
KTGVNKPELLPKEETTVIDV,0
GGPTLGNWAREIWATLFKKA,1
VGNWAKVLVVLLLFAGVD,1
KRTYQPSKIKRKRTHGFRARMSTVGGCKVLARRRAKGRLQITV,0
KGLSGPSWWLFCV,1
FDASISQVNEKINQSLAFIRKSDELLHNVNAGKST,1
ERNPNPNNLPVELNRTSLYLGLLVVFTTGILFSSYFFN,0
TTISNLPAIFVPLVGLVFPAIAMVSLSLHVQKNKIF,0
SIRDKIKTIAIDLAKSAGTGVLKTLICKLNKSC,1
QQLLFIHFRIGCQHS,1
LEAIPMSIPPAVKFNKPFVF,1
RRRRRRRR,1
SPYHTQP,1
LKAALTAAKTALTAALTALKAALTAAKT,1
IDDQDLGFIANFLGIFIFALVIAYHYVTADPKYEAT,0
YQLAIRMIYKNI,1
CHGVYALHC,1
LESIINLVSSGAVDSHTPQTAVAAVLCAAMIGLFS,0
GILSGVLGMGKKIVCGLRGLC,1
GIGTKILGGVKAALKGALKELASTYVN,1
LRPAAGGPRRQQQ,0
TTWEAWDRAIAEYAARIEALIRALQELQEKNEAILREL,1
EGPTLGNWAREIWATLFKKA,1
FKPDFKSRLLYFVLFVDIYGIFTNNIDKIVYKKVDCFKINIFIF,0
QESGEVIIEIPR,0
EKGFGFITQDNGGADVFVHFRAIASEGFKTLAEGQKVSFEVEQGQK,0
FDEMEECSQHLPYA,1
INWDILIDTIKDKL,1
NQGRHFCGGALIHARFVMTAASSFQ,1
FRNYRFAIGAFAVIMLILLI,0
PKQTLSNAIPLCPFFNWKASFNPDDISSGYFPWSKTWFSCSLIFRNSW,0
GFKDGAADRISHGF,0
ISGLIYEETRIFLENVIR,0
FLPKLFAKITKKNMAHIR,1
LLATVSGYFVSIDAHAEECFFERVTSGTKMG,0
VYVMSMVSLLKRLLTVTRWKLQITG,0
PGAVRSPAQILQWQALPNTVPATSCQA,0
ACGWAGIKQEF,1
GIGGVLLGAGKATLKGLAKVLAEKYAN,1
IEHNAEEIRKTAIRTAVQNTAQQTK,0
VQQQNNLLRAIEAQQHLLQLTVWGIKQL,1
VLDLIYSLHKQINRGLKK,1
VFAVESIEKKRIR,0
MGIIAGIIKVIKSLIEQFTGK,0
INVKQIAARLLPPLYSLV,1
KLCQRPSGTWSGVCGNNNACKNQCINLEKARHGSCNYVFPAHKCICYFPC,1
AVPKRRVSKTRAAKRRTHYKIKLVKPVKDKDGTWKLPHHVNPTTGEYK,0
NWSSLIFSLNLQRRILPKPTRKSRIKNKQKRPRSRTLTAVHDAI,0
KMQGSRMDEQRCS,0
GFYNSGGYSGNSGYSNGFGSSFALIVVLFILLIIVGAAIFNY,0
LKTVRLIKFLY,1
TVDTASAVRTPYDKARVFADLSPQEIKAVHSFLMNREEL,0
FKLFSTKWFRSAPVVATIWIVLTAGILVEWNRFVPDLLFHPGL,0
KSCCPNTTGRNIYNTCRFGGGSRQVCASLSGCKIISASTCPSDYPK,1
GFKDWIKSAAKKLIKTVASNIANQ,1
KGLSGPAVPWWVV,1
RMKQIEDKIEEIESKIKKIENEIARIKKLLQLTVWGIKQLQARIL,1
EGPTLGNWAREIWAGLFKKA,1
SIVYEAADAILHTPGCVP,1
TDVILMCFSIDSPDALENI,1
FKIFNTKFMRSAPIVAAIWISLTAGIIIEFNRFFPDLLFHPMS,0
AKNIQYFGAGTRLSVL,0
SMEKLAGFGAVGAGATAEETRRMLHRAFDTLA,1
RPSLYDQIVAILDRHDSCCGFERDDAAEELHALVIELYGPPF,0
VRLASHLRKLRKRLLRDADDLQKRLAVY,1
EGGMAAYPVATRESRCRRGRIGVQPSPERRSEVVGPFPLARSLS,0
IFDFNYIHIFMLTITSYVGLLIGALVFTLGIYLGLLKVVKLI,0
LEAIPMSIPPEVKFNKPFVF,1
KFKVVTTFTVIQDIAQNVAGDAAT,0
GKTKCTASNKNRGIIKT,1
SEARNLFTTFGILAILLFFLYLIYAVL,0
GFFALIPKIISSPIFKTLLSAVGSALSSSGGQE,1
TMDRTSPIFTVRWLAVHGLAVPTVFFLGSISAMQFIQR,0
KDCKTESNTFPGICITKPPCRKACIKEKFTDGHCSKILRRCLCTKPC,1
RRKRRR,1
HCKFWN,1
VCGETCVGGTCNTPGCTCSWPVCTRDGLP,1
SLVLCFLLMSLFFMYSFVLSRLWRKKIAIRLLLYIQDNVTLIVFLNKK,0
LGEKGYSYSTGDSSVTVQHDTLPYSRYQGLYNYAHPGYNTYPYNQYQG,0
QVVRNPQSCRWNMGVCIPISCPGNMRQIGTCFGPRVPCCRRW,1
EDKYTDKYDNINLDE,0
MKYNPRVSSNRRKS,0
LEAIPMSIPPEVKFNAPFVF,1
ALVEAKQARSDIEKLKEAIRDTNKAVQSVQSSIGN,1
LFCNNNNNNNNNNNNNNNNNNNNNNNNNNNNNNNNNNNSSNNNNFSR,0
ALWKTMLKKLGT,1
MLSLIFYLRFPSYIRG,0
AGEIFTTAGLCIVLTLVGVALGYGILRVTQGGAE,0
ETNDLGFVASLMFILVPAIFLIVLYIGTQNNEA,0
CMLSWFISTSPLKEYCGGKRNLQRNNF,0
MLYANPNTESSPVGFRKKYDNFI,0
MTASMRLK,0
AKRKANHVINGMNNAKRQGNGAGYIENDQHILTEAERQNNKKRKTNQ,0
ATCYCRTGRCATRESLSGVCEIRGRLYRLCCR,1
QIVGGVYLLPRRGPRLGV,1
PTGERVWDRGNVTLLCDCPN,1
KRSYKTLPTYFFSFFGPFKERAVFLLVL,0
WQEWERKVDFLEENITALLEEAQIQQEKNMYELQK,1
DTVSLAWAALMVVFTFSLSLVVWGRSGL,0
KVRKSLRSLKNKPGAQVVRRRGKVYVINKKEPRFKARQG,0
KVRASIKSLKNQPGAQVVRRRGRVYVINKLNPRFEGLQG,0
EEYTKKIEEYTKKIEEYTKKIEEYTKKIEEYTKKI,1
GILDTFKNMALNAAKSAGVSVLNALSCKLSKTC,1
MGGVGKTKRMRRLKRKRRKMRQRSK,0
DKEIHQFGKGHVLHQMLRILELEVIQIMPKVMTNKKKPTLHIGV,0
KPPSKPNNDFHFEVFNFVPCSICSNNPTCWAICKRI,1
FALGAVTKLLPSLLCMITRKC,1
QITAAVALVEAKQARSDIEKLKEAIRDTNKAVQSV,1
NYIYSGHNYHQ,0
DVAGLVPAKDSPAFQKRAAAAVNTTAD,0
TLLVYSGW,1
SSFDPVKFPEDQFNVALDQVFESIENSQALVDQSNRILSSAEK,1
PLTATNSGLAVNN,0
EGLTKFLSTAPVLIMALLTVTAGILIEFNRFYPDLLFHPLG,0
RTKRRIKLIKNGVKKVKDILKNNNIIILPGSNEK,1
SWPLN,1
FKLRAKIKVRLRAKIKL,1
KIGIIGAMEEEVTLLRDKIENRQTITIGGSEIYT,0
ITFEDLLDYYGP,1
LGRPSAGAVVAHPTSGTISSASFHPQQFQYTLD,0
IIGAIAAALPHVINAIKNTF,1
AVPKRRVSKTRAAKRRTHYKVTLPMPIKDKDGSYKMPHRVNPVTKEY,0
LEAIPMSIPPEVFFGKPFVF,1
ADGALLGRMKPA,1
INWLKLGKKILGAL,1
TPSLANFLWSLVLGAAIVLIPATVGLIFISQKDKITRS,0
AEFGPSQPFKGAK,0
SCASRCKGHCRARRCGYYVSVLYRGRCYCKCLRC,1
KQARSDIEKLKEAIRDTNKAVQSVQSSIGNLIVAI,1
KKKKVVAATYVLA,1
RDVTVVATSKFNIVKNRIKAERWVKI,0
LEQIWNNMTWMEWDREINNYTSLIHSLIEESQNQQE,1
ADGTQRSLLGRMKGA,1
AETTGRIPLWLIGTVTGIPVIGLVGIFFYGSYSGLGSSL,0
IRVARESFALVSVIGFVWMMCTVANLVA,0
QWNAFSFVSYVYLRYFISFRPNIVLASVRLSWYSII,0
RRKKAAVALLPAVLLA,1
VLNQYLTELYYQVEANNKSYASNNELAVFPDQR,0
FFHLHFHY,1
GVTGFGFDLVRYLFAGVVDGR,0
AFKQSPPAIPALGTN,1
AGERIVDIIA,1
RKFFESWPMAAVLWVWLTAGIIVEFNRFYPDLLFHPMGL,0
GIPCGESCVWIPCLTSTVGCSCKSKVCYRN,1
TRACDVIALLECHLNT,1
RVKITLACGECKQRNYNTMKNKKNDPDRLEMRKYCRFCQKHTMHKETK,0
GELGRPVYVLGDPGYYATHCIYATTNDALIFSV,1
TAAFLLKLAGRW,1
EHDPSAPGNGYC,0
ECRRLCYKQRCVTYCRGR,1
NLFSALSLDTWVL,0
LLEYSL,1
CDATSAQVC,1
TDAQVFTILAIALVPAVMAALLGSALARS,0
SVAGRAQGM,1
ITPHNYINNSCTTTITTTTTTTAMNKGGTLFEALVIKKQ,0
RDLKTYLSTAPVLSTIWFGSLAGLLIEINRLFPDALTFPFFN,0
GILSTVFKAGKGIVCGLSGLC,1
KPKQIKPPLPSV,1
CWVRLGRYALRRLKTPFT,1
DYETDTDTELVTETLVEEVSIDGMCGVY,0
DRETEAETAELVTESLVEEVSIDGMCGVY,0
IDALVLVAKLPEAYAIFDPLVDVLPVIPVLFLALAFVWQAAVGFR,0
SDINATRLPIFWFIYFPCVSDVDSTLTRGER,0
TKRTFGGTSRKRKRVSGFRVRMRTHTGRRVIRSRRKRGRTRLAV,0
GELGRLVYLLDGPGYDPIHCDVVTRGGSHLFNF,1
KRFKKFFKKLKNSVKKRAKKFFKKPKVIGVTFPF,1
QTKQYFILRSLVKKYGKDNVINTVNKIAKDIEIKK,0
ILGPVLGLVSDTLDDVLGIL,1
FNRGGYNFGKSVRHVVDAIGSVAGILKSIR,1
KTELQAIYLALQDSGLEVNI,1
LISLGWAALAATFTFSIAMVVWGRNGDGSINF,0
QKQIANQFNKAISQIQESLTTTSTALGKLQDVVNQNAQALNTLVKQ,1
TDSIKETIKETVNHQAEWPY,0
IIPFVAGVAAEMMEHVYCAASKKC,1
RIDLGPPISLERLDVGTNLGNAIAKLEAKELLES,1
KVRASVKKICANCRLIRRKRKILVICVNPKHKQRQG,0
CSLAPANTC,1
EFTNVSCTTSKECWSVCQRLHNTSRGKCMNKKCRCYS,1
GIFTFEDESTTTVAPAKLYK,0
AEYDVSDADIEAFYQ,0
SEGGKIPLWIVAVVAGMGVIAVVGIFFYGAYAGVGSAV,0
LSLQEFLGLWR,0
ALQELLGQWLKDGGPSSGRPPPS,1
PPESNHPPWKGPYPPPTSNVNPLILLSHLNKIRIRAREIYES,1
FILRLFVYNVVIFFVFLFIFGFLPNDSGRNPGREE,0
KVRASLKSLKDKDGSQVVRRRGKLYVVNKRNPRWKGRQG,0
FKPSSPPSITLW,1
FALESFWDGKGNASAHAMEMTK,0
CNPMHSRTC,1
TTWEAWDRAIAEYAARIEALIRAAQEQQEKLEAVLREL,1
RRWYRWWRRRWYRWWR,1
QNQSANQFQKEISQINEVLTTTNTSLGKLQDDVNQNNQSLNTLQKE,1
HQTLSGIDQEQNNLTRLIEAQIHELQK,1
ETATLVVIFISCLLVSFTGYALYTAFGQPSKELRDPFEEHED,0
NSVALDPIDISIELNKAKSDLEESKEWIRRSNQKL,1
DKEAKVKSTGERGIIEAIYPETETVELCYYDGTYDERRFDDVVMATSS,0
ITLNLPSILVPLVGLVFPAIAMASLFLHVQKNKIF,0
RIAKIGVIALFLFMAFGGIGGVMLAGYTFILRAG,0
EKKPPRPPQWAVGHFM,1
NTTHYRVIRLTIG,1
KHFLTYLSTAPVLAAIWMTITAGILIEFNRFYPDLLFHPL,0
IKLSPETKDNLKKVLKGAIKGAIAVAKMV,1
NIKRMLFKQGLYTLNVTPKGDTTKWSVNDWIKFIDENGNWEI,0
ATCDLLSGTGINHSACAAHCLLRGNRGGYCNGKGVCVCRN,1
HRIDLGPPISLERLDVGTNLGNAIAKLEAKELLE,1
ETATLIAISISGLLVSFTGYALYIAFGQPSQQLRDPFEEHGD,0
TGELMLRLPCWSSFCEKTHPPLHPGTSLSSTASIACATHPHHTKGV,0
ARPNPNKQVVELNRTSLYWGLLLIFVLAVLFSSYIFN,0
ACWWAAIKQEF,1
WEEWDRKIEEYTKKIKKLIEESQEQQEKNEKELK,1
TPDKKHQKEPPFLWMGYELH,1
TETQSFNFNVFEPEN,0
ACAWAGIKQEF,1
ANVVATYPAHS,1
ETATLIAIFISCSLVSFTGYALYTAFGQPSKELRDPFEEHED,0
LNNCLLLGTEVSEALGGA,1
TKRTLGGTSRKRKRVSGFRVRMRSHTGRRVIRTRRKRGRARLAV,0
VFRNRSSVLVEQHGKVLLQGQPIEVKTVVLDGVKAVRAKTVPAEKWEA,0
EWDREINNYTSLIHSLIEESQNQQEKNEQE,1
RILSILRHQNLLKELQDLAL,1
ANNPGARKAIRKIEARTEVN,0
IEELLKKAEEQQKKNEEELKKLEK,1
RFIYMKGFGKPRFGKR,1
WDREINNYTSLIHSLIEESQNQQEKNEQELLELDKW,1
AGSVRMRDLRNPH,0
LDLTPGSHVDSYVEA,0
MCLGVPIKLSKLMKILFNLPQ,0
SAKMEILLFANLAHKSMFGMEPVTFASIGVTVGVQIVILLIWGLSWR,0
KVRPSVRKICDKCCLIRRHRKLLVICSNPKHKQRQG,0
CPSHYTQAC,1
MWKKPAFIDLRLGLEVTLYISNR,0
SDINATRLPGMEPPSPMPCVGDADNFTLTRG,0
ATGWSAFFIDGKWTEAKK,0
WICEVLSDFK,1
AALPMLWTGLVLLGLLGFPQTPAQGHDTVQPNFQQ,0
NGESSADWAKN,1
SWLRDIWDWICEVLSDFKTW,1
KVKGSLKSHRNRDKNCKVVKRGGKVYIINKVKPRCKARQGS,0
CERPYSRLC,1
FIHHIIGGLFSVGKHIHSLIHGH,1
PEGRTWAQPGYPWPLYGN,1
TIERTYPIFTFRWLAIHGLAVPTVFFLGSISAMQFIQR,0
RVKITLACTECKQRNYNTTKNKKNNPDRMEMQKHCKFCKSHTLHKETK,0
QGLFTSDQDLYTDSR,0
PAATLEEHMTA,1
RDKVILECTECKSRNYTTKKNKKLHPDRVETNKYCKFCKKHTLHKETR,0
YWIEWIENGEKKNIVAEGWIEWAAILEDLYQKRFEYVEWKRL,0
RNLQPNMSRWAFFAKSVGTWNKSSCRS,0
ADTTGRIPLWLIGTVTGIAVIGLIGVFFYGSYSGLGSSL,0
PIITSYFGFLLTALTIASALFIGLSKIRLI,0
APATPPRPLKRKKLQFTDVTPESSP,0
AKGKRTFQPNNRRRARKHGFRIRMRTRAGRAIVAARRNKGRKSLTA,0
IAIFNAYTPLPFAD,0
FLKPLFNAALKLLP,1
WMEWDRKIEEYTKKIEELIKKSQEQQEKNEKELK,1
ANTGVTGRIPLWLIGTVVGSLAIGLLAIFFYGSYVGLGSSL,0
GNNKKNGQPQYAPSHLGTKPVKYKANKGEKMHDTSGQRPIIMQTKGE,0
VCYRNGIPCGESCVWIPCISAALGSCK,1
MLRNRARRLDYKIMR,0
SIEIEIDGVTVTTEESRTLVDVAAEAGVYIPTL,0
NEIVALMIICPLMVMVGLGMGFALLWLQQQA,0
ARFPEAEERILNKKICMKCSARNAVRATRCRKCGYTNLRVKNKDVRRG,0
KNGTVKWFNAEKGFGFITSED,0
NQGRHFSGGALIHARFVMTAASSFQ,1
ALVLKIFPYANAEIVTAAVTCIFMVLFGLSLGFALLKVQGE,0
RLHTGEKPYHCFHCDRHFVQVANLRRHLRVHTGERPYSCTLCPSR,0
KIILWAVLIIFLIGLLVVTGVFKMIF,0
KSCCPTTTARNIYNTCRFGGGSRPVCAKLSGCKIISGTKCDSGWNH,1
GQKKIRVRLS,1
HRIAMRIRQMMT,1
SLFCLPLEMRNHWHFFSLFTNLPRKSKWHRASEFFFPLLMSEIEDFR,0
EFVFLM,1
SFPVNRFNIADNTPPTLDF,0
YKFACPECPKRFMRSDHLSKHITLHELLGEERR,1
TKKDGEEKVA,0
SQAPMATTPRNYPIFTVRWLALHTLGIPTVFFLGALAAMQFIRR,0
KRKRRR,1
APEDIGFCLEGGCLVALG,1
VVKCSYRLGSPDSQCN,1
GLMDTVKNAAKNLAGQLLDTIKCKMTGC,1
AWLVHRQWFLDLPLPWLPG,1
EVNILGLIATTLFILIPTSFLLILYVKTASQEE,0
AWVDWEDQILQDTVPLVNFVRMI,0
KPPSKPNNDFHFEVFNFV,1
ADTTGRIPLWIIGTVTGIPVIGLIGIFFYGSYSGLGSSL,0
FLSLLPSIVSGAVSLAKKL,1
CRTLPPILC,1
KKKKVVAATYKKVA,1
LLDCWVRLGRYLLRRLKTPFT,1
FDNPFGCPADEGKCFDHCNNKAYDIGYCGGSYRATCVCYRK,1
RNNIILGNNETGERIYLTSKNKRNTPDRLQLKKYSPKLRKRVVFTEVK,0
DISGINASVVNIQKEIDRLNEVAKNLNESLIDLQEL,1
NDTFSVSDNVAVIVPETDTQVTY,0
CLTDRHRTC,1
FSVGPTSPSAVVLLYSKELK,0
YFHSFLDTFSKYLGSTSCPLLRLSR,0
LWIYPVKSCKTEAYRCILTTVDPDTGVIDRKVGDPVYRMV,0
LWEWIMRQVRMVMSRLRA,1
SDTGSKAPPTFKVSLMDQSVREGQDVIMSIRVQGEPKPV,0
GWKKWLRKGAKHLGQAAIKGLAS,1
PPPEE,1
DIVSLGWAFLMVVFSFSLSLVVWGRNGL,0
TATLSNFLWSIFWGGVVVALGAAALTAISRIDRIR,0
VGKFPLLANSR,0
CLKNWFQPC,1
VKKVAIIGAGVSGLASIRS,0
KRTFQPKKRHRARVHGFRARMSTSNGRKVLARRRQKGRKALSA,0
VETTVTTAQETKRGRIQTKK,1
ASEIFGTAAIFWVLIPIGLVGGALLLKLEGD,0
EALVYTFLLVSTLGIIFFAIFFREPPKVPDKGSK,0
NDPEMQYWTCGYRGLCRRFCHAQEYIVGHHGCPRRYRCCAVRS,1
WNSLKIDNADV,1
GVYVIEEDVATYTIK,0
FDTNSTRLPIWGIGCNPWTAEHVDQTLVSGNDIC,0
PTLTSYFGFLLAALTITSVLFIGLNKIRLI,0
RDLKTYLSAAPVLSTIWFGALAGLLIEINRFFPDALTFPFFSF,0
RQTITLACAETGERLYLTSKNKRNTPEKLQLKKYSPKLRRRALFTEVK,0
QAFKTFTPDWNKIRNDAKRMQDNLEQMKKKFNLNL,1
VCGETCEGGTCNTPGCSCSWPVCTRNGLP,1
ATAEEARRMLHRAFDTLA,1
FTLTNSDVLE,0
ELAMLLAKLPEAYSVFNPLVDVLPVIPVFFLLLAFVWQAAVGFR,0
GLLLLAGLCCLVFGIMAEDAQVAQGPSQQI,0
CGETCVVLPCFIVPGCSCKSSVCYFN,1
KKKKVLAPTYVLV,1
LWHHIWNFVHGLI,1
CYETKTHSC,1
GFTDITGAQNSIDIENLARFAVDEHNKKENAVLEFVRVKSAKKQVVSG,0
GELGRLVYLLDGPGYDPIHCD,1
PPLNNCLLLGTEVSEALGGAGLTGG,1
LVTLEHQVLVIGLKVEAMEK,1
GQEPKGIESRKIQDGHVRKKVGRQQGLWVRTTKKEKFSRMSRDANV,0
VRYADENVRTKEAKKK,0
CSLSSPRIC,1
GRFKRFRKKFKKLFKKLSPVIPLLHLG,1
ALGPAATLEEMMAAAQGV,1
RILQQLLFIHFRIGRRRRRRRR,1
SLDQINVTFLDLEYEMKKLEEAIKKLEESYIDLKELGSGSGC,1
TQIFLIGRLPEAYAPFDPIVDVLPIIPVLFLLLAFVWQASVSFR,0
ASTTTNYT,1
KDLKVVAATYVKKK,1
APTPATLNGLTIFAPNDEAFKATGVPDLSKLSNAPMVSLLQYHAAAR,0
TTDRTYPIFTVRWLAVHGLAVPTVFFLGSISAMQFIQR,0
FLPIIASVAAKLIPSIVCRITKKC,1
GLMSVTKGVLKTAGKHIFKNVGGSLLDQAKCKISGQC,1
CLGVGSCNDFAGCGYAVVCFW,1
PALNCYWPLNDYGFYTTTGI,1
MFEISFYIALKNFNSLGILKMWRFI,0
FIHNFKRK,1
CGETCIWGRCYSENIGCHCGFGICTLN,1
NREILKEPVHGVYYDPSKDL,1
WNSLKADNLDV,1
LRNVEQQCRADALVERAQELIHGQQ,0
VAYPEISWTRNGCTVAKYPEISWTRNGCTVSKYPEISWTRNGCTVA,0
EALVYTFLLVSTLGIIFFAIFFRDPPRISTKK,0
RIGRNPSQVGD,1
KVRPSVKPMCEHCKVIRRKGRVMIICSANPKHKQRQGK,0
MAGRSGDSDEELLKTVRLIKFLYQSNPPPS,1
GLFGKSSVVGRKYYVDLAGCAKA,1
KKKKVVAATYKKKA,1
RRWWCRA,1
FARTMIGVFKNIEYMCKRTES,0
DHILEPSIPWKSKLLTLVQL,1
KIADQFHDELCRLAAINFEAHVLHG,0
RIGCQHSRIGITQQR,1
GRWPVKT,1
NNPNNSNSHLRPHAYNNSRRDDSD,0
ASCDKCQLKGEAMHG,1
EKGFGFISTENGQDVFAHFSAIQTNGFKTLEEGQKVAFDVEEGQR,0
TTPNPNKQGAELSRTGLYWGLLLIFVLAVLFSSYFFN,0
KVYLAWVPAHKGIGG,1
FLSPVWQGPGLATGNGAGISSTN,0
SAIDPNPDTPDSE,0
DWHLGQGV,1
ILPILGNLLNSLL,1
QYVKTYLSTAPVLAAIWFAILAGLLIEINRFFPDALILPYV,0
FFHHIFRGIVHVGKTIHKLVTG,1
AWKTPRYDETPVGMEINMYACAKRK,0
FLPFLKSILGKIL,1
ALWKSLLKNVGVAAGKAALNAVTDMVNQ,1
CTNPATPFC,1
YTSLIHSLIEETQNQQEKNEQELLELDKWASLWNWF,1
STDALSK,0
LNNSVALDPIDISIELNKAKSDLEESKEWIRRSNQ,1
QYGSFCTQLNRALSGIAAEQ,1
LQQALFIHFRIGRRRRRRRR,1
KKKKVVAATYTLV,1
CQRCGWETGVGVSGFLVRILRFVVL,1
PFVYLI,1
ACKFWW,1
ACGCPLYWKGPLFYGAGGERTGSVS,0
RAHKGVLCSVRQAGSAVRGAARRVRFEGVGFDTQLFF,0
GLVSDLLSTVTGLLGNLGGGGLKKI,1
EEQAKTFLDK,1
YQDVNCTDVPTAIHADQLTP,1
QARSDIEKLKEAIRDTNKAVQSVQSSIGNLIVAIK,1
CIKNGNGCQPNGSQNGCCSGYCHKQPGWVAGYCRRK,1
GRRMDVTSSSASVRAFLQRGHTE,0
KVRPSVKPMCEHCKIIKRQGRVMVICSANPKHKQRQG,0
KVRASVKKMCPKCRVIRRHGKVMVICSNPKHKQRQG,0
NEQSGKSQTVIVGPWGAQVST,0
GIFNVFKGALKTAGKHVAGSLLNQLKCKVSGEC,1
GFGCPNDYPCHRHCKSIPGRYGGYCGGAHRLRCTC,1
WPTNPTTVPVPS,1
GCTCSWPVCTRNGLPVCGETCVGGTCN,1
YTSLIHSLIEESQNLQEKNEQELLELDKWASLWNWF,1
ENGQLDGVIDPK,0
GERVWDRGNVTLLCDCPNGP,1
AEPVAML,1
QDCNCSIYPGHITGHRMA,1
KAFEEVLAKKFYDKALWD,1
ARPNPNKQVVELNRTSLYFGLLLIFVLAVLFSSYIFN,0
KVRASVKKMCDKCRVIRRHGRVMVICTASPRHKQRQG,0
MNSVQFKNHHHHHHPD,0
ETCASRCPRPCNAGLCCSIYGYCGSGAAYCGAGNCRCQCRG,1
GVTFHDDDLIPF,0
GKWMSLLKHILK,1
ARRRHSMKKKRKSVRRRKTRKNQRKRKNSLGRSFKQHGFLKQPPRFRP,0
LIGPVLGLVGSALGGLLKKI,1
ACRVALALAREKEEFKTAGE,0
APKAMRLLRRLLRRLLR,1
TQSTGTSQTIAVGLWGGPDN,0
DWSTYYGEPECYTSV,0
ASKEYSMLPLCSPSIVSHTSGGSIVLKGSS,0
NSVALDPIDISIELNKAKSDLEESKEWIRRSNQK,1
LNITNSHVSILQERPPLENRVL,1
PPPTHQSPNTTDMPPPATLSGPTGINRPP,1
SDVIIPFLTSAVTAFIVAYLLDRWYIKRRR,0
NVGHPQSSPQGPLTEQ,0
SDINATRLPIWGIGCNPSVGDEVTALLTSGEA,0
ILPWGWPWWPWRR,1
LLGDFFRKSKEKIGKEFKRIVQRIKDFLRNLVPRTES,1
TDCGMLQRIKVKQQWASVYSSGIAREDFGEAIWKAVFALAP,0
CSLHSHKGC,1
FLPLLGNLLNGLL,1
MDVNPTLLFLKVPA,1
GILDTFKGVAKGVAKDLAVHMLENLKCKMTGC,1
MVINNNISAINAQRTLKFRQVDLKK,0
LTITSYFGFLLAALTITSVLFIGLNKIRLI,0
MNVQFTVNGRAASIDVPPNTLLVQ,0
SSVITSLGAIVSCYGKT,1
AADIFAKFKTSMEVK,0
LRVRLASHLRKLRKRLLRDADDLQKRLAVY,1
DSSVLTSEYPR,0
IVGGYECEAYSKPYQVSINLGY,0
KVRASVKKICPECKVIRRKGVIRVICTNPKHKQRQR,0
MNPCSSNCSCGASCTCSGCSSHKK,0
VKKTIAAIFSVLVLSSVLTACNTTRGVGQDISEGGSAISGAGTKAQQ,0
GFLDIIEKIAKSW,1
SLLGTVKDLLIGAGKSAAQSVLKGLSGKLSKDC,1
ETANLVAIFVSCLLVSLTGYALYTSFGRPSEGLIDPFDNHED,0
TDAVDCSQNPLAELKCSVKSF,1
GCWSTVLGGLKKFAKGGLEAIVNPK,1
TSISDSQIIVILLSVFITSILALRLGKELYQ,0
RMKQIEDKIEEIESKQKKIENEIARIKKLLQLTVWGIKQLQARIL,1
LLLKHGTIEILDQKTMYGWYELPKQEFLNGEQPEPITHYIKQFPLMK,0
SDTVDIYDAGKILERVII,0
AESEAGDASPLVTEVLIGSPPGYVGYTEGG,0
TELLLAITVFCLGFWVVRALRTQVP,0
YCESPAAAMDAYYSPVSQSREGSSP,0
EKKEEQYINQAEYVPHPTKEGEYALFLHETYHLLSEDDETQTTE,0
MKYLAFLIKGKTTHFDVGK,0
GDDVKSACCDTCLCTKSNPPICRCVDIRET,0
INMKASAAVAKKLL,1
ILGPVLGLVSRTLRRVLGIL,1
LVNLCCPYFFQDIG,0
RRWWCRD,1
YTSLIHSLIEEVQNQQEKNEQELLELDKWASLWNWF,1
KVSASVKKICRNCKVIRRKGVVRVICTDPRHKQRQG,0
LEAIPMSIPPEIAFNKPFVF,1
DWVAVKQSYF,1
SGSRIHVFKWQDTE,0
SDINTARLPVFSLPVFFPFVSDDIQAVLTRGESLC,0
WVTTSNQW,1
SGKSWVLISTTSPQSLEDEILGRLLKILFVLFVDLMSIMYVVITS,0
RNTREVFAQVKQMYKTPTLKYFG,1
ELVNQIIEQLIKKEKVYLAW,1
ADTTGRIPLWLIGTVTGIPVIGSIGIFFYGSYSGLGSSL,0
TAANVKIFNTEEVQNFINLL,0
WLWDENEK,1
EGDVIATGINGFGRIG,0
GGAGLTGGFYEPLVRRC,1
VRVQRRVLKNFMRVVGVDKGYRLWVEWLSCVCCGYVVRAE,0
FGIVEGLMTTVHSITATQKVPTPDVSVVDLTVRLVSWYDNEWGYSSR,0
ISIELNKAKSDLEESKEWIRRSNQKLDSIGNWHQ,1
DLGPPISLERLDVGTNLGNAIAKLEDAKELLESSD,1
DIDFRVAIVLAPIAVAAGWAAFNIGAAAIRQVQNFLNREA,0
GLWSTIKNVGKEAAIAAGKAALGALGEQ,1
ARDGITLRCEECKMENYITKKNKKLHTEKLETKKFCPKCNSHVTHKEKK,0
WEEWDKKIEEYTKKIEELIKKSEEQQKN,1
CTLCRVVDCCLYAIVFVMVRVVVLCVNKIRIRAREIYES,1
KDFTTYLSTAPVLTLVSLTAVAGLLIEINRFFPDALTAAF,0
DAILHTPGCVPCVREGNA,1
LTITSYFGFLLAALTITSALFIGLNKIGLI,0
CSKGGVGRGYGIG,0
DEPDGVPTRQKQ,0
WEDWVGWI,1
CTFHSPRFC,1
GVPCGESCVFIPCITGVIGCSCSSNVCYLN,1
TIDRTYPIFTVRWLAVHGLAIPTVFFLGSISAMQFIQR,0
KGATYITYVNFLNELRVKTKPEGNSHGIPSLRK,1
HEDNAGIAVYWGQDAREGDLVTACN,0
NPNPVPIPLVDIDYL,0
DRNPNPNNLPVELNRTSLYLGLLLVFVTGVLFSSYFFN,0
KKKKVVAATTVLV,1
ETSSPALSIAITILIVLLGLTAFGVYTAFGPPNRALDDPWDDHDD,0
RRSRRGRGGGRRGGSGGRGGRGGGGRSGAGSSIAGVGSRGGGGGRHYA,1
KKLVAASQAALGL,1
DGDDGDGD,0
WDYIGSPTNVIMVISTSLMLFAGRFGLAPSANR,0
SNVGTSGRIPLWLVGTVAGILVLGLVGLFFYGSYVGLGSSL,0
KKKKLVAPTYVLV,1
GFSSIFRGVAKFASKGLGKDLARLGVNLVACKISKQC,1
SGKRVLACDICKSRNYSVTSAKKSDTRLTVKKFCKRCNGHTLHVETR,0
LNIFSLVCICINSALYSSSFFLGKLPEAYAFLNPIVDFMPVIPLL,0
CTMLNVLTGTQEGLR,0
RRRRRRRWWWRRRRRRRR,1
PPDAGEDSKSENGENAPIYCICRKPDI,0
ITAKPAKTPT,0
YQDVNCTDVSTAIHADQLTP,1
VILASLSVMLLVSLWQQKIR,0
KKLAVILTLVGGLYFAFKKYQERVNQAPNIEY,0
RIPTGERVWDRGNVTLLCDC,1
PFVFLR,1
ISIVSLFKAITDMLLTEQIYANYFSTPRLRFYPI,0
RIQRGPGRAFVTIGK,1
MDVNPTLLFLKVPAQNAI,1
AAGLPGAALPLRKRPLRAPSPEPAAPRGAAGLVV,0
MLLLKHGRIEILDQNTMYG,0
KLKSKLFVICLAAAAIFTAAGVSANAEALDFHVTERGMT,0
ADLEVVAATYVDDD,1
TKRTFGGTSRKRKRVSGFRVRMRSHTGRRVIKSRRKRGRERIAV,0
FVDLKKIANIINSIF,1
RDIKTYLSVAPVLTTLWFGSLAGLLIEINRLFPDALTFPFFSF,0
KKKKLLLAFLFLF,1
ADTTGRIPLWIIGTVTGILVIGLIGIFFYGSYSGLGSSL,0
GIFSKLAGKKIKNLISGLKNIGKEVGMDVVRTGIDIAGCKIKGEC,1
FLPVIAGLLSKLF,1
ASEIFTIAGLSIVLTLVGVALGYGILRITQGGAE,0
TDYKFLAGFAAGFVSSIPISVISIYFIYLRISKHVREIVNEYGRG,0
NFYDPLVFPSDEFDASISQVNEKINQSLAFIRKSD,1
ANEAKVVLVADNVQGDN,0
SSMKLSFRARAYGFRGPGPQL,1
MRKYEIMYIIRPDMD,0
EPSQSINLIILGLIVVMHAGVLALRLGISLART,0
CCGCCYIAACARNNSNCSSHLECSTC,1
KIRNSLRSLRNRHRDNRLVRRKGRVYIINKTNRRFKARQG,0
MHIVVCIKQVPDSAQIRV,0
LEAIPCSIPPEFLFGKPFVF,1
YGLAADHVLDAR,0
GSILGFLQIATVLTVLLLLLK,0
CRDTTPWWC,1
SQTQSFNFNKFEQNK,0
GICRCICGRGICRCICGR,1
PQLVPFFFVNQVVFAFIVLTVLIYAFSKYILPRLLRTYISRIYINKL,0
RVYKVHKDEKTGVQTVYEM,0
CKHHNWWTC,1
YTSLIHSLIEENQNQQEKNEQELLELDKWASLWNWF,1
RVKISLKCSECGKKNYYTDKNKTAKEKLSFRRYCPKCNKHTVHSETKL,0
LDPIDISIELNKAKSDLEESKEWIRRSNQKLDSI,1
KWNGWGDTRKFLHQLKPSGT,0
LMSTLPGGVILVFILVGLACIAIISTIIYRKWQARQRGLQRF,0
RRKKA,1
EAALLLAKLPEAYSIFDPLVDVLPLIPLFFLLLAFVWQAAVGFK,0
KTCENLANTYRGPCFTTGSCDDHCKNKEHLRSGRCRDDFRCWCTRNC,1
ETNDLGFVASLLFVLVPTVFLIILFIQTNSKEG,0
SGCGCASTGTCHCGKDCTCAGCPHK,0
LKYLSLGILVFQTTSLVLTMRYSRTLKEEGPR,0
KGLSGPTAWWVVV,1
GIHDILKYGKPS,1
KSKEKIGKEFKRIVQRIKDFLRNLVPR,1
LRLDLSNLR,0
KVMGSLKSAKSRDRDCKIVRRKGRVYVINKKKPRFKARQGY,0
ILPLLLGKVVCAITKKC,1
FTAISYLGILVGALLFVTITFLTLRTIQLL,0
TIDRTYPIFTVRWLAVHGLAVPTVFFLGAISAMQFIQR,0
TMKSTVLLSVFTVLATWAGLLEAHPLGD,0
DVDLGDISGINASVVNIQKEIDRLNEVAKNLNESLIDLQELGKYEQYI,1
SDINATRLPGAYPPVPMPCVGDADNFTLTRGENLC,0
IDKAIIVLGALIALLELIRFLLQLLN,0
SDINATRLPIWGIGCNPCVGDDVTTLLTRGEALC,0
WDMIKNFFLFSSGVLQATTLLLVILIFMYVRKTKKKNKESSGFMDDKH,0
NQLGSGPTKQGVATNTGSTGTTKNNSNLSGKGWVL,0
KVRASVKKMCRNCKVIKRNRVVRVICADPRHKQRQG,0
ADTTGRIPLWLIGTVAGIPVIGSVGVFFYGSYSGLGSSL,0
ALVSADGDSWFAR,0
RRKKAAVALLPAVLLALEAP,1
HWGMWSY,1
NCLLLGTEVSEALGGAGLT,1
SWLRDIWDWISEVLSDFK,1
MALPSALWWPG,0
PQLIPFYFMNQLTYGLLLITVLLILFSQFFLPMILRLYVSRLFISKL,0
VIIKYTTKTQPTPVKEMFISPQHYAKWRSHMGSKLTSVKPIKGGR,0
KVRPSVKRMCDSCKIVKRRGRVMVICINPKHKQRQGK,0
MRFCWQKSIHGS,0
TNKNTSTDMRKNAPKGDNPGQPEPLSGSKKVKNRNHTRQKHNSSHDM,0
SISNALNKLEESNRNLDKVNVKLT,1
CNLMGNPHC,1
GYKCTRCKQKVEIDYEYTGIRCPYCGHRILVKERPTTIKRIKAE,0
PPEPSDLPPGNPVPPPLNYGDPTKLRSPP,1
MTPHDEEVDSSD,0
VCGETCVGGTCNTPGCTCSWPVCT,1
PPRGTETPQRCRRLHLVEMLCLVRVVFH,1
FLPGLIAGIAKML,1
ARRAKRRARRAKRRARRKKRR,1
GLFDSIKNVAKNVAAGLLDKLKCKITGC,1
IMRDPRFDNIPLILETVNPDIWAEEIAWLKSQAEI,0
CLALNMSYC,1
LRQSQFVGSR,1
GTRCSLTDTRSATYARSGLLVMKTLKRGLQNGNPQEVNQ,0
TNKNDGKDMRKNAPKGDNPGQPEPLDGSKKVKNRNHTRQKHNTSHDM,0
KNWAVLVAGSNGWPNYRHHA,0
GEAANVMGAPK,0
LIHSLIEESQNQQEKNEQELLELDKWASLWNWFNIT,1
TTVYDAEGSKVDFDGSLRIIV,0
PRPISYLKGSSGGPL,1
FLSAITSLLGKLL,1
KKKKVVAAKYVLV,1
AKLAEQAERYDDMAACMK,0
SDINTARLPLSSPMLLPCVGDDILMV,0
WNSLKIDNLDV,1
TDVILMCFSIDSP,1
RDIKTYLSVAPVISTLWFGSLAGLLIEINRLFPDALVFPFFSF,0
PPLRYSPPGQRVIPPPADERFLRFLVFHLNKIRIRAREIYES,1
KNTNPNSQPVELNRTSLFLGRLLIFVLGILFSSYIFN,0
KNVNETLLLRALKSSSLRLPVPTKIIKKYDKRTDCIKGS,0
AVHGQFATL,0
KDFKIYLSTAPVVAFAWLTFTAGFIIEINRFFPDPLVFSF,0
CTTHISQTC,1
KSLEQIWNNMTWMEWDREINNYTSLIHSLIEESQNQ,1
KGACDYPEWQWLCAA,1
KICRRRSAGFKGPCMSNKNCAQVCQQEQWQQQNCDQPFRRCKCIRQC,1
NEVAKNLNESLIDLQELGKYEQYIKWPWYVW,1
AALGDTAWDFGSIGGVFNSIGRAVHQVFGGAFRTL,1
AVYRCGKCWKTFTDEQLKVLPGVRCPYCGYKIIFMVRKPTIKIVKAI,0
ESVAYILILTMALAVLFFAIAFREPPRIEK,0
MPKTRRRPRRSQRKRPPTPWP,1
SGIVQQQNNLLRAIEAQQHLLQLTVWGIKQLQAR,1
FDAFTLVVSQADTRGEMLSTAQIDALSQMVAESNKYLDAVNYIT,0
EVNQLGLIATALFVLVPSVFLIILYVQTESQQKSS,0
KLMKQGGAALEGSALANGRALSAGSPPVPPGWNRIPPLGRAQEE,0
DLYGNIVLSGGSTMF,0
SKRTFQPNNRRRAKVHGFRLRMRTRAGRAILSARRTKGRAQISA,0
KRTFQPSVLKRKRNHGFRARMATKGGRQVIARRRARGRKVLSA,0
GSVTAMTVFFPLDTA,0
TPLWSLMQDLMM,0
VESMNKELPKIIGQVRDQAEHLKTAY,1
KKKKLLLPFLFFV,1
GLLSGVLGVGKKVDCGLSGLC,1
INLKALAALAKKIL,1
STDTQYFGPGTRLTVL,0
AGVPFNTKTPYGPT,0
LASGAESQDRYRNTPSSRIFTPGFRPTPATTPEPGIYMFNMEPSQP,0
GLFTLIKGAAKLIGKTTAKEAGKTGKLEMACKITNQC,1
WMEWDREINNYTSLIHSLIEELQNQQEKNEQELL,1
MPGLDSPAAVRRAAMDLLAR,0
FTIITYFGLLLAALALAVVLFVGLSKIELI,0
EPAGGCLCDQPVHIAVRGLAPEQ,0
AIFVDLEPTVIDEVRSLDIERPTYTNLNRFDGAINVDVTEFQTNLVPYPR,0
TFLDKFNHEAEDLFYQ,1
EWDREINNYTSLIHSLIEESQNQQEKNEQELLELDKWASLW,1
ANVDFAFSLYRQLVSSAPDRNICISPVSVSMAL,0
RRRRRRRRRR,1
KKNEEIIKKLEETKKNEEKNKKSEEILKKLEELRKK,1
AAGAVVNDL,1
LTLFSYFGFLFAALTLALVLFIGLNKIQLI,0
MLHCKGNNL,0
INVLGILGLLGKALSHL,1
MADAEDIQPLVCD,0
AIFQSSMTKILEPFR,1
GSFFATPDDRH,0
ILPWKWPWWPWPP,1
LRPAVIRPKGK,1
LTITSFFGFLLAALTITSVLFIGLTKIRLI,0
QKKIRVRLSW,1
EGGGNRGDPSGVC,0
NSHFASAHTPFYINTKEARYLVLKAVKVCDVRTVECEGSKA,0
MTRRYWNIDLE,0
GLFPKFNKKKVKTGIFDIIKTVGKEAGMDVLRTGIDVIGCKIKGEC,1
GLFSVLGAVAKHVLPHVVPVIAEK,1
PRLSHKGPMPF,1
VGEIVESAVLSSVLVLVGLAIGFLLLKVQGE,0
MFKPGYSEAKKPKITDEFSYKQT,0
TPKKRKSKSKKNLRKTNWKKKASKQAIKALAVAKHVLASYNTAEATTN,0
TRTPVNVTVTGAAGQIGYAL,0
SWLRDIWD,1
EAVRHFPRIWLHSLG,1
MITVPHVVNLNLTGQWRENGGQI,0
TTRNPNQPVSYPIFTVRWIAVHTLAVPSVFFLGAIAAMQFIHR,0
KKKKVVAAFYFLV,1
SLKIPNLD,1
NKPFVFLM,1
FMGSALRIAAKVLPAALCQIFKKC,1
TSPDVDLGDISGINASVVNIQKEIDRLNEVAKNLNESLIDLQELGKYE,1
SIELNKAKSDLEESKEWIRRSNQKLDSI,1
SKRTFQPNNRRRAKTHGFRLRMRTRAGRAIISTRRAKGRARLAA,0
WISYLGFLIFYFILAAASYKILKRIKWI,0
CHTLPHTKC,1
CESCVWIPCISSVVGCSCKSKVCYKNGTLP,1
NHGSFFKATRPGLDHWFYWSKKNRWQTILL,0
AAQRRGRVGRNPNQVGD,1
CSPYAKHNC,1
EEDGDELARRCSTFMSSPVTELR,0
NGWNENKNFILLGAVTWAILVFIVGSLNSYVI,0
TIEKIYPIFTVRWLAVHGLAVPTVFFLGSISAMQFIQR,0
AVPKRRVSHSRSAKRRTHYKITLAKPVKDKDGTYKLPHHINPTTGEYK,0
RKVAVMGAAGGIGQPLSLLLKLSPQVTELSKY,0
AEEQSFSSTKFSTDQPNLILQGDA,0
TNFTTYLSTAPVVALIWFTFTAGLLIEINRFFPDPLVFSF,0
DIVSLAWAALMIVFTFSLSLVVWGRSGL,0
DHYICAKKGGTCNFSPCPLFNRIEGTCYSGKAKCCIR,1
MARHRNWPLVMV,1
DDVAARLRAAGFGAVGAGATAEETRRMLHRAFDTLA,1
SIRDKIKTIAIDLAKSAGMGILKTLICKLDKSC,1
AVLDFIKAAGKGLVTNIMEKVG,1
SQTPVATTPRNYPIFTVRWLALHTLGVPTVFFLGALAAMQFIRR,0
ADLEVVAATYVLDD,1
IPESSELTLQELLGEERR,1
CGETCVVDTRCYTKKCSCAWPVCMRN,1
KISRILLAAVILSSVFSITYLQSDHNTEIKVAADRVGA,0
WLWREQER,1
ADGAHRSLLGRMKGA,1
ESQNQQEKNEQELLELDKWASLWNWFNITNWLWLIK,1
ATGQETAYFLLKLALKA,1
RRKKAAVALLPAVLAALLAP,1
LPEKDSWTVNDIQKLVGKLN,1
SSISDTQVYIALVVALIPGLLAWRLATELYK,0
TKRTFGGTSRKRKRVSGFRVRMRSHTGRRVIKSRRQKGRERIAV,0
FKCRRWQWRMKKLGAPSITCVRRAFA,1
FRKQNPDIVIYQYMD,1
TSRCIFYRRKKCS,1
NEESDLIADKFTNYNKLIRPAKH,0
NVCHGSDSVESANKEIDLWFK,0
MRELIRLVSSAGTGHFYT,0
RVKLTLACTECRQRNYNTMKNKKNDPDRLEMKKYCPFCHKHTLHKETK,0
LEAIPCSIPPCVFFGKPFVF,1
MFRKLLKMWILLRPTHWLILIALCAVTCAGYWLLWSE,0
GSPEKLRPSDFSKSFLISSIRFAMSFSSFELYSACSSLIRVSSPTMAET,0
GLWSKIKEAAKAAGKAALNAVTGLVNQGDQPS,1
EQIWNNMTWMEWDREINNYTSLIHSLIEESQNQQEK,1
FKSRIETGGFQFQVHGDDESAMDDEFIDDDDDQQVVEPVTDN,0
AEGDGSVDTP,0
EVLILIIIFLLILTYTTFNFKINFVINNKEVTFSVREHTTSESSESS,0
GTKALTEAIPLTEEAEC,1
KDALEHTGFAPK,0
TEVSEALGGAGLTGGFYE,1
LGIYSDAGTQTCSK,0
WRRRRL,1
ANRETKLGKAGYVTNRGRQK,1
GILRG,1
FIHHIFRGIVHAGRSIGRFLTG,1
RRRRRR,1
GLPVCGETCVGGTCNTPGCTCSWPVCTRN,1
KLCERSSGTWSGVCGNNNACKNQCINLEGARHGSCNYVFPYHRCICYFPC,1
QLFHLCLVISCSCPTVQASKLCLGWL,0
AWDFGSLGGVFTSIGKALHQVFGAIYGAA,1
KEIDRLNEVAKNLNESLIDLQELGKYEQYIKWPWYVW,1
FRPALIVRTKGTRL,1
SMTDFYHSKRRLIFS,1
KICERASGTWKGICIHSNDCNNQCVKWENAGSGSCHYQFPNYMCFCYFDC,1
LAEGPPVKECAVTCRYDKDADINVVTQARN,1
GIYCIFEGGTPDDR,0
TIDRTYPIFTVRWLAIHGLAVPTVFFLGSISAMQFIQR,0
KVVSSIKSAKKRHPACQVVRRRGKIYVINKVEPRYKARQG,0
CIPMMTEFC,1
LTITSYFGFLLAALTITSALLIGLNKIRLI,0
GREEGGVGSEEGVGKQCHPS,0
LRKRKRL,1
ANQRLPPLSNDPDRCERAFVGNT,0
GCASRCKAKCAGRRCKGWASASFRGRCYCKCFRC,1
GIGKFLKKAKKGIGAVLKVLTTGL,1
KQNAANILRLKESIAATNEAVHEV,1
GLFSKFAGKGIVNFLIEGVE,1
TVLSPPQRFKRILQAMMLAVAVV,0
TNRRPQDVKFPGGGQIVG,1
WWRFPNLRNNSKYIKNKEEQLLDNQKDNHEFISQSRKRINFD,0
SLGSFMKGVGKGLATVGKIVADQFGKLLEAGQG,1
ILELLYKFRDNIKSSVRE,1
KKKKVVAPFYVLV,1
SFLIVP,0
RRICRCICGRGICRCICG,1
ISILTYFGILFGILTITVIIFVALNKIQLI,0
SDHSESIQKKFQLMKEHVNKIGVDS,1
AQGDNPDKDTDGN,0
DILSLGWAALMAMFTFSIAMVVWGRNGF,0
KLRKILKSMFNNYCKTFKDVPPGNMFR,0
KKKKVVAATYVLE,1
GMWSKIKNAGKAAKAAAKAAGKAALGAVSEAM,1
GSGVSNGGTEMIQLSHIRERQRYWAQDNLRRRFLEK,0
SFSESLAAAR,0
CTEEHIVATELVIQEMYIKINVKNSP,1
AIGGLSRSFPVEAFE,0
LLSTLTDTSIKEAVATDKAP,0
YRWWRWARRW,1
CDGGIKKEIEAIKKEQEAIKKKIEAIEKLLQLTVWGIKQLQARIL,1
LKCEWDGLVGTRGEIAKETIER,0
SDINATRLPIWGIGCNPCVGDEVTALLTRGEA,0
NDQMFVETLIITSSFFAIAAVLVLSVLLIERTG,0
SNFHSREKCLTGLVLVTLCFLCFGGIFLLPDNFGSDR,0
MTWEEWDKKIEEYTKKIEELIKKSDCAWHLGELVWCT,1
FAPCPK,0
PITHWSHGQNRWPLSCPQ,1
KTCENLADTFRGPCFATSNC,1
TRQARRNRRRWRERQRAAAAC,1
NDFEKNVQSKRNDAVDSAVGFVVSFGFFAFLFVMATVIHLVGS,0
TRRTAFLFDELSLWHSASQYALILPVGG,0
RIQQIEQKIHHIEQRIQQIEQRAIEAQQHLLQLTVWGIKQLQARIL,1
EKGYNPYVR,0
FKTWKRPPFQTSCWGIIKE,1
CWVRLLRYLLRRLKTLFT,1
GPKQPLSIEEIEVAPPKRHEVRVKIVA,0
TDVSTAIHADQLTPAWRIYSTG,1
FFGTALKIAANILPTAICKILKKC,1
TIWRNQHTYKMATSASANLSKIVKKNYMELPQDGKVQ,0
VTLLFKLYCLA,0
TKDLQQKFYEIIMDIEQNNVQGKKGIQQLQKWEDW,1
AQRCGDQARGAKCPNCLCCGKYGFCGSGDAYCGAGSCQSQCRGCR,1
SDINATRLPIFWFIYFPCVGDNVDNTLTRGER,0
KIALLSTNKAVVSLSNGVSVLTSKVLDLKNYID,1
DPIDISIELNKAKSDLEESKEWIRRSNQKLDSIG,1
NNNLLKYLSTIPVVGAIWLTFTAGFIIEINRFFPDILSLSL,0
KKKKVVALTYVLV,1
HIAHHTLPCKCPICGKPFAPWLLQGHIRTHTGESPSVCQHCNRAFA,0
PIFTFASNVPADTITGFFL,0
MDYQVSSPIYDINYYTSEPCQKINVK,1
DDDDDD,1
DCYCRIPACIAGERRYGTCIYQGRLWAFCC,1
SDTATRVQKIVVEHLGVESDKVTQE,0
LTLKIFVYTVVTFFVSLFIFGFLSNDPGRNPGER,0
YTSLLRSIIEEGRNQQEKNEQALLELDKWASLWNWF,1
VDREQLVQKARLAEQAERYDD,0
AWHKPKFIEVSCAMEITRYAPADGDEPILF,0
EIATLVAIFISGLLVSFTGYALYTAFGQPSQQLRDPFEEHGD,0
DCAWHLGELVWCT,1
HRKRRR,1
KRTFQPSRIKRARRHGFRKRMSTAAGRRIVNSRRARGRKKLTA,0
LFSGDELANNTVLELRAQGQLSAFNKQPNLTFETDAPAILQQAVAQTRE,0
DHLLSAVENELQ,0
RSRVISSGRISQYSKLRNLVLYPSNTGPSNNRPCAGALGMYFLGPALK,0
ERKVDFLEENITALLEEAQIQQEKNMYELQKLNSW,1
HGNITLGEWYNQTKDLQQKF,1
VTCNIGEWVCVAHCNSKSKKSGYCSRGVCYCTN,1
KVMGSLKSAKSRDRDCKIVRRKGRIYVINKKKPRFKARQGY,0
VETWLLLAVSLVLLYLYGTRTHGLFKRLGIP,0
CLQHDALNC,1
LLLKHGRIEILDQNTMYGWYELPKQEFLNSEQPELLLTTSKNFH,0
WNSLKIDNLDA,1
SWVEENRASFQPPVCNKLMHR,0
CGETCLFIPCIFSVVGCSCSSKVCYRN,1
SNPKGSRKHFVPNHIGTQPRAAGGNKGKQMQDQSGQHAQVIQTKGE,0
KKKKLVLATYVLV,1
PLVFPSDEFDASISQVNEKINQSLAFIRKSDELLH,1
GGLKKLGKKLEGVGKRVFKASEKALPVAVGIKALGK,1
LNFTWNVFSQTGNVDTYLLFKELEKENMERPEELEDELARFDYPIL,0
NEFKRCMRVFSHSPFKVRLMLLSMLCDMVNNKPQQDKPSDK,0
ESTHPRISSEVHIPL,1
KKKKVVAATPVLV,1
NEVDIVGALNADLTQFL,0
CLPTPHHVC,1
PDPGQPWQVKAGRPPCYSIPCRKHDECRVGSCSRCNNGLWGDRTCR,1
IMGKDRQEKKLKASGRVESDRDQSIHYDGATSLEQNGRFKKRKS,0
LDLTYEMLSLQQVVKALNESY,1
KVRASVKKICRNCKIVKREGVVRVLCSDPKHKQRQG,0
CRSLTDNQC,1
QRRQNDSSVFLAIMVAAAVES,0
TIDRTYPIFTVRWLAIHGLAVPTVFSLGSISAMQFIQR,0
KAWFVLSMRAVGGLFVDLWTSVAKTVKGWL,0
LLQLTVWGIKQLQARIL,1
NDQMFVETLIITSSFFAIAVVLVLSVLLIERIG,0
ETATLVTISISCLLVSFTGYALYTAFGQPSKQLRDPFEDHED,0
CEYQAGHNKVGSLQY,1
FCHLLGDNYEAVIYSTENRFTPSVYSCGNSGCLVLQFADIQSSP,0
KVRNSLKSLRTRHRDNRLVRRKGRVYIINKTQKRYKARQG,0
NPLFGIAGEDGPTGPSGIVGQ,0
FSQIGAFLDSALLLLVAFFAVYRLVLVLCRWQRRQLDIPIHI,0
MALNLQDKQAIVAEVSEVAKGALS,0
MWTKPSYTDLRIGFEVTLYFANR,0
LQLMKQLYEKPAVKWTCHTGFYLMILLVLFFMYGFHTANTGSYIYNDF,0
TNKNTGKDIRQNSPKEHQSGQPEPLSGSKKVKNRNHTRQKHNSHHDM,0
FVGWNALLLLFFWTRPAPGRLPSD,0
TWAGVEAIIRILQQL,1
LAGLDTAIILIAFIITASVLAYV,0
AWTKPIIREIECGMEINMYGPDSDEEREVLF,0
GLMDTIKGVAKTVAASWLDKLKCKITGC,1
KIKNSLKALRERHRNNRMVRRKGRVYILNKTNPRFRARQG,0
QKEGLHYTCSSHFPYSQYQF,1
VIADDLPPTCIRP,0
RNSYRKSPSRRNR,0
EKNNSKSIRQNSKKGQPSGQPEPLSGSHKVKNRNHSRQKHHAHHDM,0
CNHTRNMAC,1
HGGIQRISLRGSMLMPPQSNWQDNRFSSVAAQVDVPRAHIRGHARFSI,0
GYSAGERIVD,1
LEAIPMCIPPECLFNKPFVF,1
CGESCVYIPCLTSAIGCSCKSKVCYRNGIP,1
KIMAKPSKFYEQLRGR,1
MWTKPAFEDIRLGFEITMYAAVE,0
FHNHGAP,1
GLFNVFKGLKTAGKHVAGSLLNQLKCKVSGGC,1
LTITSYFGFLLAALTITSALFIGLTKIRLI,0
GFGSFLGKALKAALKIGANVLGGAPEQ,1
SVSCLRNKGVCMPGKCAPKMKQIGTCGMPQVKCCKRK,1
CGETCVGGTCNTPGCACSWPVCTRNGLPV,1
MERQVFIRLRHRLEADP,0
KHSDNLRSVRSEYADADGSRCVYLTFDDGPNPLCTPPDI,0
KVRASIKRICRECKLIKRHGVNRIICVNPKHKQRQG,0
PGIAFKGKDMVKAIQFLEIVVPCHCTT,0
CHNLKRPTC,1
RRWWCRY,1
APIVSGGYDF,0
VTVYENEGTKVDFDGNLRLLL,0
TIDRTYPIFTVRWLAVHGLAVPTVSFLGSISAMQFIQR,0
RVNITLACTECGDRNYITTKNKRNNPERIEMKKYCPRLNKYTLHRETK,0
SIFPAIVSFLSKFL,1
KAVVLGKAGGTAELPCQASQ,0
KSWSLCTPGCARTGSFNSYCC,1
ELVSLCNTITIISHSVLYVSLSYYIINPCTSASSNFDDSFS,0
GKGRIRVEERIKAETDAEMQKATLLDQTQTKKGK,0
MALNLQDKQAIVAEVSEVAKGAL,0
SDINATRLPVFSLPVFFPFVSDDIQAVLTRGESLC,0
LEAIPCSIPPCFLFGKPFVF,1
AGDNATVAAGHATLREHLRDIKAENTDAN,1
CPSTGYSYC,1
EINCTRPNNNTRKSIHIGPGRAFYTTGEIIGDIRQAHCNIS,1
RQIKINFQNRRMKNKKGELDELVYLLDGPGYDPIHS,1
AACSDRAHGHICESFKSFCKDSGRNGVKLRANCKKTCGLC,1
SAGSGRIPLWVVATIAGLGVITVVGIFFYGAYAGIGSSI,0
KIRASVRKICEKCRLIRRQGRIIVICSNPRHKQRQG,0
EALVYTFLLVGTLGIIFFAIFFREPPKITSNKK,0
TTWEAWDRAIAEYAARIEALIRASQEQQEKNEAELREL,1
IDLGPPISLERLDVGTNLGNAIAKLEAKELLESS,1
QQCGRQAGNRRCANNLCCSQYGYCGRTNEYCCTSQGCQSQCRRCG,1
MKKAERGASPKQIKPHRYYLLAVH,0
TGEIFFVAGLVFVLTLVGMAIGFGVLKLRGEGKEA,0
TRQCRRGRIWKRWNETITGP,1
CATCEQIADSQHRSHR,1
CNSVPPYQC,1
RRKKLLPAVLLALLAP,1
MMKLVIILVVLLLLSFPTY,0
KKKKVVAATAVLV,1
QRGLFPAILNLASNAHISTNATCGEKGPEMFCKLVEH,0
VFASLPGIIFTRSQKEGL,1
IHSLIEESQNQQEKNEQELLELDKWASLWNWFNITN,1
CIRLQAEAFQARLKSWFEPLV,1
GLLSGVLGVGKKIVCGLSGLC,1
AWKLFDDGV,1
KRTYQPKKRHRQRVHGFRKRMSTSNGRKVLARRRQKGRKVLSA,0
RCLCRRGVCRCLCRRGVC,1
GIGGKILSGLKTALKGAAKELASTYLH,1
KLIAAYLLAYLGGNSSPSAADVKDILNAVGAEANEEKLEFL,0
QNARIAVVYFAGY,0
SKCYQWQRRMRKLGAPSITCVRRTS,1
CGESCVYIPCFIPGCSCRNRVCYLNSAIA,1
LLLPEAAAERDAREKLALWDRRPDTTAPL,0
RVRRFWPLVPVAINTVAAGINLYKAIRRK,1
IHMDIVSLAWAALMVVFTFSLSLVVWGRSGL,0
LGRMKG,1
SVLVYSFASFVLGWCLRSGITYFTRLMETSS,0
INWKKIFEKVKNLV,1
KVRPSVKPMCEHCKVIKRKGRVMVICSNPKHKQRQG,0
ELILDCFVNWSFDKIMDYILIAGLYFVFKSKSKQNYPDHFEEKRRHRN,0
AKGKRTFQPNNRRRARVHGFRLRMRTRAGRAIVSARRRKGRATLTA,0
DNPNHSR,0
IIRILQQLLFIHFRI,1
RILRG,1
CSPLLRTVC,1
DFGCARGMIFVCMRRCARMYPGSTGYCQGFRCMCDTMIPIRRPPFIMG,1
ILMCFSIDSPD,1
CGESCVWIPCISAAVGCSCKSKVCYKNGTLP,1
CYGIIVMILFSLYKGLAPNSAIVGISIMIIIAIGIYLIIEYAIKKIIG,0
QQCVKKDELCIPYYLDCCEPLECKKVNWWDHKCIG,0
RAEQPCGAELTFELPDNAKQC,0
FFSASCVPGADKGQFPNLCRLCAGTGENKCA,1
ADRGWIKTLTKDCPNVISSICAGTIITACKNCA,1
FFSLLPSLIGGLVSAIK,1
TDFNLPSIFVPLVGLVFPAIAMASLSLHVQKNKIV,0
PTITIISYFGFLLASIIFTLVLFISLSKIQLI,0
WQEWEQKITALLEQAQIQQEKNEYELQKLDKWASLWEWF,1
CNCTNSSSSYSGTKMACPSNRG,1
CEKLHTASC,1
FAKKFAKKFKKFAKKFAKFAFAF,1
FAVNPGLLETSEGCRAAA,1
CHWMFSPWC,1
EALVYTFLLVSTLGIIFFAIFFREPPKVPTKGGK,0
DVTFSMLGANGATYYQFF,0
KKKKVVAAFYVFV,1
YKLWLLFDPRRALVALSAFLFVLALIIHFIALSTDRFNWLEGKPAVKAA,0
CYKMDNHTC,1
LMCTHPLDCSN,1
LTKYALVAVIVLCLTVLGFTLLVGDSLCEFTVKERNIEFKAVLAYEPKK,0
WLWSSKEN,1
IDEILSKETCDYF,0
ATKRTFQPSVLKRKRTHGFRARMATKNGRKVINARRAKGRARLSK,0
PSCVCSGFETSGIHFC,1
FVHWYVGEGMEEGEFSEAREDLAALEKDYEEVGIETAEAEGEEEGYGEEL,0
CDLLLPGRC,1
INNYTSLIHSLIEESQNQQEKNEQELLELDKWASLW,1
TTSMLNAKLLPTAPSAAVVVVRVVVVVGNAP,0
RVKINLKCSSCDSINYLTSKNSKTHPDKIEVLKYCPKERKVTLHLESK,0
RRWCFRVCYKGFCYRKCR,1
GFREVLKGAAKAFVKTVAGHIANI,1
LQANRQYLFQGSLKPGPELPEEMKQGLPFLGQPDGQGRFPLRYQGRI,0
YETSRKTSYIFQQPQHGPWQTRMRKISNHGSLRV,0
RVNITLEHKESGERLYLTSKNKRNTPDRLQLKKYSPKLRKHVTFTEVK,0
GVQKSEVVITSA,0
CGETCVIFPCISAAFGCSCKDTVCYKN,1
KIPCGESCVWIPCLTSVFNCKCENKVCYHD,1
TTSLANFIASLTAGALVLSAIGIALIIISKNDRVQRS,0
CISDYEQHVRSVLQKSV,0
YKLVVVGDGGVGKSALTIQLIQNHFVEEYDPTIEDSYR,0
GVCRCLCRRGVCRCICRR,1
MRFYFYSQAVDESGVTR,0
WLWEDNKE,1
RVKVTLACTECKQRNYNTTKNKKNNPDRIELQKYCRFCKKHTTHKETK,0
SWLRDIWDWVCEVLSDFK,1
RRWWCRM,1
RRKKAAAAAAAAA,1
HGVSGHGQ,1
YTSLIHSLIEESQNQQEKNEQELLEFDKWASLWNWF,1
LNLADATNFLQDSKAELEKARKILSEVGRWY,1
YPLPHPMWSMLP,1
IPAMEPAARVKRSPGYGGCSPRWACGGYG,1
ENSAFFYGVFLWCLLISVTGYSIYIGFGPPSKELRDPFEEHED,0
RRWWCRP,1
CTSAAVHMC,1
CGESCVWIPCISSAVGCSCKNKVCYKNGTP,1
MDLIPDLAVETWLLLAVTLV,0
YQLLIRMIY,1
GKRKANHIVPGMNAASAQGQGTGYNEEFANEPLTAAQRQNNKKRKKNQ,0
ADIIMEKLTEKQTEVETVMSEVSGFPMPQL,0
EALVYTFLLVSTLGIIFFAIFFREPPKILTKKMK,0
VDCSPGIWQLDCTHL,1
AMVGT,1
FTLKLFVYTVVIFFVSLFIFGFLSNDPGRNPGRKE,0
EVNIFGLTATALFIIIPTSFLLILYVKTASNQSV,0
VIGAGVIGLSTALCIHERYHSVLQP,0
GWFDVVKHIASAV,1
GMKKKTNIKATGGLYIFGPSNRNEGKDLTPTIRLLEEKIKQMERMLSA,0
QGYGFNEPEQTRNQGGSSWEAP,0
IFCLILWVVKAWQPRLPKGLKSPPGPWGWPLLG,0
SWLRDVWDWICTVLTDFK,1
KRSKLLLGIGILVLLIIVILGVPLIIFTIKKKKKK,1
WDWICEVLSDFK,1
AGVLW,1
KRTFQPSVLKRNRTHGFRARMANKNGRQVLARRRAKGRARLTVAG,0
MALNLQDKQAIVAEVSEVAKG,0
ANPDCKTILKALGPAATLEEMMTAC,1
FFVIFYRRKK,1
LGYLGTCPTNIGTGLR,0
FLSLIPHIVSGVASIAKHF,1
KQLTEAVQKITTESIVIWGK,1
MVTMVKKWLLLMTFMAGCRGMIY,0
DLGPPISLERLDVGTNLGNAIAKLEAKELLESSD,1
SITNEQILDAIADMSVMQVVELIEAMEEKFGVSAAAAV,0
SYYGNYYGGLGYGYDCKYSYTSGFGAFRILDCGYRCGCGGVWI,0
CGRLLLRRQRRRAHQN,1
CSHLPPNRC,1
GVFCGEPCIKASCSIPGCECIAGLCYKN,0
MKQGINGFARRGRL,0
NVSFKILGYEIASIEFDFGEDDERELTPLDKGRKALSRWWVRGMVK,0
NIELALTLVSLVLVVSAGPLVVVLLSARGGNL,0
RGILRNWYNPFAGLRQSLEQ,1
RVAKIGVIALFLLMAIGGIGGVMLAGYSFILRAG,0
STITSYFGFLLAALTITSAIFIGLNKIRLI,0
FDEMEESSSHLPYI,1
AKKAWKKAKKAAKKAKKWAKK,1
MKTNPL,0
KMKYGLYCMGSLVNTYDDAIEAHNDAVYAQEESGVPHEVREIQ,0
LEAIPCSIPPCVLFNKPFVF,1
EALVYTFLLVSTLGIIFFAIFFRDPPKVPTKKMK,0
GIGGALLSAGKSALKGLAKGLAEHL,1
MDVNPTLLF,1
KKKKVVAGTYVLV,1
GLLGLGYGGY,0
KEGSNICLTRTDRGWYC,1
YTSLIHSLIEEGQNQQEKNEQELLELDKWASLWNWF,1
NRILPTLIGPL,1
MKRNDKILHYRGLN,0
WEAWVRWI,1
CTPLSTLQC,1
MSIADLKSRLIKASTSKMTAEL,0
LLGDFFRKSKEKIGKEFKRIVQR,1
IVIYQYMDDLYVGSD,1
MSTNPKPQRKTKRNTNRR,1
ILMCFSIDS,1
SMTSDDIIYVVFALGLVVSFGLGAITAGVFR,0
KVRPSVRKICENCRLIRRKRKILVICTNPKHKQRQG,0
FVLPFDVLDSGRDLDRGWPYA,0
ESTLSLVVAIAAITICITAFAIYTAFGPPSKNLQDPYEMHED,0
MVGGGGVGKSALTIQFIQSHFVDEYDPTIEDSYRKQC,0
DPVTCLKSGAICHPVFCPRRYKQIGTCGLPGTKCCKP,1
KKKKVVAATYFLVA,1
AAAGGGGGGAAGRAYSFKVVLLG,0
MIREPRIREPRSLA,0
CQSQTRNHC,1
AAWWAGIKQEF,1
ADTLACRQSHQSCSFVACRAPSVDIGTCRGGKLKCCKWAPSS,1
GEVFAGGFALLVVLFILLIIIGASWLY,0
GFCRCLCRRGVCRCICTR,1
MTWMEWDREINNYTSLIHSLIEESQNQQEKNEQELLEL,1
AAALSQAADNLR,0
CLAGRLDKQCTCRRSQPSRRSGHEVGRPSPHCGPSRQCGCHMD,1
ADTTGRIPLWIIGTGAGILVIGLIGIFFYGSYSGLGSSL,0
RAVWRHSVATPSHSV,1
AAQRRGRIGRNPSQVGD,1
PTITSYFGFLLVALTITSALFIGLSKIRLI,0
RQIKIWFQNRRMKWKKGELDELVYLLDGPGYDPIHS,1
TASYLPSILVPLVGLVFPAITLASLFIYIEQDEIV,0
PIDISIELNKAKSDLEESKEWIRRSNQKLDSIGN,1
IVASIDWRQKGAVTPVRNQGSCGSCWTFSSVAAVEGIIKIRGT,0
APLTLDLLAQLPEAYQLYAPTVDVLPLIPLLFFLLVFVWQAAVGFR,0
APQANSFYVGAKAGD,0
LTITSYFGFLLAALTITSALFIGLSKTRLI,0
FYHSKRRLIFSKRKP,1
MISTFHDGQLRFSNVYRLTLMIFRL,0
INWKKIASIGKEVLKAL,1
GQQLAHNAYQIHSFASDSRLYNLVINIDTQPTTLFDGQTTPITS,0
AKYRCGKCWKELDDDQLKTLPGVRCPYCGYRIIYMVRKPTVKIVKAI,0
EQCREEEDDR,1
RATVAQPR,0
YLTTLK,1
GLFLNTVKDVAKDVAKDVAGKLLESLKCKITGCKS,1
AKITFTNNHPRTIWP,1
RVNITLACTECGERNYISTKNKRNNPDRVEFKKYCPRDKKSTLHRETK,0
RRKKAAVALLPAVALALLAP,1
QHCILILAWGKCILKAKFFLPLLPVRFVLGDPEDNAGTQTGDPARGR,0
LLFLKVPAQNAISTTFPYT,1
GLFLNTVKDVAKDVAKDVAGKLLESLKCKITGCKP,1
CDSCERCWYVWLILLRVRLRLLVSL,1
GYGFLTTDD,0
KRKRAVKRVGRRLKKLARKIARLGVAKLAGLRAVKLF,1
KSCCRNTVARNCYNVCRIPGTPRPVCAATCDCKLITGTKCPPGYEK,1
KVRPSVKKMCDKCRLIKRKGTLRVICQNPKHKQRQG,0
AVWKDFLKNIGKAAGKAVLNSVTDMVNE,1
AEPNVTVTGAAGQIGYALLFRI,0
MFSLSNSQYTCQDYISDHIWKTSSH,0
SVALQVTVDAVSGSAKEKITAAGTVTELV,0
YQSFDKNNIRDVTDSLWRSKKTKPRGAADPN,0
APGLWEQEQSLSCGTCTYGRTEVNSRILRKLRVGIGYEREL,0
LYYFDCFSESAIRKA,1
SMIGGVMSKG,1
SVIHTQAHASGLQQVPQLVPAGPGGGGKAVAPSKQSK,0
MDVNPTLLFIDVPAQ,1
FKCRRWQWRMKKLGAPSITCVRRAF,1
LPRRLHLEPAFLPYSVKAHECC,1
AVYVASPYAAGYGYGYAYPYAAAAYRAAPVVGAYAAYPYGVATYPYYY,0
HCKFWR,1
KVRASVKKICRNCKVIKRNGVVRVICSSDPKHKQRQG,0
ADGSLLGRMKGA,1
ATAGWTFGAGAALQIPFAMQMAY,1
SDINATRLPHLVRYPPYVGDGTDLTLNRGEK,0
KIKNSLKALRERHRNNRLVRRKGRVYILNKTNPRFRARQG,0
ADGTLLGRMKLA,1
WEEWDKKIEEYTKKIEELIKKSE,1
TLPGP,1
QPELAPEDPEDSALLEDPVGTVAPQ,1
ADKPLTADQAEELHKYVIDGARAFVAIAAFAHVLAYSLTPWLH,0
VLPVFAHCKEAPSTASSTPDSTEGGNDDSDFREL,0
VNAALPLLAQLPEAYRAFGPLVDILPLIPVFFLLLAFVWQASVGFR,0
EALVYTFLLVGTLGIIFFAIFFREPPRVPVKDKK,0
SGTSPLLPAITFILD,0
VSRRYLASLHKKALPTSVTFELLFDGTNPS,1
EALVYTFLLVSTLGIIFFAIFFREPPTISTKK,0
SDINTARLPYVVFMSFIPPCVNDDIQVVLTRGE,0
IVHVTAKDKGTGKENTIRIQEGSGLSKEDIDRMIKDAEAH,1
GILKKFMLHRGTKVYKMRTLSKRSH,1
GVFTLLKGATQLIGKTLGKELGKTGLELMACKITNQC,1
MQTLPKERRY,0
SWLRDLWDWLCEVLSDFK,1
PTYYDMVKDAIVALKDRNGSSMQAIKKYIEANQKVEFKQHYLRAALK,0
HRILMRIRQMMT,1
KHKRRR,1
DITLNNSVALDPIDISIELNKAKSDLEESKEWIRR,1
QLLIRMIYKNILFYLVPGPGHGAEPERRNIKYL,1
NGWNDNKNFVLFGAAAWIGLVLLVGTLYYFVV,0
KRTWQPSKLKHARVHGFRARMATKNGRKVIKARRAKGRVRLSA,0
KVFLGLK,1
ELVSNASDALDKLR,0
RCICTTRTCRFPYRRLGTCIFQNRVYTFCC,1
RVNITLECTSCKERNYLTNKNKRNNPDRLEKQKYCPRERKVTLHRETK,0
FHQNWPS,1
AYAQWVIIII,0
NPTCWAICKRIPNKK,1
GLPKCGETCVGGTCNTPGCTCSWPVCTRN,1
MTWEEWDKKIEEYTKKIEELIKKSE,1
TKKNSFKRKSIMLPKSLLSVVKSATLETKPESKYS,1
ESSSPALSVAIAVLAALLGLTGFGVYTAFGPPSKRLDDPFDDHED,0
EAVFLLAKLPEAYQIFDPLVDVLPVIPVFFLALAFVWQAAVGFK,0
NILRG,1
IEPLLCGIVLGLVPVTLLGLFVSAWNQYRRSSSMPDWE,0
LALKISVYTIVFFFVGIFLFGFLASDPTRTPNRKDLESPQD,0
CWVRLARYLLRRLKTPFT,1
TDLNLPSIFVPLVGLVFPAIAMTSLFLYVQKNKIV,0
LTLTSYFGFLLAALTITSALFIGLNKIRLI,0
MELCWLTTIHGS,0
PMATTIEGADYTNIMPITVLTTVYLGVSIGIDTSTTGFTCFSRY,0
CNSPKGKPC,1
LSLYSVCPSLVVRPKPLHSCTGSP,0
TWLKKRRWKKAKPP,1
NIEVIAQLTMLTIAVITGPLVIFFLAIRKGNL,0
GFDIPEPYVWDESFRVFYDLLDDEHKGLFQG,0
VAGLRQSLEQYQVVKQPDYL,1
RQIKIWFQNRRMKWKK,1
WERKVDFLEENITALLEEAQIQQEKNMYELQKLNS,1
IEAQQHLLQLTVWGIKQLQARIL,1
AVPKRRVSHTRSAKRRTHYKITLKKPVKDSDGSWKMPHMVNPNTGEYKN,0
LNIALHGYSLSKSAMDSRLTRKQSKSCT,0
MTRVQFKHHHHPD,0
GELDELVYLLDGPGYDPIHS,1
QAFQTFKPDWNKIRYDAMKMQTSLGQMKKRFNL,1
AILTTLANWARKFL,1
GGKKSHFLGRRIEGTGRGVVPFVRKLSEVVKKITADGKKC,0
PGGETARKDKFLHMVLPRRL,1
GFKDWIKGAAKKLIKTVASSIANE,1
ETAALVTIFLSCLLVSFTGYALYTAFGEPSKELRDPFEEHED,0
SHNLEKVIEHNVAQERESFKEFVEKIFEENYTDQFTNQASDDIITKSTN,0
SLLGRMKG,1
DTHTTGGVAGRDTLRFTGFFSFGPKQK,1
KVRNSLKSLKNRHRDCRVIRRRGRTYVINKTNRRFKARQG,0
GTKALAEVIPLTEEAEC,1
LQDAALGWGRRCPRCPRCPNCKRCPRCPTCPRCNCNPK,1
FKGGGPYGQGVTRG,0
ADTTGRIPLWVIGTVAGILVIGIIGIFFYGSYSGLGSSL,0
AHWGVLAGIKYFSMVGNW,1
RDFKTYLSAAPVLSTLWLGALAGLLIEINRFFPDALTFPFF,0
YITLCFWWAFSTSALVSSQQIPLK,0
LRWRKRWRKLRWRKRWRK,1
WRWRKRWRK,1
STDNFEKIKGRPTQKEEWQLKEWEKEKDENNRLFQEQKQKTTNRKG,0
TTWEAWDRAIAEYAARIEALIRALQEQQEKNEAALREL,1
KSLLTEVETPIRGSLLTEVETPIR,1
RKVDFLEENITALLEEAQIQQEKNMYELQKLNSWD,1
MNRLKEIFQKEITPALVSKF,0
FSNQPPVHRSPFEDPYPEDQPHFD,0
VVTLTDTTNQKTELQAIYLA,1
LQQAEARR,0
PGMGIYLPM,0
DSHKSTTSETAPQPGSAVQGAHIS,0
GIGGKILGGLKTALKGAAKELASTYLH,1
QSVITDVTGQLTAVQADITTIGGAIIVLAAVVLGIRWIKAQFF,0
RQKVTLACVQCASRNYTAAKQIRRLGERLMANKFCSTCNKHTIHRETK,0
AEAMSQV,1
AFLTLTPGSHVDSYVEA,0
IGVIKLSLCEEERNADEEKRRDDPDEMDVEVEKR,1
GLGSLLGKAFKIGLKTVGKMMGGAPREQ,1
WEDWVAWI,1
QPLPDCCRQKTCSCRLYELLHGAGNHAAGILTL,0
TGCCIAGRLANLDDQNLTVAL,0
PQTETKASVGFKAGVK,0
YTSLIHSLIEEKQNQQEKNEQELLELDKWASLWNWF,1
AVHKYYQLSGETIKARKPICPRCGNGVFLAEHEDRMSCGRCGYTEFKK,0
GLFKVLGSVAKHLLPHVAPIIAEKL,1
NEELGKKYEETKKKQEEFYKKIEEIEKKNEEVKKKLEELQKK,1
SDINATRLPIWGIGCDPCVGDDVTALLTRGEALC,0
SGHTKIKVAVDT,0
TLPGGVILVFILVGLACIAIIATIIYRKWQARQRGLQRF,0
HGVSGHGQHG,1
KRTFQPSKIRRARKHGFRSRMATKNGRRVLAARRRKGRKVLTVA,0
AALRQIAFYGKGGIGKSTTSQNTLAALVDHHVPRIPMIIRIGGYAQ,0
SDINATRLPHPFPLGLQPCAGDVDNLTLTKGEG,0
GNAACVIGCIGSCVISEGIGSLVGTAFTLG,1
AASFLPSILVPLVGLIFPAIAMTSLFIYIEKQEVN,0
TRRTLEGTSRKRRRVSGFRTRMRTINGRKVIQARRQKGRHKLSVSEG,0
CTLNFPISPIETVPVKLKPG,1
QPFIPRPIDTCRLRNGICFPGICRRPYYWIGTCNNGIGSCCARGWRS,1
KSKIIAALLLILMIIISIYYSVTVPLMIPTIILGWSLLLLQVKYECIN,0
VEKTLTALPGLFLQNQPG,0
YGLAADNVLDAR,0
TKALTEVIPLTEEAELELAE,1
GFWKKVGSAAWGGVKAAAKGAAVGGLNALAKHIQ,1
LIEESQNQQEKNEQELLELDKWASLWNWFNITNWLW,1
GHKLGEFAPTRTFRGHKKEDKKVKR,0
EEIIRKLQQLLFIHFRIGRRRRRRRR,1
ADDVKGLTGLTAAESEELHKHVIDGTRVFFVIAIFAHVLAFAFSPWLH,0
PALEDPALVGPALI,1
VGLLLYCKARSTPVTLS,1
KKKKVVGATYVLV,1
KVRPSVKKMCPKCKVIRRRGILRVICDNPRHKQRQG,0
ATWVCGPCT,1
CPGNWWSTC,1
PCPCGSGCKCASQATKGSCNCGSDCKCGGDKKSACGCSE,0
FEDAKKVRFFKSNSETIK,0
AKYRCGNCWREFDDEQLRALPGVRCPYCGYKIIYMVRKPTVKVVKAI,0
AYRGFKTSRVVKHRVRRRWFNHRRRYR,0
RSSIAPTAPAACSSKRWYPSVCEPDVRNQKNWGHPITPCA,0
IEESQNQQEKNEQELLELDKWASLWNWFNITNWLWL,1
MTYQTAIDAVRELKA,0
TLSLINRSTACIQAVEQKYCRVPLPENNR,0
PTELQKERELTKF,0
QSPKDAYPYDISELVKDAYPYDISELVK,0
SKRTFQPSTLKRKRSHGFRARMATVSGRKVLARRRAKGRARLSA,0
ADSNCGCGSSCKCGDSCSCEKNYNKECDNCSCGSNCSCGSNCNC,0
RRWWCRF,1
FNVALDQVFESIENSQALVDQSNRILSSAEKGNTG,1
ANTTGRVPLWLIGTVAGILVIGLVGIFFYGSYSGLGSSL,0
RRGRTGRGRRGIYR,1
KQQLATEAESAGPIL,1
GTGLPMSERRKIMLMMR,1
KELKKIIGQVRDQAEHLKTA,1
AVKDYYKVNGESIERLRQFCPRCGDGVYLADHKDRLTCGKCGYTEFKK,0
ARREFGKGARRCRRCGDTHGVIQKYGIMLCRQCFREVAEKMGFKKYN,0
GIGGALLSVGKSALKGLTKGLAEHF,1
TAKKVALACSVCGQRNYFVPENPKRTERLTLKKFCKHCGRVTVHQETK,0
CSRNHILTC,1
EQKIEELLKKAEEQQKKNEEELKKLEK,1
CMTSHPTLC,1
ADTTGRIPLWLIGTVTGIIVIGLIGIFFYGSYSGLGSSL,0
DCPNGPWVWVPAFCQAVGWG,1
TLGEWYNQTKDLQQKFYEIIMDIEQNNVQGKKG,1
IEFMCTRKDSKTWGKDAWKKIVVCVVSDGRAKINP,0
EQGFPLDLGASFTEDAPR,0
FRLSPAARNILEKHSLDASQGTATGPR,0
RNKAHGFPHRISFDGEPDRAKHASKRANGTINTKPQERMHQANPDQ,0
SALVKACPPILSTVGEGWGHHRVGTGEGAGISTKTPRP,0
SGGGKEAAETFNRVESHPRPDA,0
ACWWAGIKQAF,1
MLRKLWRRKLFSFPTKYYFLFLAFSVVTFTVLRI,0
GIFALIKTAAKFVGKNLLKQAGKAGLEHLACKANNQC,1
MNNTEFYDRLGVSKDASQDEIKKA,0
PFFHLIG,1
RTNFEKFTKRDSVVNEQGEQWQERRDRMKKRHKQQRGNSQKREWN,0
IATQCRIRGGFCRVGSCRFPHIAIGKCATFISCCGRAY,1
KVRNSLRALKARPGAQVVRRRGVTYVINKKDPRFKARQG,0
HRMANMMMNWSPTAALV,1
EPATVLSIALAAVCIGVTGYSIYLSFGPPSKELADPFDDHED,0
PTTFMLKYDENGTITDAVDC,1
FTLKIFVYTTVIFFVSLFFFGFLSNDPSRNPNRKDLE,0
ACWGAGIKQEF,1
SKRTFQPNNRRRAKTHGFRLRMRTRAGRAIISTRRAKGRTRLAA,0
EKKREKHQQGANLKKMQEVLYSGEFKKAEKAAKRK,0
KKKKVVAATYKKKK,1
SDINATRLPIWGIGCDPCVGDEVTALLTRGEA,0
PPLPSVTKLTEDRWN,1
INTNMKYWSWMGAFSLSMLFWAELLWIITH,0
SYEQYFGPGTRLTVT,0
CFFLSLFNFCSSAIRRYYLGAVELSWNYIQSD,0
VPSSFRTTITDAQLRG,0
GTKWLTEWIPLC,1
ALINFDLLAELPLAYQAFAPTVDVLPLIPLFFFLLVFVWQAAVGFR,0
KYYGNGVTCGKHSCSVNWGQAFSCSVSHLANFGHGKC,1
KRGFGKKLRKRLKKFRNSIKKRLKNFNVVIPIPLPG,1
AARQIGSCLMRCRTLDTTSP,0
HCKFAW,1
EWRKKRYSTQV,1
RSEQISGSSLNPSCRFSSAYSPVTRQRKDMSR,0
GFMDTAKNVAKNEAGNLLDNLKCKITKAC,1
RRKKRRQRRR,1
ASEIFGIAAVFWVLIPVGLLGGVLLLKLQGD,0
GLVTSLIKGAGKLLGGLFGSVTG,1
KVSASVKRRCAKCRIIRRHGIVRVICENPKHKQRQG,0
MADAEDIQPLVCDNGTG,0
DREINNYTSLIHSLIEESQNQQEKNEQELLELDKWA,1
ADTTGRIPLWLIGTLTGIPVIGSIGIFFYGSYSGLGSSL,0
GLLSVLGSVAQHVLPHVVPVIAEHL,1
MVPVPVHHMADELLRNGPDTVI,0
QDIKTYLSTAPVLAALSLGFLAGLLIEINRFFPDALIFPFF,0
SAPQSIWYGPDRPKNRELEVIHSRFGEAVWFK,0
WEEWDKKIEEYTKKIEELIKKSEEQQKKN,1
EGPTLGNWAREGWATLFKKA,1
EAEGESLESWLNK,0
APKEWMAWAREIAAYAKLIAALIKQGI,1
GLLRKGGEKIGEKLKKIGQKIKNFFQKLVPQPEQ,1
KIRASVRQICDKCRLIRRRGRILVICYNPRHKQRQG,0
IWGIGCNPCVGDEVAALLTRGEA,0
DRFPTTDDVYYIP,0
LGEWYNQTKDLQQKFYEIIMDIEQNNVQGKKGIQQ,1
APPPGLSAGV,1
IAYKPE,0
GLKKLLGKLLKKLGKLLLK,1
SNTGTTGRIPLWLVGTVAGTAALTLVAVFFYGSYVGLGSSL,0
TQQSNPNEQTVELNRTSLYWGLLLIFVLAVLFSNYFFN,0
NPIPILTPC,0
SKRTFQPNNRRRAKVHGFRLRMRTRAGRAILAARRRKGRVELSA,0
GSPRTEYEACRVRCQVAEHGVERQRRCQQVCEKRLREREGRRE,1
RRKKAAVALLKAVLLALKAP,1
TTISSFPSIFVPLVGLVFPAIAMASLSLYVQKTKIF,0
SWLRDIWDWICEVL,1
STDLKFSLVTTIIVLGLIVAVGLTAALH,0
AVKRVGRRLKKLARKIARLGVAF,1
