AAATQAANGGPATPA,0
ATHIKVGQPQYYQAN,0
GLLGLLGSVVSHVVPAIVGHF,1
PTGERVWDRGNVTLLCDCPN,1
GLFDIVKKIAGHIA,0
RKVDFLEENITALLEEAQIQQEKNMYELQKLNSWD,1
ALLSTNKAVVSLSNGVSVLTSKVLDLKNYIDKQ,1
SLSRFLRFLKIVYRRAF,1
ILNTPNCALQIVA,0
RTRKRGRRTRKRGR,1
VDARSVYPYDEFVLA,0
RRKKALLPAVLLALLAP,1
RLTRKRGLK,1
QLLIRMIYKNILFYLVPGPGHGAEPERRNIKYL,1
EARKLNPNAIASVTV,0
PFDYGLKWQSCSCRANGSRI,0
GIGVTQNVLYENQKQIANQF,0
YQLLIRAIYKNI,1
MEWDREINNYTSLIHSLIEESQNQQEKNEQELLELD,1
GFCRCLCRRGVCRCICTR,1
SFKEELDKYFKNHTSPDVDLGDISGINASVVNIQKEIDRLNE,0
IGNIPQYLKGLLGGILGIGL,1
KQRQQLFDSQQGWFEGWFNRSPWFT,0
LEAIPCSIPPCVLFNKPFVF,1
LSCPQYVYGSVSVTCVWGSV,0
RRKKVALLAVLLALLA,1
GYVYFEEYAYSHQLS,0
LNNSRA,0
TTWEAWDRAIAEYAARIEALIRALQELQEKNEAILREL,1
EGPTLGNWAREIWATLFKKA,1
GIKQFKRIVQRIKDFLRNLV,1
ALWKTMLKKLGTMALHAGKAALGAAADTISQGTQ,1
FTFGGGYVYFEEYAY,0
LPLPAPSFHRTT,1
FSSDAISTTFTTNLT,0
LHRIDLGPPISLERLDVGTNLGNAIAKLEDAKELL,1
VIAGGXAAIIG,1
EGPTLGNGAREIWATLFKKA,0
VRRFPWWWPFLRR,0
VYDPLQPELDSFKEELDKYFKNHTSPDVDLGDISGINASVV,0
LRWRKRWRKLRWRKRWRK,1
KVDISSQISSMNQSLQQSKDYIKEAQRLLDTVNPSL,1
INASVVNIQKEIDRLNEVAKNLNESLIDL,0
IDISIELNKAKSDLEESKEWIRRSNQKLDSIGNW,1
GFLSILKKVLPKVMAHMK,1
LSNIKENKCNGTDAKVKLIKQELDKYKNAVTELQL,0
FDASISQVNEKINQSLAFIRKSDELLHNVNAGKST,1
RWRWRW,1
YTSLIQSLIEESQNQQEKNEQQLLELDKWASLWNWF,1
NGIGVTQNVLYENQKQIANQFNKAISQIQESLTTTSTA,1
KNPTPPRPAGDNATV,0
EGPTLGNWAREIWATLFKGA,1
YQLLIRMIYKNA,1
RCPCRFFES,0
TKIRDSLHLVKCPTPAIEPP,0
SWLRDIWDWISEVLSDFK,1
EEYAYSHQLSRADIT,0
LDPIDISIELNKAKSDLEESKEWIRRSNQKLDSI,1
IWNHGNLTLGEWYNQTKDLQQKFYEIITMDIEQNNV,1
ALDPIDISIELNKAKSDLEESKEWIRRSNQKLDS,1
ITTYWGLHTGERDWHL,0
TVAWDWVPKRPSVCT,0
ANGSRIPTGERVWDRGNVTL,0
WMEWDREINNYTSLIGSLIEESQNQQEKNEQELLE,1
LKLKLKLKLKLKLK,0
WERKVDFLEENITALLEEAQIQQEKNMYELQKLNS,1
ENKCNGTDAKVKLIKQELDKYKNAVTELQLLMQST,0
ETGSVRFPFHRCGTGPRLTK,0
CDVIALLCHLNTPSFNTTHYRESWY,1
RRCPTRPEGQNYTEG,0
AIPCGESCVWIPCISAAIGCSCKNKVCYR,1
GGPTLGNWAREIWATLFKKA,1
KNKKPKNPTPPRPAG,0
AGAGTGATAIGMVTQYHQVL,1
TKCRRWQRNMRKVRGPPVSCIKRDS,1
LGEWYNQTKDLQQKFYEIIMDIEQNNVQGKKGIQQ,1
GIGAVLKVLTTGLPALISWIKRKRQQ,1
GEVNKIALLSTNKAVVSLSNGVSVLTSKVLDLK,1
FDSQQGWFEGWFNRS,0
WMEWDREIEALAKAAEALAKAAEALAKAAWASLWNWF,1
TARLQLEARLQHLVAEILEREQSLA,1
KIPCGESCVWIPCVTSIFNCKCENKVCYHD,1
PANAATRTSRGWHTT,0
QYGSFCTQLNRALSGIAAEQ,1
PQMELRRNGRQCGMSEKEEE,0
FDIVKKIAGHIAGSI,0
RRKKAAVALLPAV,0
RRLHLEPAFLPYSVKAHECC,1
LEAIPMSIPPEFAFNKDFVF,1
PPISLERLDVGTNLGNAIAKLEDAKELLESSDQIL,1
FFHHIFRGIVHVGKTIHRLVTG,1
KWKLFKKIGIGKFLHWAKKF,1
BBKKLAVAAALLA,0
IAWCELQNHELTLWN,0
GICRCICGRGICRCYCGR,1
LGDARLVITTYWGLHT,0
SVALDPIDISIELNKAKSDLEESKEWIRRSNQKLD,1
RRKKLALLAP,0
LRWRKRWRKWRWRKRWRK,1
VAADNVIVQNSMRIS,0
GIGKFLHSAGKFGKAFVGEIMKS,1
CRFFES,0
RRKKAAVALLKAVLLALKAP,1
DDHETDMELKPANAA,0
GIKEFKREFQRIKDFLRNLV,1
RVDLGDCIGKDARDA,0
YRCPCRFFES,0
SHVARANVKHLKI,0
HCKFWI,1
YQLAIRMIYKNI,1
CKNKEKKCCKNKEKKC,0
PLGEEMRDRARAHVDALRTHLA,0
VFQFLGKIIKKVGNFVKGFSKVF,1
RGNVTLLCDCPNGPWVWVPA,1
VSLSYRCPCRFFES,0
LHDLRFADIDTVIHA,0
GRFKRFRKKFKKLFKKIS,1
VTDYGKDLMEKVKEWLNS,0
ARRYNATHIKVGQPQ,0
KWKLFKKIGIGKFLHAAKKF,1
IDISIELNKAKSDLEESKEWIRRSNQKLDSIGNWH,1
RRKKAAVA,0
GICICICGRGICYCICGR,0
CDVIALLCHLNTPSF,1
CTCIADHRH,0
SGTKMACPSNRGILRNWYNP,1
KKWWKAKKFANSGPNA,0
DCPNGPWVWVPAFCQAVGWG,1
NIAGNWSCTSDLPSSWGYMN,0
PISLERLDVGTNLGNAIAKLEAKELLESSDQILR,1
VSVTCVWGSVSWFASTGGRD,0
LGPPISLERLDVGTNLGNAIAKLEAKELLESSDQ,1
DVMAVSTCVPVAADN,0
SWLDRIWRWICKVLSRFE,1
TGCFQWQRN,0
FLEGFLVPKVVPGPTAALLKKALDD,0
RRKKAAVAL,0
GTKWLTEWIPLTAEAEC,1
KKKKKKKKLLLLLLLL,0
RALVDTLKFVTQAEGAK,0
KSKKVKISLPCNSTKNLTFA,0
DITILQISVALDPIDISIELNKAKSDLEESKEWIRRSNQKLDSIGN,1
YTPNDITLNNSVALDPIDISIELNKAKSDLEESKE,0
DLEAVPFVNRTTPFTIRGPL,0
HCKFWR,1
SWLRDIWDWLCELLSDFK,1
WNHGNITLGEWYNQTKDLQQKFYEIIMDIEQNNVQ,1
NELRLTRDAIEPCTV,0
LAEGPPVKECAVTCRYDKDADINVVTQARN,1
RGILRNWYNPFAGLRQSLEQ,1
EVNKIALLSTNKAVVSLSNGVSVLTSKVLDLKN,1
GMASKAGAIAGKIAKVALKAL,1
LGNWAREIWATLFK,1
GLRSKIWLWVLLMIWQESNKFKKM,1
EWYNQTKDLQQKFYEIIMDIEQNNVQGKKGIQQLQ,1
FKRIVQRIKDFLR,1
STCVPVAADNVIVQN,0
TTWEAWDRAIAEYAARIEALIRAAQEQQEKNEAALREL,1
RRFPWWWPFRR,0
SWLRDVWDWICTVLTDFK,1
SCASRCKGHCRARRCGYYVSVLYRGRCYCKCLRC,1
KPVSLSYRCP,0
LRKRKRL,1
VSFAIKWEYVLLLFL,1
RRKKVALLPAVLLALLAP,1
AIRDTNKAVQSVQSSIGNLIVAIKSVQDYVNKEIV,1
GLVRDNMAKLRERLK,0
SVSVGTKPRPRP,0
ARATCYCRTGRCATRESLSGVCEISGRLYRLCCR,1
GLLSVLGSVAKHVLPHVVPVIAEHL,1
TTWEAWDRAIAEYAARIEALIRAAQELQEKNEAALREL,1
FFGKVLKLIRKIF,1
EFDASISQVNEKINQSLAFIRKSDELLHNVNAGKS,1
SKEKIGKEFKRIVQRIKDFLR,1
PNGPWVWVPAFCQAVGWGDP,1
HATCSLAFALATSVALATRNDLLLRWAAARDAQTILSKRDR,0
PPPLGAAPTGDPKPK,0
GICRCICGRRICRCICGR,1
WMEWDREINNYTSLIHSLIEESQNQQEKNEQELLEL,1
TTVKVHASDERLGPMPCRPKEIVSSAGPVM,0
KPVSLS,0
KIPLELWTRYNMTINQTIWN,0
RRKKAAVALL,0
RRKKLLAP,0
WQEWERKVDFLEENITALLEEAQIQQEKNMYELQK,1
INWLKLGKAIIDAL,0
RRKKAAVALLPA,0
SKIDVWSLVPVGSASCTIAA,0
TKCFQWQRN,0
GLRRLLGRLLRRLGRLLLR,1
LQVAERLTRKYNELLKSYQ,0
ALWMTLLKKVLKAAAK,1
RRKKAP,0
PSVCTMTKWQEVDEM,0
KPVSLSYRC,0
DTRACDVIALLCHLNT,1
GLRSRIWLWVLLMIWQESNRFKRM,1
RWRKRWRKWRWRKRWRK,1
IVSYPDDAGEHAHKMG,0
GIPCGESCVFIPCLTTVAGCSCKNKVCYRN,1
LRKRKRLRK,1
AVSNPEATKC,0
FLEENITALLEEAQIQQEKNMYELQKLNSWDVFGN,1
ILGTILGLLKSL,0
RRKKAAVALLPAVLLALLAP,1
ANFYVCPPPTGATVV,0
SKVLHLEGEVNKIALLSTNKAVVSLSNGVSVLT,1
RWRWRWRW,0
YQDVNCTDVSTAIHADQLTP,1
GLASTLTRWAHYNALIRAF,1
RGGRLCYCRRRFCVCVGR,1
AFHRYGTTVNCIVEE,0
AANGGPATPAPPPLG,0
SVERIKTTSSIEFAR,0
SDDPKESEGDLHCVC,0
RRWRKRWRKWRWRKRWRK,1
GFIFHIIKGLFHAGKMIHGLV,1
TGAWIEFGCHRNKSNLHTEA,0
GAPASVLGSRPFDYGLKWQS,0
QRRNQLHDLRFADID,0
QPELDSFKEELDKYFKNHTSPDVDLGDISGINASVVNIQ,0
GRRVSARMLGDVMAV,0
WNNMTWMEWDREINNYTSLIHSLIEESQNQQEKNEQ,1
GIGKFLKKAKKFGKAFVKILKK,0
GRFKRFRKPFKKLFKKIS,1
NRGLAA,0
FHCQRTQSQPGSWFRAISSWKQ,0
VYINKLTPPCGTMYYACEAV,1
VYTDKVDISSQISSMNQSLQQSKDYIKEAQKILDTV,1
IALLSTNKAVVSLSNGVSVLTSKVLDLKNYIDK,1
RGGRLTYTRPRFTVTVGR,0
YLDRVDTWLQGKINISLCLT,0
RRKKAALLVLAALAVLA,0
GGKMLYNKVTKQLSYCTDPL,0
CDSCERCWYVWLILLRVRLRLLVSL,1
IDLGPPISLERLDVGTNLGNAIAKLEAKELLESS,1
EFVLATGDFVYMSPF,0
LLKELWTKIKGAGKAVLGKIKGLL,1
SHQLSRADITTVSTF,0
NNLETTAFHRDDHET,0
SRPGACYSRPLVSFR,0
GWHTTDLKYNPSRVE,0
SWFASTGGRDSKIDVWSLVP,0
ADRFKQVDGFYARDL,0
LRKRKRLRKLRKRKRLRK,1
DITLNNSVALDPIDISIELNKAKSDLEESKEWIR,0
ATMYYKDVTVSQVWF,0
ASANASVERIKTTSS,0
GATVVQFEQPRRCPT,0
GGSFRFSSDAISTTF,0
SYSMEHFRWGKPV,1
YQLLIRMIY,1
AYQPLLSNTLAELYV,0
KPVSLSYRCPCRFF,1
DPTARLQLEARLQHLVAEILEREQSLALHA,0
RRKKLAP,0
KNNNRQVCIDPKL,0
SWLRDIWDWACEVLSDFK,1
KIMAKPSKFYEQLRGR,1
WMEWDREIEEAAKKLEEAAKKLEEAAKKLWASLWNWF,1
CGESCAMISFCFTEVIGCSCKNKVCYLNSIS,1
RWRKRGRKRWRKRGRK,1
KPVSLSYRCPCRF,1
AKITFTNNHPRTIWP,1
RRCICTTRTCRFPYRRLGTCIFQNRVYTFCC,1
VCYRNGIPCGESCVWIPCISAALGSCK,1
FNKAISQIQESLTTTSTALGKLQDVVNQNAQALNTLVKQL,0
GFKDLLKGAAKALVKTVLF,1
VEDTLYGDHECGSLLQDAALYLVDGMTNTI,0
EGPTLGNWAREIWAGLFKKA,1
GFPCGESCVFIPCISAAIGCSCKNKVCYRN,1
TTWEAWDRAIAEYAARIEALIRALQELQEKLEAILREL,1
NDITLNNSVALDPIDISIELNKAKSDLEESKEWIR,0
PLVEGQLGENNELRL,0
NSVALDPIDISIELNKAKSDLEESKEWIRRSNQK,1
SWLRDIWDWVCEVLSDFK,1
GLWQLIKDKIKDAATGFVTGIQS,0
TAAVALVEAKQARSDIEKLKEAIRDTNKAVQSVQS,1
ARLAEYHAKATEHLSTLSEKAK,0
PPWCCCSPMKRASPPPAQSDLPATPKCPP,1
SWLRDIWDWICELLSDFK,1
VFQFLGRIIHHVGNFVHGFSHVF,1
YDPLVFPSDEFDASISQVNEKINQSLAFIRKSDEL,1
GHRYSQFMGIFEDRA,0
AVGIGALFLGFLGAAGSTMGARSMTLTVQARQL,1
FPSDEFDASISQVNEKINQSLAFIRKSDELLHNVN,1
GRRRRS,0
LEAIPMKIPPEFLFGKPFVF,1
SGKSFKAGVCPPKKSAQCLRYKKPECQSDWQCPGKKRCCPDTCGIKCLDPVDTPNPTRRKPGKCPVTYGQCLMLNPPNFCEMDGQCKRDLKCCMGMCGKSCVSPVKA,1
IEFARLQFTYNHIQR,0
LQNHELTLWNEARKL,0
RRKKAAVALLPAVLAALLAP,1
SGSWLRDIWDWICEVLSDFK,1
GNTPNVSGANPVDCTMYSNK,0
KTTSSIEFARLQFTY,1
GRFKRXRKKXKKLFKKIS,1
VFQFLGKIIHHVGNFVHGFSHVF,0
YRCPCRFFESHVA,0
RRWRKRWRKRRWRKRWRK,1
QIVARLKNNNRQV,0
GTPGVAAATQAANGG,0
KHMHWHPPALNT,1
IKENKCNGTDAKVKLIKQELDKYKNAVTELQLLMQ,0
CNCTNSSSSYSGTKMACPSNRG,1
TLGEWYNQTKDLQQKFYEIIMDIEQNNVQGKKG,1
KPVSLSYRCPCRFFE,0
GENNELRLTRDAI,0
PNQTCMWNTSQIQDPEIPKC,0
HCKFWG,1
PVSLSYRCPCRFFES,0
GVFVFNGTSWFITQRNFFS,1
KWKVFKKIEKMGRNIRNGIVKAGPAIAVLGEAKAL,1
NFHAMFQPFLEMIHEAQQ,0
KPVSLSYRCPCR,1
GFKRIVQRIKDFLRNLV,1
GWFDIIKKIASEL,1
SWLRDLWDWICEVLSDFK,1
RWRKRWRKRWRKRWRK,1
ERKVDFLEENITALLEEAQIQQEKNMYELQKLNSW,1
GLIQTIKEKLKELAGGLVTGIQS,0
IDRLITGRLQSLQTYVTQQLIRAAEIRASANLAATK,0
ELSEWGVPCVTCILDRRPAS,0
RRKKLPAVLLALLAP,1
YQCGQGG,1
YTSLIHSLIQESQNQQEKNEQELLELDKWASLWNWF,1
PTLGNWAREIWATLFKKA,1
TTWEAWDRAIAEYAARIEALIRALQELQEKNEAALREL,1
DLGPPISLERLDVGTNLGNAIAKLEAKELLESSD,1
RKAVLLALLA,1
GSWFRAISSWKQRNRWEWRPDF,0
YQLLIRMIYKAI,1
GSHTEHTTYAADRFK,0
DLGPPISLERLDVGTNLGNAIAKLEDAKELLESSD,1
FYDPLVFPSDEFDASISQVNEKINQSLAFIRKSDE,1
PYSDELRQRLAARLEALKENGG,0
KQRNRWEWRPDFKSKKVKISLPC,0
GVCRCICGRGVCRCICRR,1
DSHAKRHHGYKRKFHEKHH,0
CGRLLLRRQRRRAHQN,1
TWLATRGLLRSPGRYVYFSPSASTWPVGIWTTGELVLGCDAAL,0
VPTHLATDVELKEIQGMMDASEGTNYTCCK,0
LIHSLIEESQNQQEKNEQELLELDKWASLWNWFNIT,1
AALYKKKIIKKLLES,1
DPLVFPSDEFDASISQVNEKINQSLAFIRKSDELL,1
CPPPTGATVVQFEQP,0
RRKKAA,0
EGGTLGNWAREIWATLFKKA,1
YQLLIRMIYKNI,1
ASVTVGRRVSARMLG,0
GTKALTEVIPLTEEAEC,1
NNYTSLIHSLIEESQNQQEKNEQELLELDKWASLWN,1
AAGHATLREHLRDIK,0
GIGKFLKKAKKGIGAVLKVLTTGL,1
TTPFTIRGPLGNQGRGNPVR,0
LHRIDLGPPISLERLDVGTNLGNAIAKLEAKELL,1
IDLNITMLEDHEFVP,0
EQSRKPPNPTPPPPG,0
GRRRRSVQW,0
MTWMAWDRAIANYAALIHALIEAAQNQQEKNEAALLEL,1
RRKKAAV,0
VFQFLGKIIHHVGNFVHGFSHVFB,0
EGPTLGNWAREIWATLFKKG,1
RRKKAAAAAAAAA,1
LTLWNEARKLNPNAI,0
LSSGRPDGFIHVQGHLQEVD,0
ITLGEWYNQTKDLQQKFYEIIMDIEQNNVQGKKGI,1
KVLTTGLPALISWIKRKRQQ,1
RRKKAAVALLPAVALALLAP,1
DPIDISIELNKAKSDLEESKEWIRRSNQKLDSIG,1
WCNWHNIDPWIQLMNRTQADLAEGPPVKEC,0
QLLIRMIYKNI,1
RIDLGPPISLERLDVGTNLGNAIAKLEAKELLES,1
ILGPVLGLVSRTLRRVLGIL,1
TRNLLTTPKFTVAWD,0
SVSWGMKPSPRQ,0
VALDPIDISIELNKAKSDLEESKEWIRRSNQKLDS,1
RIRTWKSLVKHHM,0
LFGLIPSLIGGLVSAFK,0
DREINNYTSLIHSLIEESQNQQEKNEQELLELDKWA,1
YDHIQDHVNTMFSRLATSWCLLQNKERALWAEAA,1
LPRRLHLEPAFLPYSVKAHEC,1
RMIYKNILFYLVPGPGHGAEPERRNIKYL,1
FKLPLGINITNFRAILTAFS,0
KIALLSTNKAVVSLSNGVSVLTSKVLDLKNYID,1
GICRCYCGRGICRCICGR,1
EGPTLGNWAREIWGTLFKKA,1
YARDLTTKARATAPT,0
VGQPQYYLANGGFLI,0
SLSYRCPCRF,0
KLAKKLAKLAKKLAKLAKKLA,0
LQLEARLQHLVAEILER,0
RRKKLLPAVLLALLAP,1
GEWYNQTKDLQQKFYEIIMDIEQNNVQGKKGIQQL,1
KQARSDIEKLKEAIRDTNKAVQSVQSSIGNLIVAI,1
GIWSDLAEIIKKF,1
LEAIPCSIPPCFAFNKDFVF,1
WVWVPAFCQAVGWGDPITHW,1
RTRKGRR,1
EEDDLAVLLALLA,0
DMELKPANAATRTSR,0
TTWEAWDRAIAEYAARIEALIRAAQELQEKLEAALREL,1
KPKQIKPPLPSV,1
RRKKAAVALLPAVLL,0
EDLIWK,1
SWRLIDWDWICEVLSDFK,1
GIWDTIKSMGKVFAGKILQNL,1
MFTLKKSLLLLFFLGTINLSLCEEERNAEEERRDEPDERDVQVEKRLSPNLLKSLLGK,0
TTWEAWDRAIAEYAARIEALIRAAQEQQEKLEAVLREL,1
IELSNIKENKCNGTDAKVKLIKQELDKYKNAVTEL,0
CLGVGSCNDFAGCGYAIVCFW,1
SQVWFGHRYSQFMGI,0
HGVSGHGQHGVHG,1
RKKLAVLLALLA,1
NHIQRHVNDMLGRVA,0
HCKFWY,1
QIQDPEIPKCGWWNQMAYYN,0
HCKFWW,1
LFRLIKSLIKRLVSAFK,1
GTTVNCIVEEVDARS,0
CGRCLQRACCKYCRLKCRLILFVIF,0
ACYCRIPACIAGERRYGTCIYQGRLWAFCC,1
EIWATLFKKATRQCRRGRIW,1
CPCRFFES,0
YKPRRKRAAIHVMLALATVLSI,1
LEAIPMCIPPECLFNKPFVF,1
GIKCRFCCGCCTPGICGVCCRF,1
KWKSFIKKLTSAAKKVVTTAKPLISS,0
RWRKRWRWRKRWRWRKRW,1
GLLGSIGNAIGAFIANKLKPK,0
CKWEEAKVKFHCQRTQSQPGSW,0
GSWLRDIWDWICEVLSDFK,1
LRKRKRLLRKRKRL,1
RTRKRWRKRTRKRGRK,1
KCPTPAIEPPTGTFGFFPGV,0
MPEVEGEEIQPQMELRRNGR,0
LLGGILGIGLGVLLLILCLP,1
TMLEDHEFVPLEVYT,0
SWLRDLWDWICELLSDFK,1
RRKKAAVALKPAVLLALLAP,1
REHLREQSRKPPNPT,0
TCILDRRPASCGTCVRDCWP,0
CGSVFLVGQLFTFSPRHH,1
IGLKVEAMEKFLYTAFAMQE,1
HRWRKRWRKWRWRKRWRK,1
EGPTGGNWAREIWATLFKKA,1
GDPTFCGETCRVIPVCTYSAALGCTCDDRSDGLCKRN,1
NNSVALDPIDISIELNKAKSDLEESKEWIRRSNQK,1
ALDPIDISIELNKAKSDLEESKEWIRRSNQKLDSI,1
TSYHRSA,0
LLRIPQAIMDMIAGAHWG,1
ALSKALSKALSKALSKALSKALSK,1
PIDISIELNKAKSDLEESKEWIRRSNQKLDSIGN,1
EWRKKRYSTQV,1
LGNWAREIWATL,1
DEFDASISQVNEKINQSLAFIRKSDELLHNVNAGK,1
YTSLIHSLIEESQNQQEKNEQELLELDKWASLANWF,1
LKAKTNISIREGPTLGNWAR,0
TIELSNIKENKCNGTDAKVKLIKQELDKYKNAVTE,0
DPKLKWIQEYLEK,0
PPINNCMPLGTEVSEALGGA,0
VDFLEENITALLEEAQIQQEKNMYELQKLNSWDVF,1
YTSLIHSLIEESQQQQEKNEQELLELDKWASLWNWF,1
LEAIPCSIPPEFLFGKPFVFLEAIPCSIPPEFLFGKPFVF,1
LDPIDISIELNKAKSDLEESKEWIRRSNQKLDSIG,1
ARLKNNNRQVCID,0
YGYREGSHTEHTTYA,0
GLLRKGGEKIGEKLKKIGQKIKNFFQKLVPQPEQ,1
GINASVVNIQKEIDRLNEVAKNLNESLIDLQELGK,0
KKWWKAQKAVNSGPNA,0
RCGTGPRLTKDLEAVPFVNR,0
QLLDVVKRQQEMLRLTVWGTKNLQARVTAIEKYLKDQ,1
HAKFWW,1
YQFHLVLHEALRAQALSRQLILGRELAQELVAELAT,0
CIVEEVDARSVYPYD,0
SLSYRCPCRFFES,0
SGCANNTCYNVSVIVPDYQC,0
AVSKVLHLEGEVNKIALLSTNKAVVSLSNGVSV,1
IQKEIDRLNEVAKNLNESLIDLQELGK,1
LERLDVGTNLGNAIAKLEDAKELLESSDQILRSMK,1
NVQGKTGIQQLQKWEDWVRW,1
RRKKLAALPLVLAAPLAVLA,0
PVDCTMYSNKMYNCSLQNGF,0
EGPTLGNWAREIWATGFKKA,1
PPDVHTPPHALWRLHLSLRVCLVRMWIH,1
ISGINASVVNIQKEIDRLNEVAKNLNESLIDLQELGKYEQYIKWPW,0
ALWKTLLKKVLKAAAKAALNAVLVGANA,1
KNGRKLCLDLQAALY,1
LEAIPCSIPPCLAFAKPFVF,1
RDVSDFTDSVRDPKTSEILD,0
VNKIALLSTNKAVVSLSNGVSVLTSKVLDLKNY,1
VALDPIDISIELNKAKSDLEESKEWIRRSNQKLDSD,1
IWNNMTWMEWDREINNYTSLIHSLIEESQNQQEKNE,1
YTSLIHSLIEESQNQQEKNQQELLQLDKWASLWNWF,1
YTSLIHSLIEESQNLQEKNEQELLELDKWASLWNWF,1
RRKKAAVALLPAVLKALLAP,1
QAVGWGDPITHWSHGQNQWP,0
LSYRCPCRFF,1
RRKKAAVALLAVLLALLA,1
RHEIKDSGLLDYTEV,0
LEAIPMCIPPECFFNKPFVF,1
SWLRDIWDWIEEVLSDFK,1
LDKYFKNHTSPDVDLGDISGINASVVNIQKEIDRLNEVAK,0
CATCEQIADSQHRSHRQMV,1
TGTFGFFPGVPPINNCMPLG,0
LSNTLAELYVREHLR,0
TSVITIELSNIKENKCNGTDAKVKLIKQELDKYKN,1
YTSLIHSLIEESQNQQEKNEQELLQLDKWASLWNWF,1
AAHLIDALYAEFLGGRVLTTPVVHRALFYASAVLRQPFLAGVPSA,1
NNMTWMEWDREINNYTSLIHSLIEESQNQQEKNEQE,1
VRDNMAKLRERLKQRQQLFDSQQGWFEGWFNRSPWFT,1
GIKYFSMVGNWAKVLVVL,1
PATPAPPPLGAAPTG,0
SDEFDASISQVNEKINQSLAFIRKSDELLHNVNAG,1
LQMDDFELL,0
DWLRIIWDWVCSVVSDFK,1
KVDFLEENITALLEEAQIQQEKNMYELQKLNSWDV,1
KFDSLVECIWDWIDRLWS,1
ECKFTVKPYLKRFQVYYKGRMWCP,1
YQLLIRMAYKNI,1
VALDPIDISIELNKAKSDLEESKEWIRRSNQKLD,0
DVREEEQLGERATGLNLNI,0
KIPCGESCVWIPCLTSVFNCKCENKVCYHD,1
SWLRRIWRWICKVLSRFK,1
ATAPTTRNLLTTPKF,0
SWLRDIWDWSCEVLSDFK,1
IQKEIDRLNEVAKNLNESLI,1
RRKKAAVALLPAVLLAKLAP,1
WDRGNVTLLCDCPNGPWVWV,1
CDVIALLACHLNT,1
LQARILAVERYLKDQQQ,0
YTSLIHSLIEESQNQQEKNEQELLELDKWASLWNAF,1
GHRRYFTFGGGYVYF,1
CGYRGLCRRFCHAQEYIVGHHGCPRRYRCC,1
YCKKCCYHCQ,1
SYRCPC,0
CATCQIADSHRSHRQMV,1
HCKAWW,1
LEAIPMSIPPELAFAKPFVF,1
GICICICGYGICRCICGR,0
VVNIQKEIDRLNEVAKNLNESLIDLQELGK,0
SLIHSLIEESQNQQEKNEQELLELDKWASLWNWFNI,1
GIPCAESCVWIPCTVTALVGCSCSDKVCYN,1
SIWRDWVDLICEFLSDWK,1
NKIALLSTNKAVVSLSNGVSVLTSKVLDLKNYI,1
TTKARATAPTTRNLL,0
ALWKTLLKKVLKAAAK,1
KPVSLSYRCPCRFFES,0
PQITLRKKRRQRRRPPQVSFNFATLNF,1
QARSDIEKLKEAIRDTNKAVQSVQSSIGNLIVAIK,1
MTKWQEVDEMLRSEY,0
TPNDITLNNSVALDPIDISIELNKAKSDLEESKEW,0
VITIELSNIKENKCNGTDAKVKLIKQELDKYKNAV,1
PLVFPSDEFDASISQVNEKINQSLAFIRKSDELLH,1
VVCACRRALCLPLERRAGFCRIRGRIHPLCCRR,1
PSRVEAFHRYGTTVN,0
LGNWAREIWATLFKKA,1
NQTKDLQQKFYEIIMDIEQN,1
GKINISLCLTGGKMLYNKVT,0
TKCFQWQGN,0
PSDEFDASISQVNEKINQSLAFIRKSDELLHNVNA,1
WMEWDREINNYTSLIHSLIEESQNQQEKNEQELLE,1
TRQCRRGRIWKRWNETITGP,1
CACIADHSH,0
LGPPISLERLDVGTNLGNAIAKLEDAKELLESSDQ,1
EELAKKAEELAKKAEELAKKAEELAKKAWASLWNWF,1
NMTWMEWDREINNYTSLIHSLIEESQNQQEKNEQEL,1
NRQVCIDPKLKWI,0
LRKLRKRLL,1
AELYVREHLREQSRK,0
GLLGSIGKVLGGYLAEKLKPK,0
CYSRPLVSFRYEDQG,0
PCRFFESHVARAN,0
TAAGDARANAVAKAGLHDLNIETDTERNH,0
HCAFWW,1
GPGRAF,0
AQITAAVALVEAKQARSDIEKLKEAIRDTNKAVQS,1
RSLEGTDRFPFVRLKNSRKLEFKDIKGIKREQFVKIL,0
SLIGGLVSAFK,0
PPISLERLDVGTNLGNAIAKLEAKELLESSDQIL,1
VEAKQARSDIEKLKEAIRDTNKAVQSVQSSIGNLI,1
GTKWLTEWIPLC,1
SSGLYHVTNDCPNSSIVY,1
YMSPFYGYREGSHTE,0
DPIDISIELNKAKSDLEESKEWIRRSNQKLDSIGN,1
SWLRDIWDWICEVLSDFKTW,1
VTDYGKDLMEKVKSPELQ,0
RRKKAVALLPAVLLALLAP,1
LVSFRYEDQGPLVEG,0
SWLRDIWDWECEVLSDFK,1
LEAIPISIPPEVFFGKPFVF,1
YTSLIQSLIEESQNQQEKNEQELLELDKWASLWNWF,1
DQKDEYELL,1
LGRVAIAWCELQNHE,0
NSVALDPIDISIELNKAKSDLEESKEWIRRSNQKL,1
NNLLRAIEAQQHLLQLTVWQIKQLQARILAVERYLKDQ,1
LRSEYGGSFRFSSDA,0
QKKCPGRCTLKCGKHERPTLPYNCGKYICCVPVKVK,1
AKQARSDIEKLKEAIRDTNKAVQSVQSSIGNLIVA,1
YTSVITIELSNIKENKCNGAKVKLIKQELDKYK,1
VRNRVIARVGGVPYVGGPCYN,0
RRKKALLAP,0
WYNQTKDLQQKFYEIIMDIEQNNVQGKKGIQQLQK,1
YVTQQLIRAAEIRASANLAATKMSECVLGQSKRVDFCGKG,0
IIYCNRRTGKC,0
MDRIFARRYNATHIK,0
KKLLKKLKKLLKKL,1
LLGDLLRKSKEKIGKEFKRIVQRIKDFLRNLVPRTES,1
TGDFVYMSPFYGYRE,0
QIPLINYTFGPNQTCMWNTS,0
PRPAGDNATVAAGHA,0
DASISQVNEKINQSLAFIRKSDELLHNVNAGKSIT,1
LEAIPMSIPPEFLFGKPFVF,1
LLGDFFRKSKEKIGKEFKRIVQRIKDFLRNLVPRTES,1
LDIVKKVVGAFGSL,0
KDVTVSQVWFGHRYS,0
GVPCGESCVFIPCITGVIGCSCSSNVCYLN,1
TKDLQQKFYEIIMDIEQNNVQGKKGIQQLQKWEDW,1
BBKKLAVLLAAAA,0
GTACGESCYVLPCFTVGCTCTSSQCFKN,1
EKKCPGRCTLKCGKHERPTLPYNCGKYICCVPVKVK,1
ACKFWW,1
GICYCICGRGICRCICGR,0
LSYRCPCRFFES,0
EVDEMLRSEYGGSFR,0
SWLRDIWDWICKVLSDFK,1
VEENMKKLEERLKKREELFKKQEEWFKKWFERSKKFT,1
PPPPGASANASVERI,0
SWLSKTAKKLENSAKKRISEGIAIAIQGGPR,0
IFWDCWAPEEPACQDFLGAMIH,0
HCKFWT,0
SWLRDLWDWLCEVLSDFK,1
YTSLIHSLIEQSQNQQEKNEQELLELDKWASLWNWF,1
NITLGEWYNQTKDLQQKFYEIIMDIEQNNVQGK,1
YADHTGLVRDNMAKL,0
FKCRRWQWRMKKLGA,1
LNNSVALDPIDISIELNKAKSDLEESKEWIRRSNQ,1
GADFQECMKEHSQKQHQHQG,1
YTSLIHSLIEESQNQQEKNEQQLLELDKWASLWNWF,1
GLPICGETCVGGTCNTPGCSCSWPVCTRN,1
ILPWKWPWWPWRR,1
VALDPIDISIELNKAKSDLEESKEWIRR,1
VKQCRWCGFDFDGPDGLPHYPIGKCILANE,0
ISSEVHIPLGDARLV,0
IVWQVDRM,0
HLKILNTPNCALQ,0
PVLDEFREKLNEELEALKQKMK,0
VALDPIDISIELNKAKSDLEESKEWIRRSNQKLDSI,1
KPVSLSY,0
KLKEAIRDTNKAVQSVQSSIGNLIVAIKSVQDYVN,1
KENKCNGTDAKVKLIKQELDKYKNAVTELQLLMQS,0
YTSLIHSLIEESQNQQEKNEQELLELDKWASLWNSF,1
EGPTLGNWGREIWATLFKKA,1
SVITIELSNIKENKCNGTDAKVKLIKQELDKYKNA,1
LEAIPCSIPPECLFGKPFVF,1
IDLGPPISLERLDVGTNLGNAIAKLEDAKELLESS,1
SIELNKAKSDLEESKEWIRRSNQKLDSIGNWHQSS,1
FKNHTSPDVDLGDISGINASVVNIQKEIDRLNEVAKNLNES,0
GIKEFKRIVQRIKDFLRNLV,1
VCIDPKLKWIQEY,0
EGPTLGNWAREIWATLGKKA,1
LGSSDRDTVVELSEWGVPCV,0
VSLSYRCPCRFF,0
RRKKAAVALAPAVLLALLAP,1
SVSVGMKPSPRP,0
TLREHLRDIKAENTD,0
GNQGRGNPVRSPLGFGSYTM,0
SIELNKAKSDLEESKEWIRRSNQKLDSI,1
VCRSTAKYVRNNLET,0
WDREINNYTSLIHSLIEESQNQQEKNEQELLELDKW,1
CTSDLPSSWGYMNCNCTNSSSS,0
SNQGGSPLPRSV,1
KPVSLSYR,0
ALWMTLLKKVLKAAAKAALNAVLVGANA,1
CTMCRYQQNCFTRRLIVGGMLLVFV,1
DSGLLDYTEVQRRNQ,0
RRKKAAVALLPAVLLALL,1
NGVIPCGESCVFIPCISTLLGCSKNKVCYR,1
TSQNIRS,1
LERLDVGTNLGNAIAKLEAKELLESSDQILRSMK,1
KVLKVLKVL,0
IQKEIDRLNEVAKNLNESLIDLQELGKYEQYIKWPW,0
PVSLSYRCPCRFFE,1
SWLRDVWDWVCTVLSDFK,1
KWLCRIWSWISDVLDDFE,1
RGGRLAYARRRFAVAVGRB,0
TTPKFTVAWDWVPKR,1
GLLQTIKEKLKEFAGGVVTGVQS,0
KCRRWQWRMKKLGAPSITCVRRA,0
RIPTGERVWDRGNVTLLCDC,1
LRTRKRGRKLRTRKRGRK,1
FKCRRWQWRM,1
TKCFQWQWNMRKVRGPPVSCIKRDS,1
SWLRDIWDWICEVLSDFKT,1
EGPTLGNWARGIWATLFKKA,1
TRTSRGWHTTDLKYN,0
GYFVQDDGEWKFTGSSYYY,1
ADRDQYELL,1
LKEAIRDTNKAVQSVQSSIGNLIVAIKSVQDYVNK,1
LLPIVGNLLNSLL,0
GIGTKILGGVKTALKGALKELASTYAN,1
HCKFWF,1
VGSASCTIAALGSSDRDTVV,0
DNATVAAGHATLREH,0
HCKFWD,0
EWERKVDFLEENITALLEEAQIQQEKNMYELQKLN,1
SWLRDIWDWIREVLSDFK,1
VITIELSNIKENKCNGAKVKLIKQELDKYKNAV,1
AVSPTTLRTEVVKTFRRDKPFPHRMDCVTT,1
KQTENLADTY,1
RADITTVSTFIDLNI,0
GLLDIVTGLLGNLIVDVLKPKTPAS,0
RRKKAAVALLPAVKLALLAP,1
VVNIQKEIDRLNEVAKNLNESLIDLQELGKYEQYIKWPW,0
TLLCDCPNGPWVWVPAFCQA,1
QLGENNELRLTRDAI,0
GIGGKILSGLKTALKGAAKELASTYLH,1
SWLRDVWDWVCTILTDFK,1
RRKKAVLLALLAP,1
SLERLDVGTNLGNAIAKLEDAKELLESSDQILRSM,1
VLYNSTFFSTFKCYGVSATK,0
PCRFFES,0
KKRKRRFLGFLLGVGSA,1
WRWRKRWRK,1
YQLLIRMIAKNI,1
LRKRKRLLK,1
MTWMEWDREINNYTSLIHSLIEESQNQQEKNEQELL,1
HCKFWH,1
RRKKAAVAALPAVLLALLAP,1
HTTYAADRFKQVDGF,0
ITIELSNIKENKCNGTDAKVKLIKQELDKYKNAVT,0
TRDAIEPCTVGHRRY,0
AVALVEAKQARSDIEKLKEAIRDTNKAVQSVQSSI,1
FEDRAPVPFEEVIDK,0
GYHLMSFPQAAPHGVVFLHVTW,1
INASVVNIQKEIDRLNEVAKNLNESLIDLQELGKYEQYI,0
NQTKDLQQKFYEIIMDIEQNNVQGKKGIQQLQKWE,1
GLNGPDIYKGUYQFKSVEFD,0
RRWQWR,0
GSRIPTGERVWDRGNVTLLC,0
RPEGQNYTEGIAVVF,0
RIDLGPPISLERLDVGTNLGNAIAKLEDAKELLES,1
SWLRDIWRWICKVLSRFK,1
FDASISQVNEKINQSLAFIRKSDELLHNVNAOKST,1
LEAIPCSIPPCVFFNKPFVF,1
CGTCVRDCWPETGSVRFPFH,0
SWLRDLWDWLCELLSDFK,1
FKCRRWQWRMKKLGAPSITCVRRAF,1
CVTCKSTVLCDKMQHPCRRGPRCISC,0
QFMGIFEDRAPVPFE,0
KRWNETITGPSGCANNTCYN,0
YCNRRTGKCQRM,0
RTRKGRK,1
KWEYVLLLFLL,1
EPCTVGHRRYFTFGG,0
LQKWEDWVRWIGNIPQYLKG,1
ALNTLVKQLSSNFGAISSVLNDILSRLDKVEAEVQIDRL,0
PIDISIELNKAKSDLEESKEWIRRSNQKLDSIGNW,1
RERLKQRQQLFDSQQ,0
YVSGKARGWFYRHHY,1
LKLKLKLKLKLKLKLK,0
HWSHGQNQWPLSCPQYVYGS,0
GWFEGWFNRSPWFTT,1
TWMEWDREINNYTSLIHSLIEESQNQQEKNEQELLE,1
NVKHLKILNTPNC,0
PALNCYWPLNDYGFYTTSGI,0
GLLASLGKVLGGYLAEKLKPK,0
LRTRKRGRK,1
RRKKAAVALLKAVLLAALAP,1
TTWEAWDRAIAEYAARIEALIRAAQEQQEKLEAALREL,1
RFLVCWKQKIWGKARPSMCTRRARF,1
TTWEAWDRAIAEYAARIEALIRALQEQQEKNEAILREL,1
LRKEKKRLLLRKEKKRLL,0
RRKKPAVLLALLAP,1
WQEWEQKITALLEQAQIQQEKNEYELQKLDKWASLWEWF,1
GPWVWVPAFCQAVGWGDPIT,1
GLLASLGKVLGGYLAEKLKP,0
RRKKAAVALLPAVLLALLA,1
YTSLIHSLIEESQNQQEKNEQELLELDKWASLWNWF,1
LPRRLHLEPAFLPYSVKAHECC,1
MENRWQVM,0
SWLWEVWDWVLHVLSDFK,1
ARSDIEKLKEAIRDTNKAVQSVQSSIGNLIVAIKS,1
SWLRDIWDWGCEVLSDFK,1
EGPTLGNWAREGWATLFKKA,1
DISIELNKAKSDLEESKEWIRRSNQKLDSIGNWHQ,1
FKCRRWQWRMKKAGA,0
SMRISSRPGACYSRP,0
LEAIPCSIPPCVGFGKPFVF,1
SYRCPCRFFES,1
FLYTAFAMQELGCNQNQFFC,0
MTWMEWDREINNYTSLIHSLIEESQNQQEKNEQELLEL,1
VRRCSELMGRRNPVCPGYAW,0
MTWEAWDRAIAEYAARIEALIRAAQEQQEKNEAALREL,1
IKWEYVLLLFLL,1
AKYVRNNLETTAFHR,0
TEVSEALGGAGLTGGFYEPL,0
LEAIPCSIPPCVFFGKPFVF,1
CVCVKTTSLVRPRHI,0
KRWRKRWRKKRWRKRWRK,1
TSLIHSLIEESQNQQEKNEQELLELDKWASLWNWFN,1
VEGQLGENNELRLTRDAIE,0
PTTFMLKYDENGTITDAVDC,1
TTWEEWDREINEYTSRIESLIRESQEQQEKNEQELREL,1
GFNEIVQDIEDFLQNLV,1
SDIEKLKEAIRDTNKAVQSVQSSIGNLIVAIKSVQ,1
RNPVCPGYAWLSSGRPDGFI,0
YYQANGGFLIAYQPL,0
GLLQTIKEKLKELATGLVIGVQS,0
NPNAIASVTVGRRVS,0
VYPYDEFVLATGDFV,0
CSCRANGSRIPTGERVWDRG,0
DASISQVNEKINQSLAFIRKSDELLHNVNAGKSTT,1
QFEQPRRCPTRPEGQ,0
GGFLIAYQPLLSNTL,0
SWLDDIWDWICEVLSDFE,1
TKCFGWGRN,0
WALRWALRWALRWALRWALR,0
EGPTLGNWAGEIWATLFKKA,1
YEDQGPLVEGQLGEN,0
KENIAPYKFKATMYY,0
INAKGVCRSTAKYVR,0
YNQTKDLQQKFYEIIMDIEQNNVQGKKGIQQLQKW,1
GFMKYIGPLIPHAVKAISDLI,0
TTWEAWDRAIAEYAARIEALIRALQEQQEKNEAALREL,1
HRIDLGPPISLERLDVGTNLGNAIAKLEAKELLE,1
RRKKLAVLLALLA,1
YTSLIHSLIEESQNQQEKLEQELLELDKWASLWNWF,1
GRKKRRQRRRC,0
YPGHITGHRMANMMMNW,1
TGALKINNLRLVTLEHQVLV,1
CYCRIPACIAGERRYGTCIYQGRLWAFCC,1
NMTINQTIWNHGNITLGEWY,0
RNKSNLHTEARFRIRCRWNV,0
LVEAKQARSDIEKLKEAIRDTNKAVQSVQSSIGNL,1
RRKKLLAVLLALLA,1
EAKQARSDIEKLKEAIRDTNKAVQSVQSSIGNLIV,1
AAPTGDPKPKKNKKP,0
SSESFTLLEQWNNWKLQLAEQWLEQINEKHYLEDIS,0
GLLQTITEKLKEFAGGLVTGVQS,0
TFCGETCRVIPVCTYSAALGCTCDDRSDGLCKRNGDP,1
GWWNQMAYYNSCKWEEAKVK,0
GLLGSIGNAIGAFIANKLKP,0
PISLERLDVGTNLGNAIAKLEDAKELLESSDQILR,1
GTKWLTEWIPLTAEC,1
TPNCALQIVARLK,0
ARANVKHLKILNT,0
FLPVLAGIAAKVVPALFCKITKKC,1
LEGEVNKIALLSTNKAVVSLSNGVSVLTSKVLD,1
AEPERRNIKYL,1
YTSLIHSLIEESQNQQEKNEQELLELDKWASLFNFF,1
IAVVFKENIAPYKFK,0
KKKKKKKK,0
ARMLGDVMAVSTCVP,0
LRDIKAENTDANFYV,0
GLFGVLAKVAAHVVPAIAEHF,1
CRANGSRIPTGERVWDRGNV,0
HVMLALATVLSIAGAGTGATAI,1
SFAIKWEYVLLLFLL,1
RGGRLAYCRRRFCVAVGRB,0
LCDCPNGPWVWVPAFCQAVG,1
TARLQLEARLQHLVAEILEREQSLALHALGYQLAFV,1
FIQYLAPLIPHAVKAISDLI,0
INASVVNIQKEIDRLNEVAKNLNESLIDLQELGK,0
CGESCVFIPCITSVAGCSCKSKVCYRNGIP,1
QEWERKVDFLEENITALLEEAQIQQEKNMYELQKL,1
GVIPCGESCVFIPCISAAIGCSCKNKVCYRN,1
TAFHRDDHETDMELK,0
LEAIPCSIPPCFAFNKPFVF,1
LEAIPMSIPPEVKFNKPFVF,1
YQLLIRMIYANI,1
GLWQLIKDKLKDAATGFVTGIQS,0
VSKVLHLEGEVNKIALLSTNKAVVSLSNGVSVL,1
PQITLRKKRRQRRRPPQVSFNFCTLNF,1
YTSLIHSLIEESQNQQEKNEQELLELDKWASPWNWF,1
VAVSKVLHLEGEVNKIALLSTNKAVVSLSNGVS,1
YVSGKARGWFYRHHYESPHPRISSEVHIPLGDARLV,1
HCKFWV,1
EWDREINNYTSLIHSLIEESQNQQEKNEQELLELDK,1
CALQIVARLKNNN,0
TLNNSVALDPIDISIELNKAKSDLEESKEWIRRSN,1
VSRRYLASLHKKALPTSVTFELLFDGTNPS,1
LQFTYNHIQRHVNDM,0
WRWRKRWRKWRWRKRWRK,1
LEAIPMSIPPEIAFNKPFVF,1
DYTEVQRRNQLHDLR,0
CIKRDSP,0
RKVRGPPVSCIKRDSP,0
EGPTLGGWAREIWATLFKKA,1
LEAIPMCIPPECLFGKPFVF,1
HCKFWA,0
QIWNNMTWMEWDREINNYTSLIHSLIEESQNQQEKN,1
PPNPTPPPPGASANA,0
WVPKRPSVCTMTKWQ,0
LEAIPMSCPPEFCFGKPFVF,1
SNNTIAIPTNFSISITTEVM,0
QRQQLFDSQQGWFEG,0
VFPSDEFDASISQVNEKINQSLAFIRKSDELLHNV,1
YFYNAK,1
GVCRCICGRGVCRCICGR,1
ISTTFTTNLTEYPLS,0
NIKENKCNGTDAKVKLIKQELDKYKNAVTELQLLM,0
AQLLESVLQEERILALHAQARERLT,0
NEYHGFVDKANNENKRKKQQGRDDFVVKPNNFANRRRKDDYNENYYDDVDAADVV,1
HEFVPLEVYTRHEIK,1
GIGKFLHSAKKFGKAFVGEIMNS,1
RWRWRWRWRW,0
MKATILLAVVVAVIVGVQEAQSVACRSYYCSKFCGSAGCSLYGCYLLHPGKICYCLHCSRAESPLALSGSARNVNDKNNEMDNSPVMNEMENLDQEMDMF,1
DPKPKKNKKPKNPTP,0
NYTEGIAVVFKENIA,0
QVDGFYARDLTTKAR,0
FFESHVARANVKH,0
GIIDIAKKLFESW,1
PDYLLVPEEVMEYKPRRKRAAI,1
VANDPIDISIELNKAKSDLEESKEWIRRSNQKLDSI,1
HCKFWL,0
GLTGGFYEPLVRRCSELMGR,0
GLWQLIKDKFKDAATGFVTGIQS,0
KWKLFKKIEKVGQNIRDGIIKAGPAVAVVGQATQIAKB,0
TTNLTEYPLSRVDLG,0
VIVQNSMRISSRPGA,0
TKCFQWQRNMRKVRGPPVSCIKRDS,1
RRKKAAVALLPAVLEALLAP,1
RNMRKVR,0
AEGIGALFLGFLGAAGSTMGARSMTLTVQARQL,1
AIKWEYVLLLFLL,1
EGPGLGNWAREIWATLFKKA,1
WEYVLLLFLL,1
SNIKENKCNGTDAKVKLIKQELDKYKNAVTELQLL,0
GWFDVVKHIAKRF,1
RRKKAAVALLP,0
PPLVVPVEESEIIFWDCWAPEE,0
DCIGKDARDAMDRIF,0
ISGINASVVNIQKEIDRLNEVAKNLNESLIDLQELGK,0
NYTSLIHSLIEESQNQQEKNEQELLELDKWASLWNW,1
GNITLGEWYNQTKDLQQKFYEIIMDIEQNNVQG,1
GFCRCICTRGFCRCICTR,1
AENTDANFYVCPPPT,0
RSDIEKLKEAIRDTNKAVQSVQSSIGNLIVAIKSV,1
RRKKVLLALLAP,1
RRKKAAVALLKAVLLALAAP,1
IDRLNEVAKNLNESLIDLQELGKYEQYIKWPW,0
SWLRDIWDWICEVL,1
GYCRCICGRGICRCICGR,1
RARRSLLIASALCTSDVAAATNADLRTALARADHQKTLFWL,1
TLVDCIRNCIHKILGYTVIA,0
KWKLFKKIGIGKFLHFAKKF,1
RHHYESPHPRISSEV,0
RGGRLCYCRRRFCICV,1
SLERLDVGTNLGNAIAKLEAKELLESSDQILRSM,1
GFLDIIEKIAKSW,1
SSVITSLGAIVSCYGKT,1
