SPLGFGSYTMTKIRDSLHLV,0
GWFDVVKHIASAV,1
GLFDIIKKIAESF,1
GSGPTYCWNEANNPGGPNRCSNNKQCDGARTCSSSGFCQGTSRKPDPGPKGPTYCWDEAKNPGGPNRCSNSKQCDGARTCSSSGFCQGTAGHAAA,1
KKKSFIKLLTSAKVSVLTTAKPLISS,0
DCYCRIPACIAGERRYGTCIYQGRLWAFCC,1
ELLFDGTNPSTEEMGDDFRSGLCPFDTSPV,0
GICRCICGRGICRCICGR,1
LGCNQNQFFCKIPLELWTRY,0
YQLLARMIYKNI,1
GIPCGESCVWIPCISAALGCSCKNKVCYRN,1
VCSCRLVFCRRTELRVGNCLIGGVSFTYCCTRV,1
ILSYLWNGIKSIF,1
HVNDMLGRVAIAWCE,0
ILGPVLGLVSDTLDDVLGIL,1
CGESCVFIPCITTVLGCSCSIKVCYKNGSIP,1
GIFPKIIGKGIVNGIKSLAKGVGMKVFKAGLNNIGNTGCNNRDEC,1
GLPQDCERRGGFCSHKSCPPGIGRIGLCSKEDFCCRSRWYS,1
YIRDFITRRPPFGNI,1
GVIDAAKKVVNVLKNLF,1
GIADILKGLLG,1
GLRKKFRKTRKRIQKLGRKIGKTGRKVWKAWREYGQIPYPCRI,1
GLPVCGETCFTGTCYTNGCTCDPWPVCTRN,1
ATFNFINNCPFTVWAAAVPG,1
PPVYTKDVDISSQISSMNQSLQQSKDYIKEAQKILDTVNPSL,1
GIINTLQKYYCRVRGGRCAVLSCLPKEEQIGKCSTRGRKCCRRKK,1
GSIPACGESCFKGKCYTPGCSCSKYPLCAKN,1
KWKLFKKIEKVGQNIRDGIIKAGPAVAVVGQATQIAK,1
KVCYRAIPCGESCVWIPCISAAIGCSCKN,1
FFLLFLQGAAGNSVLCRIRGGRCHVGSCHFPERHIGRCSGFQACCIRTWG,1
KRRPAKAWSGRRTRLCCHRVPSPNSTNLKGHHVRLCKPCKLEPEPRLWVVPGALPQV,1
FLSGIVGMLGKLF,1
YALLIRMIYKNI,1
AFTCHCRRSCYSTEYSYGTCTVMGINHRFCCL,1
GLFGILGSVAKHVLPHVIPVVAEHL,1
GSVLNCGETCLLGTCYTTGCTCNKYRVCTKD,1
DQYKCLQHGGFCLRSSCPSNTKLQGTCKPDKPNCCKS,1
DLKYNPSRVEAFHRY,0
HKILGYTVIAMPEVEGEEIQ,0
RGGRLCYCRGWICFCVGR,1
GSDTSLIDTCGNTPNVSGAN,0
EEESEVAHLRVRRGFGCPLNQGACHRHCRSIRRRGGYCSGIIKQTCTCYRN,1
GLPVCGETCFGGTCNTPGCSCTWPICTRD,1
VVCACRRALCLPRERRAGFCRIRGRIHPLCCRR,1
GRFKRFRKKFKKLFKKLSPVIPLLHLG,1
GYHGGHGGHGGGYNGGGGHGGHGGGYNGGGHHGGGGHG,1
RGGRLCYARRRFAVCVGRB,0
GLFPKFNKKKVKTGIFDIIKTVGKEAGMDVLRTGIDVIGCKIKGEC,1
GWINEKKMQQKIDEKIGKNIIGGMAKAVIHKMAKNEFQCVANVDTLGNCKKHCAKTTGEKGYCHGTKCKCGIELSY,1
RVGGRVGGRVGGRVGGRVGG,0
ALWKNMLKGIGKLAGKAALGAVKKLVGAES,1
GICACRRRFCLNFEQFSGYCRVNGARYVRCCSRR,1
VSVIVPDYQCYLDRVDTWLQ,0
IRNPVTCIRSGAICYPRSCPGSYKQIGVCGVSVIKCCKKP,1
MKTQFVILLVALVLFQMFAQSEAIFSAIGGFLKSIFGKRGLQDLDMDDLDQLFDGEISQADINFLNQLMR,1
GLPVCGETCVGGTCNTPGCTCSWPVCTRN,1
ANDPQCLYGNVAAKF,1
FDLGGLIKGVVDLF,1
GFGCNGPWDEDDMQCHNHCKSIKGYKGGYCAKGGFVCKCY,1
QGGIASCCRRHSKTQINREHLTHYYEQHRPPCPIKAVVFYVIGGARICADPNKVWTKTSKAFLDGVHYQRQHTSSKVSF,1
PYKFKATMYYKDVTV,0
VTCYCRRTRCGFRERLSGACGYRGRIYRLCCR,1
NMAKLRERLKQRQQL,0
CSCRTSSCRFGERLSGACRLNGRIYRLCC,1
ACYCRIGACVSGERLTGACGLNGRIYRLCCR,1
GLVSSIGKALGGLLADVVKSKGQPA,0
EGPTLGNWAREIGATLFKKA,0
RICRCICGRRICRCICGR,1
GGTIFDCGESCFLGTCYTAGCSCGNWGLCYGTN,1
GIGGVLLSAGKAALKGLAKVLAEKYAN,1
GIGDPVTCLKSGAICHPVFCPRRYKQIGTCGLPGTKCCKKP,1
NRILPTLIGPL,1
WMEWDREIEELAKKAEELAKKAEELAKKAWASLWNWF,1
FNMTKAVEMVNIAGNWSCTS,0
KINNPVSCLRKGGRCWNRCIGNTRQIGSCGVPFLKCCKRK,1
KKLAVLLALLA,0
DARDAMDRIFARRYN,0
APTSPGTPGVAAATQ,0
IFKAIWSGIKSLF,1
FLFPLITSFLSKVL,1
ILGPVISTIGGVLGGLLKNL,1
RGGKIAGKIAKIAGKIAKIAGKIA,1
LEVYTRHEIKDSGLL,0
GIPCGESCVFIPCITSVAGCSCKSKVCYRN,1
FFGSVLKLIPKIL,1
QGWEAVAAAVASKIVGLWRNEKTELLGHECKFTVKPYLKRFQVYYKGRMWCPGWTAIRGEASTRSQSGVAGKTAKDFVRKAFQKGLISQQEANQWLSS,1
LLPIVGNLLKSLL,1
AACARFIDDFCDTLTPNIYRPRDNGQRCYAVNGHRCDFTVFNTNNGGNPIRASTPNCKTVLRTAANRCPTGGRGKINPNAPFLFAIDPNDGDCSTNF,1
FADIDTVIHADANAA,0
MKTFSVAVAVAVVLAFICTQESSALPVTGIEELVEPVSSDNNDNHQGLPVELRERLVNIRKKRAPTDCIPYCYPTGDGFHCGVTCRF,1
CGECGGGHIVGRFCMVVRFLRLVFI,1
FIGAIARLLSKIF,1
GLWQKIKSAAGDLASGIVEGIKS,1
SCTTCVCTCSCCTT,1
SMWSGMWRRKLKKLRNALKKKLKGE,1
NPAGCRFCCGCCPNMIGCGVCCRF,1
GLLASLGKVFGGYLAEKLKPK,1
SNASVWECCSTGSWVPFTCC,1
NDPEMQYWTCGYRGLCRRFCHAQEYIVGHHGCPRRYRCCAVRS,1
NKGCATCSIGAACLVDGPIPDFEIAGATGLFGLWG,1
VGALAVVVWLWLWLW,1
RRKKLLALLAP,0
YETLIASVLGKLTGLWHNNSVDFMGHTCHFRRRPKVRKFKLYHEGKFWCPGWAPFEGRSRTKSRSGSSREAIKDFVRKALQNGLITQQDATVWVN,1
YQLLIAMIYKNI,1
GVVDTLKNLLMGLL,1
GLMDTVKNVAKNLAGHMLDKLKCKITGC,1
DSHAKRHHGYKRKFHEKHHSHRGY,1
CRCCELKSLCPTLMRVVRLLGLVLL,1
GLPTCGETCFGGTCNTPGCTCDPWPVCTHN,1
XKFACPECPKRFMRSDHLSKHITLHELLGEERR,1
GGTIFDCGETCFLGTCYTPGCSCGNYGFCYGTN,1
KWCFRVCYRGICYRRCR,1
CGGNNLLRAIEAQQHLLQLTVWGIKQLQARILAVERYLKDQ,1
INWDILIDTIKDKL,1
RRCICTTRTCRFPYRRLGTCLFQNRVYTFCC,1
GMKCKFCCNCCNLNGCGVCCRF,1
FLPLIGRVLSGIL,1
GWLKKIESIIDAF,1
KFMETVAEKALQEYRK,0
TLKNRYYEPRDSYFQQYMLKGEYQYWFDLD,0
SPIHACRYQRGVCIPGPCRWPYYRVGSCGSGLKSCCVRNRWA,1
SIGAKILGGVKTFFKGALKELASTYLQ,1
AAPCFCSGKPGRGDLWILRGTCPGGYGYTSNCYKWPNICCYPH,1
ANTAFVSSAHNTQKIPAGAPFNRNLRAMLADLRQNAAFAG,1
GVCRCLCRRGVCRCLCRR,1
SLSRFLSFLKIVYPPAF,1
DWHLGQGVSIEWRKK,1
IPLRGAFINGRWDSQCHRFSNGAIACA,1
ILGEIWKGIKDIL,1
KTCENLADTFRGPCFATSNC,1
GLFSVLGAVAKHVLPHVVPVIAEK,1
KIPCGESCVWIPCVTSIFNCKCKENKVCYHD,1
QEFYGNCCLGHVKPMKIKGKRIESYRMQETDGDCHISAVVFLIKKKPSHVKQKTICANPQEAWVQELMAAVDSRNPKN,1
TVSTFIDLNITMLED,0
GSKKPVPIIYCNRRTGKCQRM,1
GLFGVLGSIAKHVLPHVVPVIAEKL,1
GFGCPFNQGQCHKHCQSIRRRGGYCDGFLKTRCVCYR,1
EVIDKINAKGVCRST,0
CATCIADHRSH,0
KAAKKAAKAAKKAAKAAKKAA,0
RRWCFRVCYRGFCYRKCR,1
EGPTLGNWAREIWATLFGKA,1
QSHISLCRWCCNCCKANKGCGFCCKF,1
KWKLFKKIKFLHSAKKF,1
ILGKIWEGIKSIF,1
PVPFEEVIDKINAKG,0
YEALVASILGKLSGLWHSDTVDFMGHTCHIRRRPKFRKFKLYHEGKFWCPGWTHLEGNSRTKSRSGSARDAIKDFVYKALQNKLITENNAAAWLK,1
PDVDLGDISGINASVVNIQKEIDRLNEVAKNLNESLIDLQ,0
PYLDDFQKKWQEEMELYRQKVE,0
MKTFSVAVAVAIVLAFICTQESSALPVTGVEELVELVSSDDPVADHQELPVELGERLFNIRKKRASPKCTPYCYPTRDGVFCGVRCDF,1
DHYNCVSSGGQCLYSACPIFTKIQGTCYRGKAKCCK,1
GFSSIFRGVAKFASKGLGKDLARLGVNLVACKISKQC,1
GLVGTLLGHIGKAILGG,1
DAEFRHDSGYEVHHQKLVFFAEDVGSNKGAIIGLMVGGVVIA,1
TWLRAIWDWVCTALTDFK,1
EYPLSRVDLGDCIGK,0
RLTGLLATSGFAFVNAAHANGAVCLSDLLGFLAHSRALAG,0
FKCRRWQARMKKLGA,0
PKRKAEGDAKGDKAKVKDEPQRRSARLSAKPAPPKPEPKPKKAPAKKGEKVPKGKKGKADAGKEGNNPAENGDAKTDQAQKAEGAGDAK,1
SSFSPAAPLPPGTKHPCLPLSCPPCPDEECPTCEILPPCELCPEIHIGCDCPFHHSCLCDQPACPPCDFPFGSLINKGGYRG,1
LMDIFKVAVNKLLAAGMNKPRCKAAHC,1
KYYGNGVSCNKKGCSVDWGKAIGIIGNNSAANLATGGAAGWKS,1
FISAIASMLGKFL,1
GLFKVLGSVAKHLLPHVAPIIAEKL,1
CLGIGSCNDFAGCGYAVVCFW,1
AQEPVKGPVSTKPGSCPIILIRCAMLNPPNRCLKDTDCPGIKKCCEGSCGMACFVPQ,1
HVDKKVADKVLLLKQLRIMRLLTRL,1
KQLSYCTDPLQIPLINYTFG,0
FIHHIFRGIVHAGRSIGRFLTG,1
CRQSCSFGPFTFVCDGNTK,1
IFKAIWSGIKRLC,1
ILGKFCDEIKRIV,1
GLLGTLGNLLNGLGL,1
SDWSLWECCSTGSLFACC,1
GGLRSLGRKILRAWKKYGPIIVPIIRIG,1
