LEAIPMSIPPELAFAKPFVF,1
FYDPLVFPSDEFDASISQVNEKINQSLAFIRKSDE,1
YYQANGGFLIAYQPL,0
PISLERLDVGTNLGNAIAKLEAKELLESSDQILR,1
RRKKVLLALLAP,1
VYTDKVDISSQISSMNQSLQQSKDYIKEAQKILDTV,1
INASVVNIQKEIDRLNEVAKNLNESLIDL,0
GMASKAGAIAGKIAKVALKAL,1
AAGHATLREHLRDIK,0
PANAATRTSRGWHTT,0
KPVSLSYRC,0
RWRKRWRKWRWRKRWRK,1
TWLATRGLLRSPGRYVYFSPSASTWPVGIWTTGELVLGCDAAL,0
MDRIFARRYNATHIK,0
DITILQISVALDPIDISIELNKAKSDLEESKEWIRRSNQKLDSIGN,1
YQFHLVLHEALRAQALSRQLILGRELAQELVAELAT,0
IELSNIKENKCNGTDAKVKLIKQELDKYKNAVTEL,0
NMTINQTIWNHGNITLGEWY,0
GFIFHIIKGLFHAGKMIHGLV,1
IDLGPPISLERLDVGTNLGNAIAKLEAKELLESS,1
RDVSDFTDSVRDPKTSEILD,0
NRGLAA,0
DPKLKWIQEYLEK,0
GLVRDNMAKLRERLK,0
TTPKFTVAWDWVPKR,1
VVNIQKEIDRLNEVAKNLNESLIDLQELGK,0
MTWMEWDREINNYTSLIHSLIEESQNQQEKNEQELL,1
RRKKAAV,0
KWLCRIWSWISDVLDDFE,1
RRKKLALLAP,0
HWSHGQNQWPLSCPQYVYGS,0
CIVEEVDARSVYPYD,0
DDHETDMELKPANAA,0
VSVTCVWGSVSWFASTGGRD,0
IEFARLQFTYNHIQR,0
FKCRRWQWRMKKLGA,1
RADITTVSTFIDLNI,0
PVSLSYRCPCRFFES,0
LKAKTNISIREGPTLGNWAR,0
KLKEAIRDTNKAVQSVQSSIGNLIVAIKSVQDYVN,1
NVQGKTGIQQLQKWEDWVRW,1
GPWVWVPAFCQAVGWGDPIT,1
QRRNQLHDLRFADID,0
NELRLTRDAIEPCTV,0
GFKDLLKGAAKALVKTVLF,1
KHMHWHPPALNT,1
KWKVFKKIEKMGRNIRNGIVKAGPAIAVLGEAKAL,1
WMEWDREINNYTSLIGSLIEESQNQQEKNEQELLE,1
TLVDCIRNCIHKILGYTVIA,0
KLAKKLAKLAKKLAKLAKKLA,0
VALDPIDISIELNKAKSDLEESKEWIRR,1
GGSFRFSSDAISTTF,0
INAKGVCRSTAKYVR,0
CATCEQIADSQHRSHRQMV,1
DSGLLDYTEVQRRNQ,0
MENRWQVM,0
PPINNCMPLGTEVSEALGGA,0
SRPGACYSRPLVSFR,0
YQLLIRMIYKAI,1
VFQFLGRIIHHVGNFVHGFSHVF,1
GFCRCLCRRGVCRCICTR,1
VVNIQKEIDRLNEVAKNLNESLIDLQELGKYEQYIKWPW,0
KKWWKAQKAVNSGPNA,0
NFHAMFQPFLEMIHEAQQ,0
CGESCVFIPCITSVAGCSCKSKVCYRNGIP,1
DVREEEQLGERATGLNLNI,0
ELSEWGVPCVTCILDRRPAS,0
LEAIPMKIPPEFLFGKPFVF,1
VITIELSNIKENKCNGTDAKVKLIKQELDKYKNAV,1
KPVSLSYRCPCRFF,1
LEAIPMCIPPECLFNKPFVF,1
YTSLIQSLIEESQNQQEKNEQELLELDKWASLWNWF,1
PPISLERLDVGTNLGNAIAKLEDAKELLESSDQIL,1
DCIGKDARDAMDRIF,0
CTSDLPSSWGYMNCNCTNSSSS,0
KPVSLSY,0
CRFFES,0
KENIAPYKFKATMYY,0
VFQFLGKIIKKVGNFVKGFSKVF,1
LERLDVGTNLGNAIAKLEDAKELLESSDQILRSMK,1
ITLGEWYNQTKDLQQKFYEIIMDIEQNNVQGKKGI,1
FDIVKKIAGHIAGSI,0
GLLGLLGSVVSHVVPAIVGHF,1
FLEGFLVPKVVPGPTAALLKKALDD,0
EWYNQTKDLQQKFYEIIMDIEQNNVQGKKGIQQLQ,1
AIRDTNKAVQSVQSSIGNLIVAIKSVQDYVNKEIV,1
HCKFWD,0
LSNIKENKCNGTDAKVKLIKQELDKYKNAVTELQL,0
FHCQRTQSQPGSWFRAISSWKQ,0
EWRKKRYSTQV,1
HLKILNTPNCALQ,0
IALLSTNKAVVSLSNGVSVLTSKVLDLKNYIDK,1
SWLRDIWDWACEVLSDFK,1
PFDYGLKWQSCSCRANGSRI,0
RWRWRW,1
IDISIELNKAKSDLEESKEWIRRSNQKLDSIGNWH,1
LLRIPQAIMDMIAGAHWG,1
NNLLRAIEAQQHLLQLTVWQIKQLQARILAVERYLKDQ,1
RRKKVALLPAVLLALLAP,1
SKIDVWSLVPVGSASCTIAA,0
GWFDVVKHIAKRF,1
LRKRKRL,1
MTWMAWDRAIANYAALIHALIEAAQNQQEKNEAALLEL,1
TKCRRWQRNMRKVRGPPVSCIKRDS,1
RRKKAAVALLPAVLKALLAP,1
SQVWFGHRYSQFMGI,0
YTSLIHSLIEESQNQQEKNQQELLQLDKWASLWNWF,1
HATCSLAFALATSVALATRNDLLLRWAAARDAQTILSKRDR,0
LLKELWTKIKGAGKAVLGKIKGLL,1
LLGGILGIGLGVLLLILCLP,1
TTWEAWDRAIAEYAARIEALIRALQELQEKNEAILREL,1
YTSLIHSLIQESQNQQEKNEQELLELDKWASLWNWF,1
VAADNVIVQNSMRIS,0
GSWFRAISSWKQRNRWEWRPDF,0
PQITLRKKRRQRRRPPQVSFNFCTLNF,1
RRKKAAVALLKAVLLAALAP,1
VGQPQYYLANGGFLI,0
GGPTLGNWAREIWATLFKKA,1
LRKRKRLRKLRKRKRLRK,1
LQMDDFELL,0
MKATILLAVVVAVIVGVQEAQSVACRSYYCSKFCGSAGCSLYGCYLLHPGKICYCLHCSRAESPLALSGSARNVNDKNNEMDNSPVMNEMENLDQEMDMF,1
LLGDLLRKSKEKIGKEFKRIVQRIKDFLRNLVPRTES,1
QIVARLKNNNRQV,0
ARLKNNNRQVCID,0
TTWEAWDRAIAEYAARIEALIRAAQEQQEKLEAALREL,1
HCKFWV,1
RALVDTLKFVTQAEGAK,0
GRKKRRQRRRC,0
TKDLQQKFYEIIMDIEQNNVQGKKGIQQLQKWEDW,1
SWLRDIWDWIREVLSDFK,1
DEFDASISQVNEKINQSLAFIRKSDELLHNVNAGK,1
YTSLIHSLIEESQNQQEKNEQELLQLDKWASLWNWF,1
EKKCPGRCTLKCGKHERPTLPYNCGKYICCVPVKVK,1
EGPTLGNWGREIWATLFKKA,1
KNGRKLCLDLQAALY,1
PDYLLVPEEVMEYKPRRKRAAI,1
WMEWDREINNYTSLIHSLIEESQNQQEKNEQELLE,1
RVDLGDCIGKDARDA,0
PQMELRRNGRQCGMSEKEEE,0
GICICICGYGICRCICGR,0
RRKKAAVALLPAVALALLAP,1
YEDQGPLVEGQLGEN,0
GIKEFKRIVQRIKDFLRNLV,1
CRANGSRIPTGERVWDRGNV,0
ISTTFTTNLTEYPLS,0
VSKVLHLEGEVNKIALLSTNKAVVSLSNGVSVL,1
SMRISSRPGACYSRP,0
NNMTWMEWDREINNYTSLIHSLIEESQNQQEKNEQE,1
LPLPAPSFHRTT,1
KKKKKKKK,0
KVLTTGLPALISWIKRKRQQ,1
GHRRYFTFGGGYVYF,1
IDLGPPISLERLDVGTNLGNAIAKLEDAKELLESS,1
GICICICGRGICYCICGR,0
AEPERRNIKYL,1
GHRYSQFMGIFEDRA,0
CGTCVRDCWPETGSVRFPFH,0
RKVRGPPVSCIKRDSP,0
TTWEAWDRAIAEYAARIEALIRALQELQEKNEAALREL,1
AQITAAVALVEAKQARSDIEKLKEAIRDTNKAVQS,1
YMSPFYGYREGSHTE,0
GGFLIAYQPLLSNTL,0
EFDASISQVNEKINQSLAFIRKSDELLHNVNAGKS,1
TSVITIELSNIKENKCNGTDAKVKLIKQELDKYKN,1
GFPCGESCVFIPCISAAIGCSCKNKVCYRN,1
IAVVFKENIAPYKFK,0
YQDVNCTDVSTAIHADQLTP,1
TTPFTIRGPLGNQGRGNPVR,0
RARRSLLIASALCTSDVAAATNADLRTALARADHQKTLFWL,1
GYFVQDDGEWKFTGSSYYY,1
SWLRDIWDWECEVLSDFK,1
GLFGVLAKVAAHVVPAIAEHF,1
ENKCNGTDAKVKLIKQELDKYKNAVTELQLLMQST,0
LHRIDLGPPISLERLDVGTNLGNAIAKLEDAKELL,1
GRRRRSVQW,0
VTDYGKDLMEKVKEWLNS,0
SWRLIDWDWICEVLSDFK,1
CGSVFLVGQLFTFSPRHH,1
ALWKTLLKKVLKAAAKAALNAVLVGANA,1
SLSYRCPCRF,0
LRKRKRLRK,1
RRFPWWWPFRR,0
VEGQLGENNELRLTRDAIE,0
CIKRDSP,0
GLPICGETCVGGTCNTPGCSCSWPVCTRN,1
CTCIADHRH,0
YRCPCRFFES,0
GFNEIVQDIEDFLQNLV,1
EGPTLGGWAREIWATLFKKA,1
GIWSDLAEIIKKF,1
TMLEDHEFVPLEVYT,0
LPRRLHLEPAFLPYSVKAHECC,1
SNIKENKCNGTDAKVKLIKQELDKYKNAVTELQLL,0
RLTRKRGLK,1
LRSEYGGSFRFSSDA,0
DLGPPISLERLDVGTNLGNAIAKLEAKELLESSD,1
FEDRAPVPFEEVIDK,0
RTRKRGRRTRKRGR,1
PATPAPPPLGAAPTG,0
SDDPKESEGDLHCVC,0
RIPTGERVWDRGNVTLLCDC,1
SWLDRIWRWICKVLSRFE,1
GTKALTEVIPLTEEAEC,1
QAVGWGDPITHWSHGQNQWP,0
GTKWLTEWIPLTAEC,1
LEAIPCSIPPCLAFAKPFVF,1
GWHTTDLKYNPSRVE,0
DPIDISIELNKAKSDLEESKEWIRRSNQKLDSIGN,1
RGGRLAYCRRRFCVAVGRB,0
ITTYWGLHTGERDWHL,0
SNQGGSPLPRSV,1
RRKKAAVAL,0
YGYREGSHTEHTTYA,0
SWLRDLWDWLCELLSDFK,1
CLGVGSCNDFAGCGYAIVCFW,1
FTFGGGYVYFEEYAY,0
LQNHELTLWNEARKL,0
PNQTCMWNTSQIQDPEIPKC,0
TLLCDCPNGPWVWVPAFCQA,1
HCKFWA,0
HCKFWG,1
EGPTGGNWAREIWATLFKKA,1
PTLGNWAREIWATLFKKA,1
ILNTPNCALQIVA,0
SIWRDWVDLICEFLSDWK,1
HTTYAADRFKQVDGF,0
KIPCGESCVWIPCLTSVFNCKCENKVCYHD,1
YQLLIRMIAKNI,1
GFLSILKKVLPKVMAHMK,1
RRCICTTRTCRFPYRRLGTCIFQNRVYTFCC,1
TCILDRRPASCGTCVRDCWP,0
WRWRKRWRKWRWRKRWRK,1
RCPCRFFES,0
EGGTLGNWAREIWATLFKKA,1
DISIELNKAKSDLEESKEWIRRSNQKLDSIGNWHQ,1
TRDAIEPCTVGHRRY,0
DPIDISIELNKAKSDLEESKEWIRRSNQKLDSIG,1
DLGPPISLERLDVGTNLGNAIAKLEDAKELLESSD,1
EWDREINNYTSLIHSLIEESQNQQEKNEQELLELDK,1
DNATVAAGHATLREH,0
RRKKAP,0
SGSWLRDIWDWICEVLSDFK,1
GPGRAF,0
BBKKLAVLLAAAA,0
LRTRKRGRKLRTRKRGRK,1
TLREHLRDIKAENTD,0
RERLKQRQQLFDSQQ,0
ATMYYKDVTVSQVWF,0
CKWEEAKVKFHCQRTQSQPGSW,0
HCKAWW,1
CGRCLQRACCKYCRLKCRLILFVIF,0
GICRCICGRRICRCICGR,1
GIWDTIKSMGKVFAGKILQNL,1
AAATQAANGGPATPA,0
RRKKALLPAVLLALLAP,1
NQTKDLQQKFYEIIMDIEQNNVQGKKGIQQLQKWE,1
AELYVREHLREQSRK,0
PVLDEFREKLNEELEALKQKMK,0
GATVVQFEQPRRCPT,0
SDEFDASISQVNEKINQSLAFIRKSDELLHNVNAG,1
RRKKAAVALKPAVLLALLAP,1
KPVSLSYRCPCRFFE,0
GRRRRS,0
GSWLRDIWDWICEVLSDFK,1
VRDNMAKLRERLKQRQQLFDSQQGWFEGWFNRSPWFT,1
GLLQTIKEKLKEFAGGVVTGVQS,0
DREINNYTSLIHSLIEESQNQQEKNEQELLELDKWA,1
WDRGNVTLLCDCPNGPWVWV,1
SWLRDIWRWICKVLSRFK,1
GIKCRFCCGCCTPGICGVCCRF,1
GVFVFNGTSWFITQRNFFS,1
RRKKAAVALL,0
LKLKLKLKLKLKLKLK,0
RRKKAA,0
LERLDVGTNLGNAIAKLEAKELLESSDQILRSMK,1
DPKPKKNKKPKNPTP,0
TKIRDSLHLVKCPTPAIEPP,0
SKEKIGKEFKRIVQRIKDFLR,1
INASVVNIQKEIDRLNEVAKNLNESLIDLQELGKYEQYI,0
ARMLGDVMAVSTCVP,0
GIGKFLKKAKKGIGAVLKVLTTGL,1
SWLRDLWDWICELLSDFK,1
MEWDREINNYTSLIHSLIEESQNQQEKNEQELLELD,1
QRQQLFDSQQGWFEG,0
TTKARATAPTTRNLL,0
VALDPIDISIELNKAKSDLEESKEWIRRSNQKLDSD,1
RNKSNLHTEARFRIRCRWNV,0
LSYRCPCRFF,1
ALLSTNKAVVSLSNGVSVLTSKVLDLKNYIDKQ,1
RRLHLEPAFLPYSVKAHECC,1
ALDPIDISIELNKAKSDLEESKEWIRRSNQKLDS,1
IVWQVDRM,0
EGPTLGNWAREGWATLFKKA,1
LEAIPCSIPPCVFFNKPFVF,1
RWRWRWRW,0
KPVSLSYRCPCRFFES,0
FFHHIFRGIVHVGKTIHRLVTG,1
LKEAIRDTNKAVQSVQSSIGNLIVAIKSVQDYVNK,1
LQLEARLQHLVAEILER,0
RRKKAAVALLPAV,0
QIPLINYTFGPNQTCMWNTS,0
TKCFGWGRN,0
NIKENKCNGTDAKVKLIKQELDKYKNAVTELQLLM,0
LGEWYNQTKDLQQKFYEIIMDIEQNNVQGKKGIQQ,1
IDRLITGRLQSLQTYVTQQLIRAAEIRASANLAATK,0
RRKKAAVALLKAVLLALAAP,1
ILGTILGLLKSL,0
EFVLATGDFVYMSPF,0
GSHTEHTTYAADRFK,0
SGTKMACPSNRGILRNWYNP,1
YQCGQGG,1
LHDLRFADIDTVIHA,0
KNPTPPRPAGDNATV,0
GENNELRLTRDAI,0
CACIADHSH,0
YLDRVDTWLQGKINISLCLT,0
FKNHTSPDVDLGDISGINASVVNIQKEIDRLNEVAKNLNES,0
RRKKALLAP,0
LGSSDRDTVVELSEWGVPCV,0
GIGTKILGGVKTALKGALKELASTYAN,1
SWLRDIWDWICEVLSDFKT,1
SCASRCKGHCRARRCGYYVSVLYRGRCYCKCLRC,1
DQKDEYELL,1
QEWERKVDFLEENITALLEEAQIQQEKNMYELQKL,1
VSFAIKWEYVLLLFL,1
FDSQQGWFEGWFNRS,0
CVTCKSTVLCDKMQHPCRRGPRCISC,0
FDASISQVNEKINQSLAFIRKSDELLHNVNAGKST,1
EGPTLGNWAREIWATGFKKA,1
LEAIPMSIPPEFLFGKPFVF,1
CDSCERCWYVWLILLRVRLRLLVSL,1
YTSLIHSLIEQSQNQQEKNEQELLELDKWASLWNWF,1
ISSEVHIPLGDARLV,0
VYPYDEFVLATGDFV,0
LRKEKKRLLLRKEKKRLL,0
CNCTNSSSSYSGTKMACPSNRG,1
VCRSTAKYVRNNLET,0
GLLGSIGNAIGAFIANKLKPK,0
NNSVALDPIDISIELNKAKSDLEESKEWIRRSNQK,1
PLGEEMRDRARAHVDALRTHLA,0
NMTWMEWDREINNYTSLIHSLIEESQNQQEKNEQEL,1
ARANVKHLKILNT,0
EGPTLGNWAREIWATLGKKA,1
CYSRPLVSFRYEDQG,0
GLLDIVTGLLGNLIVDVLKPKTPAS,0
LTLWNEARKLNPNAI,0
PNGPWVWVPAFCQAVGWGDP,1
RWRKRWRKRWRKRWRK,1
LSCPQYVYGSVSVTCVWGSV,0
ETGSVRFPFHRCGTGPRLTK,0
SLERLDVGTNLGNAIAKLEAKELLESSDQILRSM,1
TGDFVYMSPFYGYRE,0
VTDYGKDLMEKVKSPELQ,0
LGNWAREIWATL,1
INWLKLGKAIIDAL,0
YTSLIHSLIEESQNQQEKNEQELLELDKWASLFNFF,1
RFLVCWKQKIWGKARPSMCTRRARF,1
GLTGGFYEPLVRRCSELMGR,0
PIDISIELNKAKSDLEESKEWIRRSNQKLDSIGN,1
QPELDSFKEELDKYFKNHTSPDVDLGDISGINASVVNIQ,0
LEAIPMSIPPEFAFNKDFVF,1
SWLRDVWDWVCTILTDFK,1
MTWMEWDREINNYTSLIHSLIEESQNQQEKNEQELLEL,1
YTSLIHSLIEESQNLQEKNEQELLELDKWASLWNWF,1
GWWNQMAYYNSCKWEEAKVK,0
GIGKFLKKAKKFGKAFVKILKK,0
ANGSRIPTGERVWDRGNVTL,0
ERKVDFLEENITALLEEAQIQQEKNMYELQKLNSW,1
NIAGNWSCTSDLPSSWGYMN,0
IKWEYVLLLFLL,1
QFMGIFEDRAPVPFE,0
DWLRIIWDWVCSVVSDFK,1
PVDCTMYSNKMYNCSLQNGF,0
FPSDEFDASISQVNEKINQSLAFIRKSDELLHNVN,1
DCPNGPWVWVPAFCQAVGWG,1
TGAWIEFGCHRNKSNLHTEA,0
ANFYVCPPPTGATVV,0
IVSYPDDAGEHAHKMG,0
VALDPIDISIELNKAKSDLEESKEWIRRSNQKLDSI,1
CYCRIPACIAGERRYGTCIYQGRLWAFCC,1
IFWDCWAPEEPACQDFLGAMIH,0
VALDPIDISIELNKAKSDLEESKEWIRRSNQKLDS,1
RIRTWKSLVKHHM,0
LDPIDISIELNKAKSDLEESKEWIRRSNQKLDSI,1
EVDEMLRSEYGGSFR,0
TGALKINNLRLVTLEHQVLV,1
GLLGSIGKVLGGYLAEKLKPK,0
SDIEKLKEAIRDTNKAVQSVQSSIGNLIVAIKSVQ,1
RWRKRWRWRKRWRWRKRW,1
IGLKVEAMEKFLYTAFAMQE,1
LSNTLAELYVREHLR,0
YQLLIRMIYKNA,1
SWLWEVWDWVLHVLSDFK,1
LEAIPCSIPPEFLFGKPFVFLEAIPCSIPPEFLFGKPFVF,1
ALWKTMLKKLGTMALHAGKAALGAAADTISQGTQ,1
VIVQNSMRISSRPGA,0
WMEWDREINNYTSLIHSLIEESQNQQEKNEQELLEL,1
KPVSLSYRCPCR,1
RNMRKVR,0
TEVSEALGGAGLTGGFYEPL,0
TRTSRGWHTTDLKYN,0
PIDISIELNKAKSDLEESKEWIRRSNQKLDSIGNW,1
PYSDELRQRLAARLEALKENGG,0
WALRWALRWALRWALRWALR,0
GFKRIVQRIKDFLRNLV,1
YQLLIRMIYANI,1
GEVNKIALLSTNKAVVSLSNGVSVLTSKVLDLK,1
EGPTLGNWAREIWAGLFKKA,1
VDFLEENITALLEEAQIQQEKNMYELQKLNSWDVF,1
TTWEAWDRAIAEYAARIEALIRAAQELQEKLEAALREL,1
YQLLIRMIY,1
GLLQTIKEKLKELATGLVIGVQS,0
ATHIKVGQPQYYQAN,0
AKQARSDIEKLKEAIRDTNKAVQSVQSSIGNLIVA,1
LVEAKQARSDIEKLKEAIRDTNKAVQSVQSSIGNL,1
RIDLGPPISLERLDVGTNLGNAIAKLEAKELLES,1
LQKWEDWVRWIGNIPQYLKG,1
KWKLFKKIGIGKFLHFAKKF,1
YTSLIHSLIEESQNQQEKNEQELLELDKWASLWNAF,1
YADHTGLVRDNMAKL,0
YNQTKDLQQKFYEIIMDIEQNNVQGKKGIQQLQKW,1
GVCRCICGRGVCRCICGR,1
RIDLGPPISLERLDVGTNLGNAIAKLEDAKELLES,1
RGILRNWYNPFAGLRQSLEQ,1
PCRFFESHVARAN,0
WDREINNYTSLIHSLIEESQNQQEKNEQELLELDKW,1
IDISIELNKAKSDLEESKEWIRRSNQKLDSIGNW,1
WVPKRPSVCTMTKWQ,0
SWLSKTAKKLENSAKKRISEGIAIAIQGGPR,0
RSLEGTDRFPFVRLKNSRKLEFKDIKGIKREQFVKIL,0
AIKWEYVLLLFLL,1
RRKKAAVALLPAVLEALLAP,1
FNKAISQIQESLTTTSTALGKLQDVVNQNAQALNTLVKQL,0
FKRIVQRIKDFLR,1
GICRCYCGRGICRCICGR,1
RRKKAVLLALLAP,1
AVSPTTLRTEVVKTFRRDKPFPHRMDCVTT,1
BBKKLAVAAALLA,0
SWLRDIWDWICKVLSDFK,1
AAPTGDPKPKKNKKP,0
ALWMTLLKKVLKAAAKAALNAVLVGANA,1
CKNKEKKCCKNKEKKC,0
YDHIQDHVNTMFSRLATSWCLLQNKERALWAEAA,1
TTNLTEYPLSRVDLG,0
HCKFWF,1
SVITIELSNIKENKCNGTDAKVKLIKQELDKYKNA,1
AFHRYGTTVNCIVEE,0
HCKFWI,1
HCKFWW,1
TTWEAWDRAIAEYAARIEALIRAAQELQEKNEAALREL,1
GLIQTIKEKLKELAGGLVTGIQS,0
GYHLMSFPQAAPHGVVFLHVTW,1
TKCFQWQRNMRKVRGPPVSCIKRDS,1
RRKKAAVALLPAVLAALLAP,1
RRKKAAVALLPAVLLALLAP,1
GTKWLTEWIPLTAEAEC,1
SNNTIAIPTNFSISITTEVM,0
GLASTLTRWAHYNALIRAF,1
CGESCAMISFCFTEVIGCSCKNKVCYLNSIS,1
STCVPVAADNVIVQN,0
KQARSDIEKLKEAIRDTNKAVQSVQSSIGNLIVAI,1
NGVIPCGESCVFIPCISTLLGCSKNKVCYR,1
RRKKAAVA,0
SWLRDVWDWICTVLTDFK,1
TFCGETCRVIPVCTYSAALGCTCDDRSDGLCKRNGDP,1
HCKFWH,1
GLLGSIGNAIGAFIANKLKP,0
TRNLLTTPKFTVAWD,0
ALDPIDISIELNKAKSDLEESKEWIRRSNQKLDSI,1
LEAIPCSIPPCVFFGKPFVF,1
SSESFTLLEQWNNWKLQLAEQWLEQINEKHYLEDIS,0
IWNNMTWMEWDREINNYTSLIHSLIEESQNQQEKNE,1
GLNGPDIYKGUYQFKSVEFD,0
PLVFPSDEFDASISQVNEKINQSLAFIRKSDELLH,1
PPPPGASANASVERI,0
VYINKLTPPCGTMYYACEAV,1
GAPASVLGSRPFDYGLKWQS,0
IKENKCNGTDAKVKLIKQELDKYKNAVTELQLLMQ,0
AVSNPEATKC,0
NHIQRHVNDMLGRVA,0
YQLAIRMIYKNI,1
PPISLERLDVGTNLGNAIAKLEAKELLESSDQIL,1
GLWQLIKDKFKDAATGFVTGIQS,0
MTWEAWDRAIAEYAARIEALIRAAQEQQEKNEAALREL,1
TSLIHSLIEESQNQQEKNEQELLELDKWASLWNWFN,1
SLERLDVGTNLGNAIAKLEDAKELLESSDQILRSM,1
IQKEIDRLNEVAKNLNESLIDLQELGK,1
GFMKYIGPLIPHAVKAISDLI,0
LGNWAREIWATLFKKA,1
TLGEWYNQTKDLQQKFYEIIMDIEQNNVQGKKG,1
EVNKIALLSTNKAVVSLSNGVSVLTSKVLDLKN,1
NSVALDPIDISIELNKAKSDLEESKEWIRRSNQK,1
VDARSVYPYDEFVLA,0
VEDTLYGDHECGSLLQDAALYLVDGMTNTI,0
VSLSYRCPCRFF,0
SYSMEHFRWGKPV,1
MPEVEGEEIQPQMELRRNGR,0
TARLQLEARLQHLVAEILEREQSLA,1
GLLASLGKVLGGYLAEKLKPK,0
GLRRLLGRLLRRLGRLLLR,1
NDITLNNSVALDPIDISIELNKAKSDLEESKEWIR,0
VEENMKKLEERLKKREELFKKQEEWFKKWFERSKKFT,1
YARDLTTKARATAPT,0
GINASVVNIQKEIDRLNEVAKNLNESLIDLQELGK,0
HCKFWT,0
NNLETTAFHRDDHET,0
LRDIKAENTDANFYV,0
LRWRKRWRKWRWRKRWRK,1
GGKMLYNKVTKQLSYCTDPL,0
LLGDFFRKSKEKIGKEFKRIVQRIKDFLRNLVPRTES,1
PPDVHTPPHALWRLHLSLRVCLVRMWIH,1
KQRNRWEWRPDFKSKKVKISLPC,0
LEAIPMSIPPEIAFNKPFVF,1
RRKKLAP,0
SWLRDIWDWVCEVLSDFK,1
TTWEEWDREINEYTSRIESLIRESQEQQEKNEQELREL,1
TTWEAWDRAIAEYAARIEALIRALQEQQEKNEAALREL,1
LGNWAREIWATLFK,1
VVCACRRALCLPLERRAGFCRIRGRIHPLCCRR,1
DMELKPANAATRTSR,0
EELAKKAEELAKKAEELAKKAEELAKKAWASLWNWF,1
KCPTPAIEPPTGTFGFFPGV,0
RTRKRWRKRTRKRGRK,1
YVTQQLIRAAEIRASANLAATKMSECVLGQSKRVDFCGKG,0
IQKEIDRLNEVAKNLNESLI,1
DVMAVSTCVPVAADN,0
ADRDQYELL,1
RTRKGRR,1
KKWWKAKKFANSGPNA,0
WQEWEQKITALLEQAQIQQEKNEYELQKLDKWASLWEWF,1
QIQDPEIPKCGWWNQMAYYN,0
ASANASVERIKTTSS,0
RRKKLLAVLLALLA,1
RRKKLPAVLLALLAP,1
RTRKGRK,1
VIAGGXAAIIG,1
TPNDITLNNSVALDPIDISIELNKAKSDLEESKEW,0
NEYHGFVDKANNENKRKKQQGRDDFVVKPNNFANRRRKDDYNENYYDDVDAADVV,1
SWLRDIWDWSCEVLSDFK,1
GICRCICGRGICRCYCGR,1
SSVITSLGAIVSCYGKT,1
PLVEGQLGENNELRL,0
RGGRLCYCRRRFCVCVGR,1
LEAIPCSIPPCVLFNKPFVF,1
MTKWQEVDEMLRSEY,0
YPGHITGHRMANMMMNW,1
CPCRFFES,0
GIKQFKRIVQRIKDFLRNLV,1
IWNHGNLTLGEWYNQTKDLQQKFYEIITMDIEQNNV,1
KWKLFKKIGIGKFLHWAKKF,1
YTSLIHSLIEESQNQQEKLEQELLELDKWASLWNWF,1
TARLQLEARLQHLVAEILEREQSLALHALGYQLAFV,1
SYRCPCRFFES,1
PCRFFES,0
LGPPISLERLDVGTNLGNAIAKLEAKELLESSDQ,1
YKPRRKRAAIHVMLALATVLSI,1
GWFDIIKKIASEL,1
FIQYLAPLIPHAVKAISDLI,0
DTRACDVIALLCHLNT,1
LEAIPMSIPPEVKFNKPFVF,1
AYQPLLSNTLAELYV,0
PSDEFDASISQVNEKINQSLAFIRKSDELLHNVNA,1
GNTPNVSGANPVDCTMYSNK,0
VFQFLGKIIHHVGNFVHGFSHVF,0
RHEIKDSGLLDYTEV,0
TPNCALQIVARLK,0
ACKFWW,1
LRTRKRGRK,1
TKCFQWQRN,0
SVALDPIDISIELNKAKSDLEESKEWIRRSNQKLD,1
GLRSRIWLWVLLMIWQESNRFKRM,1
KPVSLSYRCP,0
KPVSLSYRCPCRF,1
TAAVALVEAKQARSDIEKLKEAIRDTNKAVQSVQS,1
YTSLIHSLIEESQNQQEKNEQELLELDKWASLWNSF,1
EDLIWK,1
YCNRRTGKCQRM,0
EGPTLGNGAREIWATLFKKA,0
IQKEIDRLNEVAKNLNESLIDLQELGKYEQYIKWPW,0
SGCANNTCYNVSVIVPDYQC,0
KQRQQLFDSQQGWFEGWFNRSPWFT,0
QARSDIEKLKEAIRDTNKAVQSVQSSIGNLIVAIK,1
HRIDLGPPISLERLDVGTNLGNAIAKLEAKELLE,1
GIKEFKREFQRIKDFLRNLV,1
GVCRCICGRGVCRCICRR,1
FKCRRWQWRMKKLGAPSITCVRRAF,1
RRKKAAVAALPAVLLALLAP,1
YDPLVFPSDEFDASISQVNEKINQSLAFIRKSDEL,1
GSRIPTGERVWDRGNVTLLC,0
EGPTLGNWAREIWATLFKKG,1
QLLIRMIYKNI,1
SVSVGMKPSPRP,0
GLLRKGGEKIGEKLKKIGQKIKNFFQKLVPQPEQ,1
SWLRDIWDWLCELLSDFK,1
VEAKQARSDIEKLKEAIRDTNKAVQSVQSSIGNLI,1
RRKKAAVALLPAVLLALLA,1
YRCPCRFFESHVA,0
GLLASLGKVLGGYLAEKLKP,0
YQLLIRMIYKNI,1
KRWRKRWRKKRWRKRWRK,1
LQARILAVERYLKDQQQ,0
RRKKAAVALLPAVLLAKLAP,1
PQITLRKKRRQRRRPPQVSFNFATLNF,1
EGPGLGNWAREIWATLFKKA,1
ALSKALSKALSKALSKALSKALSK,1
AQLLESVLQEERILALHAQARERLT,0
PPNPTPPPPGASANA,0
RGGRLAYARRRFAVAVGRB,0
FDASISQVNEKINQSLAFIRKSDELLHNVNAOKST,1
RRKKAAVALLAVLLALLA,1
CALQIVARLKNNN,0
TTWEAWDRAIAEYAARIEALIRALQEQQEKNEAILREL,1
RRWQWR,0
TTWEAWDRAIAEYAARIEALIRALQELQEKLEAILREL,1
AVSKVLHLEGEVNKIALLSTNKAVVSLSNGVSV,1
TSQNIRS,1
KWKLFKKIEKVGQNIRDGIIKAGPAVAVVGQATQIAKB,0
KIMAKPSKFYEQLRGR,1
DLEAVPFVNRTTPFTIRGPL,0
SWLDDIWDWICEVLSDFE,1
PPWCCCSPMKRASPPPAQSDLPATPKCPP,1
RKAVLLALLA,1
RRKKLLPAVLLALLAP,1
RGNVTLLCDCPNGPWVWVPA,1
PRPAGDNATVAAGHA,0
KIALLSTNKAVVSLSNGVSVLTSKVLDLKNYID,1
ILGPVLGLVSRTLRRVLGIL,1
LEAIPCSIPPECLFGKPFVF,1
LRKLRKRLL,1
KWEYVLLLFLL,1
YQLLIRMAYKNI,1
AGAGTGATAIGMVTQYHQVL,1
YVSGKARGWFYRHHYESPHPRISSEVHIPLGDARLV,1
WERKVDFLEENITALLEEAQIQQEKNMYELQKLNS,1
SHQLSRADITTVSTF,0
LEAIPMCIPPECLFGKPFVF,1
CSCRANGSRIPTGERVWDRG,0
TIELSNIKENKCNGTDAKVKLIKQELDKYKNAVTE,0
KIPCGESCVWIPCVTSIFNCKCENKVCYHD,1
QFEQPRRCPTRPEGQ,0
GVPCGESCVFIPCITGVIGCSCSSNVCYLN,1
RRKKVALLAVLLALLA,1
NNYTSLIHSLIEESQNQQEKNEQELLELDKWASLWN,1
LRKRKRLLRKRKRL,1
ARLAEYHAKATEHLSTLSEKAK,0
SWLRDVWDWVCTVLSDFK,1
GTTVNCIVEEVDARS,0
VKQCRWCGFDFDGPDGLPHYPIGKCILANE,0
ISGINASVVNIQKEIDRLNEVAKNLNESLIDLQELGK,0
HCKFWY,1
VALDPIDISIELNKAKSDLEESKEWIRRSNQKLD,0
GIGGKILSGLKTALKGAAKELASTYLH,1
SVSVGTKPRPRP,0
VLYNSTFFSTFKCYGVSATK,0
RWRWRWRWRW,0
DITLNNSVALDPIDISIELNKAKSDLEESKEWIR,0
CVCVKTTSLVRPRHI,0
LIHSLIEESQNQQEKNEQELLELDKWASLWNWFNIT,1
HCKFWR,1
KNNNRQVCIDPKL,0
GTPGVAAATQAANGG,0
TKCFQWQGN,0
GKINISLCLTGGKMLYNKVT,0
KVDISSQISSMNQSLQQSKDYIKEAQRLLDTVNPSL,1
KCRRWQWRMKKLGAPSITCVRRA,0
KPKQIKPPLPSV,1
RPEGQNYTEGIAVVF,0
SGKSFKAGVCPPKKSAQCLRYKKPECQSDWQCPGKKRCCPDTCGIKCLDPVDTPNPTRRKPGKCPVTYGQCLMLNPPNFCEMDGQCKRDLKCCMGMCGKSCVSPVKA,1
WMEWDREIEALAKAAEALAKAAEALAKAAWASLWNWF,1
NSVALDPIDISIELNKAKSDLEESKEWIRRSNQKL,1
WEYVLLLFLL,1
SLSRFLRFLKIVYRRAF,1
EPCTVGHRRYFTFGG,0
NITLGEWYNQTKDLQQKFYEIIMDIEQNNVQGK,1
FSSDAISTTFTTNLT,0
CGRLLLRRQRRRAHQN,1
RRKKPAVLLALLAP,1
GRFKRXRKKXKKLFKKIS,1
NQTKDLQQKFYEIIMDIEQN,1
NYTEGIAVVFKENIA,0
KFDSLVECIWDWIDRLWS,1
REHLREQSRKPPNPT,0
DSHAKRHHGYKRKFHEKHH,0
PPPLGAAPTGDPKPK,0
LAEGPPVKECAVTCRYDKDADINVVTQARN,1
KPVSLSYR,0
TTWEAWDRAIAEYAARIEALIRAAQEQQEKLEAVLREL,1
GTKWLTEWIPLC,1
LFGLIPSLIGGLVSAFK,0
KRWNETITGPSGCANNTCYN,0
LNNSVALDPIDISIELNKAKSDLEESKEWIRRSNQ,1
QYGSFCTQLNRALSGIAAEQ,1
ARSDIEKLKEAIRDTNKAVQSVQSSIGNLIVAIKS,1
CDVIALLACHLNT,1
SWLRDLWDWICEVLSDFK,1
DPLVFPSDEFDASISQVNEKINQSLAFIRKSDELL,1
RSDIEKLKEAIRDTNKAVQSVQSSIGNLIVAIKSV,1
SYRCPC,0
AANGGPATPAPPPLG,0
VITIELSNIKENKCNGAKVKLIKQELDKYKNAV,1
QVDGFYARDLTTKAR,0
LRKRKRLLK,1
LNNSRA,0
LEAIPCSIPPCFAFNKDFVF,1
GLLQTITEKLKEFAGGLVTGVQS,0
LPRRLHLEPAFLPYSVKAHEC,1
PSRVEAFHRYGTTVN,0
WNHGNITLGEWYNQTKDLQQKFYEIIMDIEQNNVQ,1
TWMEWDREINNYTSLIHSLIEESQNQQEKNEQELLE,1
ALNTLVKQLSSNFGAISSVLNDILSRLDKVEAEVQIDRL,0
SWLRDIWDWICEVL,1
YTSLIHSLIEESQNQQEKNEQELLELDKWASLANWF,1
GRFKRFRKKFKKLFKKIS,1
LVSFRYEDQGPLVEG,0
GLWQLIKDKIKDAATGFVTGIQS,0
AENTDANFYVCPPPT,0
VRRCSELMGRRNPVCPGYAW,0
LSSGRPDGFIHVQGHLQEVD,0
PPLVVPVEESEIIFWDCWAPEE,0
WCNWHNIDPWIQLMNRTQADLAEGPPVKEC,0
QLGENNELRLTRDAI,0
KIPLELWTRYNMTINQTIWN,0
LKLKLKLKLKLKLK,0
SLIGGLVSAFK,0
RRWRKRWRKRRWRKRWRK,1
FLYTAFAMQELGCNQNQFFC,0
HRWRKRWRKWRWRKRWRK,1
QIWNNMTWMEWDREINNYTSLIHSLIEESQNQQEKN,1
QLLIRMIYKNILFYLVPGPGHGAEPERRNIKYL,1
RRKKLLAP,0
KKLLKKLKKLLKKL,1
EARKLNPNAIASVTV,0
GIGKFLHSAGKFGKAFVGEIMKS,1
VRNRVIARVGGVPYVGGPCYN,0
LDIVKKVVGAFGSL,0
ITIELSNIKENKCNGTDAKVKLIKQELDKYKNAVT,0
SIELNKAKSDLEESKEWIRRSNQKLDSI,1
RRCPTRPEGQNYTEG,0
LQFTYNHIQRHVNDM,0
NVKHLKILNTPNC,0
SFKEELDKYFKNHTSPDVDLGDISGINASVVNIQKEIDRLNE,0
ARATCYCRTGRCATRESLSGVCEISGRLYRLCCR,1
VGSASCTIAALGSSDRDTVV,0
VSLSYRCPCRFFES,0
RCGTGPRLTKDLEAVPFVNR,0
VFQFLGKIIHHVGNFVHGFSHVFB,0
ARRYNATHIKVGQPQ,0
LDPIDISIELNKAKSDLEESKEWIRRSNQKLDSIG,1
YTSLIHSLIEESQNQQEKNEQQLLELDKWASLWNWF,1
CDVIALLCHLNTPSFNTTHYRESWY,1
GNQGRGNPVRSPLGFGSYTM,0
HAKFWW,1
VNKIALLSTNKAVVSLSNGVSVLTSKVLDLKNY,1
HVMLALATVLSIAGAGTGATAI,1
EGPTLGNWAREIWATLFKKA,1
PSVCTMTKWQEVDEM,0
RRKKAAVALLP,0
MFTLKKSLLLLFFLGTINLSLCEEERNAEEERRDEPDERDVQVEKRLSPNLLKSLLGK,0
LCDCPNGPWVWVPAFCQAVG,1
SWLRDIWDWGCEVLSDFK,1
DYTEVQRRNQLHDLR,0
KDVTVSQVWFGHRYS,0
ILPWKWPWWPWRR,1
TGTFGFFPGVPPINNCMPLG,0
TTWEAWDRAIAEYAARIEALIRAAQEQQEKNEAALREL,1
AEGIGALFLGFLGAAGSTMGARSMTLTVQARQL,1
SWLRDLWDWLCEVLSDFK,1
TSYHRSA,0
GLWQLIKDKLKDAATGFVTGIQS,0
YTSLIQSLIEESQNQQEKNEQQLLELDKWASLWNWF,1
WVWVPAFCQAVGWGDPITHW,1
RRKKAVALLPAVLLALLAP,1
KTTSSIEFARLQFTY,1
VRRFPWWWPFLRR,0
WYNQTKDLQQKFYEIIMDIEQNNVQGKKGIQQLQK,1
LDKYFKNHTSPDVDLGDISGINASVVNIQKEIDRLNEVAK,0
SVERIKTTSSIEFAR,0
YQLLIRAIYKNI,1
KENKCNGTDAKVKLIKQELDKYKNAVTELQLLMQS,0
LGRVAIAWCELQNHE,0
FFESHVARANVKH,0
WQEWERKVDFLEENITALLEEAQIQQEKNMYELQK,1
VANDPIDISIELNKAKSDLEESKEWIRRSNQKLDSI,1
PISLERLDVGTNLGNAIAKLEDAKELLESSDQILR,1
ISGINASVVNIQKEIDRLNEVAKNLNESLIDLQELGKYEQYIKWPW,0
CPPPTGATVVQFEQP,0
RWRKRGRKRWRKRGRK,1
GADFQECMKEHSQKQHQHQG,1
ALWMTLLKKVLKAAAK,1
LHRIDLGPPISLERLDVGTNLGNAIAKLEAKELL,1
SLSYRCPCRFFES,0
FKCRRWQWRMKKAGA,0
EEYAYSHQLSRADIT,0
YFYNAK,1
SWLRDIWDWISEVLSDFK,1
TRQCRRGRIWKRWNETITGP,1
LGPPISLERLDVGTNLGNAIAKLEDAKELLESSDQ,1
AKYVRNNLETTAFHR,0
RMIYKNILFYLVPGPGHGAEPERRNIKYL,1
ALWKTLLKKVLKAAAK,1
KWKSFIKKLTSAAKKVVTTAKPLISS,0
SLIHSLIEESQNQQEKNEQELLELDKWASLWNWFNI,1
VPTHLATDVELKEIQGMMDASEGTNYTCCK,0
SVSWGMKPSPRQ,0
DASISQVNEKINQSLAFIRKSDELLHNVNAGKSIT,1
VCYRNGIPCGESCVWIPCISAALGSCK,1
KNKKPKNPTPPRPAG,0
ATAPTTRNLLTTPKF,0
PVSLSYRCPCRFFE,1
EIWATLFKKATRQCRRGRIW,1
GDPTFCGETCRVIPVCTYSAALGCTCDDRSDGLCKRN,1
SWLRDIWDWICEVLSDFKTW,1
DASISQVNEKINQSLAFIRKSDELLHNVNAGKSTT,1
VAVSKVLHLEGEVNKIALLSTNKAVVSLSNGVS,1
HGVSGHGQHGVHG,1
GLFDIVKKIAGHIA,0
GLLSVLGSVAKHVLPHVVPVIAEHL,1
GYVYFEEYAYSHQLS,0
GIKYFSMVGNWAKVLVVL,1
GIGKFLHSAKKFGKAFVGEIMNS,1
GYCRCICGRGICRCICGR,1
PTGERVWDRGNVTLLCDCPN,1
KQTENLADTY,1
GNITLGEWYNQTKDLQQKFYEIIMDIEQNNVQG,1
LFRLIKSLIKRLVSAFK,1
NYTSLIHSLIEESQNQQEKNEQELLELDKWASLWNW,1
RGGRLTYTRPRFTVTVGR,0
CGYRGLCRRFCHAQEYIVGHHGCPRRYRCC,1
AAHLIDALYAEFLGGRVLTTPVVHRALFYASAVLRQPFLAGVPSA,1
IDRLNEVAKNLNESLIDLQELGKYEQYIKWPW,0
IAWCELQNHELTLWN,0
RRKKAAVALLKAVLLALKAP,1
YCKKCCYHCQ,1
RRKKLAVLLALLA,1
SSGLYHVTNDCPNSSIVY,1
YTSVITIELSNIKENKCNGAKVKLIKQELDKYK,1
TAAGDARANAVAKAGLHDLNIETDTERNH,0
GRFKRFRKPFKKLFKKIS,1
NRQVCIDPKLKWI,0
CTMCRYQQNCFTRRLIVGGMLLVFV,1
LGDARLVITTYWGLHT,0
HCKFWL,0
AKITFTNNHPRTIWP,1
HEFVPLEVYTRHEIK,1
LEAIPISIPPEVFFGKPFVF,1
TGCFQWQRN,0
RGGRLCYCRRRFCICV,1
YTSLIHSLIEESQQQQEKNEQELLELDKWASLWNWF,1
NKIALLSTNKAVVSLSNGVSVLTSKVLDLKNYI,1
ASVTVGRRVSARMLG,0
RRKKLAALPLVLAAPLAVLA,0
VYDPLQPELDSFKEELDKYFKNHTSPDVDLGDISGINASVV,0
GIGAVLKVLTTGLPALISWIKRKRQQ,1
HCAFWW,1
AALYKKKIIKKLLES,1
GIIDIAKKLFESW,1
TLNNSVALDPIDISIELNKAKSDLEESKEWIRRSN,1
ECKFTVKPYLKRFQVYYKGRMWCP,1
AVALVEAKQARSDIEKLKEAIRDTNKAVQSVQSSI,1
CDVIALLCHLNTPSF,1
KKRKRRFLGFLLGVGSA,1
WRWRKRWRK,1
LEAIPCSIPPCFAFNKPFVF,1
RRWRKRWRKWRWRKRWRK,1
LSYRCPCRFFES,0
RRKKAAAAAAAAA,1
PTTFMLKYDENGTITDAVDC,1
LRWRKRWRKLRWRKRWRK,1
KVDFLEENITALLEEAQIQQEKNMYELQKLNSWDV,1
KKKKKKKKLLLLLLLL,0
FLPVLAGIAAKVVPALFCKITKKC,1
FFGKVLKLIRKIF,1
FKLPLGINITNFRAILTAFS,0
WNNMTWMEWDREINNYTSLIHSLIEESQNQQEKNEQ,1
RRKKAAVALLPA,0
VSRRYLASLHKKALPTSVTFELLFDGTNPS,1
AVGIGALFLGFLGAAGSTMGARSMTLTVQARQL,1
GIPCAESCVWIPCTVTALVGCSCSDKVCYN,1
SWLRDIWDWIEEVLSDFK,1
KSKKVKISLPCNSTKNLTFA,0
GFCRCICTRGFCRCICTR,1
VCIDPKLKWIQEY,0
INASVVNIQKEIDRLNEVAKNLNESLIDLQELGK,0
SWFASTGGRDSKIDVWSLVP,0
GIGVTQNVLYENQKQIANQF,0
TVAWDWVPKRPSVCT,0
RHHYESPHPRISSEV,0
YTSLIHSLIEESQNQQEKNEQELLELDKWASPWNWF,1
KWKLFKKIGIGKFLHAAKKF,1
GWFEGWFNRSPWFTT,1
YTSLIHSLIEESQNQQEKNEQELLELDKWASLWNWF,1
LEGEVNKIALLSTNKAVVSLSNGVSVLTSKVLD,1
FLEENITALLEEAQIQQEKNMYELQKLNSWDVFGN,1
EGPTLGNWAREIWATLFKGA,1
CATCQIADSHRSHRQMV,1
GFLDIIEKIAKSW,1
VFPSDEFDASISQVNEKINQSLAFIRKSDELLHNV,1
ACYCRIPACIAGERRYGTCIYQGRLWAFCC,1
KPVSLS,0
GRRVSARMLGDVMAV,0
RRKKAALLVLAALAVLA,0
IDLNITMLEDHEFVP,0
SIELNKAKSDLEESKEWIRRSNQKLDSIGNWHQSS,1
EWERKVDFLEENITALLEEAQIQQEKNMYELQKLN,1
LEAIPMSCPPEFCFGKPFVF,1
GLRSKIWLWVLLMIWQESNKFKKM,1
AIPCGESCVWIPCISAAIGCSCKNKVCYR,1
WMEWDREIEEAAKKLEEAAKKLEEAAKKLWASLWNWF,1
EEDDLAVLLALLA,0
RRKKAAVALLPAVLLALL,1
EGPTLGNWAGEIWATLFKKA,1
QKKCPGRCTLKCGKHERPTLPYNCGKYICCVPVKVK,1
DPTARLQLEARLQHLVAEILEREQSLALHA,0
SKVLHLEGEVNKIALLSTNKAVVSLSNGVSVLT,1
RKVDFLEENITALLEEAQIQQEKNMYELQKLNSWD,1
FKCRRWQWRM,1
NPNAIASVTVGRRVS,0
RRKKAAVALAPAVLLALLAP,1
GEWYNQTKDLQQKFYEIIMDIEQNNVQGKKGIQQL,1
RKKLAVLLALLA,1
GICYCICGRGICRCICGR,0
YVSGKARGWFYRHHY,1
LEAIPCSIPPCVGFGKPFVF,1
QLLDVVKRQQEMLRLTVWGTKNLQARVTAIEKYLKDQ,1
EAKQARSDIEKLKEAIRDTNKAVQSVQSSIGNLIV,1
GIPCGESCVFIPCLTTVAGCSCKNKVCYRN,1
NGIGVTQNVLYENQKQIANQFNKAISQIQESLTTTSTA,1
RRKKAAVALLPAVLL,0
KVLKVLKVL,0
IGNIPQYLKGLLGGILGIGL,1
GVIPCGESCVFIPCISAAIGCSCKNKVCYRN,1
TAFHRDDHETDMELK,0
ADRFKQVDGFYARDL,0
SWLRDIWDWICELLSDFK,1
SWLRRIWRWICKVLSRFK,1
RRKKAAVALLPAVKLALLAP,1
YTPNDITLNNSVALDPIDISIELNKAKSDLEESKE,0
SFAIKWEYVLLLFLL,1
EGPTLGNWAREIWGTLFKKA,1
GTACGESCYVLPCFTVGCTCTSSQCFKN,1
TTVKVHASDERLGPMPCRPKEIVSSAGPVM,0
SHVARANVKHLKI,0
LQVAERLTRKYNELLKSYQ,0
EGPTLGNWARGIWATLFKKA,1
LEAIPMCIPPECFFNKPFVF,1
IIYCNRRTGKC,0
EQSRKPPNPTPPPPG,0
LLPIVGNLLNSLL,0
PALNCYWPLNDYGFYTTSGI,0
TKCFQWQWNMRKVRGPPVSCIKRDS,1
RNPVCPGYAWLSSGRPDGFI,0
