VSVIVPDYQCYLDRVDTWLQ,0
CGGNNLLRAIEAQQHLLQLTVWGIKQLQARILAVERYLKDQ,1
PPVYTKDVDISSQISSMNQSLQQSKDYIKEAQKILDTVNPSL,1
GLFGVLGSIAKHVLPHVVPVIAEKL,1
GLVSSIGKALGGLLADVVKSKGQPA,0
AAHLIDALYAEFLGGRVLTT,1
GPPISLERLDVGTNLGNAIAKLEDAKELLESSDQI,1
FKCRRWQARMKKLGA,0
TKCGQWQRN,0
GICRCICGKGICRCICGR,1
RRKKAAVALLPAVLLAL,1
KTCENLADTY,1
RRKKAAVALLPAVL,0
HRIDLGPPISLERLDVGTNLGNAIAKLEDAKELLE,1
SWLRDIWDWICEVLSDFK,1
KPVSLSYRCPC,0
FAIKWEYVLLLFLL,1
LEAIPMSIPPEVFFGKPFVF,1
PVPFEEVIDKINAKG,0
KWKLFKKIGIGKFLHVAKKF,1
TWLRAIWDWVCTALTDFK,1
GSDTSLIDTCGNTPNVSGAN,0
APTSPGTPGVAAATQ,0
RRKKLLALLAP,0
SPLGFGSYTMTKIRDSLHLV,0
LVFPSDEFDASISQVNEKINQSLAFIRKSDELLHN,1
NWAREIWATLFKKA,1
ANTAFVSSAHNTQKIPAGAPFNRNLRAMLADLRQNAAFAG,1
SWLRDIWDWKCEVLSDFK,1
LGCNQNQFFCKIPLELWTRY,0
KVLHLEGEVNKIALLSTNKAVVSLSNGVSVLTS,1
HRWRKRWRKHRWRKRWRK,1
IELNKAKSDLEESKEWIRRSNQKLDSIGNWHQSST,1
TTWEAWDRAIAEYAARIEALIRASQEQQEKNEAELREL,1
YALLIRMIYKNI,1
INASVVNIQKEIDRLNEVAKNLNESLIDLQELGKYEQYIKWPW,0
CRCCELKSLCPTLMRVVRLLGLVLL,1
FNMTKAVEMVNIAGNWSCTS,0
LEAIPISIPPELAFAKPFVF,1
HCKFWQ,0
KAAKKAAKAAKKAAKAAKKAA,0
EYPLSRVDLGDCIGK,0
NMAKLRERLKQRQQL,0
EQCREEEDDR,1
GLLASLGKVFGGYLAEKLKPK,0
HKILGYTVIAMPEVEGEEIQ,0
KFMETVAEKALQEYRK,0
YQLLARMIYKNI,1
LEAIPCSIPPCFLFGKPFVF,1
YTSLIHSLIEESQNQQEKNEQELLELNKWASLWNWF,1
ISIELNKAKSDLEESKEWIRRSNQKLDSIGNWHQS,1
KDCIIK,0
TVSTFIDLNITMLED,0
PYLDDFQKKWQEEMELYRQKVE,0
CGECGGGHIVGRFCMVVRFLRLVFI,1
GIKEWKRIVQRIKDFLRNLV,1
GGTIFDCGETCFLGTCYTPGCSCGNYGFCYGTN,1
PDVDLGDISGINASVVNIQKEIDRLNEVAKNLNESLIDLQ,0
DFLEENITALLEEAQIQQEKNMYELQKLNSWDVFG,1
GVCRCLCRRGVCRCICRR,1
RRKKAAVALLPAVLLA,1
ISLERLDVGTNLGNAIAKLEDAKELLESSDQILRS,1
KQLSYCTDPLQIPLINYTFG,0
KKLAVLLALLA,0
VANDPIDISIELNKAKSDLEESKEWIRRSNQKLDSD,1
DWHLGQGVSIEWRKK,1
KKKSFIKLLTSAKVSVLTTAKPLISS,0
SWLRDIWDWICEVLSD,1
ELSNIKENKCNGTDAKVKLIKQELDKYKNAVTELQ,0
KRWRKRWRKWRWRKRWRK,1
LEVYTRHEIKDSGLL,0
ELNKAKSDLEESKEWIRRSNQKLDSIGNWHQSSTT,1
CDVIALLCHLNT,1
GWLKKIESIIDAF,1
PYKFKATMYYKDVTV,0
FADIDTVIHADANAA,0
SWLRDIWDWLCEVLSDFK,1
CATCIADHRSH,0
ELLFDGTNPSTEEMGDDFRSGLCPFDTSPV,0
YTSLIHSLIEESQNQQEKNEQELLEFDKWASLWNWF,1
EGPTLGNWAREIWATLFGKA,1
RLTGLLATSGFAFVNAAHANGAVCLSDLLGFLAHSRALAG,0
EVIDKINAKGVCRST,0
HVDKKVADKVLLLKQLRIMRLLTRL,1
RVGGRVGGRVGGRVGGRVGG,0
GDISGINASVVNIQKEIDRLNEVAKNLNESLIDLQELGKY,0
LSYRCPCR,1
GICRCICGRGICRCICGR,1
HVNDMLGRVAIAWCE,0
TLKNRYYEPRDSYFQQYMLKGEYQYWFDLD,0
RGGRLCYARRRFAVCVGRB,0
WMEWDREIEELAKKAEELAKKAEELAKKAWASLWNWF,1
GPPISLERLDVGTNLGNAIAKLEAKELLESSDQI,1
GLPVCGETCVGGTCNTPGCTCSWPVCTRN,1
YQLLIAMIYKNI,1
PNDITLNNSVALDPIDISIELNKAKSDLEESKEWI,0
RGGKIAGKIAKIAGKIAKIAGKIA,1
KDLLFK,1
GLFDIIKKIAESW,1
EGPTLGNWAREIGATLFKKA,0
TTWEAWDRAIAEYAARIEALIRAAQEQQEKNEAILREL,1
FLFPLITSFLSKVL,1
DLKYNPSRVEAFHRY,0
RTRKRGRKRTRKRGRK,1
DARDAMDRIFARRYN,0
